account_id,entity_id,account_number,program_id,available_balance,bank_code
1dcd9b72-6467-4706-a221-bf5b9d6359d7,999d0ea2-288a-45b3-bac2-1e8bc44325f5,7692093845782053,4,6225571.73,SBIN
5e0e0e25-1345-469e-ab4a-12b5a854403a,7cfaa258-fb51-4680-901e-dd4ab37b19a1,4341654837861281,46,0.0,ICIC
fc3063ca-6fd4-4944-b67e-c40c6d2c718d,91ee473c-29c0-4c58-b359-4a95515a1f2d,3160079262627320,4,4188895.7,UTIB
a07901f9-9d32-4a1d-bc89-61abf4beed4a,ad583945-9115-405c-8ffb-a559a251489c,3951938609351989,21,8180416.21,SBIN
33924a2d-ed15-478f-991a-7d773647e1cc,80249602-7a9a-44e5-9518-257efa47d811,2100396522475708,46,7808696.85,UBIN
a7fca901-10fa-4890-999f-4021f1281941,d2695a05-dfd2-41a6-84a0-237e0780c48e,8800633125857669,4,2497952.34,HDFC
2440573f-8fed-449b-aeb7-8ff0ec743453,bc53c713-7bff-4cf7-8fe8-c2cba61f5933,6369174208090817,46,5042864.83,KKBK
b18f9ab9-02e7-4828-8061-8a1a65e92600,32566233-08b3-42b1-a470-615b7abf1ed7,5423120732215161,46,4002119.09,HDFC
39425029-6f47-4cd9-b256-c8b717aed27f,831b2915-127c-47f6-a8bc-ce91b873aa54,6616412769279842,4,2473197.65,ICIC
82c868f6-567f-4d38-8047-ecae9e369b2d,e43bfcce-282e-45c2-9d25-a034d9d9bdc6,6064334318831795,46,1922096.79,AUBL
69050edb-858f-4e67-aa54-7d9886550efd,6c456dc1-e172-458a-b6ed-64fe38bad7ae,2621193251514331,46,1832746.69,HDFC
80d4455f-a4ef-413c-b2a5-f1a95acec130,3365c247-bc8b-43f3-86a4-51c8bac85c16,7051290375887460,46,7645237.79,SBIN
2a5693d5-2818-4c65-b4c9-5ce557f813d8,85c9bea6-8694-4586-8f9c-d62e65caf107,6722342511362060,46,4692238.74,HDFC
22cfa8f3-ca74-451c-9818-9998fca10cc6,fe4886d5-c7ea-4cde-b6e9-251829f8e256,8921918271232088,46,6617907.96,HDFC
97a4037b-06f6-4364-913b-e2ab2886fd03,35fced9c-a260-4f44-ba40-f2f13ab725ab,511416804865462,46,-24726.18,UBIN
92b211b1-2a44-47f6-88cb-1195b0c856e6,361c3f15-89a1-4ad2-af1f-655471a51382,7322241746701031,46,8031690.17,HDFC
d2870253-9acb-4c36-a6a6-e38d0eb6c842,31d8ee0b-4c28-4642-ab62-36c59d15d0bd,2925546735684173,21,2579241.81,UTIB
37072cf9-ef16-4096-a35d-caa360b2d755,169a6148-f10e-4e09-b2b3-7f9df36c5005,8859243893898845,21,6844335.66,HDFC
569c31ec-d861-47bb-9cf7-6020611e7c24,c27a6bf9-c2fc-46a9-a7b7-2ac4504c6e01,6695990357858457,46,8307510.45,RATN
df9f1ade-63f6-4321-9ed3-3b68d7e80a88,1391365c-3734-4e35-9b3e-82774793ae9a,5930270237761677,4,6706905.95,UTIB
284d6b0e-0b70-4ebc-a7d3-a44bb9da1f79,6bbc22d8-c586-42ef-a819-f8c62d2eda1e,836046039366633,4,7582810.0,CNRB
f120a23c-605b-4ca5-a412-752ee027bdb1,62c3a514-3153-412e-b1ac-0193ab6ce3ff,4838310078509282,4,976077.27,AUBL
f497c5bc-81d0-4b5e-a8f3-6b4666f0b010,d0bd17ce-1ae5-45f8-806e-1e74555aae5d,8328075699545995,4,5112703.8,SBIN
a44fe76d-5fa3-4625-a954-c51e0785493e,4057cdcb-5d0e-4470-b681-022056150cdb,838310863714698,4,1973114.81,HDFC
f98295f2-82c0-4c5f-921b-8a25fded1c68,292b0284-902a-4dac-82ba-22baa9736eec,5165806233224187,46,3765457.82,ICIC
3f3ba940-4192-4fa8-b520-77771a85c4b4,4bd8c0d1-e839-4c3f-9d09-502d5ee09b04,1570939875081010,21,-43094.34,UTIB
1ab9288b-e828-44d7-974c-a97be12e30ae,6592d771-1d6d-4143-8581-361071e678bf,6821458464124233,21,0.0,KKBK
1fa3fa72-ccf2-4954-b861-55b98a6f7aa3,6bdb12aa-7c67-4b1d-a3b6-3f9e7ea5febe,7448391533598486,21,1913924.55,UTIB
b72af847-f82d-49cc-aae2-46fe04f8b5c7,a48a6144-5b32-47be-9d18-48ac3502201a,7040142915410920,4,0.0,HDFC
1b27735c-a7ce-41e3-803d-5acf3e7701f6,a4806683-cbfe-41b4-a7e4-e7f7cd37592f,7819069012319635,4,9752784.54,SBIN
3f04d26f-6499-4046-93c0-c1ffee90532e,22e8b7dd-c358-484f-bc83-8e862bafe5b5,2990484198584396,4,2662741.26,SBIN
2c851aa3-4abb-4ed4-a3c2-17ee69d718ea,b4b04254-63af-446c-963b-02ab8e0bdee0,1595874318667272,4,1889825.34,HDFC
ac43c3a5-17c5-4cad-b467-4ba53f0c92d4,79566333-7dab-411b-a687-674d215f1794,7905855424275561,21,5995818.96,ICIC
dec1a6d7-1617-4c50-b1fc-8d310ad9235d,c999d05c-4b0e-4c2a-a1da-dc4615762619,166644650333888,46,8505312.45,KKBK
4fa000f2-4999-422a-bd66-fde2eb843594,6d479178-ff15-499f-b6c0-a907f6042ec9,5124657354827708,21,2286349.82,HDFC
369d0d9e-5689-43df-8dc0-212e2593d85c,ca3ef5eb-57cf-4f4c-9e44-a69091c1536d,6660720824493948,4,7556666.47,HDFC
40f14dc5-a1a3-4c49-b6e8-a2e4250f7ef5,2507363a-620e-4990-954b-915482939379,5985269887560745,21,5080200.17,SBIN
e8507a2d-743d-4568-a412-229ca620633e,35b5aec1-ff29-4415-972c-d99d00909f5a,9649655073471710,46,5768735.6,ICIC
eb12ea16-b538-492e-81b5-d9da577c5930,d65ea599-bcfe-4d26-ba66-ab03285df164,3560309185762551,21,1557578.98,SBIN
71e6f3d1-62c6-4426-90d1-fa69e0a711cd,50784c8c-725c-47dd-bf27-724667afc5f9,7818368640490115,4,8218788.66,SBIN
12a90233-3e88-4dd3-8635-498aecbc1068,8ab97360-b809-4571-b0e1-b6043b895d22,6006436027871469,21,4129406.4,HDFC
56b6ed02-71fd-41c8-9e20-e7a8494c75ee,6ce92d07-39f1-481c-85c5-d2894f290e94,1146606945897115,21,5138091.15,HDFC
83e08921-1a92-4024-9cd8-dd25ea9f1b94,595b927c-a84a-4fcd-8c6b-bda445f878a7,2058166685934887,21,0.0,UBIN
9d9318f6-ba94-465f-92a3-be1cb96511d6,7cd2847d-0308-4a2d-a18d-6a9aba65947c,6625384299794588,46,5764649.22,KKBK
144dd172-1b73-483d-a4c0-fd61f3103aaf,6e303a6d-7eb0-4971-88ef-41ff69a48fce,330010123808924,4,7794532.58,UBIN
b71f75f2-c8a8-4d73-96fa-41063cc8a658,bc53c713-7bff-4cf7-8fe8-c2cba61f5933,265758022888904,4,3464300.25,KKBK
9284461c-bd58-45bd-afd6-a3579d1346cc,46dba69b-caae-48f0-9b80-ffe7edc0dff1,5129479528445725,21,5754011.13,KKBK
390e861a-4655-4aac-becd-765a07787fb5,a48a6144-5b32-47be-9d18-48ac3502201a,8205310565073998,46,2244652.16,ICIC
0efaca19-38fe-4f83-8e37-7f3d4773e4b4,3ad91970-3162-4322-a3b1-330f98b1b7cb,3320296444247080,4,2355901.28,HDFC
950d2634-ecdb-4f24-8c93-7bd17094244a,7448f241-5c90-4631-8987-e51a54b1fff4,5106358876758892,4,7199947.55,HDFC
2b11957c-6f6b-437c-8fa0-51c43e5653a2,b2955357-a09f-4efa-9202-846c930df7db,2918500720538358,46,252646.86,UTIB
d03d9807-93d5-4689-8433-c24ffdd404d5,0b6bc44f-8b19-4eb5-a7e6-9e19bd39920a,2002735775613526,4,8694340.73,UTIB
691d6675-3e10-4f66-9328-0ddeba891770,a5c2cd68-09da-450f-bdd1-79d7e2c9713d,8393293202385751,4,5008750.3,HDFC
de54b577-544a-4c03-9f43-962f0a097676,6ec02595-9c35-47df-a487-dc1233cc650f,9183621458510922,21,9197687.89,CNRB
b94879b3-9f81-4a32-a027-dd785697ac86,166ed05b-735f-4d77-9222-c5dbdbd5d7fe,3549587378658923,4,1343609.36,RATN
71ace3d7-0213-4392-aa90-a7340f45a5b3,d2695a05-dfd2-41a6-84a0-237e0780c48e,5583863044719317,46,1206199.76,ICIC
63e787fe-d183-4718-af91-b698717858e9,6093138c-0b60-41f7-8b85-7906030cf5d0,6353761025322339,4,9657421.5,HDFC
0f997da5-5fa1-4cbc-a7a5-0349941a315a,d9c3e2fa-6aae-46e0-8d5c-42f10d1ae35f,7195710069463034,21,0.0,CNRB
7a52a733-3c13-472a-8f60-8a2be9a74b3c,985fa680-9090-4219-8932-9667ca484d43,8999584780057968,21,3144699.88,RATN
dc99a265-37c8-4079-8de1-b5eb59c9fd95,6030414a-2d52-47dc-8ace-f2a9dc717cfd,1963248369968187,21,7952906.92,CNRB
501e62f1-cecb-442e-88d3-69d5f8b94837,0cb1d279-6068-402e-990b-fe21157f7c57,876175680436818,46,6024252.95,CNRB
9e9b3c76-9543-4118-af0e-280319b6e7cd,10a90955-3058-4c1e-a02b-f60d09f6a3a8,7602352004214978,46,175600.62,ICIC
ad33f5e0-2377-47bb-a797-25ec45979408,90c7c1ce-e149-48e2-ab06-7ddcccc3bf24,7967929885409533,21,7712968.46,HDFC
ed1d8db1-5d63-4ae9-b8a4-5a65c0332131,67021618-d044-40eb-8900-e1952db6cfa6,4120550317112607,21,449818.02,CNRB
3fbd09f5-c70f-400e-86d7-9abbfbb6c8a5,437be9ef-b6d8-40b7-a773-2178ef7cc9e7,5764080664130812,4,8913670.84,SBIN
06c42872-d96c-410d-b67e-e2d91bf1a894,6c377997-bace-47cd-bb73-cc384de0edb9,9171323335612433,46,298397.7,TMBL
68cc4476-569c-4b97-9998-17c156746d50,284567b8-492f-4361-b4a6-09b17df05641,3595707540137250,4,-2624.97,TMBL
69944fb0-b819-48a7-a977-820b99dfac36,7c5adeab-50b7-4a1f-bf21-e9b26e63a39b,2057929225977723,4,4206496.56,KKBK
e2143816-1996-4aff-8b92-523c36982d0e,ed00f68d-6039-469d-bb2a-4e6c6b7bc28d,1255869221444666,46,3081198.61,ICIC
b7aeddd4-132d-4e44-a12c-288cf0c2fa19,32566233-08b3-42b1-a470-615b7abf1ed7,601256630196924,21,4092065.19,HDFC
26080f9f-a6b8-4212-a98c-0fb6c6d1cf27,cc987716-5799-414a-8354-33e5886ec307,9963940876204430,46,1648256.06,UTIB
4d0f4e2e-77ea-4f87-a6a0-5962ac43b53f,54535b9a-6452-48b7-a099-9ba0b7ad26d7,5542168594187697,46,-9137.85,SBIN
6a35b927-9928-4a96-8a9a-15dda3f38f5d,6d68a613-79c1-4136-aa9f-0c2eaf7531a9,6588943875912695,46,5161209.43,UTIB
b8ecc4c4-ae12-4637-a277-bcf4f69d2ea5,ae43f8c2-d590-4ae7-91fe-6c0b0cf6df28,6078920871267764,4,273735.97,ICIC
e80b4195-788b-4238-b447-42d388280739,2a07b4e4-0c9a-4642-ac90-106885dfee13,2611267384858767,21,-23294.11,UTIB
1f412935-4f34-450d-bf2a-1595b4520caf,46dba69b-caae-48f0-9b80-ffe7edc0dff1,1499396699615753,46,-30928.16,ICIC
efdf76a6-42d8-4969-a2b1-bc1bfa99b953,e19b5b6a-97ba-4f37-981c-de06aaf42efb,7686038954138019,4,1714055.72,AUBL
3805774e-fbc0-413d-8631-4f5306000e48,6ce92d07-39f1-481c-85c5-d2894f290e94,914158360572694,46,1803460.82,RATN
23792ba6-8c06-408a-84eb-130739d06813,37147c66-3dea-48c8-a3a8-4f0639f8018d,5954100716111404,21,919790.9,UTIB
5aa36ef2-b89a-46bf-840d-3d8d46fa0e5e,c009cff0-843e-4f12-80f9-6d6948c9be81,5233092063260996,4,5081481.76,ICIC
74eed7c3-106d-4081-a128-580aa8854146,70a01d0f-e89f-4fe5-81ec-fc3f70dbfcf3,4103313504764552,46,2280111.91,SBIN
a061a768-5448-4c45-bc62-4281d8b6040b,7d5de9cd-c739-44a8-87c4-5b60c491bec3,4030364100921434,4,5416133.53,CNRB
56a62284-b349-4b68-bd83-8368bc66328a,a0ada085-7fbe-405e-acc4-d8c577ff1a00,645758475713555,46,4069256.8,HDFC
4652d922-bc2d-4d26-bfd0-ee417a48cb12,10ff35f3-75e6-426e-b6d7-94477013592c,5277099816773116,4,4565862.94,HDFC
0ebc1720-d184-4319-be28-0a9dd375f3bd,33093c8b-dcec-432f-94a7-389e704736f1,3030475819109349,46,3592630.55,CNRB
1750a513-4836-4476-85e2-fbaf8b7b914b,f062c2c7-da9e-44ae-a7b3-72f14c275826,7244387432456648,21,8094850.8,HDFC
c392d24c-2e1c-4bdd-a6fd-5f6570258eb8,03a17ce1-9b5f-480c-92b0-59b1fc43eaa6,832975155261364,46,0.0,CNRB
e06f4ea4-62b5-44c8-bfe8-5a5e804548ff,6f4155c1-a9b7-481e-aaca-41b6a565d009,8550787587350298,46,4032277.47,ICIC
604c5649-68d4-4318-a699-a4994af94d51,d782b0c8-6ea6-40c2-9445-4ff78a1dfc32,6993230037666091,4,8754033.22,TMBL
a78dc517-d987-41f8-98a9-6d8bbfc362ed,13bb00f1-5cc4-442e-ba0e-0dbaa68fa441,1620773817478285,46,9708604.26,HDFC
74071c41-afd9-4886-96d0-9df77f115023,38a4ae0e-1781-46c0-b17d-361257156f5a,8026365289319875,4,3491600.04,UTIB
91524a66-aee2-4fbb-837c-ea9afb375367,381c06a5-99e6-4f42-8af3-60b0113d5af8,6160922677776375,46,0.0,UBIN
2d52e550-f6d6-49ed-b29e-ba80f61c3efc,50c85945-8b29-42c1-8102-e6738c59f475,4479892095517652,46,3678268.48,ICIC
0e2d42b7-2fcb-4b08-87cc-d1667f6331b0,437be9ef-b6d8-40b7-a773-2178ef7cc9e7,4841292911153274,4,2074888.36,SBIN
62a459c9-0767-455d-b996-8ef6cd4b80eb,975e9b47-8547-4f15-91e6-a538ab5cffcb,1348457700711844,21,-6569.68,ICIC
dd755a32-ff24-4b6a-b6bb-cc307d14a2a6,4f1b7328-8b7b-4b09-80b7-688b2e2bd4a3,3986676271452122,46,4815236.06,AUBL
634d7975-7b13-481f-9fd7-cd455927d24f,11924280-7aa6-4da9-97c4-ba48663733bd,5963821577150578,21,2164450.66,UBIN
35042072-84bc-4384-9e7f-301b0855432a,d85bcef4-b1b3-44f5-b8a5-8c6da0ed0cd7,3939136516157812,21,1889147.35,ICIC
055e0945-eac9-4557-a51f-8c83dc109c49,b7a5ddf7-ba87-4f44-b3b2-2297eedcfb17,3619733237831455,46,2705288.62,UTIB
befcceda-b8aa-485a-955e-e3897af81ddb,be4e55b6-96ca-4574-bb0c-fadbfbf20931,2277835184143969,4,9890622.13,CNRB
457bf23a-ea17-449f-b0c4-f060aa551f28,9293caa3-e795-4ff0-915b-2d387046fe78,5983501940986226,46,1678322.44,SBIN
fd6c5b52-ac63-497a-93a0-07c77371016c,a917d7c0-31e5-4bcf-b8a6-b034fd4a3124,664636253402579,46,5903778.59,SBIN
aa0a5b33-b8d5-4321-89d7-2c8e152d4037,325b5548-b79e-4ac4-b734-f668de0b4050,3853638501623338,21,9242930.32,TMBL
cce9b8e1-50cf-48cb-8679-13fc9046710d,ae26a48f-07d6-4ad5-9028-f9bcfa7f6381,9262952552438893,46,6485295.7,UTIB
8fc93022-f126-455c-9553-0c3fe562fc82,fe4886d5-c7ea-4cde-b6e9-251829f8e256,3134967215646984,46,8882856.56,ICIC
0143850d-fe0f-4640-8243-b1c7f33491e5,35fced9c-a260-4f44-ba40-f2f13ab725ab,3130219073040864,46,6349172.74,ICIC
59e5966d-aefe-4799-9a9a-5e967867d132,5bad639c-86ad-4b6e-ab6e-05178ee317b7,4890402548604099,21,9540414.57,HDFC
9d2b3dba-4f04-4a6e-9661-51b3dd6277e6,c86423ff-4f62-46de-b068-077e48d57fa8,4999882495217225,4,2771250.33,RATN
afddeb9c-02c4-4206-a662-8dc034dabdc2,f681dac3-8b6d-4d34-a806-bc939c1f11a3,9966994788191454,4,-49776.84,HDFC
a024959b-57a4-49e5-b0c9-9468e602c59a,29937b85-0d91-45de-b937-9372d72b093f,7088029012808500,46,4003551.57,SBIN
d1172486-6205-41dd-8569-b37099511dcc,bd0589a0-f05b-4e1c-9a60-96c715544447,9131135244262290,21,-7342.47,KKBK
5229f7e0-b3e8-4c01-9e83-e90c9973281d,2f1c1239-8cb8-4fee-9732-303bd0149c55,2666758706480132,21,9413103.24,HDFC
3bf2e67b-2cc3-4059-87b2-e59c74511e31,bc0ae307-6a8a-45c5-9c7f-8816e73a872e,5651803786996768,46,4009506.44,ICIC
a00d8daf-239f-49ab-92a6-d102f4fda33f,865b1ae1-186a-48cd-b849-fcfccfb97288,101697234766518,21,-42068.16,HDFC
e558c415-b5a2-4a2e-b68c-419a4af62543,b86be687-dd47-4bf4-bf28-66fcb0932362,3839440311200759,21,9111383.17,HDFC
91e3a3e1-9a67-4e1a-9dd8-b490a1cdfb7c,46dba69b-caae-48f0-9b80-ffe7edc0dff1,1153787945490947,46,7191723.54,TMBL
1089dadc-918f-44d3-9225-13a7e6fb41f7,84333611-5e86-4124-bf23-8c30c502ecc4,2591011634162628,21,-20624.64,HDFC
5b8aee27-2795-44bd-a142-6145d11609cf,e19b5b6a-97ba-4f37-981c-de06aaf42efb,3930219030181197,21,9244031.56,HDFC
c5cf3ddc-6ed8-48bd-bed9-2cfccd60e705,c27a6bf9-c2fc-46a9-a7b7-2ac4504c6e01,7711832957430687,4,874152.31,SBIN
7133aa52-211f-4506-b6b3-57f3addab2c6,03a17ce1-9b5f-480c-92b0-59b1fc43eaa6,5127252034284498,21,7295710.77,UTIB
fbe3ea32-3707-4db3-a7bd-b7781114c747,8b1472c9-27e5-4c05-939f-1b1810067b10,7878754996364305,4,6790833.51,AUBL
f48021b3-b24e-4fdc-a663-4a4a23b50946,c68a78ee-84e0-4b48-9a88-b22ee412455f,237408869663256,21,5078528.89,UTIB
e654fad7-732a-4b04-b834-587d39215915,a150d376-9e6d-40cb-957a-721c9651f10f,8909542729833404,21,1454213.13,HDFC
686d3e51-bafe-43a9-b367-a7c5fc455bfa,90c7c1ce-e149-48e2-ab06-7ddcccc3bf24,6621566722575468,46,-32510.66,HDFC
4cba32fb-90d2-4384-a894-e945684dfaae,d841ba5a-6436-439b-b28e-80c3506b3351,3113231923319189,46,3888376.53,RATN
7e75a696-19fb-4d0e-a6ce-3879d0262ebd,81b46001-2225-48b8-bbae-4a5dd769afcc,8968729049203107,4,3164174.82,HDFC
f7e1950e-6c5b-478a-8dc1-21339e3d273a,1690e0cb-886c-4f40-8799-9d79d9d914e9,118054650512335,4,9851621.51,SBIN
49836ea4-b7f9-41b4-9624-ef1e4493fd2f,f74abd65-2db2-4f2d-ab93-8781d7f66f98,5985581114935978,46,6579416.3,UTIB
b83fe644-3d23-447e-ba42-4fcc236175d1,fde871d8-3016-4e2c-aca5-f8d4ad1e1bcc,7909622620681279,21,3823126.9,UBIN
aa1ed953-8576-45c2-a953-c6a7606754a7,2d413543-51a1-43af-9fb3-fc40ab24af28,4328564562293559,46,856638.55,ICIC
3ee9a0ed-a264-4441-9a4a-f0b248dbc92e,3aaead20-8c39-4cf8-8105-c7d17052cae5,5395071992685835,4,-6433.84,ICIC
0ae519e1-9647-47c4-be42-1d6f67f1ee5c,06a67758-0534-4fe2-940b-7f1297ff8b38,566402895301112,46,0.0,HDFC
6022d73d-57e4-4e18-8ea8-fb9a60378fc3,203b2548-f288-461f-afc5-1f09f2648204,2488192104907733,4,370878.63,UBIN
ad261f78-08fe-4f7f-8046-aff840ffef64,bf2881c2-1b56-4f12-83cf-61a8492b5067,7512938703610075,21,9716827.59,SBIN
53497714-f7f4-4250-b6ee-4638f1fb51e3,dbf9b4cb-00f5-48d2-a295-10b67ec6f7bd,9831219012417928,21,7674164.92,SBIN
6dab9d8b-9604-4961-b487-d6d0c39ed282,4336bcb1-829c-406e-b36c-95ab817e949a,938359046737935,21,-16312.68,CNRB
a3788c5f-0d0b-4f0d-988b-029a2684743c,6d0517ef-e343-464e-ad4a-376cf4e5818f,4416861416820992,21,-47150.59,HDFC
7f758804-877a-496d-9521-2f2a5155ee7b,10ff35f3-75e6-426e-b6d7-94477013592c,3649056746079017,46,117016.35,ICIC
93c65463-aebf-4671-bee8-307b1dbbc953,eef2297b-cb4d-47ce-afe2-d4300b79d4bd,3039034535005605,21,9266367.97,SBIN
48c9158a-d817-45b3-ba44-72cddf935dd3,81243305-ef96-417f-84ed-9dfd18b99137,9399605039511059,46,-2313.01,HDFC
099ce20e-8b1b-4418-8130-37fadfbf9363,1e072d2b-4bf6-480f-bcbc-253a259fd1ec,4768581554651626,21,5781661.39,SBIN
af110f6e-1db4-4e24-b07e-bda2032f0e08,a70957de-e182-4d53-96d2-73591ab6be89,1338660020639208,46,0.0,KKBK
070a5824-ab5c-434b-b386-470c4d3ad8dd,203b2548-f288-461f-afc5-1f09f2648204,6653347357660693,21,4872552.54,ICIC
142318ca-d10b-4409-83f2-2a78ea0d5506,3ad91970-3162-4322-a3b1-330f98b1b7cb,1508608030378686,46,5283207.89,ICIC
fb97fce9-9cb4-4e78-aece-c8b73fc720e7,141c9010-5b4c-4c64-8aad-c2dada80762f,7554640438950912,21,6209295.7,SBIN
0619290f-13a3-4a22-a702-439a46f14574,e7793272-1c83-41ee-9e73-0f623eb70a3a,6423081458715465,46,2600658.11,KKBK
73d062f7-16bc-4397-a2b3-5fb01031618b,5a12f9d7-fb2f-49e0-b9b8-f8733502390d,6452428417794997,46,7744961.02,HDFC
06d5745a-8197-418d-aaaf-ed5df196d06b,869bcc24-1721-421d-be9c-e0ce4406ceab,7485628761317222,46,-15533.46,HDFC
f5a61257-35b2-452a-b5e8-366b725fd6ed,f7675449-df27-46f3-a785-0c569dfa43db,8061794776530437,21,5318999.86,HDFC
4ce5f7fa-6fda-4fd8-a9c8-60d7e8a55a19,80f0986a-f58a-4234-835f-e2e9097438b4,481628326791390,21,8082417.56,ICIC
35cbd0e1-fa1c-40da-bf3c-659fbdf26b5a,686d62ef-670a-42ca-9ba3-1887f5e29043,9898924109410729,46,5393009.65,HDFC
0601adce-ce54-455b-8140-08513f2dc1d5,bf2881c2-1b56-4f12-83cf-61a8492b5067,1068480414909667,46,1436911.36,SBIN
d57c11fe-b54d-4c2b-b3bb-b3c17780f0f3,4680ea25-e1ff-4e73-b060-b8f5d387c9ba,4126555546863242,46,7262130.28,ICIC
ae54e151-bb12-4800-a83c-0e7e9df46a97,a51668ab-6d4e-44d4-9097-40c9bf27dbaf,6713628793992770,4,4119707.81,SBIN
aa176bc8-d158-4108-986e-17aecbaa50b7,d9317a64-84cd-4646-890e-3217dfccc6af,7235651322403900,21,6195743.91,UTIB
9cb860dd-8ecf-49f1-98b6-45e4a03066e8,b3a8e92f-7116-48ea-a78a-70b373e98a63,9763842638573504,46,6754769.44,SBIN
5f964442-db4a-4158-975d-8255e708c52f,dbf9b4cb-00f5-48d2-a295-10b67ec6f7bd,1361853163987114,46,2369107.52,HDFC
1ed8db63-88de-4955-b6a8-a906043aa7fb,eb1a50c6-46d4-4b97-99ca-9a2536b1c8dd,9146697162211259,4,3989698.03,UTIB
311f6aa0-1e1a-4265-8e33-f281d0f1874d,34e0a29f-2d0e-4b24-8b07-9a9c8fdabbdf,38196750513622,21,3033440.19,HDFC
1eb095bd-50d3-4fda-82e9-95f810c685ed,2a6b0f17-fe16-48ba-bcfa-2094df378ee5,1949516384799658,21,-6398.83,UBIN
c9ae69c7-7998-488e-90e9-a5b8cb8f421f,1660b6f8-025f-41dc-a8c6-29414f2d9bfc,3254636021098189,46,787330.08,ICIC
90354882-932b-4230-81de-f35a336ae72a,54d58150-2cb2-4185-bae6-965d7acd1f99,4503947870411527,21,9645491.11,KKBK
8f459bcf-c3a1-43bc-9459-5a1c1c98227f,587bf9a5-c1a5-40ba-98b9-8b2a37493a7d,1192272204262904,21,6232665.01,SBIN
ec89ee2e-8b28-4857-b204-62d1619e6b01,c74b1fce-8224-4cc3-9b45-0f12594fe657,6278058494038796,46,841437.22,HDFC
80f48188-b9a9-4256-8800-0a3b7d4ccda8,e6c4d90a-c00c-47bc-aa31-412b37eb7f8b,7817080385446225,4,-47410.41,RATN
be94d7a5-e357-487b-92b5-d795f7b490c9,5fdfd2b6-d555-42a4-a80b-51609fbe9fa2,7056644490237380,46,7296089.18,UTIB
3932a813-1154-4f52-95f6-ab09708d9084,d841ba5a-6436-439b-b28e-80c3506b3351,6055738116492585,46,8223228.44,KKBK
8d5945bb-65e6-4155-9939-157b6760ff02,a96cea10-9cca-4041-ac26-c53279c9fcdb,160900176647429,4,1148596.52,HDFC
ad20011c-44d6-4323-a002-c44eb095f4c2,8db38ece-91b8-4dd3-8c1a-11e82a0f3b36,3673470807499118,21,5460726.54,KKBK
ddfd356f-eeb6-4115-ab31-31b9a4575b6f,81b46001-2225-48b8-bbae-4a5dd769afcc,3316421895896494,21,-742.99,SBIN
bfdcdc30-5dc4-4fac-9046-bd0076f5baff,7a74435c-bcf2-4c6b-9395-15eaf72003f2,9845996647859941,4,4691243.32,SBIN
b0964d56-3a48-4ac8-a6bf-f2305283ba40,bed0f952-170c-4409-8a67-4b856db365dc,6199524442242341,46,-11634.22,SBIN
a6d476e5-bb77-4acf-afc3-7b5eb301930b,30f07592-13dc-4087-b757-a8203dd84ce3,5573109197119167,4,4575987.9,UTIB
ddfa0c9f-075a-4b3a-ad37-ad341d736be4,216d2aac-50b2-4a3d-9750-0bba47297079,5830386402052969,21,3763083.25,SBIN
2b0fb783-356f-404c-a978-2c10dcd5354b,21dde28e-5db3-4da0-a498-64bd329d04c2,1755101416563319,21,326481.73,HDFC
8f269d53-f39e-441d-9528-52eb55728d19,17d39e72-b337-4dbb-ac64-f02f51c09690,7633130472480123,21,7908746.32,SBIN
1064ebda-2fb2-4492-8627-908ce1a8e7d9,1dad98dc-0ad7-40d5-95e1-9ed81b9d49b4,3812342868619308,46,461096.76,KKBK
409b93af-80d2-4949-854f-b47f4123183b,3bc5e11d-a242-4934-905f-989a9a674012,3633419051902963,4,-24637.1,ICIC
e421d29d-0fff-4991-9421-1dbb2738e0aa,a3f75d06-d26d-4d65-ada3-5ce0947ec40a,1738449191682034,21,-3203.76,UTIB
4dab0f07-d027-4f33-ac66-2af14c87aa3c,b4b04254-63af-446c-963b-02ab8e0bdee0,4005988407277187,46,1026760.7,UBIN
8948dd2a-4b0b-42b9-ab7a-ef33222bf554,88101ce7-73e7-423d-b6c5-a9f4f201cdc1,6343839643651741,4,8177343.36,ICIC
8503c9ff-4180-4ebe-9c66-a8a26b076248,37fdda80-42a5-4cbe-b24a-98385eddefcc,4371319093662547,46,3859807.61,SBIN
f5623493-a7ea-4d99-ac3b-aac24c1c5449,6f195771-66b3-4b54-8d82-0b4e3e88e8b6,6535185991554102,21,6122971.05,UTIB
14d4cf27-e481-45c3-90cd-13803d10fa4f,58c47863-0d80-45c4-b193-4da464635cbd,8727239212885704,21,514695.58,ICIC
bf0ebd56-7d5e-47f4-ae1c-b9ecda398ce1,402354e8-1c08-4006-b3a2-aa46a232d17e,3928842907702712,21,6392034.17,UTIB
aad018ca-2eee-4200-b134-b1d13b82d0e1,535be441-dabe-4e99-ab33-dcb6b90f6ba8,7407852537669046,4,4641306.79,SBIN
6286db3d-abf1-46b2-9be9-7b876d7acd40,4bd8c0d1-e839-4c3f-9d09-502d5ee09b04,5690274866514719,21,1138251.03,SBIN
932ed4da-7d30-4480-894c-e33632cec54e,a97d45b9-f4cf-4e26-9f70-a878107e1387,7036227989488141,21,6987976.91,ICIC
42d924ca-95ab-4bee-8da3-7ebda8080c05,b06492d1-24c6-4fbd-9a74-5097d173aebf,5240404613572390,46,-28879.12,HDFC
9b43cf17-03c1-4c26-96be-fecbaa734f80,b6911be1-e69e-46a0-b2c2-c388c86dc26c,8973638148404975,21,946536.07,HDFC
eea6e1d2-cc76-407c-b7a0-844708cc3030,54bd4596-948c-40ac-902e-a7cbfae4c214,1740352169864121,4,8788305.79,ICIC
1a847de4-879e-4d6e-b84b-0b32dbb35cdd,ca3ef5eb-57cf-4f4c-9e44-a69091c1536d,9097029570534063,21,5923055.16,HDFC
913ec09a-c697-4d40-a578-85ff8a7a8de4,84333611-5e86-4124-bf23-8c30c502ecc4,1693674912544512,21,7186632.0,ICIC
c54ef01c-d389-485a-b7a5-5d97ffcef98d,5a5d206d-b51a-4f07-8fea-1a725958e62c,1389196293527735,21,6296945.83,ICIC
032ec225-6f55-4ce8-8eee-871dbc593037,169a6148-f10e-4e09-b2b3-7f9df36c5005,3705192514683937,4,6099647.92,ICIC
3335b861-7a2d-484e-bec7-ed93a97f9eb5,266ecb71-c500-43a5-8895-eb3463a4a712,3972376929843817,46,7462582.21,KKBK
62bf913b-3db1-4874-a293-54c8826ef87e,a4806683-cbfe-41b4-a7e4-e7f7cd37592f,6044280906726275,46,3361526.18,SBIN
d378190e-0240-49fd-9077-f94ab4dc3dcb,e676986d-eebb-4d60-8b9f-aeaaaf10f5d4,2784201037032771,21,2409066.59,ICIC
778d2e7a-f099-441f-8d7d-47215ae00400,6edca0f2-2ecc-4dbb-88e2-c9c6ac49fae4,645733414305355,4,2092012.18,ICIC
77e2791e-ff3f-4983-ac05-688cd9a55858,b15b3499-99f4-4689-a430-cc5beb475e3b,1587641052173410,21,1322163.65,KKBK
dba04abb-7e9f-4a30-b9ce-bebce5018553,80249602-7a9a-44e5-9518-257efa47d811,1839976748777335,21,7443984.83,UBIN
ebc66459-ea0b-4792-8fa0-be130dce667f,96927c25-1aaa-49fa-8944-46980281e2ee,7744134683049549,4,5077021.65,CNRB
e4563dc8-338a-430a-855a-0345f4546e73,5cb6191f-37d8-4579-aed2-f8f8e17a5831,8678884692291581,21,6521920.57,TMBL
1b0595df-e9b0-44af-9cdf-75f228f01bc6,ce77f9e0-8376-44a8-b233-ccf372f80e25,6947697230854084,46,3997927.18,AUBL
b0326d3d-ed36-4bf2-9c66-18a58738e298,c5f17a50-2084-4e13-9d76-15d3929b50ad,1637110198202726,4,-43020.99,SBIN
806c9b84-9c21-4fdf-87a0-5d78985aa506,3f2ec169-d293-492d-8f3f-1af54c113f99,8774573735445464,21,4656806.1,UTIB
92ee618c-ab3b-4431-90b3-d0657dec881a,37e55b02-b86c-4f0b-90e4-9688f3a2119e,421562303734619,4,6585069.81,ICIC
a6d06594-2aec-4dbb-8d25-a980a46a40b3,31b40301-94f3-4e36-9249-d20bb998df52,4502092539363683,21,3447754.83,HDFC
7a3d8fad-e835-4869-b47b-1619f61293ec,047da4b0-615f-48ce-9943-88239a0f196f,1342136616398946,46,7611655.82,ICIC
a5afafbe-8cc9-433f-89c6-e785250ac7fc,73d8cbe9-cd2d-483e-b0b1-bbcb870776f0,7675885493327194,46,9335871.38,SBIN
ce6e3729-2020-4d5d-977f-41cf6232b6d6,c2c9ea95-2046-464d-a8d6-13b69a1ef8ac,7235361208046599,21,-18680.88,HDFC
c740c46c-ffe1-43ad-b455-b74198a812d5,1ca17379-510d-492f-b1f7-0ed9c9b40395,2861724129928525,21,0.0,KKBK
a4dc4aa1-fec0-4daf-8937-bb46caa6793f,2f1c1239-8cb8-4fee-9732-303bd0149c55,7252368808138354,46,-13918.44,UTIB
63d55076-1f71-42e5-a5f4-6f94e73a65f0,bbc1945e-1b0e-4dfd-90e3-3323dd9c9139,3474548963095243,46,1119638.46,ICIC
86888253-d238-48dd-b96d-85056c6e4c24,53319542-e802-485e-a3e5-b9ff584b6c3d,4213162281572637,4,5265020.78,ICIC
911a3462-0ddd-4f83-a16d-4efa660ceff9,f6ec6033-b68a-4c3e-a7b5-c5b25a1bf30b,8540931250079752,4,1813736.72,HDFC
82c32fb7-ce9b-406a-a4ab-5ea8e8376c0a,780c2a62-3cb5-4ae0-8b4a-cc800805d967,3870542421954467,4,1866284.09,RATN
60d7071c-300c-4ff4-9515-a41c4d1b0f9c,abc4e103-337b-413b-a938-10683ad9033c,6229793870653944,46,9790462.32,SBIN
dac906d1-2efe-4f8b-9efd-c98f6b8f0b76,97c970b8-1194-4a16-9e22-98febfca4383,1948726732133488,21,241929.62,UTIB
9ef1d69e-1131-4be0-9b0c-5207b0c5851d,b8b984a4-5004-46c8-9a03-c7c9d59f31d3,1550433131433057,46,-27628.33,HDFC
d7fdcf9a-e2bb-4ccd-b27c-0507d2e2d713,11924280-7aa6-4da9-97c4-ba48663733bd,2640343751136806,4,5553309.24,ICIC
e0c373a1-0e02-4b68-9a39-c41977fdae01,a4806683-cbfe-41b4-a7e4-e7f7cd37592f,8548714326161534,4,5277283.15,HDFC
faa1e692-e0cf-46cd-a5b6-ed686b5ef5ec,87d4d180-1274-4df3-9c97-9baed9641fd9,1918103912088384,4,2532927.81,KKBK
dafccddf-8c09-49ce-8276-c568b01de307,3ad91970-3162-4322-a3b1-330f98b1b7cb,629699111359713,4,3012491.84,HDFC
422a91ec-89d6-4f2b-a703-c10bbd71e334,6b1ddf11-7f92-4d38-9306-f6077d956c6b,5456610096030145,46,7284110.75,HDFC
1a75f57a-5436-486e-b70b-c4e25b40b980,05a174c1-c36c-44b2-8e4a-4cb75558cb91,4389374192865206,21,0.0,KKBK
b5258d18-1279-48c6-b1c2-a69dd1c23a80,ec122479-dcdf-4558-9e71-8a5e69618e44,66065628344238,46,-21920.53,HDFC
7dde1a6f-b7ef-466c-8b1d-9096d317321c,f24ce58d-2a65-45ef-b3d2-8c0c21863413,5261226855838186,4,7608161.08,HDFC
78589274-f054-4ca9-9f11-760833f645c8,abc4e103-337b-413b-a938-10683ad9033c,226689161330772,46,9762249.24,HDFC
2544bb56-f675-4878-8e7f-fc502d48ecfc,84333611-5e86-4124-bf23-8c30c502ecc4,7686239673352467,4,0.0,HDFC
7f513938-c5bf-44a8-9199-15e8a338b821,329466e7-b67f-4167-9e76-e00f4c0ddf64,1543224621305291,46,8412937.12,HDFC
75f43563-0b8f-4aa0-9aa1-f3f4548ae5c0,b06492d1-24c6-4fbd-9a74-5097d173aebf,3446396881198128,4,7930226.55,UTIB
fe2415b4-6fba-4d39-a560-ddb4b4fa7761,11a31436-f252-4ecb-b6c5-a19ffed734cf,5120709968480194,46,3281560.59,UTIB
bc862719-3aec-4993-a88d-3179cc6b096b,bdc729c2-4b69-48ee-bb9e-00a96c0cf1b6,3713965445346361,21,4384951.25,KKBK
074182b3-561f-474d-b7fc-de732bf64814,6c377997-bace-47cd-bb73-cc384de0edb9,7769866117067583,4,4734505.26,HDFC
50dff58d-ba74-43a0-89d8-258270fc4c32,f098aa57-aa59-484f-ba7f-fc80c37412a4,157893354017649,21,-14706.5,ICIC
ac9e75c7-bbd6-4faa-9e03-1d9be9134a7f,c27a6bf9-c2fc-46a9-a7b7-2ac4504c6e01,1876542848779055,46,4983307.97,UTIB
edd47b31-0547-4169-9e7f-57cb6356ca0e,81243305-ef96-417f-84ed-9dfd18b99137,1365222520790401,46,-9253.64,TMBL
61c00eed-a3bf-4071-b416-f6549d3052e6,96ceee27-e7c4-4444-9568-d71a3c36d799,7756857303525065,46,4940535.19,UBIN
3c49ccc9-e74c-4b55-b856-50ea20722f9e,169a6148-f10e-4e09-b2b3-7f9df36c5005,8191567910436606,21,0.0,TMBL
b59185c7-02df-4581-b2d0-188a0a93fc12,a215e0da-0139-4690-a003-6c687379a6bf,8212994371842393,21,2339303.04,HDFC
03f43b19-4dba-435e-b252-f8a369b5eaa9,1ca17379-510d-492f-b1f7-0ed9c9b40395,5884014754853199,21,-21717.76,UTIB
00588a5a-f6fa-48b9-9a03-5843a76e110b,ca3ef5eb-57cf-4f4c-9e44-a69091c1536d,1424388812438619,21,1964420.27,SBIN
9db63a5a-4648-4f55-acd1-56a7daa72bb8,78b5556c-dccc-4ea1-830d-e6da1032963f,4772237217016440,21,-3138.06,KKBK
bb9813f9-df37-4c17-b4c4-139eac431df8,36c1bb6c-ade5-493c-9ee3-4e178b3db62e,947104100241371,46,7519558.79,UTIB
10bbd985-c24f-4357-8bb3-fc3040a8967e,66b3b76a-f1ee-4d7b-9fc0-d545cf9e123a,2097851244641477,21,0.0,SBIN
be3241ca-0b4f-4346-84f8-dc2383fe8cb4,bdb8ae8d-1544-435f-bf86-851188ea88db,8333393247820608,21,7287540.63,ICIC
42dd1427-4d29-4cf7-8b88-1465f67e33a4,49d954d2-b533-4069-b264-7d2af28dd76c,9573009400745428,46,-6305.16,SBIN
2c23c49c-40c8-426c-bf07-4f2d98857d49,1660b6f8-025f-41dc-a8c6-29414f2d9bfc,248417566904919,46,262207.5,CNRB
49ebefac-3660-4037-bf6d-c4a7b672ce38,5eb0e4b7-f39e-4e87-9d53-0632d91c8595,6645878912554560,21,-24844.68,SBIN
ee60e44b-a979-4e23-aadf-3d8a7f4a67fb,6b1ddf11-7f92-4d38-9306-f6077d956c6b,1945154131281614,46,5556087.07,HDFC
71c7271c-6e00-4871-b6e5-3bbd81358077,14304fdb-dcdf-42a6-a4bf-20d50d844937,7303095083698158,4,7112566.23,ICIC
744f80db-d44f-4ce7-8f5b-b9b01219d4a1,eb98d6c5-4ab8-41ce-bdba-d17abadcf083,5445648725389898,21,1928850.38,UTIB
6200e535-71c7-42da-8195-c6f38356f04c,111e897d-0645-4146-aeef-f23d3a643b9c,2013920297833079,46,993749.83,ICIC
55715ee0-332e-40c7-a917-391cd2703ad2,dff148d7-61e1-4176-902d-406cb61648a1,7862723196419592,21,0.0,HDFC
84aea588-a248-4e1c-8b3d-401f9cef636b,f8895c23-d33d-4298-bb74-25f15b2d863d,3589016650693581,46,4448969.51,SBIN
958b6e9f-bc07-4fd6-8816-f987ff3592b9,b5f68938-2236-4acf-981b-09f4abc6b0a3,7803709899754882,46,8282626.28,SBIN
d46c0f1d-e60d-483d-8dee-b208357f82c0,c9b2a6cf-34df-431d-b7cc-5d25ebc5de79,1329272045623787,21,1155659.57,ICIC
0ca69cab-67bd-4c12-9190-8e1624623d84,2750ad96-f434-40b1-92b3-dd69c5e2efe4,1035601614483765,21,4627806.88,HDFC
265a51c1-7788-4b7c-9165-6e18e79bcaa3,9f9ec3cb-08a7-4e53-92e9-9d99c00135a8,5103656205017194,46,3598712.41,HDFC
bacbe736-3f7c-414d-9f59-d149752a9d96,3e461d7e-df88-4809-a9e1-ce7e9ec3d267,5224136595080096,21,461912.88,ICIC
7df40b31-ae02-430a-8120-d8726141ad3c,245f11c3-b611-4385-b84b-625f63431fc0,1922623103019375,21,1162834.5,TMBL
223a73e5-3355-4a3c-b2e7-df8cbc6e742f,17ebcfbc-9233-4426-84b7-f4c82b585a42,1954946277875033,21,5367802.69,HDFC
1f709a8d-df24-443c-aa1e-7dcd17464b75,73a47da0-e812-491b-bb22-3fc00e9310dc,6365167562527075,4,6994302.21,UBIN
96f41a2a-a20b-447c-a658-cc4d348c893b,d65ea599-bcfe-4d26-ba66-ab03285df164,5072153948660572,46,0.0,KKBK
8a039acf-c83d-4ce7-9f5d-6865f2d3aac0,b9ffab4c-f06e-4608-8423-b5651080dc83,4853521010641376,21,1779676.34,UTIB
860d16b3-8ca9-4271-a301-3ab38cf5d129,96927c25-1aaa-49fa-8944-46980281e2ee,3793592586784473,21,9810875.88,UBIN
9bcfb407-b326-405e-8012-f2ea7a1da780,cee0a7f5-970f-4ed1-89ca-03011a8c0e84,2314170030920149,4,5971459.61,KKBK
64a5c1a4-757b-4a03-b5b5-54a8e367fd56,45da31e4-de29-4ca2-bcc9-94afa34d0174,1570400702309313,21,9904892.12,HDFC
8dbe06fb-db46-4e76-b4a6-42eb63c50d37,1dad98dc-0ad7-40d5-95e1-9ed81b9d49b4,7469109257416036,21,7200499.67,UTIB
c03705d2-b645-46b8-a941-c301dd694bdc,64656221-463d-478a-9230-58129542ce52,1469977604923350,46,0.0,KKBK
df01a968-d85b-4cdf-b62f-ef94cfcf9dac,361c3f15-89a1-4ad2-af1f-655471a51382,8793853233443545,4,8086161.49,HDFC
157df818-64a3-4d38-9a2b-5258b2db15fb,284567b8-492f-4361-b4a6-09b17df05641,4422065546205887,21,-40143.37,HDFC
6b334939-260d-428e-808a-15f6b35a3da3,243d2294-1ba7-4111-a168-16ea2991dbc0,7659798264676812,46,5126434.86,HDFC
556c4c24-c740-4e60-8e98-a1d6246c035a,04d9429e-da4d-4e3c-beab-4efabdd792b9,435167171126068,4,2661123.12,SBIN
be3377c6-75fd-4a29-a81f-76d50a620b82,fc6c857a-5430-43c1-bc8d-723f4c55de72,8971316768314805,4,5018058.04,KKBK
d050efa1-364e-4a09-88f4-5edc43f06218,9a0e0c55-90a8-4f14-a966-74d81f16e0cd,9437150794409787,21,4078599.78,SBIN
f7ac37b1-f740-4edf-bddd-b613413a6d8e,df805682-8377-4d48-a188-a56eade0cb2d,3785368979212758,4,3680143.71,RATN
682eddb3-2059-4861-9b8e-02af14585dc8,73211d55-a5f8-4596-8b64-0647b13e2866,7635845301373428,46,0.0,SBIN
a0886340-f793-406f-a94b-e2ae1eba2f2b,b9ffab4c-f06e-4608-8423-b5651080dc83,9060203227158441,4,9406007.19,TMBL
3c3a37e0-f025-4545-b0b1-2fe9c5ea7fee,7263342c-a499-4885-b6c9-8659378ef05e,2177994176534898,46,6302521.72,HDFC
63bb39b3-38b9-4fb2-8f96-06b498bb0674,ec122479-dcdf-4558-9e71-8a5e69618e44,3427196838760903,4,0.0,HDFC
f25b46d1-9b0c-46f5-b0bf-7151e6de4203,b69db2fa-a118-4089-8ba2-32b136019611,6913005876349964,46,6199824.55,HDFC
d03d7bcd-cb5b-449b-9731-484898a6bf3b,c8d400c5-aa59-461b-9f74-605aa1c4ceca,4588507749520779,4,0.0,HDFC
4f2038bc-20a8-4151-9f96-16e2d31820eb,8db38ece-91b8-4dd3-8c1a-11e82a0f3b36,1752872507689256,21,3916222.6,ICIC
26a1d964-c0a9-44ac-bc52-e537675ad507,9a0e0c55-90a8-4f14-a966-74d81f16e0cd,803032302229436,4,6989132.92,SBIN
981f68a5-0e4b-4a99-9569-f4bc296f7b31,35b5aec1-ff29-4415-972c-d99d00909f5a,1427364904419262,4,4742694.1,ICIC
3aab9fb8-43ad-4ab6-a634-d185eb9c48a3,595f48e8-4562-4d7b-9b31-7bea3501a165,8705136881912041,46,9090634.85,ICIC
54788cb8-7534-4522-bffb-80de778bf02e,211655fd-b466-465e-89dd-5f0d7fd1b716,8788453471321037,46,0.0,UTIB
f16c564e-6f08-4e1a-92da-1d0467b4b8d1,381c06a5-99e6-4f42-8af3-60b0113d5af8,9161207321256426,21,9619237.0,CNRB
addc8395-0fd7-42cc-b5c1-6a0394b48cce,2a07b4e4-0c9a-4642-ac90-106885dfee13,7277488641808077,4,5281715.93,HDFC
07389c13-3832-4bc6-90e1-74598bf66e1a,08c95cc8-75d0-4d88-a68a-8ac4743b9ecd,6647907965777076,21,0.0,HDFC
e0313a91-6ac4-47c2-bce9-70b14db16cb4,b0c4781a-1a38-433d-b04b-9ac95eb6aa2d,1472843205160217,46,9058712.09,ICIC
64a13552-008b-46f0-9a21-782603988644,bbc1945e-1b0e-4dfd-90e3-3323dd9c9139,3398644681716323,46,-5462.77,HDFC
9118ec99-1109-422c-99a5-9a3171dcfcab,48c62fe2-df73-4771-88b9-0d2b9abe4dcd,4841396127879247,21,927052.36,KKBK
a438dc73-db23-4a56-8b7e-3e2b34382d0d,b7b7f92b-237b-41bd-a70a-219a96e1ed37,4562607968455435,4,-36997.83,UBIN
e69e3e06-3ff9-43a0-836f-b9c88b70df3a,901d0e61-fe2f-4090-8d9c-ba670a05844c,7679719542094268,21,9013120.16,AUBL
075ff9e3-1a94-4ecf-b1d0-e93932fbd8af,cee0a7f5-970f-4ed1-89ca-03011a8c0e84,3565358680636836,21,1358475.7,CNRB
222470a2-34c8-4e40-8918-6e8342d2a014,2960ef2e-7228-4024-834b-1f7d24fd309f,1642253119921615,46,2702630.28,UTIB
7be14741-9268-4068-8a32-a9bef91a9fc9,595f48e8-4562-4d7b-9b31-7bea3501a165,6004373098578114,46,3235146.94,SBIN
5872dc14-b01f-4e8c-9c7c-123bfdc89422,ee44c7f6-1695-487b-9736-441bbd276459,874882920321367,21,8173536.08,ICIC
819ff582-f54c-4d93-9aa3-46b4a7a3df51,5e1f1fb7-2bef-43fc-8130-beeda27c01d7,6107856075438999,46,7244451.03,HDFC
aa8bba02-7f80-4a2a-a7b0-b5fcd49bbcc2,b86be687-dd47-4bf4-bf28-66fcb0932362,5520290992954888,46,1138436.05,ICIC
5a3c84cc-fbcb-4a71-8195-ea67f42d948b,5c1619b4-d6e4-4b63-ac96-171c8a53cac9,4720177974749762,46,8800212.28,UBIN
686a24a8-24ba-41f5-8666-7b577805adfc,324a25eb-29b2-4217-8db8-c19d14457530,1682451425377305,4,5647608.32,AUBL
2b445eb8-161f-4ec5-a738-658db663f492,1ae12c53-4bf4-4452-a215-a9a69b07d1a8,5809547861026812,4,-8881.19,UTIB
5c434b1d-161a-4804-bacf-1fe6c8b9a970,686d62ef-670a-42ca-9ba3-1887f5e29043,2159272531335306,21,7762988.73,HDFC
c0320e65-018b-41aa-bff0-95092feb855d,385ae4b4-d273-470b-87cb-ef4221dd5089,729833007511478,46,8408523.19,SBIN
d4811528-f1af-4b97-b3dc-296b6338bfc7,d9a343cf-3a63-4375-b923-96f4df0b1143,1415348041858898,46,8598747.65,HDFC
9f009d92-c5f2-486c-a1bd-941c109d7b22,11c4b98d-2e0f-4b87-adff-983a6088acbd,5872266922461633,4,5514552.93,AUBL
ad82b192-71ca-46e3-b07a-c29bc8b9e4ba,9f9ec3cb-08a7-4e53-92e9-9d99c00135a8,2892126080608143,46,7383613.21,SBIN
53c3d56d-ef99-4f8e-af02-1ae3b6fea549,4f1b7328-8b7b-4b09-80b7-688b2e2bd4a3,8184367722642478,46,-10793.01,SBIN
04901130-4201-4370-b488-ed671c1f669c,d65ea599-bcfe-4d26-ba66-ab03285df164,1133755983672643,4,8250685.51,UTIB
880cb228-8fbf-4919-b6b6-e72f729448d2,c4f5a99d-a709-453d-9244-8eeba6b542e0,578639499449349,4,1163146.95,SBIN
93402ed2-92ad-42ef-a24a-46143fc9f316,7e37df0d-af3f-4414-8d3d-06283e3cd979,6045168869256878,4,-1149.41,CNRB
28b730c9-a94f-466c-8eb3-58d1ba039a28,d49ed0c5-c66a-48fe-9065-e24572c70ea8,8700131360308413,21,-23863.98,SBIN
b892bcb3-6503-46de-9b49-e705f578a814,c2c9ea95-2046-464d-a8d6-13b69a1ef8ac,9188763674794398,4,2758970.43,ICIC
bb9ad8d2-dc40-4297-a1fe-862ffd4b89f9,30f07592-13dc-4087-b757-a8203dd84ce3,1938956306552233,21,8778342.13,HDFC
38594dfa-153d-4858-9685-abcc5827ca1d,e7691aae-2feb-464c-859e-e1b2e67d2281,9798693642149297,4,4658196.83,HDFC
d2e19cc0-637f-4ccf-a3e5-6b2d47a1b452,8ab97360-b809-4571-b0e1-b6043b895d22,6768039799633246,46,2235681.3,HDFC
7cb78858-4006-48e1-8ab4-b1d296b2224c,7e37df0d-af3f-4414-8d3d-06283e3cd979,4596021617707078,21,342477.37,TMBL
226b69a7-6163-4725-9afe-7a5f759e47f7,831b2915-127c-47f6-a8bc-ce91b873aa54,9258247576615411,21,2358860.31,SBIN
b860fd19-e0ab-48ac-a475-5c0ad4f5b278,b98e30c6-3944-4487-80f4-dd25890ae6e4,4679787314489138,4,8737066.88,ICIC
2a5a706f-ff6b-4463-ad39-0c567efb20f5,869bcc24-1721-421d-be9c-e0ce4406ceab,664388712772676,46,6415773.72,HDFC
3012a36d-d2f9-4e6e-ac31-944a65df300b,cd7f0575-5697-4259-b7f4-899acdc31d20,2760163560254581,4,8887657.7,CNRB
db364ca5-0951-433f-8ccb-560d5e79617f,b06492d1-24c6-4fbd-9a74-5097d173aebf,2335426353461399,21,3250049.26,UBIN
9bd86acd-7015-4c50-b126-abcb62cf8326,b926fab5-29fe-4fa1-8921-0aec48b4847e,8844314591533970,46,0.0,SBIN
6d96833a-fc74-40e4-8098-dd344b23843d,44c303fd-3a5e-4870-9160-bb51a345223e,4422245020519780,21,-2382.36,UTIB
883b7b28-5c25-46ba-8631-5d09f7064911,e6f71330-ff27-40d6-99ef-481765b452a8,9918200043950312,46,6764752.55,HDFC
f9c25013-39fa-4e21-9fdc-ebcef79fb2ca,ea953f28-7787-47a5-bf90-37285d3d3391,9539264538634476,21,3283388.15,UTIB
ccde89a7-4749-42ae-8f2c-48790395c955,82a2ee5b-4de2-42be-9b87-e8932a53bc66,7180812668194489,21,0.0,AUBL
ac8643ec-c22d-4f5a-9f09-3389f189d974,9a0e0c55-90a8-4f14-a966-74d81f16e0cd,6723138062961496,46,3708325.17,KKBK
46ab9e48-0bf2-4505-bb78-a8b6ed13ab8d,eef2297b-cb4d-47ce-afe2-d4300b79d4bd,1416412058931490,4,-6606.26,HDFC
bf2d5fef-7bc0-407f-bf9e-d952020baed9,bd0589a0-f05b-4e1c-9a60-96c715544447,5935807226432650,4,5719319.5,UTIB
8d56eb92-e54b-488a-95ce-19940e0ae0d0,50784c8c-725c-47dd-bf27-724667afc5f9,5914326574742537,46,0.0,HDFC
24d2fddf-6443-42c2-b87f-18f884489655,1ca17379-510d-492f-b1f7-0ed9c9b40395,4340283998181288,21,8136534.24,ICIC
d2a36808-4953-482c-a07d-b5e8a20b5d5b,8e1fdb57-f506-4f0d-94e9-3806fa7b052a,2461287978079558,21,-14526.69,CNRB
d4c13d70-1ede-4364-aaf9-6a30d76edb56,b984cccd-9cee-46ca-9909-91c0f9f08b9d,9916791458807411,46,4487168.78,ICIC
0c090e51-e8a3-4638-bb3d-b43248618326,7a02ebde-f270-4062-822f-9df1671371dc,858092575799186,21,8910805.43,SBIN
2b877d27-3ccb-4c14-bead-32c91d1304fb,0bd2fb54-12a3-4ed9-8d1f-72fed25df2a4,302089769113174,4,2566870.51,KKBK
e70375e6-5510-42c6-8df2-e9e7e5220f44,e676986d-eebb-4d60-8b9f-aeaaaf10f5d4,2795544879706625,46,-47422.64,UTIB
e3665801-88cd-4bdd-886d-4edbccf73220,47cf0d34-7e22-4c17-ac53-f526ed853949,1906096987276547,21,5091715.68,UTIB
64f90861-ce96-4cbf-ab85-82e93583b2ec,211655fd-b466-465e-89dd-5f0d7fd1b716,6355055124204145,21,6979582.63,HDFC
b4fe3cb0-2d5d-41e8-a7cc-9797474d741e,a73d82d2-defe-42e3-9732-31aae76d9a06,4091640181224971,46,2864634.61,TMBL
46caa127-6326-4d6b-a238-f039889896e1,587bf9a5-c1a5-40ba-98b9-8b2a37493a7d,3525695343965182,46,9728474.52,HDFC
6f769aa7-2b5c-4284-b4be-cc7b50f2e961,ba57d1f4-5a61-4129-948b-19954ac7d4bd,531487225463631,21,8119809.95,ICIC
0bf2535b-ab76-4a6f-b002-1f44dd1bb892,fc632fd0-2109-47f1-878f-f85f4a54ccbf,352277172596315,21,-4805.5,HDFC
9bb687af-0f26-4638-9853-d9fe13e35912,849511ab-5db8-4ff4-b78a-a362515a6def,7333042849084631,21,7004488.78,TMBL
95038cda-2086-45cb-bb59-f0ff2a70d6e3,edbb1967-d509-4325-96ea-d8a66aea218e,7515315138217006,46,225251.49,ICIC
340589e5-37ca-4859-bdc9-8c297526717f,8ee86226-8ed9-4d45-8c30-ea8fcae61858,6665722180412663,4,4479269.57,ICIC
5313f3cf-12d6-498a-a1c1-aaa3e84b03e3,b7a5ddf7-ba87-4f44-b3b2-2297eedcfb17,1224114586224714,46,418730.48,SBIN
6f8ca6fb-3642-4a8c-930a-8e5014d53be4,f8de12c8-00c1-4117-b5ab-cb85b5df67cb,1155809221878861,21,7283220.34,ICIC
42c635fd-893b-40e0-ad93-f3962e40b55f,90c7c1ce-e149-48e2-ab06-7ddcccc3bf24,8845252808253933,46,2542814.94,KKBK
9547a959-508c-4734-9b7e-36a56b45c5b1,1dad98dc-0ad7-40d5-95e1-9ed81b9d49b4,1639604009689203,46,2270141.13,KKBK
271b3afd-ded8-4d9e-8064-50d10445fdfc,abc4e103-337b-413b-a938-10683ad9033c,8598227766440985,4,9758737.58,HDFC
2b5a5950-b17b-4b5c-8536-34d00183cd3c,b5f366f7-5ec3-456f-9ecb-98b2cdcb2512,5673765477087246,21,0.0,UTIB
cf2663b0-5ac1-4589-ac30-6fe975ddd431,37fdda80-42a5-4cbe-b24a-98385eddefcc,8870914736907075,4,5817735.29,UBIN
01accd6e-8a03-4a9c-bae5-6fc06d861a96,46dba69b-caae-48f0-9b80-ffe7edc0dff1,8888559885842954,46,0.0,HDFC
a7c7ac3b-649e-45af-93f6-2c89fc7699e3,dd215e17-ff1b-4784-94c7-31fb47003e31,3173961162796328,4,5787308.74,HDFC
52ae27e2-bcff-4e49-9655-e8fe77fc1aa7,d2f2005d-fb19-49d9-b159-d4acc09395ef,4257071301691446,46,0.0,HDFC
0edd7cca-7ae2-401a-a282-4a5fb38bcfe9,2507363a-620e-4990-954b-915482939379,372504359321394,4,1213556.0,HDFC
0fd9e838-e78c-48e9-87b9-6c8a49746c9e,26e9deff-6eef-40ac-b11f-e1d55ece75ef,1253125752682334,46,2393559.23,HDFC
3ffdd6f8-e2f7-447d-9b67-abd129320887,d2f2005d-fb19-49d9-b159-d4acc09395ef,5510188208282865,4,0.0,HDFC
e3e672d1-2c00-4d2b-96e0-61a87d53fb7d,169a6148-f10e-4e09-b2b3-7f9df36c5005,839652901123815,4,692537.0,UBIN
28f4b5b0-25e6-45c9-9f9e-8dba076dc51d,c3940fa9-2ead-4bad-811e-bd91a071dc93,8207949592291451,21,667889.0,ICIC
2b16d401-2a65-4476-ab70-0c5e88c47767,e5fbfad9-47b2-400a-b290-12e441d52c30,7081926077933187,46,0.0,SBIN
1d98509d-37ac-4507-80ed-714e7ffd0cf5,07ae7b8a-9df7-4101-9748-fc4f91818cbf,8399285248548328,21,-18781.7,HDFC
abcf6584-5d42-41ee-8c69-3f248c249c7c,55d933c0-9697-4fe4-8809-d5b0cdcdd602,6984364782930686,4,9101988.6,SBIN
092da668-4a0c-49e5-a46a-e9b3f5a92a33,6093138c-0b60-41f7-8b85-7906030cf5d0,233346940771850,21,-1817.59,CNRB
b1e68fcb-07b4-4ad5-a4ea-5dc6d6483ace,77de59f5-9f00-4ab0-a6a7-897a56478ed1,4737496333110502,46,7894189.32,ICIC
c70711fc-371d-4710-a1ed-1fcfab20d48d,9bf69000-bd34-4fa0-8734-2855074b48b9,11022806487120,4,1621539.18,KKBK
79b1e5ea-2fbe-4fec-8a32-3a4a53e6d123,3365c247-bc8b-43f3-86a4-51c8bac85c16,776103900144283,4,2151559.5,AUBL
e0a3482d-0592-4d6a-b8ca-48f41080a1c7,d5f4a3b9-9d4c-42a8-965c-825056ffaa0f,8850300213429980,4,7038860.76,CNRB
d401aa25-b11b-404d-b0a3-6768e71a2f4f,1772a12a-98fd-469a-a9a2-6843142aa281,6518742962204414,4,-48231.4,UTIB
7899d08c-a0e8-44ef-a5ad-a689b5ff2513,67c90aa1-4621-4c64-88cf-9dd4911b63de,5981302050530260,46,6270850.23,HDFC
373027a1-99a5-4ddb-877f-b1be9a1a5e21,720963c0-716f-4605-a656-fbd69e20f0cc,7800874533576381,46,1494720.27,HDFC
49eaa4b6-a74e-4b2d-8876-11bbfc10ad81,849511ab-5db8-4ff4-b78a-a362515a6def,2293321824005325,4,9417005.41,CNRB
6f06d5b2-34fc-45e3-aaac-c7648533ef38,88101ce7-73e7-423d-b6c5-a9f4f201cdc1,7394366355612771,46,5440439.49,HDFC
c2ef1e36-2c86-4bfa-9eb2-a9ba7155e811,77ac05d9-991b-4c92-9556-1f0f0caf4155,6034324085779884,46,2627448.17,ICIC
87281040-201f-4bb5-8405-5346dd9359ae,7c5adeab-50b7-4a1f-bf21-e9b26e63a39b,5143747117760008,46,0.0,CNRB
930a0423-9d44-434b-9537-d71b891b6118,c8d400c5-aa59-461b-9f74-605aa1c4ceca,9612399107845650,21,-33140.05,TMBL
42efca03-ab9c-4107-8ace-49ffae473e4b,5159f87b-809f-420d-a833-0b41b5328b19,1673993996535938,46,-28444.05,AUBL
62cba7af-208d-4cc8-9e08-80972d44c993,177f5129-5b3e-494e-98b7-2cced84ed927,1380123918506846,21,1628730.87,HDFC
9f90e24f-45e0-41d2-bc9d-204b6b347ff5,6fd58d9d-336b-4c10-92ce-3e6a4fb7d0c6,8171079871613082,4,6243079.07,UBIN
ccfc8291-f289-452a-8647-93604ca05daa,f49412a8-7457-4e45-9bdd-8dee538f87b8,3988266401480314,21,9198946.66,SBIN
8482c51f-4aa3-4b1d-b20b-424640ddc754,b4980661-4cec-4882-9980-aab5f3565c12,9380501493076141,4,7007484.9,ICIC
440efebd-9f25-439e-be93-409788161fc4,943f7f53-95ba-4be3-be6d-8e9e031eb23d,7405855376815759,4,5522873.45,ICIC
f31c3608-fc83-42dc-bfd8-055ad3dc640e,c0031604-f3c4-4d2a-a0d0-02d165600abf,1598698288811312,46,1135723.71,AUBL
8f48b1f4-16ff-4992-ab98-51dee7a6db1b,eab3f9d4-5f4d-4146-9d43-58bc40733da4,9949526485016786,46,9149305.12,TMBL
b51f9dde-32e2-432d-beeb-e62cfa9dca51,356f7ab0-8ba0-4bad-a359-7c86e5c42875,7250345636372711,21,3373231.24,AUBL
82576fdb-8eb9-421f-822a-0ee22e106eba,f6b5b6fc-80f2-4b94-981f-059a50ef6a31,5878713563423634,46,2551360.1,SBIN
48b92d93-73e1-43b2-9059-03700da3a7d6,adeb6f27-6658-458e-8781-fb12ea2e8ca5,854860503915971,21,79540.29,SBIN
a2e28181-6b6c-49fb-80f0-0258a64558be,d65ea599-bcfe-4d26-ba66-ab03285df164,8926033192732738,4,239035.28,HDFC
22139f87-e764-4c7c-b61a-a0ddfb5a3bce,37e55b02-b86c-4f0b-90e4-9688f3a2119e,4737760595995159,46,-3532.32,HDFC
dd472a40-86aa-4ce9-8334-7b3fbcb6129a,d65ea599-bcfe-4d26-ba66-ab03285df164,3781815278812122,46,7468959.2,ICIC
3660e77b-e261-4a75-86b6-6b0d2d9c1498,d0ff2b33-adc0-4cf4-a653-f9c143627a8b,607349399696625,21,769277.85,HDFC
02665b17-9e22-4df0-974c-a4f4e58ff9dd,9930ade1-890a-442d-b66f-d2d7307a79f7,5437651460858477,46,3083410.74,ICIC
3156c029-8d17-4a14-b683-c0d6651f1c6a,67021618-d044-40eb-8900-e1952db6cfa6,1782686166274645,46,-26693.01,HDFC
3beca4c2-2dac-4ec5-a070-9bebf56658ba,b8b984a4-5004-46c8-9a03-c7c9d59f31d3,5280703034661321,46,3379543.43,HDFC
4bfc4aa1-7200-472b-9195-d15d74754200,bd2c7123-63dd-4525-b169-3389bf3cf053,1813016024082815,46,5535848.38,RATN
f119712d-5a78-4e72-94c2-fc77590ecb09,93e26baa-59d8-4d9f-a8e3-e5ab9fe83f24,4449346962062534,4,3662074.21,KKBK
ca1e2589-4575-4331-920a-1a06f2aeccc4,9db1ab54-dc95-4e16-93a7-db0d8742c252,5970841530604404,21,3211628.07,HDFC
df99e1fc-c745-497a-9886-638c8b6be69a,dd6ed04e-346b-46af-99d7-e4ed38ba2877,3158097239017991,46,-12392.63,HDFC
172212b3-46e0-4374-ae74-fa2e64d224b0,e5fbfad9-47b2-400a-b290-12e441d52c30,5180111538541448,4,-42968.31,RATN
5397f841-3365-4ba3-bb0b-c9168ea6cc5a,06a67758-0534-4fe2-940b-7f1297ff8b38,5994221418250388,4,0.0,KKBK
63d266fe-8f12-4972-ae7c-ff8123f54b1b,2a79667e-1ac2-4319-a402-1a05709a2858,7796980735983037,46,241103.18,ICIC
96abed0c-1551-411b-a83f-f6427cf7ac84,f0c6de9f-6bab-4d74-bc5c-4c3596fd3a7d,9154133559697624,21,5442398.43,UTIB
ae93a4db-add3-4f56-ad81-fcdb710e6f03,ad583945-9115-405c-8ffb-a559a251489c,2485425449198720,21,5107291.68,SBIN
d3e8687f-72b3-4d01-bf1f-40e9e1debf3c,47cf0d34-7e22-4c17-ac53-f526ed853949,4865142314095457,46,2566670.53,SBIN
3c3433e0-fcab-4b74-b88b-57b783df5963,5c9dccac-c190-495b-8633-3eadb98c7e4d,6428604394141332,21,3398844.74,SBIN
777a4f3f-1d75-4ee1-9310-dfcebbc3adc4,6edca0f2-2ecc-4dbb-88e2-c9c6ac49fae4,7600172968764932,4,4818519.96,SBIN
cda9151f-fa55-4ef1-870c-19ee93991e78,b7e0d8e7-c4e2-45cc-9dee-e1b8cabf2e63,7028919246586966,21,0.0,CNRB
b4028684-7853-40f4-ae5b-af515b3b04d1,6cbee662-4b48-449f-bd8c-0de839e94a8a,8267558650433669,4,5991787.04,CNRB
d2fb71b7-ea2c-4328-bc33-83238b904444,f18a063a-be63-42ee-bcf8-289bbaf00111,6057413283253220,4,3364517.04,SBIN
2b01375e-f233-46ea-8964-a4303fc10a78,a012faca-e4d6-4614-abe6-f2453fad933b,4496323457358929,4,5083167.72,UBIN
c50bfd5b-7383-4702-92d6-f81cbdbd8a12,bded2614-d1cc-4f23-9fd9-85abc2f5c9c2,1156353962128399,4,5756207.41,SBIN
2cf85b23-11e5-484c-bcdd-e00dc3d274b5,7d5de9cd-c739-44a8-87c4-5b60c491bec3,9431532693909403,46,7966780.11,UTIB
73c85f5d-9ae1-476e-ada5-0ce1230e121c,a0ada085-7fbe-405e-acc4-d8c577ff1a00,352564717436429,46,8524767.87,UTIB
a7a6e3bf-65c8-432e-a9ad-2edf49b96e77,b926fab5-29fe-4fa1-8921-0aec48b4847e,1809274894701397,4,1730239.16,HDFC
3a8d9540-7282-46f8-9831-c419070790ca,c5b1444e-5473-4c55-a3dc-a297ab2b81a0,249841148386009,4,4554397.43,SBIN
0dd1d420-4bc6-48a5-a21d-660707983f85,0391041a-9133-46b2-a05b-e57a59a1986f,1760325487008691,4,-12661.25,RATN
1b2704be-8b65-4f6e-8cc8-0c661d292fe8,466b7d7b-69b4-4828-9511-a425c800bf13,9274888373480472,4,0.0,SBIN
d938473b-08fa-4ea0-8f8a-ffa73ccb27a7,c5f17a50-2084-4e13-9d76-15d3929b50ad,8046486062345017,21,8391214.04,HDFC
579d4dcb-6018-4f66-be4f-9701995dd1c8,90c7c1ce-e149-48e2-ab06-7ddcccc3bf24,4843324774256401,21,2879838.23,ICIC
7bb6d137-37c2-4548-bb7b-6d084b07c887,e6e8013a-f3db-408f-918e-3b8fa2b4e95d,3781508482869211,21,31215.55,ICIC
76953c0c-049e-46b4-8846-56757eefa501,ebc874af-1b44-412a-bcbf-af943ceb5ff2,9527915479217068,46,1826299.46,ICIC
9de6f299-2c27-41fe-9b14-a507f25ba2bf,243d2294-1ba7-4111-a168-16ea2991dbc0,5223454240897071,46,6552716.72,UBIN
5d14f372-c97e-4049-b444-6e1e13255a91,a97ddb72-4506-4489-b594-54f9f18541bf,7117613841758150,4,207275.45,TMBL
4f01cdef-441a-4ade-b157-d6eefa631a6d,7f67c9b6-0f32-469a-8909-b28c928a420f,5180341183484504,4,3374966.96,SBIN
80e27ef3-585a-47f2-aa20-b51a00948b43,8b1472c9-27e5-4c05-939f-1b1810067b10,5468788612996517,46,6543144.38,UTIB
ddefc29a-1174-4c40-9107-ea949a48b98c,324a25eb-29b2-4217-8db8-c19d14457530,3942755086177558,21,1459191.28,ICIC
39df5c0a-2aee-473e-a108-0256cfbde586,4bd8c0d1-e839-4c3f-9d09-502d5ee09b04,5347679428144056,21,4104296.47,UTIB
236bad49-a67d-45ca-9687-821602731332,ca79b8fc-868b-4776-99c5-f0ad64ae9bc0,7420881366890537,21,2230321.91,HDFC
5bf4b01e-af84-4bfe-bbce-32cbde52ea30,9b6671be-ccf4-44fd-999d-fe18a47d11e7,7329016859806992,21,5696624.29,ICIC
810b523b-b79c-4daa-bb29-5071dad08c38,fc632fd0-2109-47f1-878f-f85f4a54ccbf,2742100608776976,4,-15046.09,SBIN
8692da73-d7ca-492b-8549-3627ac4fa947,73211d55-a5f8-4596-8b64-0647b13e2866,8417242394431715,21,0.0,ICIC
13d84471-b477-4a16-ba57-eb559e7dbf1d,9bf69000-bd34-4fa0-8734-2855074b48b9,6086002558765480,21,5260120.02,HDFC
458a0c44-50ce-4979-8d03-7212f1a100e7,6fb5b8a5-a882-409f-a4b1-11a98d16ba11,5279667835671,4,7598693.8,HDFC
b3009947-bd27-4081-ba9f-63464e8410c2,3020bfa7-7139-4acc-93a1-07a06f3a40a1,9627324219280620,21,9747000.18,ICIC
d4d68b09-6073-4987-a120-071f77972c58,e2809fe9-5a76-4861-83cf-d7c434a892ba,3716724548728932,46,7234316.05,ICIC
554f07a2-b21f-49ed-81c3-686485e7236b,6f195771-66b3-4b54-8d82-0b4e3e88e8b6,6191149549931784,21,9484243.24,TMBL
93b2bc36-ffa2-4c78-a751-d6e36caeef1d,b86be687-dd47-4bf4-bf28-66fcb0932362,3955572210194953,4,6277132.75,KKBK
385d5520-e519-4912-a62c-4eb59afc5886,bed0f952-170c-4409-8a67-4b856db365dc,3034988256686875,21,0.0,HDFC
702b7d5e-a263-488a-ad6f-400aacc45f55,ac33958a-cebd-47a7-a5cf-b5e212628cce,1199950358570275,21,3052278.06,UTIB
0bb43bae-9be2-4ab9-a93a-6cb8989ca9f8,975e9b47-8547-4f15-91e6-a538ab5cffcb,7264314384147920,46,2126855.5,HDFC
c124b532-21d8-407f-b694-8f733f75ef8a,5922e7ca-0bf0-4080-ac89-4e227437bb03,9103945629728818,46,0.0,HDFC
5c94ab92-244f-4521-a2c1-2d56a987e2ce,23aa78e1-870b-4901-a6ae-8c25ef0cb8d8,2573802033866474,46,3606533.6,HDFC
819fd155-48d9-4248-82fa-1593873e0c86,4f1b7328-8b7b-4b09-80b7-688b2e2bd4a3,6591463958657981,46,636687.54,HDFC
b60d8b54-96ff-4cff-9b87-1df0f461ccdb,75ca11f0-2dcd-4451-83b6-593f1976c657,3228581372257936,21,0.0,KKBK
51ac5ba7-c346-42d2-bff6-5609dfbf2067,ef300615-a934-4d2f-be39-7d64907e76f5,6682224098703709,4,9836607.34,UTIB
90283227-38c1-4212-a1bf-891a41fda1b8,5e1f1fb7-2bef-43fc-8130-beeda27c01d7,8018392888506596,46,5612306.01,ICIC
7067d1d6-b41d-4057-a32d-36f6e53cdfe2,e32ee1d5-3572-4807-a902-4ecadc75cc82,1155638500298825,21,6673809.63,ICIC
f9bf536a-da09-4ef3-8323-a2142c55101e,c63e87bb-d56d-4b46-9307-3f5742dcc151,3509820806338324,46,3303748.88,AUBL
0c17b1da-a169-41e3-a444-ddcc11ae5fae,47cf0d34-7e22-4c17-ac53-f526ed853949,9588650808008000,21,0.0,UTIB
0624e339-4696-4ba8-a8f8-fcc78f016d55,bf2881c2-1b56-4f12-83cf-61a8492b5067,3509199228072015,4,-32820.51,KKBK
bc9f6657-2b12-43b9-9321-9ae3dc457dd6,d0c79745-977d-49da-bac7-3d5d419c6065,2058460819297892,4,8754117.52,SBIN
2a7eaf35-81b4-4d92-81c8-e97bcc39fb1a,e2809fe9-5a76-4861-83cf-d7c434a892ba,1911734047764462,4,9513442.88,ICIC
a360737b-79e4-4cbc-8fec-48a3b85ee2b7,9d3e456b-036d-43ac-b200-c729a6bf72ff,2161333611029930,46,9153532.59,HDFC
c8f56a19-21b1-4eb9-8110-74cc2b2f5d63,b4b04254-63af-446c-963b-02ab8e0bdee0,6039406951653054,21,8899927.0,KKBK
65d3e0b7-def4-41d7-b629-6ed4a8a79ec7,5a7566f0-e2d0-4499-bb9f-1b22bfd4cf83,686200054571629,21,-27454.74,SBIN
37109d84-1046-4a5f-9096-0223cc316f52,23b1845c-6cdd-4748-b6ee-dd9ea5534509,2511681770098469,4,46718.22,UTIB
5fbc3afe-ddd1-4ca8-b4b7-bf2ebd36aad2,43c54f71-e901-4f5c-a84d-5e143986c4bd,4783074039373331,21,8445918.08,KKBK
2647f25e-366c-468b-8e24-278cc2bf0614,3eb8b713-5786-47c0-93f3-5ce6be5462a9,4681012943632982,46,0.0,UTIB
78bdd512-8311-4919-80c8-83c02d99a8a8,d0bd17ce-1ae5-45f8-806e-1e74555aae5d,4602572721882184,4,7314907.53,HDFC
cbbdfe42-6c7a-44d9-b5e9-ed6cc7cb5efe,fd14dfa0-e883-48e7-a1a9-b5886aedce00,6173225665205300,4,4823591.41,HDFC
de47cf01-323a-49f4-b5df-8a7629f079f0,ad583945-9115-405c-8ffb-a559a251489c,6199125726809841,46,-10586.12,HDFC
0f4f87bd-d40f-4a90-b401-8ee33f92d698,5c63b956-a4dc-4ff9-94f4-750cc2013d0a,5854698418911278,21,5648632.35,SBIN
4f0eeae5-a0da-4f1e-860c-39867005771e,d5f4a3b9-9d4c-42a8-965c-825056ffaa0f,7230682879885822,4,3487966.57,KKBK
3676873a-064d-4ff0-9545-02bb17eff5e0,f04a78ab-45ec-458b-b5ab-e57137867b40,4109041817174508,46,9151513.94,ICIC
37dee93e-9f2a-43a7-a4a2-f52fdfacf5ef,d5f4a3b9-9d4c-42a8-965c-825056ffaa0f,5186577242510984,4,-40539.95,HDFC
655f2ecc-23cf-4b34-9161-4871b51e360c,6fd58d9d-336b-4c10-92ce-3e6a4fb7d0c6,7656740341455675,4,1245820.38,RATN
ee8d96d1-3126-4c6d-a1e7-ab5e0568dd44,1632e3ae-ebbc-4fe4-99a2-2b45bb46e16f,3595815730746729,21,1858527.58,CNRB
f96ec312-9923-4554-93f0-6eade302d2d0,bda0e6d0-44d8-436a-9c5b-bdabb4b3ef54,1503057123095229,21,5639747.19,HDFC
d6452a06-5a2e-4d7f-b716-44d81058aa7f,2424a939-35c0-4b3c-9649-f917ba6c4036,3486836015720422,21,6903363.45,ICIC
076b3605-3eb2-4ee7-91ce-b9127f4b5e4e,72852910-58da-4a60-a050-f9e6a367de1c,424681312396094,4,8627938.28,HDFC
a818598f-5aed-454d-8c79-f5b3fa5fd22f,914615c6-53e8-4d74-b054-3c2161edea26,5409641971276105,21,8636188.61,UBIN
bbceb395-6f60-46a2-9fc4-f005fb6754da,c1c2318e-bdbc-42a0-adb8-a96b883fb116,4263537594511375,4,7555855.39,TMBL
d1a6097e-d124-4b7c-9f4e-c30356f6f3bb,32b1ca65-ec80-43af-acc5-5e7035944d83,9142430805585525,21,-38065.08,HDFC
d984e6da-11d6-4d74-a236-7f669f92c64d,257bf837-55d6-482f-bc37-05be851dd9e3,2232765919018844,21,-16234.58,KKBK
2e6e8aad-1bc7-4276-a6d8-76a1d3844a8b,b98e30c6-3944-4487-80f4-dd25890ae6e4,2346726864429805,4,-21096.22,HDFC
561d3328-f88f-47c3-b6cf-6d567ddfa23a,9db1ab54-dc95-4e16-93a7-db0d8742c252,7359178861407589,46,9543727.18,ICIC
8c7281f8-e19f-4e7c-a06f-92793f57f6b4,381c06a5-99e6-4f42-8af3-60b0113d5af8,4331448395604974,4,7055955.28,CNRB
315d341f-1bd4-48a6-afff-04100d016a17,d2695a05-dfd2-41a6-84a0-237e0780c48e,2033650162643261,46,8291914.13,RATN
c8299ca1-c9cc-4a56-994c-204e0872dc92,f93eda53-ea04-46d7-a7ab-46d6a95287b2,9879177702081503,46,2940499.88,UTIB
9ce6efe3-df1e-44cd-bb82-a580825fef09,d9e51ef8-a969-45de-af91-d83d05646e77,4628452198614478,4,1611314.26,UTIB
22d3b229-fdeb-4531-8988-1a8f710747bb,e71552d5-dfc1-4614-b21b-019be8d75bd4,2224542551524855,21,3009044.09,KKBK
585bd9cd-dbcd-4ed4-87a9-8085d5b38d01,9293caa3-e795-4ff0-915b-2d387046fe78,6821148011805204,4,4431728.9,HDFC
da168b60-cba1-4c6e-bbbd-18dbff81046f,c70f8ed5-60cc-4614-911b-a9abab8a97fc,6779623071158745,4,2443093.49,KKBK
7bb5a807-794a-4ac9-8190-9bb10dbef00a,28370e36-5f35-4fcf-bb47-edbf3ace2360,2641551650465517,4,0.0,TMBL
294f1e50-64d8-4df0-8db3-d196d66f69aa,696ee118-9a1f-44a6-b77a-00dade654474,481052107861756,21,8422262.38,ICIC
2edc2921-7e37-40f2-8798-8295ac14d8b4,946fa498-952a-45d6-bf2e-e58ee79cb977,9262789174676699,46,3561345.86,ICIC
ae081bb5-b6e2-4737-92f9-daa32a815bcd,540254ba-b87d-4e22-8a37-f32baebc3659,4944375373381397,21,7920931.22,HDFC
28174451-2e11-4845-8f93-15aea2e47dcd,f24ce58d-2a65-45ef-b3d2-8c0c21863413,2650141410113220,46,1101614.5,TMBL
bda9a7f7-ba90-49f7-9770-7714b8657e19,f93eda53-ea04-46d7-a7ab-46d6a95287b2,401613998190686,4,9839758.25,UTIB
9a446685-cebb-4ce9-a591-ccca58b4e87d,f93eda53-ea04-46d7-a7ab-46d6a95287b2,4943392192036761,46,688857.54,ICIC
8dbede8d-0a89-45a6-a64c-d9a91f4a0eb3,7e37df0d-af3f-4414-8d3d-06283e3cd979,4334911298245273,4,3280685.95,ICIC
1c286ca0-4ec5-41e8-bfcc-39249465f3e4,febdec06-292d-4f3a-becf-adc07c822d35,954940076647832,21,-7881.53,HDFC
be2c9747-336f-4a04-a9b6-646292a4cefa,a48a6144-5b32-47be-9d18-48ac3502201a,550383335240047,4,0.0,CNRB
714f968f-19e3-459c-9e50-e06a3f73d146,81243305-ef96-417f-84ed-9dfd18b99137,8262872092127205,4,607290.55,UTIB
f638c13e-004a-4191-8f51-44eabd8f5cbf,f92908eb-2043-4eb2-b5b9-163fe3ce041b,6401950465633121,4,9509956.94,RATN
7bbb4a89-8716-48b1-8ad1-1efe7a1d5372,e5fbfad9-47b2-400a-b290-12e441d52c30,1901746715441247,21,2688173.0,SBIN
3ccfe7dc-5771-4ce3-9824-7e2a7556a679,e407698a-83b9-4e2d-8d82-72ee0816940f,4055985850505932,4,3348403.08,SBIN
75fe4173-d691-4876-9e3c-66881fc677ed,87a76fac-efe4-4010-9b16-037a7caf5906,3774233472213847,21,9016698.33,AUBL
1daba1fe-78f4-4ee5-85de-7bc5eb2d3115,60372cb4-cb42-47f0-908a-be9a6c8d3b39,4956520363407494,46,3145547.82,UBIN
6d035a8e-7cc1-41f5-a7e8-95f7591a3e6b,7f67c9b6-0f32-469a-8909-b28c928a420f,7979012286724975,21,0.0,HDFC
cb350bfa-9e80-4e14-9644-f9112b9e1423,be4e55b6-96ca-4574-bb0c-fadbfbf20931,3751115328926966,4,7243806.2,SBIN
a11e610a-b1de-438e-93ee-279257c48804,0c9f621b-c87c-4701-8f32-14d00f1904ba,535448263702800,21,1209727.27,ICIC
62d83e77-b09d-45b7-94d2-5a7ec555d739,7dc8ba9c-c5b0-4654-be66-cfb4670cb812,6789572022694379,46,9317231.08,AUBL
804b8693-59a8-4c4e-abba-42b156ed0106,fb4b41a1-9139-4c0d-b1eb-7707ab50ebfc,2389787368809451,46,6858849.73,HDFC
df677ddf-f932-438a-bab4-caa6ce5fbc91,111e897d-0645-4146-aeef-f23d3a643b9c,3727233613738602,46,5711286.54,KKBK
d5580b48-14e8-4666-93cd-09f596e87389,8b1472c9-27e5-4c05-939f-1b1810067b10,8439616294753866,4,2052949.45,UTIB
df6f127f-73d0-4efa-8e75-cd5c33724fbc,088498de-11af-48b1-a6dc-b760bdea54d8,7876969106214001,46,1652781.31,UTIB
3622cd7b-ae9d-4a57-9675-abfd39fad719,2750ad96-f434-40b1-92b3-dd69c5e2efe4,4650979797338508,21,3588721.82,ICIC
dcf7ac10-e154-44d4-b11f-0055fe9c42db,44c303fd-3a5e-4870-9160-bb51a345223e,5938219839502594,4,9336261.58,UBIN
e0e84395-b2a0-40f8-a48f-cbcf066ac3c6,bc2f6241-b104-4ae1-90d9-691c0961159c,2187841361709954,4,2604298.38,HDFC
e3b18ec1-9290-4a72-b94d-6b042328f64d,67c90aa1-4621-4c64-88cf-9dd4911b63de,5768760087840717,21,7563091.04,HDFC
f31abfef-b14f-42ea-b2d8-cc6c1c18678a,1690e0cb-886c-4f40-8799-9d79d9d914e9,4494999249284952,21,-12066.12,ICIC
ae11f2d4-af8f-4884-9238-e24ddf24881e,35a6c41e-dc71-4819-8149-a680049df494,8386215413188376,4,325950.63,SBIN
a1e3aab3-cf93-4173-b153-6f8d0331ce39,4680ea25-e1ff-4e73-b060-b8f5d387c9ba,7280292323621984,46,8763077.61,HDFC
b9e4ed8c-bc2d-4200-be9c-7decc8a55915,ff236dec-251e-4d6a-a937-10468ed829f3,820007210716849,4,7647284.88,CNRB
e4f688a9-d2f4-40e7-89cb-acd453be53f0,87d2d1f4-bed1-47dc-b167-916a1fcb0df7,7330946003081383,46,0.0,SBIN
c1a4ca35-2f8a-4884-a706-e9b93381be05,51e61f76-197b-4c29-90ea-05cd62241f3c,6297450009910375,4,4462892.57,SBIN
9884d14a-daf5-4346-88f5-40f816a9c081,284567b8-492f-4361-b4a6-09b17df05641,71706187358944,21,8109775.9,UBIN
db257b05-4059-4a28-8128-86d68a5c6158,b4b04254-63af-446c-963b-02ab8e0bdee0,9526253429615949,21,-26175.69,UTIB
068f83ae-0f7c-461c-99c3-9ee23b2e3aa9,f4e6c3d0-107c-4f1d-b701-ff452aebec1a,2917483009310450,21,1802637.67,HDFC
4cc93d65-f808-4292-b1dd-70a91ea19cb1,b98e30c6-3944-4487-80f4-dd25890ae6e4,4075123056845360,4,9160439.55,KKBK
b72a1b09-4ba2-4b24-9435-e275de70d3c8,a215e0da-0139-4690-a003-6c687379a6bf,9633692071293531,4,5566872.22,UTIB
a3d0c12d-d517-4f49-b5e1-bc97f89663be,dd215e17-ff1b-4784-94c7-31fb47003e31,6074320379481498,46,4632601.84,AUBL
3080a538-4bf8-4b17-b5d2-18c7d6b4de41,98605004-16f2-40be-bf85-891e4af12a4a,4898034650508463,21,1023712.81,HDFC
bb6edffa-6151-40fc-b400-99fe8fcc55b7,e6f9c996-aa7b-4ddd-ba57-05d94c8dd4a8,3433650783756209,46,2386583.21,UTIB
50827a30-af16-4c24-99fb-cc72d6888c45,2a37ef0f-f847-4c83-b294-f8888aca4a50,2185425009442302,4,3189817.32,HDFC
fec62e42-25d1-439d-a45f-678e4799656a,c4f5a99d-a709-453d-9244-8eeba6b542e0,3322894237374570,46,9981403.57,SBIN
e3e9fbd1-194f-4dcc-bb54-c971be15de13,437be9ef-b6d8-40b7-a773-2178ef7cc9e7,4097141338769880,4,0.0,UBIN
5fe33445-794c-4dd6-ba39-45d634640dcc,8c000f0f-3973-445f-bab4-c4bfd09a8433,6556121600731449,4,3620010.78,AUBL
78f9847d-ff5d-4ca0-92d0-97b4f1c3eb30,a4806683-cbfe-41b4-a7e4-e7f7cd37592f,1279468883180958,4,7966682.76,KKBK
d41e8693-3617-44e1-8ad7-49b5d5101659,c36b61d4-d6d5-4f05-80e3-d5f97377128d,6149040610174222,46,2727441.14,ICIC
1cee8049-38a6-48af-87c0-85394ec8e7d4,2960ef2e-7228-4024-834b-1f7d24fd309f,3164951391114768,4,-16542.2,TMBL
475a3c3b-032f-460d-8eb1-24134e5da98f,bda0e6d0-44d8-436a-9c5b-bdabb4b3ef54,1121492134712463,21,2443282.16,HDFC
89e76b78-e998-4047-9380-0cf71bcdba2a,716a8c18-2c10-4087-bddf-7b9a54a5171f,2363676392668293,46,7478287.04,UTIB
fbfd37ca-f47f-483c-8cad-976e152dca17,d5f27292-c239-479b-a1ff-a81e27d734a4,9119916066134972,46,0.0,SBIN
e044f68e-cc13-455d-aa92-bf70b026b3af,fc286bb4-a7cf-46a9-8905-d5dfadf82b73,4533273558214036,46,1063099.8,UTIB
5e17430d-37ab-44c0-9947-0cf54f3be19f,2c6bf522-61e8-4805-a82c-f7a53a599563,266664493340528,4,6000325.11,SBIN
1537abc6-144a-4cf5-8351-a0cd7aa96437,c3940fa9-2ead-4bad-811e-bd91a071dc93,1252130573075833,46,-12597.02,HDFC
3e6359c9-20b9-4c65-8769-9d6e207ee6e6,361c3f15-89a1-4ad2-af1f-655471a51382,9707905992473594,21,2789674.59,HDFC
7ca4cae8-5882-4284-93bd-5d6a6004c6a3,febdec06-292d-4f3a-becf-adc07c822d35,1374637824986862,46,-37794.57,HDFC
a8159276-30df-443c-8cb5-4cc4397551f2,2400579e-14fc-413e-8477-998b4ac6751c,5113123608737721,4,661329.28,HDFC
6d65668a-cb6e-4b6d-8636-e8f8b9056e16,ba57d1f4-5a61-4129-948b-19954ac7d4bd,9387221523102901,4,7408471.35,ICIC
2b4896c5-9f3e-43d2-88c1-e5fee317bdd8,6b1ddf11-7f92-4d38-9306-f6077d956c6b,6439300713876687,21,7716964.44,AUBL
68c637c1-e565-4984-bbf6-cc5cf086cdfb,8e485761-9558-4934-90c6-4dc3e8bdeff8,5432152020303994,21,1477519.66,ICIC
02243393-7eb5-468c-94fb-a9a7c7649f7a,87a76fac-efe4-4010-9b16-037a7caf5906,9375863879343634,21,5330958.14,SBIN
5971ed53-12c5-46a2-8365-bdec226b1a9f,d5f27292-c239-479b-a1ff-a81e27d734a4,9846174542841190,21,9131093.78,KKBK
0bbb0aac-84d2-40e3-99ec-0ffc4d2a93b2,8e17b5fa-aeb8-4cb1-a9e4-5d7bffd118b6,3365587177077664,4,0.0,KKBK
3e383c8e-998b-4ee3-8ee1-394623e9f97f,8c000f0f-3973-445f-bab4-c4bfd09a8433,6387758781709694,4,4624965.01,RATN
b3c8515b-7921-458c-811a-d9d48b80cf40,6093138c-0b60-41f7-8b85-7906030cf5d0,7571802371664862,4,8488723.31,UTIB
0503af66-feb1-424b-a5b6-4267e8e5484c,f37b129e-2f92-4913-b42e-eb2ce513b407,2590547099236301,21,4015860.56,CNRB
d3b1c424-b318-4ada-88a6-a1638acba296,356f7ab0-8ba0-4bad-a359-7c86e5c42875,3069819616044175,21,9545141.21,HDFC
c48ca828-9cc2-4e4c-bfc3-f9b5c2500405,7eb380c9-daeb-4e4c-832f-ae2dc8516f9d,6273195572856140,4,-16327.19,UBIN
d5e8d4bb-6cf5-4bf3-8b44-ba71a28c5c3b,47cf0d34-7e22-4c17-ac53-f526ed853949,9481954021297751,4,6634584.91,HDFC
1a7b8cc5-cb06-4edb-924a-f95f42742f14,141c9010-5b4c-4c64-8aad-c2dada80762f,4405582529129381,21,2948206.57,SBIN
6c0de587-7203-4735-ad53-99fb51eae268,752ae527-3e3d-4cd9-8800-7c248201c7d6,3945262565325775,4,8972540.64,HDFC
05937dc7-bfa6-4188-a0c1-2ee7b502c51c,f3ddc3c1-f88c-4ee1-8150-ab9de1729921,6179281851078387,4,0.0,SBIN
a88efb95-383d-4f47-8c28-dfff4b6e6b5a,d127e135-68ff-4959-b432-4b4fa4c6ea5f,1525703018582747,4,5039404.22,ICIC
fc8fdbaa-e4ba-4d84-9836-c777090a4a4d,8c66a25d-14c9-4339-a3ab-58579da934fa,583911283113215,21,5440508.72,AUBL
23ef3a14-47bf-408d-80fb-658c6b15fa76,ad583945-9115-405c-8ffb-a559a251489c,5263085370537675,21,16057.36,HDFC
f717203b-9412-496a-a238-94da7af16031,9293caa3-e795-4ff0-915b-2d387046fe78,711175325657262,21,-47098.79,ICIC
2c689ed0-b3ee-48e6-9300-5dcfa7dbf74e,e3e2ecc2-25b9-40f5-a4bb-d8bd19ec2aec,2684340380601647,46,-18003.54,HDFC
b8de5b74-31b1-475b-8a8e-c5fa403afb35,e170ffad-68a3-445e-b4ce-b05fa9dd9c43,9356765832919652,46,8433766.46,KKBK
f19f2bea-d411-4a51-a885-e80d6fbc8655,cc987716-5799-414a-8354-33e5886ec307,1547982637107729,4,-20053.5,ICIC
0c02f699-43ee-426a-9df8-adb323408838,6c456dc1-e172-458a-b6ed-64fe38bad7ae,8832108144171452,46,9264877.13,AUBL
9e0c15f7-6e1e-468c-aedb-37fcce6194ab,a150d376-9e6d-40cb-957a-721c9651f10f,3787742589816816,4,4857506.66,CNRB
425b4a86-d1f2-42c6-8041-6c8e10c168d5,320668af-357e-477f-8c76-4e83103b5437,5552633703506019,4,-31568.92,ICIC
2e3952b2-69f9-4073-9df6-c039668961c0,8db49e5c-0211-4cec-a958-459ecc5dbbb5,2385422620002865,46,1996673.6,HDFC
3bd38ef6-074f-4e0a-8e19-ff51af9bfaa7,325b5548-b79e-4ac4-b734-f668de0b4050,25317831904733,21,5985205.99,CNRB
3af83361-dfe7-4f67-bff5-d9cf9de0e190,d65ea599-bcfe-4d26-ba66-ab03285df164,111499497339219,21,0.0,HDFC
5d3ea48a-2ba9-4b79-aff9-f1e6c3184c99,53319542-e802-485e-a3e5-b9ff584b6c3d,9111672974248595,4,7392577.75,ICIC
73ee12b0-357f-4f69-ba90-4b0db4670350,d0d83707-9929-4d1f-b09d-cf16e384357b,9860185412177980,4,5555250.02,HDFC
b68c7554-8484-4bcc-b322-5578a25f3774,81243305-ef96-417f-84ed-9dfd18b99137,5462605235055560,21,0.0,KKBK
afba3a14-acd9-4715-9963-b735b5fbb953,849511ab-5db8-4ff4-b78a-a362515a6def,8215915613540776,4,9393653.79,HDFC
256ad191-70c4-4532-8e0d-9f36f3d60188,6754ccd7-8e63-43cc-a1f3-a7103e13e5b9,7990694777765637,46,-32087.92,UTIB
e01d239d-2042-4f49-956f-69317007d3d1,f18a063a-be63-42ee-bcf8-289bbaf00111,6360447831959026,4,3482202.41,CNRB
160b95d8-cfc1-4af2-902e-a2d4a17d559c,23aa78e1-870b-4901-a6ae-8c25ef0cb8d8,2128161972013902,46,-24270.01,CNRB
8557e69f-bcaa-4cda-8a6f-1e051315179b,5230f42e-9e13-4cef-bb8f-11752cd0468c,4261003702142919,4,809234.93,KKBK
35ac0f48-95e6-4ad8-bc9e-549549f71ffb,22e8b7dd-c358-484f-bc83-8e862bafe5b5,6317139298127569,46,1493156.2,SBIN
20f81edb-f06c-475d-a173-5d935f7cacef,f93eda53-ea04-46d7-a7ab-46d6a95287b2,6923022192926631,46,-41079.18,SBIN
24992546-7177-4194-8f9d-89d87fb0f7f6,29be44ed-8b09-4e4f-8720-aa7535c3c213,6150275356800883,4,5254699.46,SBIN
28437a96-7bed-46e3-b94a-58b9f64ee746,2507363a-620e-4990-954b-915482939379,3358411089292021,4,471818.27,ICIC
c822b274-6f2b-4dfd-8832-59afc4cf8df8,311046ae-0ec4-4931-894e-447af978d07c,362321688344431,4,19404.47,SBIN
08da77ea-dd4a-4261-b54e-9b53bdeb8935,a98bef23-5827-48c4-8698-d17d2eddc50d,8884618506492533,21,7946766.64,HDFC
e16a8579-862d-47e5-904d-8f79355bbf90,3e59634c-3983-410b-b5ad-8f067335cec7,1823163525647825,4,-7939.47,HDFC
1230e7a7-84a0-4390-b7c6-7c910218b432,166ed05b-735f-4d77-9222-c5dbdbd5d7fe,5753695095522116,4,1496056.88,SBIN
0688821c-c6df-4f5d-9cf6-51ddf4510199,a5fd73d2-7ed2-4ec5-a84c-d69da04ebd12,2751782968102967,21,4166489.8,HDFC
8e9df644-0aa6-4d41-a6c1-d1e39bffccf0,1be1f2f4-ae76-45b6-a892-0f4781c9f492,4823157454799591,4,4933558.79,ICIC
85af5367-a28d-4afa-922e-efeae4c5d370,f64a0236-488c-47dc-a95a-c69f1ed3519a,4165458368133468,4,8038936.84,ICIC
827701a6-8c21-4912-9806-04e67fa8bb46,81547110-70fa-40ac-9ad2-3f10cc1b2c28,9210144269447022,4,8465663.57,SBIN
237c6b41-bade-4128-8c76-51395857fa10,7f67c9b6-0f32-469a-8909-b28c928a420f,6286759903470356,4,7859103.77,TMBL
a66ba050-2993-4694-8b4f-3ac2bd474900,37fdda80-42a5-4cbe-b24a-98385eddefcc,3717380598302664,21,8463441.92,HDFC
4d44474e-6dcc-428f-8c91-6d399bf128f7,d4e6605c-1f68-4761-8585-5bcfab30f774,3918445354044273,46,9923469.71,ICIC
869b29aa-2d87-4683-875c-3dc5b12107ee,b8b984a4-5004-46c8-9a03-c7c9d59f31d3,4983283014548660,21,978850.1,SBIN
705e160e-3f9a-464e-a036-d5c92c6b633d,bd2c7123-63dd-4525-b169-3389bf3cf053,5896404663202864,21,5736937.99,HDFC
c0d02983-0f7b-406a-bc6a-c0aa07947827,853f4382-657b-4fc6-873e-78c825f0c92f,6880683267003455,21,3526193.8,AUBL
c3def251-5147-4a9b-accb-66c33793d698,869bcc24-1721-421d-be9c-e0ce4406ceab,2531244491635395,46,9486056.93,SBIN
8324b14b-4484-4493-9550-0fe71832961b,d97a3135-8154-49c0-9250-77d9695c7632,7257358355091895,21,999012.11,HDFC
9a2d66f8-b605-4ed2-bf29-27fbc6455513,43c54f71-e901-4f5c-a84d-5e143986c4bd,687837622095058,4,-17978.21,ICIC
d548fe27-7ed0-4c71-a445-12e7dc38dfab,bb46456f-c956-49cf-a495-a857e77abc3b,6213080863164257,4,5445724.07,UTIB
5defcedd-3736-4255-b781-475defa45ad5,5d4ea5c2-e7d2-45c7-9516-16e086d1cab0,8567377082362701,4,5627785.87,ICIC
428b740f-d721-4026-882b-d70c10825801,af3f15c3-e3cb-4c62-8838-507cf669f11e,7263568341226554,46,-45158.12,HDFC
cae2a2b5-12be-4514-8392-70dd5e90985b,80a043c6-1c73-453e-a6d0-2534c118ae7c,7860149127106554,21,8337131.18,UTIB
4a24340a-184b-4816-a832-1fe4fa978d6c,1cdf9282-622a-4580-85de-b77bed5f33f0,7327086170765576,46,4080679.33,CNRB
640ea955-beb7-41be-98e6-4380c6b41265,0c9f621b-c87c-4701-8f32-14d00f1904ba,5339689616398024,4,2053042.55,HDFC
cae978bc-6048-4202-980f-f25d3c412ca9,d0ff2b33-adc0-4cf4-a653-f9c143627a8b,1899030778448598,4,8702552.54,SBIN
08f110eb-d73a-44bf-b41d-5b8ce212d956,75238542-9840-45c3-bf19-e40fb92c8896,9069788916169324,21,-26689.91,CNRB
f44916b9-fb75-4b4f-b708-4e93658e043a,01e4dc0e-7f7f-41df-a456-032fae8d3818,7492780237851695,46,9230453.19,UTIB
e21c1526-bb6b-4b0f-a866-549ce60453e4,162c157a-e64a-48b9-bb32-0f27e65cf04e,8218735325507596,21,6943387.95,SBIN
56de9e75-0e40-4697-9d3c-338061f29934,79566333-7dab-411b-a687-674d215f1794,6732251213050222,21,2065930.78,ICIC
cba311c1-d27f-469b-ba57-a013edf1f827,3c7af48b-2305-4689-93bc-30a25beea17c,3421172692932350,46,25334.13,HDFC
2b3fdc33-83b6-47ef-966a-1feab26b8010,29937b85-0d91-45de-b937-9372d72b093f,3226481244302067,46,9810592.61,UBIN
51c53365-5876-47d7-a47d-49d82e4ce57a,6edca0f2-2ecc-4dbb-88e2-c9c6ac49fae4,8975488772037318,46,1747306.44,HDFC
f9189093-30e3-4b71-8e25-066bbbacb2ad,f74abd65-2db2-4f2d-ab93-8781d7f66f98,6157884327602228,21,-20711.81,AUBL
876a6853-7675-48b7-9436-5171b0d4be52,e6c4d90a-c00c-47bc-aa31-412b37eb7f8b,3210426518461833,21,1562698.34,HDFC
ace5c2f3-95a3-4017-9f6c-ed8b6e7aeff9,166ed05b-735f-4d77-9222-c5dbdbd5d7fe,2493316485063343,46,2718047.84,UBIN
cbc4e3a6-84ae-4ab0-82a4-724df3f415b8,f9c54093-78ee-414c-93ba-eb46707b66b3,4173816576824877,46,227996.23,UTIB
530684bb-69a3-4a98-896f-06d3609c34e7,4f20785c-e68b-4baa-9c8c-6a20f9ba9c40,5085772855768116,46,9556199.99,HDFC
45393513-7052-4716-b29b-23508f10eb46,b1312d91-7cc4-4740-9aa6-a9103e871774,1183848653447692,46,4398344.26,CNRB
f7d85571-ac9f-4d3c-814e-11c696f70c77,7501b5e7-f495-43c9-8aaf-40b2f521b39d,834033212976918,21,9747518.31,UTIB
4b0f8082-9d9b-4878-9775-8cde94ffaf8e,a3f75d06-d26d-4d65-ada3-5ce0947ec40a,9982788707309333,21,549983.34,KKBK
11458d61-ddd7-4656-acad-0e1f2b45707e,84333611-5e86-4124-bf23-8c30c502ecc4,3350432146325949,46,0.0,HDFC
cd9f6019-b20e-4f4b-aa5a-7a6caf0d9d2b,5fdfd2b6-d555-42a4-a80b-51609fbe9fa2,1677682131203738,21,-38069.29,SBIN
1d1306d0-7146-471f-aacc-544ee5bea4d3,5c30981b-70ba-4e33-a9bc-6f7be315315d,3731415203867620,46,-40360.18,ICIC
eb5d043c-4a63-42e6-8579-63ba00d26958,d98345c8-9207-49c5-82c0-93c661755bef,6183801358836657,4,3382562.45,UTIB
1c362a91-1cfb-4717-b7b4-8d1234df913a,d1d66253-39e2-401a-9eba-01911925d89b,8496565606904753,4,8126900.73,ICIC
8bdf7847-fc58-484b-b882-d0ddc337ba71,f7675449-df27-46f3-a785-0c569dfa43db,1207925768617833,46,324397.42,ICIC
60b0bae3-43a1-4b1d-9567-4c17aab973e5,e6c4d90a-c00c-47bc-aa31-412b37eb7f8b,1374867623718199,21,5245300.52,HDFC
326d5f47-ad5d-4c6c-970e-7c1d33aed860,ac33958a-cebd-47a7-a5cf-b5e212628cce,6314977214992199,21,560644.31,UTIB
cb60b0a7-bd9a-42da-ad2f-6d81d62eabc0,9f9ec3cb-08a7-4e53-92e9-9d99c00135a8,2788710173312016,21,1943677.23,TMBL
56e56f67-fe74-4c49-a2fb-65d60ca83ce2,fe4886d5-c7ea-4cde-b6e9-251829f8e256,4605465534266126,4,4997291.18,ICIC
85a5272e-8741-48a0-b6c7-ea10a0a8f624,6bdb12aa-7c67-4b1d-a3b6-3f9e7ea5febe,8257955300119674,46,7372588.98,KKBK
d21d432d-0883-412c-9c5c-51a984721f30,a215e0da-0139-4690-a003-6c687379a6bf,5454367775611089,4,5963419.23,HDFC
d1dfe909-9c49-4601-b469-b9d3f4afe73a,901d0e61-fe2f-4090-8d9c-ba670a05844c,1293971430622133,21,0.0,SBIN
5082871e-1f0c-41cc-a5d0-1efef7e8ae7a,08975068-e743-41bd-a3a6-6116e7823245,7654717327502574,4,4686604.8,ICIC
ce55fa10-90d0-4841-838d-5c2b57bd8fcb,04d9429e-da4d-4e3c-beab-4efabdd792b9,391095644186918,21,4124588.52,SBIN
823c170a-be92-4402-8b62-41bb5630f9df,216d2aac-50b2-4a3d-9750-0bba47297079,9061881229824396,46,1118938.84,HDFC
537eecab-c40a-4ede-92ac-875b6ace012d,81bc2af9-483b-4827-a341-7187dfe7062e,9244485560823242,46,7996003.99,HDFC
67e8c3fb-5e92-4906-82ab-74c3ffd5bbeb,85c9bea6-8694-4586-8f9c-d62e65caf107,9182925792358146,21,4246954.78,UTIB
885ed7d4-83e5-46d5-9e4c-aaeeff02d15f,526450bf-fd94-4d3b-a39b-3165779272e0,3011936731808376,46,2034878.58,ICIC
751889a0-7d83-4cab-9792-570394ed03ef,9293caa3-e795-4ff0-915b-2d387046fe78,5503782374845864,46,0.0,HDFC
29cbd8f6-ef34-4eee-b7ff-23dad983c563,9f9ec3cb-08a7-4e53-92e9-9d99c00135a8,2089338908515386,46,9801121.89,HDFC
452c86d2-f357-4481-b7dd-22be593cd13e,fd14dfa0-e883-48e7-a1a9-b5886aedce00,2422399912096771,4,2441427.69,HDFC
b5c8c4ee-97c1-4c4e-a8f2-1c1445c623ab,e063a7d8-68ae-40ed-80c9-c361eee4bb27,4093474867058423,46,5855223.11,HDFC
6c2c6856-330e-4023-9840-bf3ebe7ced06,eb98d6c5-4ab8-41ce-bdba-d17abadcf083,6704453525507003,46,7233046.6,UTIB
2f3993ce-6cd5-4af3-97d9-42ba87d3596e,a012faca-e4d6-4614-abe6-f2453fad933b,5449171716343893,21,9630600.49,CNRB
01372a31-1eab-4eec-839d-15f5e2ca5a4c,381c06a5-99e6-4f42-8af3-60b0113d5af8,1964541727276810,4,4628921.48,HDFC
b3aa67d3-f293-4624-965f-a825dc04b2e7,66b3b76a-f1ee-4d7b-9fc0-d545cf9e123a,6655866474035297,46,-15437.99,UTIB
6d980ef3-561d-4aad-976d-cb5aa49244e9,4e479f57-824e-4e62-820c-d249df9a61c1,4572564745785030,4,4241164.99,SBIN
ae28ca07-7c66-4687-a328-9475e3fdc51a,fe4886d5-c7ea-4cde-b6e9-251829f8e256,1804613243060851,21,279446.22,HDFC
6c4b1e53-8725-4896-abfd-4a462d14ac21,c74b1fce-8224-4cc3-9b45-0f12594fe657,885087631408029,4,274162.89,ICIC
2994f949-4ed5-4a33-924f-4f25c2c30d98,8dc15296-e656-4cf3-8741-fecf16fd80fb,1465601940369438,46,-37688.8,HDFC
5f390f85-eb39-43c7-b04f-d777c7585a00,c68a78ee-84e0-4b48-9a88-b22ee412455f,1087993910595028,21,4602934.62,UTIB
fa54eea9-7a12-4f45-b25c-7cbbf9f6a1a9,91ee473c-29c0-4c58-b359-4a95515a1f2d,758641380428965,46,6269504.16,ICIC
26e4492c-424e-49eb-be30-2fe876ad4719,ad904566-ca81-4bba-b672-954f29526612,740306943157691,4,2065142.76,SBIN
b5a6da5d-7679-49c0-b71f-1339ee93df6d,c8e09ba9-0fe2-455f-bee0-bfa604afd73d,6292802887846176,4,5057071.75,HDFC
f1feef82-7436-47b7-adc1-776f9a9cb74b,5a5d206d-b51a-4f07-8fea-1a725958e62c,4044625425163047,4,2145285.92,ICIC
ccae42c2-ab85-4f3c-b813-cc9bcb2e8dc8,0ed37547-ad18-4bce-9133-7e7bbbae1df9,9632180673353690,21,2270260.29,HDFC
ca4c3e95-608f-47e6-bcf3-0b2cc3383a48,c0031604-f3c4-4d2a-a0d0-02d165600abf,2630286872174111,21,9275448.52,HDFC
01076b05-c492-4732-94a1-bb60a544a100,fbee883d-eaea-43b4-bc2f-a960358fef52,9595894025575087,21,4623687.87,SBIN
51630701-1257-48a6-8110-605185288ded,a3f75d06-d26d-4d65-ada3-5ce0947ec40a,312909654381823,21,698936.55,HDFC
c76a2b82-ca10-472f-8adc-3e9a4bb1cdf2,93e26baa-59d8-4d9f-a8e3-e5ab9fe83f24,5621491667333178,4,0.0,HDFC
7a12b21b-6f6b-42d5-ab89-487476e6d238,1e072d2b-4bf6-480f-bcbc-253a259fd1ec,129461575828812,4,128657.19,KKBK
ec009051-8bf2-4e16-90a2-51f4765fd94e,f18a063a-be63-42ee-bcf8-289bbaf00111,41584919813526,4,-1710.41,SBIN
c1306101-5b9a-4725-9362-1e3d9f8a3d8d,4f1b7328-8b7b-4b09-80b7-688b2e2bd4a3,7712723886119626,21,2242147.13,HDFC
83b6eba9-0d63-4024-be74-a5c8ac353b8b,1690e0cb-886c-4f40-8799-9d79d9d914e9,4082473847169634,21,2602264.02,AUBL
41f42119-b604-466b-bf8c-d8e4c9612865,d49ed0c5-c66a-48fe-9065-e24572c70ea8,5675135184564448,21,-16815.91,SBIN
efd855f6-79e7-4b89-804d-45341769ac0b,abc4e103-337b-413b-a938-10683ad9033c,7885836042709073,46,2638881.26,ICIC
a552e5f6-112a-429e-ba1f-59ed94265726,385ae4b4-d273-470b-87cb-ef4221dd5089,9103229408622090,46,745323.93,HDFC
76ae85c4-9367-4b45-bea4-7c2a58ef2aa2,d0d83707-9929-4d1f-b09d-cf16e384357b,8694579311842667,21,6800844.73,ICIC
646d1b4c-fa18-48c0-908b-68627c1b63e9,f1bb0221-5704-471c-afa5-7031c51d84c5,5829590803432845,4,6383877.69,UTIB
18835fcc-8ea1-41af-90ca-3f78fde83b1f,845ade28-3836-4d44-8e64-8695d33ccf85,724729600622691,21,-14331.79,HDFC
631e8981-6f9f-4c28-acb8-a0e1f015a5bb,97b3501b-af8e-4aaf-8ef5-553ce80698c9,3560926870554245,21,2712810.05,HDFC
430494bf-57c8-43b2-b5d0-dfdec0a44bc9,e71d3351-c820-4009-8f16-f9bb03451d5f,9931182472273380,21,7263716.85,KKBK
b2ba670b-5635-4e64-81b9-57a8a9872863,2470674f-4246-4de1-8ad3-d64b211c74be,6909613762004729,21,3589247.62,CNRB
6340f80c-6bf0-4299-a3c8-0eaa093feb61,3bfc2249-286e-4027-8a55-8ce56dc49bb1,4004881676559654,4,2534685.17,ICIC
4f03ef85-d11a-447f-a9f1-22d7f9a9ad38,4e53a4d0-4da8-4698-9a31-f5475000ba68,9506353371976463,21,6240670.07,HDFC
b457edf0-110b-4c81-9e97-6ce1a9dd5fc4,b0c4781a-1a38-433d-b04b-9ac95eb6aa2d,9344783821968389,4,-41337.63,ICIC
964f7680-64c0-464e-b81e-9ecd32daaa41,d54a8be8-f268-416f-bc27-4fdd81c68bd7,7392343961459008,4,298106.59,UTIB
4b112e30-9c41-4734-8d57-c15624d8784a,6592d771-1d6d-4143-8581-361071e678bf,8315221523518315,4,4610200.81,UBIN
d0381996-1b03-42e6-b8cc-d478c21d3edc,d14469ae-1190-4204-93fa-4223d63127d4,8979521481101073,21,-42840.85,SBIN
c307e448-1347-4e63-b754-8b7d81fc0a45,d1c4cec4-a625-4bb6-9590-d90ef78bc0b1,8681961454051962,46,8384702.22,HDFC
48ead2f4-c57f-44fd-a5b1-56519f7bff11,bf2881c2-1b56-4f12-83cf-61a8492b5067,266931854029616,21,5818843.7,SBIN
5d8f4386-3b45-4e7a-8df2-a5cce5ced9f0,dc3a3bdd-746b-49a2-b8e1-453dfa91c1fc,3551217073706173,46,0.0,ICIC
52bbca6e-fb40-40c0-8746-2e2342d97fa0,e6e8013a-f3db-408f-918e-3b8fa2b4e95d,3053496312417393,46,4929512.05,TMBL
ef44489c-1a3e-49b6-8ad5-5b46e6651dfe,6c377997-bace-47cd-bb73-cc384de0edb9,7790479554553243,4,5884877.08,SBIN
c9528463-f54e-4286-822c-bcea481ec4af,5a7566f0-e2d0-4499-bb9f-1b22bfd4cf83,239990584282967,21,9156132.74,SBIN
ff8f4ee5-45c3-4df7-9f6f-042a2e963c43,4f1b7328-8b7b-4b09-80b7-688b2e2bd4a3,4299415663840451,46,3367851.15,SBIN
80e3bedc-b1f0-4ab1-8bc9-025201ed3552,7a65b7d8-3155-4158-a336-fa19476c9c25,1863424730047190,4,7324780.95,UTIB
b8039e6b-cefb-41f9-babb-e413a04afb7a,5572964c-62bd-41df-8555-9b6928a48472,5857140905173809,4,5490977.85,UTIB
4e852020-d606-4d9b-a77f-dffdd30cc4f5,f37b129e-2f92-4913-b42e-eb2ce513b407,5217139986755874,4,6526882.32,SBIN
0e1eb75b-417d-43c6-b5a6-9ec1f0ce9874,b4980661-4cec-4882-9980-aab5f3565c12,5763014604111908,21,4911291.4,UTIB
014952be-ad27-4c99-a922-c561e5b32015,325b5548-b79e-4ac4-b734-f668de0b4050,381407773327086,4,8346735.67,HDFC
4ee127f2-d142-4781-a51a-51f976eba819,5fb775da-99f1-4a63-a548-ee37927ca381,160547691072111,46,9481207.61,ICIC
9a9b88a3-3900-4c30-bdd6-a3b6609f05ba,dbf9b4cb-00f5-48d2-a295-10b67ec6f7bd,1765950371280631,4,4184125.38,UTIB
df738101-4892-4d79-b7f1-e7fe1288fbec,6ae23846-1343-4cfc-a434-93f950943784,6385885912521284,4,0.0,SBIN
ae4c9c76-2f0e-452d-89fc-378ae2540186,4d5a6090-1e37-43e6-8b5f-540c6729a3e1,9458067364192480,4,7676940.84,ICIC
b7fe96c8-e78b-4003-8d1b-2288a70bffab,6c377997-bace-47cd-bb73-cc384de0edb9,6313846405564875,46,9756016.32,SBIN
818b2460-e7aa-4e0e-8780-3d5f4de96f61,3c6becc1-393b-47a6-b0ae-75803da0f613,387764702081705,4,6386570.01,RATN
8ac46ade-87c5-46aa-bbf3-879ca6bd5f56,e53d8012-11fe-45c5-ab12-76677391c1ad,9495751818142842,21,8755495.04,HDFC
040da707-edb8-4158-8635-43bf1503580b,6754ccd7-8e63-43cc-a1f3-a7103e13e5b9,7447122646412469,4,5209501.17,HDFC
06b583c9-a83f-4571-8b4d-351a9f39393c,40bf1f02-4366-454a-98e7-40f5157cab25,5174249885528051,21,8915863.21,SBIN
15414e98-4e08-48f6-a0e7-c5b4db710597,cde04e2b-e486-495d-8147-ce2a70709d33,4338479181731807,21,9561063.24,UTIB
62b2d744-6eef-4920-8753-1ea71d020e27,1cdf9282-622a-4580-85de-b77bed5f33f0,7381460851579092,4,6467696.49,ICIC
fa6f5051-67d2-4ae3-8144-d1d590cac79e,d49ed0c5-c66a-48fe-9065-e24572c70ea8,2475275411124594,46,7173814.62,HDFC
1b97ae16-4993-44da-bcf4-055389526faf,e2809fe9-5a76-4861-83cf-d7c434a892ba,1686917018810,46,-11414.58,KKBK
09c10c88-e16e-447f-b306-9bd8aa6e7d93,752ae527-3e3d-4cd9-8800-7c248201c7d6,6240542649371653,4,7999560.96,KKBK
b441f196-9245-4a75-b8a9-a0148eed5afe,18321ff7-4e63-410f-8d0c-a419c4d02a52,790703274709551,21,5909616.97,HDFC
d2fb0e08-d0ba-403a-a31d-d9d5e501f177,f0c6de9f-6bab-4d74-bc5c-4c3596fd3a7d,179635338632153,46,8189893.29,AUBL
f4ca551c-2b6e-46d5-a5d5-860c2621dc54,f3d21e8d-2510-4288-a18f-08ce64e249d9,5999865535000769,46,4925048.09,KKBK
ea589b74-b658-45ae-89fb-367fae02a2b5,b1b7b64b-0b46-48d2-99f8-762d7cf1924e,3989889838723194,46,535094.9,UBIN
2a7f2b32-0a48-4023-b67b-2c884c342040,77ac05d9-991b-4c92-9556-1f0f0caf4155,6822313290315400,4,197862.03,HDFC
a1d51934-64fb-453c-aac7-f0507be37524,a4806683-cbfe-41b4-a7e4-e7f7cd37592f,4216787095891411,4,1819066.08,ICIC
3ecdb1c4-7e03-4f36-b0d6-6fc0418fe89c,a4a9dd7d-7b93-4ce3-a5c5-4417103ea255,3835984943731477,21,7768735.01,HDFC
3a1d732e-d1dd-40f2-b5d3-7ce665e98f74,dc87c3ee-0cc0-4b53-8ef0-597e1b5fc914,9795184005917599,4,7510521.61,UBIN
f00df406-ec6f-4314-8711-1e21609d5377,2fbb1fe3-401f-42ac-8f9d-a54c37c24a02,8079818916761963,21,6709601.85,SBIN
2e9867d8-7837-4340-9fef-32afbca40f93,6fd58d9d-336b-4c10-92ce-3e6a4fb7d0c6,6079615837169754,21,1247773.82,KKBK
4c61a31e-6c12-499c-b56a-470869d6beb4,34e0a29f-2d0e-4b24-8b07-9a9c8fdabbdf,5295420947684435,21,6344675.65,ICIC
89b3b805-507e-4432-92a8-8ff9bcc64c3b,b69db2fa-a118-4089-8ba2-32b136019611,1310404215882859,21,9071792.9,ICIC
3eeb1c92-ab1f-4d9d-ad7a-ba11a1f59e2c,1ca17379-510d-492f-b1f7-0ed9c9b40395,4527723957611825,21,14488.08,HDFC
dc1ea5b7-0501-4f79-b16f-388c09e7730f,d9e51ef8-a969-45de-af91-d83d05646e77,5202601650310314,46,6382675.43,RATN
5dd86cb0-ec1e-4306-8334-6ac11dc41ad1,cb4b6b07-3bae-461e-b9b3-cecac68697a5,8494112608521337,4,4800128.18,ICIC
e3408600-a59b-4789-8789-97460e4557c9,f8895c23-d33d-4298-bb74-25f15b2d863d,7881921358292398,4,514232.01,CNRB
f97fd87b-3e10-4676-b970-0720d69b6ab8,e32ee1d5-3572-4807-a902-4ecadc75cc82,2819273818268802,46,-42072.57,ICIC
a4a56aba-2ea7-4939-bb69-e47d40250ad7,10ff35f3-75e6-426e-b6d7-94477013592c,8052198789978985,4,6066558.13,HDFC
9c21fe38-56ca-4557-859e-fbf076aef667,7a7e9d27-8a18-4741-95f6-cfe988d351fb,5914909013144418,46,-17483.94,ICIC
addb7d2d-e8a6-48a2-a87d-2ef10ed3043c,4eea0ca0-1378-434e-a0da-241873a9b93c,8298739009278621,21,315719.03,HDFC
6978c100-d589-4769-bd21-709373379a14,2fbb1fe3-401f-42ac-8f9d-a54c37c24a02,1072594471937371,46,4247565.33,CNRB
7e1139fa-3325-4312-b4d5-0784ff6150ca,81b46001-2225-48b8-bbae-4a5dd769afcc,8684554988621071,46,0.0,UTIB
4b6a834f-2b67-479f-864e-ffe472d86a69,c68a78ee-84e0-4b48-9a88-b22ee412455f,7591101364245107,21,5096032.44,CNRB
48d33285-fee5-4eba-bc34-71023463d67e,5ddaa42d-8b7b-44d1-9049-cb1d68ca2b8d,8150629405126451,21,3556406.18,ICIC
ad194578-7ee2-429d-bea5-092d9938899a,c68a78ee-84e0-4b48-9a88-b22ee412455f,5958438696835180,4,2023932.14,HDFC
f8c5db11-cb58-47a6-8dc4-bb2aeb847f48,e3156627-c399-4031-803e-5f6039d2b6cb,9949234814324371,46,4923316.62,UBIN
7bfd8bde-c79b-4ac3-8274-b24e88232699,f6ec6033-b68a-4c3e-a7b5-c5b25a1bf30b,8421429664456904,4,641611.74,SBIN
244bad78-622c-4462-8ea5-4c70be32d0f9,595ebbc1-5e28-4a5b-b854-e722bffc4645,8134139066877428,46,0.0,TMBL
3c59dcd3-21ff-48c4-a1ed-e40aec2ad9cd,81bc2af9-483b-4827-a341-7187dfe7062e,1640857569827745,46,-35678.7,KKBK
41fe1d44-0fe2-4abd-8e30-d68e39735f87,6030414a-2d52-47dc-8ace-f2a9dc717cfd,3590285762931902,4,6472074.87,UTIB
0f034982-f33d-47a7-a6cc-ad026808ee1b,35b5aec1-ff29-4415-972c-d99d00909f5a,4574974840726337,46,2405586.41,CNRB
68868939-a28c-4d11-8000-dbfc7c4f57cd,946fa498-952a-45d6-bf2e-e58ee79cb977,8670406091855428,46,4643257.2,HDFC
75a9e689-5e05-4188-bd41-73fe7722b37d,1392d018-67b9-42df-8f0c-3781b71b0f20,2482796870271490,4,830334.83,UTIB
c85d7873-f374-4174-84d7-a3225bd0e208,fd14dfa0-e883-48e7-a1a9-b5886aedce00,390793967421472,21,8864413.37,HDFC
9b027360-31a1-4ce6-ae69-82fcd34bdaaf,37147c66-3dea-48c8-a3a8-4f0639f8018d,7067044856160249,4,9237661.67,KKBK
fd4672a8-88e7-44cb-845a-4786854b500a,27cb0dc7-ccc1-4e84-9b9a-aa880e8646fd,8895689404643862,4,622515.82,KKBK
375588c7-60e6-40a8-a001-4510972b4564,00b8e925-8cee-4b8b-8108-9354de8fde33,9803690773046088,46,3707623.13,ICIC
6b08e044-cb85-4a75-9428-3f050c8a81f7,211655fd-b466-465e-89dd-5f0d7fd1b716,4430884199099481,21,-13837.5,TMBL
7c7fbe96-e681-4290-8a4e-d75ae6b1deab,dfc78a44-1189-404d-878c-81ba2ae535cb,385895715303444,4,-3292.1,CNRB
59f04141-2937-4394-b703-a44e0af85978,a5c2cd68-09da-450f-bdd1-79d7e2c9713d,5036428864099169,21,6731449.98,ICIC
484f8426-6872-480d-93ab-8897d02046ab,23aa78e1-870b-4901-a6ae-8c25ef0cb8d8,6551422783238824,4,8145767.99,HDFC
f9453f7f-37a3-4f90-ae05-1c8bb8375036,d0ff2b33-adc0-4cf4-a653-f9c143627a8b,6099089862754693,4,9494400.4,ICIC
422d6e3b-d174-4506-88b1-e189c32d0381,34e0a29f-2d0e-4b24-8b07-9a9c8fdabbdf,8024816657857343,4,1156915.58,SBIN
2e7ae07e-203f-4776-8dae-69b34a592065,943f7f53-95ba-4be3-be6d-8e9e031eb23d,5093763854524464,21,1336440.35,KKBK
f8dd41e5-bbb0-4b57-9280-37085de58ee9,a4111d46-ce3e-439f-903f-979d46cee417,2527001125864328,4,107206.28,SBIN
fb9127cb-2f7a-4774-a4ab-da51126616de,0bd2fb54-12a3-4ed9-8d1f-72fed25df2a4,4602046450777386,21,8826080.14,TMBL
74ee749b-24b2-4645-a532-0fbdefe04aec,54bd4596-948c-40ac-902e-a7cbfae4c214,4245437195952139,21,4566541.67,SBIN
f70c5096-8ae8-4427-84ad-a8a1d61c858a,7cd2847d-0308-4a2d-a18d-6a9aba65947c,5158567938177968,46,7218298.27,ICIC
3d85259a-66d5-4588-b9e8-efd6ce8e7310,44dd8a29-784c-46da-9004-42b4024c8117,6833242849775718,46,-48966.37,ICIC
c39db71d-4924-47a8-b432-8321037aa024,b0c4781a-1a38-433d-b04b-9ac95eb6aa2d,7993103124989686,4,2095121.12,HDFC
046ade54-755f-4907-9b9b-e14e2a4c4e85,8fdd41d9-d509-45c0-9841-cf3613b6358a,1714927774810599,21,-19519.74,ICIC
cb0ef648-9132-44a2-a2ab-4a3ed06ab4df,a97d45b9-f4cf-4e26-9f70-a878107e1387,3110952951976571,21,490863.06,UTIB
c42041c8-dcf1-4aec-80ac-9fe294c71467,fc286bb4-a7cf-46a9-8905-d5dfadf82b73,9392949896194293,46,-7374.63,UBIN
94995c9c-9aac-4a55-99af-52aa0cf649fa,1ae12c53-4bf4-4452-a215-a9a69b07d1a8,7210593458513669,46,3341918.59,KKBK
cb2dcb66-971e-4454-8810-31add21daedc,16d53cc4-1e7f-43e4-a0fa-13b210ca5f3c,3897844791674917,4,4485860.96,KKBK
34be1243-8ba8-4a33-9029-b9b72426edf9,32b1ca65-ec80-43af-acc5-5e7035944d83,9869942161578389,21,7236392.98,UTIB
5ec1b1b0-b7d3-4690-91dd-2bf17a3ae53e,be5056e2-d043-4ebf-a0ed-e143f7a5793f,7137124792475989,21,2139935.17,UTIB
d66b10d4-04bf-46cf-a55e-e24b554afac2,87d4d180-1274-4df3-9c97-9baed9641fd9,3738467634612660,21,3946617.62,CNRB
9fb42c3a-c8a2-429c-8bd8-606da6e4be29,831317a1-ad90-4d76-9062-199fd66e4fe6,3090030053588797,46,7469139.46,UTIB
5d6f969e-a684-49ca-afe7-32477858b4ac,6d479178-ff15-499f-b6c0-a907f6042ec9,790309195763843,21,9018254.03,KKBK
e3ef243a-c1b5-4f4e-8545-ffac2d3825c4,e71552d5-dfc1-4614-b21b-019be8d75bd4,2680037205331386,46,3947810.71,AUBL
c4a7bfde-49a6-45dc-8d13-be990e123388,d85bcef4-b1b3-44f5-b8a5-8c6da0ed0cd7,2572192423795735,4,3461657.56,HDFC
49f42b9f-353a-49c2-982c-7db1ab717556,c8e09ba9-0fe2-455f-bee0-bfa604afd73d,3981131198388435,21,1051488.33,ICIC
a3b9f913-9cf9-4533-93cd-3fccb5a99fee,018d1578-5255-4ccc-9a4e-40c79cc7b17f,9167556908754669,46,8607334.11,KKBK
c17d39c2-d3f1-4ed7-b5d2-b7c3871e3784,716a8c18-2c10-4087-bddf-7b9a54a5171f,9250314838307959,21,2770392.52,ICIC
29c7269a-db55-40d6-8921-ce02934e66cc,c0e5747f-61e7-4a37-bfdb-cfc6aa14cdd6,3736806420332654,46,9992432.55,ICIC
57002574-3528-4c1f-aee3-67ae1bfd74a5,b926fab5-29fe-4fa1-8921-0aec48b4847e,5526631068450377,21,9509713.79,HDFC
feacdf80-4e70-48fc-800e-edf75f618ad6,f3ddc3c1-f88c-4ee1-8150-ab9de1729921,3206193981707215,46,-1650.15,SBIN
8d924d79-9f45-4f08-98e3-51dbdf50de0e,b1312d91-7cc4-4740-9aa6-a9103e871774,9967880820865353,46,0.0,ICIC
0fa63173-e203-4c3c-ac5c-d891b309b309,6cbee662-4b48-449f-bd8c-0de839e94a8a,2758860256666459,46,3072193.08,RATN
69a91c43-f268-4500-aec9-86c907f102bd,22e8b7dd-c358-484f-bc83-8e862bafe5b5,8652310521041869,46,-2052.05,CNRB
1513f5f8-40af-4aae-abdd-e84486ca717d,865b1ae1-186a-48cd-b849-fcfccfb97288,3957265074443797,21,3046892.07,HDFC
8702c538-5bcd-474e-8987-1a5f749c9064,bd0589a0-f05b-4e1c-9a60-96c715544447,8104976307943308,21,8130720.48,KKBK
56e1777f-c4b1-480f-ad94-ba68f8a09db6,257bf837-55d6-482f-bc37-05be851dd9e3,5013859891002573,4,7217704.52,SBIN
cc30a9da-4c47-46cb-980b-35bbf3481c27,2470674f-4246-4de1-8ad3-d64b211c74be,3553048785049415,46,9660029.17,ICIC
da8697b8-d1da-4dda-8aa2-e96894c6da46,2a07b4e4-0c9a-4642-ac90-106885dfee13,4441025256742936,21,8260816.37,SBIN
61917080-39d7-41c7-8dfc-c7e1354c6273,402354e8-1c08-4006-b3a2-aa46a232d17e,8440736140506126,4,7940714.25,HDFC
90cc7550-f8af-41a3-8db0-fcd1c4b49279,5fdfd2b6-d555-42a4-a80b-51609fbe9fa2,7173621669711177,4,0.0,AUBL
09f3add6-0c78-4a7c-a1c7-7a0300c53728,119ff838-a109-4075-b92f-35acea8b3f33,3460333842874272,21,3901962.27,RATN
c20d7d41-e8cc-4d2e-911c-1313e9fd00ba,5e1f1fb7-2bef-43fc-8130-beeda27c01d7,8058546081219405,4,-29118.27,HDFC
cac94e09-5c3b-4385-a88b-c666d6be0ce5,ca3ef5eb-57cf-4f4c-9e44-a69091c1536d,5330112708380581,21,7820751.12,KKBK
c5bb820a-a3df-46aa-ba10-58870e86e2dc,7f67c9b6-0f32-469a-8909-b28c928a420f,6937779390417053,4,4761889.38,SBIN
a9e2adb2-12dd-4d92-a9d3-e9b2958648a3,ac33958a-cebd-47a7-a5cf-b5e212628cce,6423076302664959,46,8635991.07,SBIN
f232af76-40db-4c08-8439-70f6ea152b13,0d0964b2-f08e-42fe-bf43-f75fe0e7e49d,9510022888927890,21,9488546.39,UTIB
d23d3e9b-8f43-4a10-990c-6ce1fc33af37,cde04e2b-e486-495d-8147-ce2a70709d33,9445659670886505,46,0.0,ICIC
26e42613-3577-493f-b256-0503008226bb,b3a8e92f-7116-48ea-a78a-70b373e98a63,7425814724061455,21,7998361.94,AUBL
900a43ae-c5a8-4f7a-b459-f7029fd04462,5fb775da-99f1-4a63-a548-ee37927ca381,3125902165403030,21,2894016.65,ICIC
0d66a827-c2ff-4a3c-841c-cf7233b52e5e,716a8c18-2c10-4087-bddf-7b9a54a5171f,1687865066994130,21,2335928.79,ICIC
db469028-4e5e-4783-9a9e-817958d1e166,ec122479-dcdf-4558-9e71-8a5e69618e44,3861751168642975,21,8299101.51,KKBK
c56a6f4c-a210-41d8-a80a-eb6e0d3cae3b,d2f2005d-fb19-49d9-b159-d4acc09395ef,7814387622008626,4,-48269.28,HDFC
13a5e2ac-f3c8-42f5-851f-4d86b5edf6ed,fd14dfa0-e883-48e7-a1a9-b5886aedce00,8779048269936471,21,9575663.14,UBIN
1aaf469e-2d49-4387-8efc-d82e3f286544,48c62fe2-df73-4771-88b9-0d2b9abe4dcd,8818764937826926,46,-16001.05,AUBL
f406fcbb-03e3-433e-8f04-abea2862a975,95b39bd6-2f6a-4636-9cd0-bb84fe60aa80,9448312021618585,21,-22063.19,CNRB
e0cbca88-1cfa-4a99-8761-bc9a58b106b5,1dad98dc-0ad7-40d5-95e1-9ed81b9d49b4,435052433190409,46,-4336.86,KKBK
e51b788f-0abb-4f72-8605-75b8fca204a3,96ceee27-e7c4-4444-9568-d71a3c36d799,6555206392443864,21,5543476.06,HDFC
1087148a-97ed-4417-8f19-d0e4cd1ca471,8e485761-9558-4934-90c6-4dc3e8bdeff8,2922992396695905,21,8709339.87,HDFC
7178b722-3d03-4f02-9e2e-c463261f658d,97ed13af-aec2-4c17-90a5-ba6704d5b25d,8062066043977470,4,8776851.56,UBIN
25c6c2c8-4629-4c00-ab01-acf21fee7ed8,da1f447f-cb1a-453e-8ef4-f1a23cad2971,3856028136913776,46,8478279.42,TMBL
18e1cbaf-269c-4dec-9109-dc860998ee85,9930ade1-890a-442d-b66f-d2d7307a79f7,7222193064295012,4,-2442.56,HDFC
333edf0a-9cbe-4c07-a6c7-7ff5145f5a66,e003501b-6da0-4661-8186-3eee4f482ef6,4845116632117786,4,5747195.09,HDFC
ae093aff-c18e-425e-accd-95347e8b3f37,0911873d-80ad-483a-8798-5f2180005087,1419548580072159,46,2725893.84,HDFC
aac4c38f-d29e-4e7e-af14-fca5d82beb5f,5bad639c-86ad-4b6e-ab6e-05178ee317b7,5431753767626980,4,-40704.08,HDFC
831eea30-24a0-4bb2-abc4-8f7f5662fb12,7eb380c9-daeb-4e4c-832f-ae2dc8516f9d,1079960018819371,46,4849727.2,HDFC
ec4321d8-e53d-43e9-9b31-2d616d4aefda,33093c8b-dcec-432f-94a7-389e704736f1,6956544174402645,21,7911369.75,ICIC
f6af3f60-db29-42f1-a181-77b0f59c57f7,e3156627-c399-4031-803e-5f6039d2b6cb,5848035231078539,46,9593727.93,UBIN
bedff3b7-51cd-4ea2-a16d-82257123ea55,e71552d5-dfc1-4614-b21b-019be8d75bd4,299692822282212,4,6216603.37,ICIC
db47513c-c872-4587-99cc-54b4aa9b05bb,1391365c-3734-4e35-9b3e-82774793ae9a,2960177580354328,46,-21656.28,SBIN
adc7661e-70ef-4d00-9612-63189a630ac5,1d38c250-2cbd-4742-baff-f2c2b4cf7abf,716541927757995,4,5860734.09,UBIN
3783cb87-5ced-440a-8c40-2f490407c4d0,be4e55b6-96ca-4574-bb0c-fadbfbf20931,9093139379225289,46,-30041.74,SBIN
24934eb0-a867-4a59-bf9a-009df2f6187a,595f48e8-4562-4d7b-9b31-7bea3501a165,8476586036953512,21,9877757.62,UBIN
06fc163f-3da1-46e1-9f94-9a3ecc101288,7d5de9cd-c739-44a8-87c4-5b60c491bec3,5215306524014478,21,2162969.47,UTIB
9bbbcf32-2d78-4441-809a-ea8d8a0e2b41,dd215e17-ff1b-4784-94c7-31fb47003e31,4217682304421859,21,2458588.69,KKBK
cbe3b93c-1b15-4402-8173-2aa5cec4ee61,27cb0dc7-ccc1-4e84-9b9a-aa880e8646fd,4539059633136577,21,873907.49,SBIN
64765f6c-95f9-4038-be95-d0734396e375,b0c4781a-1a38-433d-b04b-9ac95eb6aa2d,4262727618508433,4,5158725.93,UTIB
2688dea3-5d21-4e51-9036-dbe093eee17c,84e597d9-38f1-4263-b3ee-97a28c9701cd,6289873733830571,46,2895094.34,CNRB
f2a67a6d-6c26-4f1a-b5d2-616a11a0c7d4,6fb5b8a5-a882-409f-a4b1-11a98d16ba11,91251886886278,4,7069065.42,UBIN
ef81389e-e2c8-48f5-82e5-d91a977e838b,adeb6f27-6658-458e-8781-fb12ea2e8ca5,568928973715194,21,-20336.9,TMBL
2930b5b6-2083-49f5-b3ec-c1c25f2239aa,d782b0c8-6ea6-40c2-9445-4ff78a1dfc32,4159150676257190,4,719878.33,UTIB
14221eaf-283e-4340-abc4-dd08b2941107,c49facb9-8723-4c45-a468-5609cfd23c3a,6666153145083455,21,2422153.66,AUBL
54f7f53d-dd82-4b8a-ae8e-d59a5dfe4973,76822115-7c56-48f9-be93-ba70633796ba,684197704160180,21,-43832.66,ICIC
5768d04e-51b0-4074-9dcb-05c5ded6c3e4,b9ffab4c-f06e-4608-8423-b5651080dc83,5977192541828160,4,7939643.89,UTIB
c623560a-87cd-4568-9231-e49780efef5c,cb4b6b07-3bae-461e-b9b3-cecac68697a5,85001086795090,21,1748053.77,UTIB
9f90cf40-a5fa-4873-ab3b-519af3391159,10bda8fd-8c90-41a8-bcf2-67f3beaeb1cd,943298929826132,21,-10547.39,ICIC
ebae3bf8-5a92-44d2-9924-43dcc6bc961a,19877479-0ac1-4826-97c2-7015c24fe27c,2769766749140808,21,5011469.0,HDFC
f6efad84-9ae2-41d1-bbdf-68ffeaae9bb0,87d4d180-1274-4df3-9c97-9baed9641fd9,3317861999130838,21,8582570.61,SBIN
a3a97df7-154e-42a0-9eeb-c3b8eb98bf59,6ec02595-9c35-47df-a487-dc1233cc650f,2630240542484737,21,0.0,SBIN
74d03b2f-ebbc-4688-a681-dadc8851b80b,8c000f0f-3973-445f-bab4-c4bfd09a8433,1709453292870367,21,-10029.6,HDFC
77122ccc-92a3-453d-b9b1-08a424fa98c2,6bdb12aa-7c67-4b1d-a3b6-3f9e7ea5febe,938103577942197,21,4870332.7,UBIN
bf37f326-0714-4313-a4b4-553f1b0227aa,3b5e80c5-0377-41d8-9742-66c3c5cba333,4567644672989140,21,4720477.34,HDFC
a85adc0c-4fd5-4f21-b866-e2b283360df9,018d1578-5255-4ccc-9a4e-40c79cc7b17f,2670050317958835,46,5133066.26,UTIB
175029cf-c95c-4914-93db-0bc761c248a7,650f00c7-a225-46e7-9cb2-b53c0358e77c,1437441081896737,4,8534741.95,KKBK
7660ff6f-66f8-45d1-bf4c-2539a8aa0f56,61c696eb-526b-4501-9f8a-708d9b70ac0a,8606648939650974,46,8232039.83,SBIN
979118e1-037a-4862-91b3-bcb6c3e9e82d,361c3f15-89a1-4ad2-af1f-655471a51382,265607673395945,4,9398145.58,ICIC
8e26f8d3-0eb5-4818-a1db-27332d0119f3,864d0971-d4a6-47db-86de-9778898d9547,4160518264011698,4,1895648.67,CNRB
f17898cd-a600-449e-b5cd-338e25e98261,dd6ed04e-346b-46af-99d7-e4ed38ba2877,4194565030549681,21,5400752.42,RATN
3f6f0dbd-d8a9-40fe-86e5-a3582a6b4376,46dba69b-caae-48f0-9b80-ffe7edc0dff1,3827721091139198,46,1177554.79,UBIN
94fc5379-e3ac-4fd2-a3b1-c334995c39f5,8db38ece-91b8-4dd3-8c1a-11e82a0f3b36,8085904346174345,21,3409183.76,KKBK
38f20aba-bf01-43ca-8491-06dbe37e7bd8,97eea367-e153-4a37-b7c8-87bb742a9980,8896842971111606,4,-22054.29,SBIN
ee9c52ef-a5ab-4486-be0c-0be93f5e45bc,8e17b5fa-aeb8-4cb1-a9e4-5d7bffd118b6,8461758996004849,46,3904141.01,HDFC
898ab554-a2c8-4679-9e7c-ca6aad41e1d1,2f91c3b3-4768-4942-adc5-5cfe9ec103d2,578372903927870,21,89959.29,HDFC
092e5277-9b72-4740-bcd3-7f1f53d26ecd,a39082a0-6519-4116-a837-6bd46db9826c,7926343405706454,21,3824776.85,HDFC
9a81619d-4854-472e-8465-1b5837d1ad32,324a25eb-29b2-4217-8db8-c19d14457530,9477846299181903,21,9298093.16,ICIC
bdf764a7-6434-4e31-ad34-1949707f34f5,8e17b5fa-aeb8-4cb1-a9e4-5d7bffd118b6,6435237140048149,21,2834527.79,RATN
f553df86-6033-4a8c-a020-a28bc7e50794,71800729-8c59-4d5a-ac95-bd9628ec6c76,6197684134075814,21,5304716.73,ICIC
06f5aeff-7e1f-4e81-9463-8704a27e1e8c,9930ade1-890a-442d-b66f-d2d7307a79f7,1414437059117104,4,1699065.87,ICIC
fc2a41eb-51b2-4726-87cf-92b16dd1efd5,257bf837-55d6-482f-bc37-05be851dd9e3,4328098481070496,46,1884546.6,ICIC
0eb926b4-8ea9-4fab-83ad-f7bdbbad70cc,a97d45b9-f4cf-4e26-9f70-a878107e1387,2820555011189756,4,8284196.34,SBIN
39aab061-9765-4af3-a84c-3e1041940beb,509246a3-6162-4689-99e2-faa8991fb6a7,5510051821741588,4,5328711.02,CNRB
f2eed69a-3e0d-459c-bb06-2215f7c14168,5a7566f0-e2d0-4499-bb9f-1b22bfd4cf83,5645038263527223,4,2594929.26,TMBL
016d231d-2a78-4c5b-a582-076a904cf2f7,720963c0-716f-4605-a656-fbd69e20f0cc,4930410902818781,46,0.0,KKBK
303847c6-fb94-4ca5-80ae-f315f0d0967b,3771c203-9986-4bbb-bc28-30a20291c712,9750702831521518,4,-4845.12,TMBL
7a261ef5-1df5-46f0-b2fc-d10e81d00413,34e0a29f-2d0e-4b24-8b07-9a9c8fdabbdf,4148096882293879,4,2411934.18,ICIC
a22110c4-8fd5-419c-be1b-c119c12266f1,e6f9c996-aa7b-4ddd-ba57-05d94c8dd4a8,744239815677831,4,142041.25,HDFC
850ab044-3f6c-45b9-ae67-49324597270a,0bd2fb54-12a3-4ed9-8d1f-72fed25df2a4,4211078088386685,21,0.0,UTIB
928e9fda-c3dc-4dc3-a9b7-0ef6e68803f5,44c303fd-3a5e-4870-9160-bb51a345223e,1306738999415242,21,-49864.83,UBIN
fa45e08c-ff79-4f4b-8be1-f89c44b35eda,96ceee27-e7c4-4444-9568-d71a3c36d799,843685513019031,4,2865290.64,HDFC
1b889ac1-ab6f-455e-8f6f-e9fead68faf9,3444e167-1b30-4a87-b3e4-9479460acc58,1343811596214228,4,2757153.02,HDFC
3f069c93-3b01-4558-8402-1e25deeb0703,385ae4b4-d273-470b-87cb-ef4221dd5089,5231802698779822,46,1004282.65,SBIN
9284dd10-6ed5-479f-a1ec-f047b89e1399,1392d018-67b9-42df-8f0c-3781b71b0f20,9009582599252378,21,8712023.04,CNRB
f7d8ec06-0860-4a21-bf53-d90efa37c635,752ae527-3e3d-4cd9-8800-7c248201c7d6,3640636188002884,21,-16280.04,AUBL
20a1af9d-88e6-41db-a281-c74dd92179b8,b617b91b-ef4f-4c18-a51e-c257e1fcf780,3078035558047777,46,2826343.34,KKBK
dfc3c466-3dba-422b-9b18-048e6a572be1,4123eea1-a595-4ba7-80ba-c0753536506b,7386796441652768,21,0.0,SBIN
93cdf7ab-532c-4d1e-a443-a26b10046fce,b4b04254-63af-446c-963b-02ab8e0bdee0,3385710056115467,21,7590435.07,CNRB
408c962b-be0c-4836-acd3-fa211badfc66,97eea367-e153-4a37-b7c8-87bb742a9980,8846355290817454,4,3692220.28,UBIN
afb2429b-a9e2-4b18-b7c6-f339f705b915,169a6148-f10e-4e09-b2b3-7f9df36c5005,2738626438404283,4,0.0,HDFC
7bbf3abf-c084-4ea0-92c6-7e0272bd4463,1660b6f8-025f-41dc-a8c6-29414f2d9bfc,7632947989061306,4,8705748.29,HDFC
59bc0ef4-f4eb-4dc3-aa47-5ab09e3b1973,51745b81-2b3d-4c7a-857b-3415a231a4cb,8258539522905671,4,7449744.59,ICIC
9fd04baf-ba03-4e63-a936-799fa727b098,bb46456f-c956-49cf-a495-a857e77abc3b,6655898016204450,21,5082563.16,SBIN
4830d298-d977-450f-9d6f-1329c4982fc7,1dd1eec9-e02c-4d89-9183-1a38a37997be,466231487794200,4,-48495.36,HDFC
26b376b0-2e9f-4c72-acaa-d15fabd8be95,bc0ae307-6a8a-45c5-9c7f-8816e73a872e,1810030811546193,46,-10959.5,HDFC
249c2b66-cabc-4c3e-9517-6ad4402faa0e,d020d607-e9b4-403d-98d5-f6ef5a852ce8,9326142826217980,46,393773.68,SBIN
ddf1162f-dc11-40ad-8c2c-3d897442bba7,b4b04254-63af-446c-963b-02ab8e0bdee0,9253160966917436,21,4931047.05,ICIC
a0bfa2cf-622a-46f1-a819-549837937d9a,1aafbc6c-0629-4c8b-a52e-850aae0958a7,2998441568950529,46,7003260.82,SBIN
e5d18286-5349-4319-92ad-90bfddac4762,0911873d-80ad-483a-8798-5f2180005087,4559111917836151,46,2511287.86,SBIN
171a2a9f-6e25-4a3a-bf55-2af6f99031fc,54535b9a-6452-48b7-a099-9ba0b7ad26d7,9985450907083295,21,-40487.48,ICIC
ef008986-aca8-4cba-bc4e-824828c8adac,bbc1945e-1b0e-4dfd-90e3-3323dd9c9139,342040479835694,21,5381945.01,SBIN
3a5a8b5d-7f04-4379-88b2-37941d9065a5,bab2f660-f635-4179-bb07-625f42801b33,4787097227937683,21,536085.53,ICIC
d2a6d8b7-581a-426d-87b0-e3e44a0d7b2d,ae43f8c2-d590-4ae7-91fe-6c0b0cf6df28,3214333405497883,46,1043700.39,UTIB
6cc5b65a-6d64-4185-a9ca-169f69c7e5cc,d0c79745-977d-49da-bac7-3d5d419c6065,953082924739774,4,3888723.12,UTIB
03bde1bd-dd40-4d7d-aa69-cb57a69daa87,5f82494d-4fb9-4464-b245-70413518f7ca,1853406423875003,46,4961622.5,ICIC
cc6d3912-1975-467b-b3bc-cac098250994,17d39e72-b337-4dbb-ac64-f02f51c09690,9064787376392397,4,5746256.11,AUBL
62835c41-44c1-41c5-b58d-ea642dba5bba,7b496f51-17d5-4d9b-bbee-77fa1bb2850e,1046600518340905,4,8536358.27,TMBL
9c9f5e88-8cb5-42c6-b31e-d0f9bfbd5c32,2424a939-35c0-4b3c-9649-f917ba6c4036,7748542185835596,46,8936176.46,ICIC
c351ddf6-e374-4e55-ab97-996f931da03c,d34baaf8-9bc3-4e55-a829-5c22b6902f67,9563956694013098,21,8336421.64,ICIC
f596673a-a1df-42a7-bbe4-5e37ea77667f,25f86cc8-b31d-4347-a4c7-11db4960c475,8132811692189104,21,6124293.82,ICIC
0c437f33-8cd8-4c48-ac89-1214787a1e41,d0c79745-977d-49da-bac7-3d5d419c6065,3585127622050010,21,311486.98,ICIC
26cb2b75-75c3-4d85-953f-2508e3bfbe6d,3122a68d-9dbf-4ec5-b119-eac3d1ce9b3c,1667967486650679,46,9957452.93,ICIC
cf555686-d266-460e-9fd4-7c651fa38821,8e17b5fa-aeb8-4cb1-a9e4-5d7bffd118b6,9476149982532289,21,8643393.64,AUBL
5796ec3d-e9c3-4b6c-9536-f1b966901882,84e597d9-38f1-4263-b3ee-97a28c9701cd,3387862841770256,4,2785752.42,RATN
046d42da-374d-4c1f-bd36-244170f282d7,4bd8c0d1-e839-4c3f-9d09-502d5ee09b04,1467302070294031,46,3847655.71,UBIN
6db6c590-7d4f-44c7-b4a9-a34280c8310d,9930ade1-890a-442d-b66f-d2d7307a79f7,4354936399087137,4,5462154.32,UTIB
e7f3f167-537c-4ac6-a00b-2b0a7784efcf,9d3e456b-036d-43ac-b200-c729a6bf72ff,2492003931068191,4,7298437.23,ICIC
66cad28a-4b76-4ffd-bc8e-b569509e5539,37147c66-3dea-48c8-a3a8-4f0639f8018d,8101118491832668,21,0.0,KKBK
c3edd364-f1da-42e9-b9af-7cfdbc34c750,4123eea1-a595-4ba7-80ba-c0753536506b,6593705144208743,4,5270736.16,AUBL
d2f492b7-9432-4091-acd8-86f09782b44b,831b2915-127c-47f6-a8bc-ce91b873aa54,9412489425742631,21,-5327.25,ICIC
d0ad87ed-cb0c-4440-90cc-698d766775fb,a4111d46-ce3e-439f-903f-979d46cee417,8183666503809577,4,-5052.55,SBIN
95e456c6-6e2e-4af3-bc0d-362dad28db57,bd2c7123-63dd-4525-b169-3389bf3cf053,9593273197707594,46,6908183.49,RATN
26575479-18ff-4877-85f8-ece3da36304b,f9bd490d-6cd0-4fa5-a56f-c086e9730376,7305106144582028,21,-20459.6,HDFC
262b25cb-9359-47ab-964e-f4006828d3e3,37147c66-3dea-48c8-a3a8-4f0639f8018d,2280625834974565,21,0.0,SBIN
1e335d27-d597-4e85-b697-6a72ea7bd5c9,5a7566f0-e2d0-4499-bb9f-1b22bfd4cf83,5997976727462550,4,28510.71,ICIC
6feeb257-671d-40bc-8bf6-186013af0617,5a7566f0-e2d0-4499-bb9f-1b22bfd4cf83,6465370458062017,4,0.0,HDFC
132b27a9-a5eb-4501-adeb-cecc76a9f5ae,177f5129-5b3e-494e-98b7-2cced84ed927,8468177577227271,21,4991882.87,ICIC
9e27fb2a-2e2a-48c7-a53f-d0e45c8c1ab9,17a231c9-a738-420f-8e1a-c8bdbb06c113,7943544820636357,4,-20698.36,AUBL
6472450d-5e17-4b7d-a032-c571180f087f,03a17ce1-9b5f-480c-92b0-59b1fc43eaa6,1998904021557510,4,9179713.5,HDFC
5f767334-5cfe-4315-a240-0006e9381afa,10bda8fd-8c90-41a8-bcf2-67f3beaeb1cd,9603033536325888,4,5093206.04,RATN
5b2b48f9-eb63-4ad2-8aa9-2f90211de717,c2c9ea95-2046-464d-a8d6-13b69a1ef8ac,7452439524749700,46,0.0,ICIC
1fae5217-180e-4540-9335-7f7d77affa16,2750ad96-f434-40b1-92b3-dd69c5e2efe4,8101643790596220,21,6248117.13,HDFC
6777b548-8f67-4874-9046-03a55364b9fa,dd53068d-84ec-4e1f-8681-64868928091c,8942981387712551,46,2091572.98,ICIC
35d568f9-5dc5-4d0a-8a17-e085f8b58a65,9a440585-db01-4d87-ad64-61c91efd5008,4479584738718843,4,-916.07,KKBK
8eb4be0c-28c0-414a-9fac-cc0e2c018a53,5f82494d-4fb9-4464-b245-70413518f7ca,4149109778989067,4,-38133.71,ICIC
65fe58e9-ad1d-43d3-888b-de63aaa01ac9,f37b129e-2f92-4913-b42e-eb2ce513b407,3533686082617540,4,7306524.15,HDFC
90d3e6f6-5ba1-4290-8aa3-cc1ae6fb7c41,141c9010-5b4c-4c64-8aad-c2dada80762f,1874001791667277,4,9687622.25,AUBL
f57238b8-edfb-433c-a4f2-2b75e37c94a8,141c9010-5b4c-4c64-8aad-c2dada80762f,6592689438169436,46,-39721.92,ICIC
8e9c769a-7566-431a-8ee5-cab10ef5bbb9,1dd1eec9-e02c-4d89-9183-1a38a37997be,5240060524683521,46,7717790.18,HDFC
db897f40-7ee1-45da-806a-b83f23b42e91,914615c6-53e8-4d74-b054-3c2161edea26,6789369632957043,21,8739838.14,RATN
e3fe1a73-0e43-4c63-9b49-233a92dca926,311046ae-0ec4-4931-894e-447af978d07c,378202980976038,21,0.0,SBIN
ba0ebf17-0bf5-473b-8aac-ea30098ee733,c854ff30-36c8-4e7c-bbcf-9b4553020d73,2773626241819414,46,1231055.5,AUBL
2c9d9861-f895-4862-a267-afd41c0d7d94,9b6671be-ccf4-44fd-999d-fe18a47d11e7,8853895749882058,4,2400091.44,HDFC
65909bf0-940a-4099-8b8b-e0feed119c28,48c62fe2-df73-4771-88b9-0d2b9abe4dcd,8145462583855628,46,8905864.4,ICIC
8195731b-4edc-4166-afa2-be2fae12238c,d0c79745-977d-49da-bac7-3d5d419c6065,8144375042554896,4,6017673.02,SBIN
9375b277-01be-4508-ab0b-61369e2a2c50,d1c4cec4-a625-4bb6-9590-d90ef78bc0b1,4836143259104396,4,5217490.04,ICIC
eeacb7c8-4564-400f-afc2-251804f037e6,ae43f8c2-d590-4ae7-91fe-6c0b0cf6df28,9037409694385660,4,4227005.94,SBIN
95607974-40a9-4152-9086-55c365de1ed9,40bf1f02-4366-454a-98e7-40f5157cab25,7854236047396164,4,2656051.68,TMBL
2c862ce5-68d9-4509-9aa0-73df033bad89,cee0a7f5-970f-4ed1-89ca-03011a8c0e84,9766955771114972,4,3386483.87,UTIB
52dd105a-f828-4d55-9ad6-f88518b3d189,fc632fd0-2109-47f1-878f-f85f4a54ccbf,8759320302190982,21,3955979.11,HDFC
79e56634-f7fb-411f-95f1-0702cca38764,ff4fccbc-157b-4d17-ae1a-d4a250dcd8c2,4360443126129636,46,6479147.09,AUBL
30d8727c-1cfb-441b-8e22-5ddf29a79824,ee6ea9bc-55c5-4ad1-9766-ead8bba30d56,907824508421818,46,4383743.95,ICIC
4beba49f-9bcc-48cd-839a-2fa05dc9d458,d85bcef4-b1b3-44f5-b8a5-8c6da0ed0cd7,1876252774523599,4,-38878.97,ICIC
5388dd6f-f5ef-44e5-9e85-793c208e16e3,fde871d8-3016-4e2c-aca5-f8d4ad1e1bcc,5456211120410248,21,2382722.91,SBIN
54a42c83-b437-411c-beb2-fb6c2f351ea9,325b5548-b79e-4ac4-b734-f668de0b4050,2340326674355454,4,-37686.42,CNRB
d8210330-cd9a-4b3c-ba16-469e0447bcdf,b62d3ec2-10e6-4ccc-acfd-9d1a971f2964,8966736105806621,4,5868543.51,AUBL
fc764a5a-7de5-4624-a5ce-c9a2eda83684,437be9ef-b6d8-40b7-a773-2178ef7cc9e7,5757672070819056,46,132792.13,ICIC
c6587ad3-40c4-4499-9c99-a3010e625849,d5dabbda-ff9d-42f2-a19a-95aa3ea170d1,2061819340796854,4,0.0,UTIB
2e1a6e2b-0b50-47cd-9b35-68637e4dd914,7a7e9d27-8a18-4741-95f6-cfe988d351fb,5348250729118025,46,2164548.89,ICIC
669c76aa-c991-4a94-a01b-0fe42985b440,245f11c3-b611-4385-b84b-625f63431fc0,2757516677146160,21,1482949.93,ICIC
65ae893e-10dc-4f36-abf9-790a0b3496c0,bc2f6241-b104-4ae1-90d9-691c0961159c,8586167319756780,21,7150268.99,HDFC
99f69f73-aaf6-4a37-9fcd-2cc6254dc034,76822115-7c56-48f9-be93-ba70633796ba,1258813874033964,4,34269.72,UTIB
cfecbc11-d4f2-4592-84f7-f11415674a84,ac33958a-cebd-47a7-a5cf-b5e212628cce,2941167793328407,46,2056467.06,HDFC
80083014-df30-4687-820e-ad759f7fee2f,2478586d-6ac7-4b1d-abb1-25cc2273e820,7036808954078984,21,7329023.33,SBIN
2400d15c-7a3d-4ada-84b3-2fca14a38772,31d8ee0b-4c28-4642-ab62-36c59d15d0bd,2103943044129034,46,-34083.07,AUBL
1453b29e-e6ca-41cd-929c-11c0c4d40949,97eea367-e153-4a37-b7c8-87bb742a9980,2104661947358052,4,6715339.08,HDFC
f69bee47-bf14-4623-81c0-ad94e7788a10,7cd2847d-0308-4a2d-a18d-6a9aba65947c,4715768800772535,46,-4466.57,ICIC
83c7108d-7aea-4861-9605-313f8523f363,04d9429e-da4d-4e3c-beab-4efabdd792b9,5545398666299169,21,0.0,HDFC
141729f0-46f3-4782-b892-5d2c0566b785,f6b5b6fc-80f2-4b94-981f-059a50ef6a31,2034300201909542,4,670417.93,ICIC
01ca12ca-0975-41d3-b7be-65a28fb4a468,31d8ee0b-4c28-4642-ab62-36c59d15d0bd,714616439769543,4,9397046.81,ICIC
54799c32-a6a8-40e3-ad19-bfffe0c2fc98,650f00c7-a225-46e7-9cb2-b53c0358e77c,3600055184914427,21,3329372.92,ICIC
e1c5fc6b-2fd7-42cd-8e81-08c0fc689470,5bad639c-86ad-4b6e-ab6e-05178ee317b7,760448136659964,21,1887567.34,RATN
633a5753-203a-41b2-8204-3253a159db2c,e676986d-eebb-4d60-8b9f-aeaaaf10f5d4,3658316210255335,46,9874582.15,HDFC
41c87b36-5743-463e-84e6-65c5e7559966,c2c9ea95-2046-464d-a8d6-13b69a1ef8ac,2693882069555540,46,2823716.25,AUBL
5744f995-418a-474a-b8a2-e6c070aed27f,18baa759-c23c-4959-86da-9f1092889529,6382845055361450,46,2161577.22,AUBL
9abba1d2-2a03-4da6-a91d-9d323065ae1e,0b6bc44f-8b19-4eb5-a7e6-9e19bd39920a,8295767695495314,46,6062015.14,HDFC
d5928cb9-7db1-4a5c-97b6-0472efa43308,5c63b956-a4dc-4ff9-94f4-750cc2013d0a,1016871973386050,4,9790361.61,AUBL
3663b91c-47e6-44bb-bf7d-129c72d16bce,d338bd6a-e665-47f0-8b89-e953251c8f48,5228682579215799,21,8824617.07,HDFC
74c72d2c-a9a9-49f9-86a3-e0d68e3a497d,44dd8a29-784c-46da-9004-42b4024c8117,8002793921794480,46,-37058.4,UTIB
ae3bff35-d96f-4a24-927f-d342e9282971,434e7611-4cd6-429c-be04-8237c4c1fa75,9000021108763536,4,-24074.38,ICIC
277e4335-2303-43eb-b143-3a966c7cd19e,dd215e17-ff1b-4784-94c7-31fb47003e31,7330244099403027,46,-37474.22,HDFC
592e3f31-3782-4a33-90ca-f9c048176401,73d8cbe9-cd2d-483e-b0b1-bbcb870776f0,5270941424662156,21,8080078.38,HDFC
9af46266-10f8-4756-b087-d6c6ca42225b,0ff1d9d1-dbfb-44ac-8d43-dbde4858f379,8835839903321423,21,3803792.46,AUBL
765d1590-588f-4770-bf99-75f872628b93,047da4b0-615f-48ce-9943-88239a0f196f,2686200946998750,4,468593.41,ICIC
060b9912-17ea-4341-ac77-d13bbe66b3dd,d5f27292-c239-479b-a1ff-a81e27d734a4,2580533336615720,21,3502811.13,UTIB
7622105d-4991-4fe6-bdbf-f11a9965ddd9,540254ba-b87d-4e22-8a37-f32baebc3659,6228223587643080,4,7198014.83,SBIN
bb028cc4-0d56-4169-8e07-12d3f2ae45f4,5cb6191f-37d8-4579-aed2-f8f8e17a5831,2404018649351100,46,7433429.36,UTIB
2063c40d-9085-48e6-8998-634d4ca7dc35,cee0a7f5-970f-4ed1-89ca-03011a8c0e84,3967260447859669,4,0.0,CNRB
790a7c7d-1927-49fc-8d76-08930471f6ce,754ab9d1-7216-4e24-acb7-9ea9c4af7f6f,3928665558602533,4,9573602.55,KKBK
804be45d-bb1e-45e1-8afd-57b00d3a9256,5eecc805-92f9-4f69-90fc-e657540b5ecc,7276010765579651,21,9738709.13,ICIC
413440ab-96e7-4a6a-b174-8ff78da30312,0cb1d279-6068-402e-990b-fe21157f7c57,2288020498631590,46,0.0,HDFC
38969333-44b7-49a0-aa79-1b1f10fb40cf,434e7611-4cd6-429c-be04-8237c4c1fa75,89235810015000,21,-8546.59,RATN
c92b06f2-beb9-4d0c-872e-a4b5678e07e9,fbf721a9-563a-401f-b75a-868e6158bf30,6336790376412790,4,7177602.36,ICIC
05799c5d-f180-45b0-b506-a3564ef4efb4,ac33958a-cebd-47a7-a5cf-b5e212628cce,5499924818101327,46,5309966.13,KKBK
9094b1c8-aa5c-4e8a-b175-e8fb04eb5c36,325b5548-b79e-4ac4-b734-f668de0b4050,7665797644666259,4,1360718.3,HDFC
e3d6a17f-19dc-437b-b87f-493ee5593231,35b5aec1-ff29-4415-972c-d99d00909f5a,3339716475596921,4,-44448.63,ICIC
9c1970ad-f71a-4c94-8390-5f2c9242a3a4,45da31e4-de29-4ca2-bcc9-94afa34d0174,5819351611499419,4,1942129.29,HDFC
b43bfecc-6a5d-46c6-9426-fa8332011322,3a0137d2-f5fe-4cb3-b787-df0149723b69,4490953267438950,4,5440437.83,TMBL
2bff273d-c1ee-48dc-8c25-1dbcb8829ace,7a02ebde-f270-4062-822f-9df1671371dc,4430978129158454,4,1214036.78,HDFC
9a469173-d71e-4b66-add8-2dd31b3efb83,10ff35f3-75e6-426e-b6d7-94477013592c,6849175519928791,21,4159199.52,HDFC
0015658b-6dd9-4631-91dd-bf8de3192e80,48c62fe2-df73-4771-88b9-0d2b9abe4dcd,8043882180958556,21,6099915.07,SBIN
a36a9ff8-f379-4df6-9f1c-39d71396a787,a97d45b9-f4cf-4e26-9f70-a878107e1387,3123639110912539,21,2841645.61,HDFC
193cb1f1-08a6-4b3c-9b9b-488da220c17b,b984cccd-9cee-46ca-9909-91c0f9f08b9d,3291572479087690,46,9482285.87,ICIC
38374f83-cb70-4f13-888e-f89ca37ae370,10a90955-3058-4c1e-a02b-f60d09f6a3a8,1924790249402791,4,9568722.77,SBIN
6eb7f5bb-a092-4d0b-8ea6-0fe97fa8fb5f,10a90955-3058-4c1e-a02b-f60d09f6a3a8,5950479856686635,21,-5787.16,ICIC
4efa94d4-dc0c-45d5-80b2-805d53213238,a73d82d2-defe-42e3-9732-31aae76d9a06,5339970560204592,4,-29716.09,HDFC
99b085e3-18f6-4a43-b596-95f924507ac5,0ff1d9d1-dbfb-44ac-8d43-dbde4858f379,9062242135121770,4,0.0,RATN
3e50b5db-6bca-488c-bde2-e843acb32f95,e6f9c996-aa7b-4ddd-ba57-05d94c8dd4a8,1122610558459647,46,691965.81,SBIN
0227b094-0428-4fa7-914f-45d1d62681ad,4f20785c-e68b-4baa-9c8c-6a20f9ba9c40,3422251981613186,21,1670319.02,SBIN
2ccaab0b-daa2-451a-84f0-8063511b4db3,2750ad96-f434-40b1-92b3-dd69c5e2efe4,2222891114365653,21,5951332.84,HDFC
1237b709-5e98-42e7-b33c-5ad1587c55db,0988fe5b-190f-4d4f-a9af-901e35ad7d5f,1157873441884840,4,680528.38,HDFC
d13c023a-c1bc-4d14-85c4-9185fb305a5e,37147c66-3dea-48c8-a3a8-4f0639f8018d,5612041201682023,4,5151369.51,UTIB
1846f2cf-54b4-4716-b984-b51787b72217,33093c8b-dcec-432f-94a7-389e704736f1,6671263003390879,4,6580183.68,HDFC
d6887b27-5224-4cd4-8cd6-8c066a7c8ff1,2952d14b-37a8-48b7-99b5-a4b02342c3d4,4402240897329955,4,4649101.7,UTIB
