account_id,entity_id,bank_code,account_number,program_id,available_balance_minor,balance_as_of
0015658b-6dd9-4631-91dd-bf8de3192e80,48c62fe2-df73-4771-88b9-0d2b9abe4dcd,SBIN,8043882180958556,21,609991507,
00588a5a-f6fa-48b9-9a03-5843a76e110b,ca3ef5eb-57cf-4f4c-9e44-a69091c1536d,SBIN,1424388812438619,21,196442027,
01076b05-c492-4732-94a1-bb60a544a100,fbee883d-eaea-43b4-bc2f-a960358fef52,SBIN,9595894025575087,21,462368787,
01372a31-1eab-4eec-839d-15f5e2ca5a4c,381c06a5-99e6-4f42-8af3-60b0113d5af8,HDFC,1964541727276810,4,462892148,
0143850d-fe0f-4640-8243-b1c7f33491e5,35fced9c-a260-4f44-ba40-f2f13ab725ab,ICIC,3130219073040864,46,634917274,
014952be-ad27-4c99-a922-c561e5b32015,325b5548-b79e-4ac4-b734-f668de0b4050,HDFC,381407773327086,4,834673567,
016d231d-2a78-4c5b-a582-076a904cf2f7,720963c0-716f-4605-a656-fbd69e20f0cc,KKBK,4930410902818781,46,0,
01accd6e-8a03-4a9c-bae5-6fc06d861a96,46dba69b-caae-48f0-9b80-ffe7edc0dff1,HDFC,8888559885842954,46,0,
01ca12ca-0975-41d3-b7be-65a28fb4a468,31d8ee0b-4c28-4642-ab62-36c59d15d0bd,ICIC,714616439769543,4,939704681,
02243393-7eb5-468c-94fb-a9a7c7649f7a,87a76fac-efe4-4010-9b16-037a7caf5906,SBIN,9375863879343634,21,533095814,
0227b094-0428-4fa7-914f-45d1d62681ad,4f20785c-e68b-4baa-9c8c-6a20f9ba9c40,SBIN,3422251981613186,21,167031902,
02665b17-9e22-4df0-974c-a4f4e58ff9dd,9930ade1-890a-442d-b66f-d2d7307a79f7,ICIC,5437651460858477,46,308341074,
032ec225-6f55-4ce8-8eee-871dbc593037,169a6148-f10e-4e09-b2b3-7f9df36c5005,ICIC,3705192514683937,4,609964792,
03bde1bd-dd40-4d7d-aa69-cb57a69daa87,5f82494d-4fb9-4464-b245-70413518f7ca,ICIC,1853406423875003,46,496162250,
03f43b19-4dba-435e-b252-f8a369b5eaa9,1ca17379-510d-492f-b1f7-0ed9c9b40395,UTIB,5884014754853199,21,-2171776,
040da707-edb8-4158-8635-43bf1503580b,6754ccd7-8e63-43cc-a1f3-a7103e13e5b9,HDFC,7447122646412469,4,520950117,
046ade54-755f-4907-9b9b-e14e2a4c4e85,8fdd41d9-d509-45c0-9841-cf3613b6358a,ICIC,1714927774810599,21,-1951974,
046d42da-374d-4c1f-bd36-244170f282d7,4bd8c0d1-e839-4c3f-9d09-502d5ee09b04,UBIN,1467302070294031,46,384765571,
04901130-4201-4370-b488-ed671c1f669c,d65ea599-bcfe-4d26-ba66-ab03285df164,UTIB,1133755983672643,4,825068551,
0503af66-feb1-424b-a5b6-4267e8e5484c,f37b129e-2f92-4913-b42e-eb2ce513b407,CNRB,2590547099236301,21,401586056,
055e0945-eac9-4557-a51f-8c83dc109c49,b7a5ddf7-ba87-4f44-b3b2-2297eedcfb17,UTIB,3619733237831455,46,270528862,
05799c5d-f180-45b0-b506-a3564ef4efb4,ac33958a-cebd-47a7-a5cf-b5e212628cce,KKBK,5499924818101327,46,530996613,
05937dc7-bfa6-4188-a0c1-2ee7b502c51c,f3ddc3c1-f88c-4ee1-8150-ab9de1729921,SBIN,6179281851078387,4,0,
0601adce-ce54-455b-8140-08513f2dc1d5,bf2881c2-1b56-4f12-83cf-61a8492b5067,SBIN,1068480414909667,46,143691136,
060b9912-17ea-4341-ac77-d13bbe66b3dd,d5f27292-c239-479b-a1ff-a81e27d734a4,UTIB,2580533336615720,21,350281113,
0619290f-13a3-4a22-a702-439a46f14574,e7793272-1c83-41ee-9e73-0f623eb70a3a,KKBK,6423081458715465,46,260065811,
0624e339-4696-4ba8-a8f8-fcc78f016d55,bf2881c2-1b56-4f12-83cf-61a8492b5067,KKBK,3509199228072015,4,-3282051,
0688821c-c6df-4f5d-9cf6-51ddf4510199,a5fd73d2-7ed2-4ec5-a84c-d69da04ebd12,HDFC,2751782968102967,21,416648980,
068f83ae-0f7c-461c-99c3-9ee23b2e3aa9,f4e6c3d0-107c-4f1d-b701-ff452aebec1a,HDFC,2917483009310450,21,180263767,
06b583c9-a83f-4571-8b4d-351a9f39393c,40bf1f02-4366-454a-98e7-40f5157cab25,SBIN,5174249885528051,21,891586321,
06c42872-d96c-410d-b67e-e2d91bf1a894,6c377997-bace-47cd-bb73-cc384de0edb9,TMBL,9171323335612433,46,29839770,
06d5745a-8197-418d-aaaf-ed5df196d06b,869bcc24-1721-421d-be9c-e0ce4406ceab,HDFC,7485628761317222,46,-1553346,
06f5aeff-7e1f-4e81-9463-8704a27e1e8c,9930ade1-890a-442d-b66f-d2d7307a79f7,ICIC,1414437059117104,4,169906587,
06fc163f-3da1-46e1-9f94-9a3ecc101288,7d5de9cd-c739-44a8-87c4-5b60c491bec3,UTIB,5215306524014478,21,216296947,
070a5824-ab5c-434b-b386-470c4d3ad8dd,203b2548-f288-461f-afc5-1f09f2648204,ICIC,6653347357660693,21,487255254,
07389c13-3832-4bc6-90e1-74598bf66e1a,08c95cc8-75d0-4d88-a68a-8ac4743b9ecd,HDFC,6647907965777076,21,0,
074182b3-561f-474d-b7fc-de732bf64814,6c377997-bace-47cd-bb73-cc384de0edb9,HDFC,7769866117067583,4,473450526,
075ff9e3-1a94-4ecf-b1d0-e93932fbd8af,cee0a7f5-970f-4ed1-89ca-03011a8c0e84,CNRB,3565358680636836,21,135847570,
076b3605-3eb2-4ee7-91ce-b9127f4b5e4e,72852910-58da-4a60-a050-f9e6a367de1c,HDFC,424681312396094,4,862793828,
08da77ea-dd4a-4261-b54e-9b53bdeb8935,a98bef23-5827-48c4-8698-d17d2eddc50d,HDFC,8884618506492533,21,794676664,
08f110eb-d73a-44bf-b41d-5b8ce212d956,75238542-9840-45c3-bf19-e40fb92c8896,CNRB,9069788916169324,21,-2668991,
092da668-4a0c-49e5-a46a-e9b3f5a92a33,6093138c-0b60-41f7-8b85-7906030cf5d0,CNRB,233346940771850,21,-181759,
092e5277-9b72-4740-bcd3-7f1f53d26ecd,a39082a0-6519-4116-a837-6bd46db9826c,HDFC,7926343405706454,21,382477685,
099ce20e-8b1b-4418-8130-37fadfbf9363,1e072d2b-4bf6-480f-bcbc-253a259fd1ec,SBIN,4768581554651626,21,578166139,
09c10c88-e16e-447f-b306-9bd8aa6e7d93,752ae527-3e3d-4cd9-8800-7c248201c7d6,KKBK,6240542649371653,4,799956096,
09f3add6-0c78-4a7c-a1c7-7a0300c53728,119ff838-a109-4075-b92f-35acea8b3f33,RATN,3460333842874272,21,390196227,
0ae519e1-9647-47c4-be42-1d6f67f1ee5c,06a67758-0534-4fe2-940b-7f1297ff8b38,HDFC,566402895301112,46,0,
0bb43bae-9be2-4ab9-a93a-6cb8989ca9f8,975e9b47-8547-4f15-91e6-a538ab5cffcb,HDFC,7264314384147920,46,212685550,
0bbb0aac-84d2-40e3-99ec-0ffc4d2a93b2,8e17b5fa-aeb8-4cb1-a9e4-5d7bffd118b6,KKBK,3365587177077664,4,0,
0bf2535b-ab76-4a6f-b002-1f44dd1bb892,fc632fd0-2109-47f1-878f-f85f4a54ccbf,HDFC,352277172596315,21,-480550,
0c02f699-43ee-426a-9df8-adb323408838,6c456dc1-e172-458a-b6ed-64fe38bad7ae,AUBL,8832108144171452,46,926487713,
0c090e51-e8a3-4638-bb3d-b43248618326,7a02ebde-f270-4062-822f-9df1671371dc,SBIN,858092575799186,21,891080543,
0c17b1da-a169-41e3-a444-ddcc11ae5fae,47cf0d34-7e22-4c17-ac53-f526ed853949,UTIB,9588650808008000,21,0,
0c437f33-8cd8-4c48-ac89-1214787a1e41,d0c79745-977d-49da-bac7-3d5d419c6065,ICIC,3585127622050010,21,31148698,
0ca69cab-67bd-4c12-9190-8e1624623d84,2750ad96-f434-40b1-92b3-dd69c5e2efe4,HDFC,1035601614483765,21,462780688,
0d66a827-c2ff-4a3c-841c-cf7233b52e5e,716a8c18-2c10-4087-bddf-7b9a54a5171f,ICIC,1687865066994130,21,233592879,
0dd1d420-4bc6-48a5-a21d-660707983f85,0391041a-9133-46b2-a05b-e57a59a1986f,RATN,1760325487008691,4,-1266125,
0e1eb75b-417d-43c6-b5a6-9ec1f0ce9874,b4980661-4cec-4882-9980-aab5f3565c12,UTIB,5763014604111908,21,491129140,
0e2d42b7-2fcb-4b08-87cc-d1667f6331b0,437be9ef-b6d8-40b7-a773-2178ef7cc9e7,SBIN,4841292911153274,4,207488836,
0eb926b4-8ea9-4fab-83ad-f7bdbbad70cc,a97d45b9-f4cf-4e26-9f70-a878107e1387,SBIN,2820555011189756,4,828419634,
0ebc1720-d184-4319-be28-0a9dd375f3bd,33093c8b-dcec-432f-94a7-389e704736f1,CNRB,3030475819109349,46,359263055,
0edd7cca-7ae2-401a-a282-4a5fb38bcfe9,2507363a-620e-4990-954b-915482939379,HDFC,372504359321394,4,121355600,
0efaca19-38fe-4f83-8e37-7f3d4773e4b4,3ad91970-3162-4322-a3b1-330f98b1b7cb,HDFC,3320296444247080,4,235590128,
0f034982-f33d-47a7-a6cc-ad026808ee1b,35b5aec1-ff29-4415-972c-d99d00909f5a,CNRB,4574974840726337,46,240558641,
0f4f87bd-d40f-4a90-b401-8ee33f92d698,5c63b956-a4dc-4ff9-94f4-750cc2013d0a,SBIN,5854698418911278,21,564863235,
0f997da5-5fa1-4cbc-a7a5-0349941a315a,d9c3e2fa-6aae-46e0-8d5c-42f10d1ae35f,CNRB,7195710069463034,21,0,
0fa63173-e203-4c3c-ac5c-d891b309b309,6cbee662-4b48-449f-bd8c-0de839e94a8a,RATN,2758860256666459,46,307219308,
0fd9e838-e78c-48e9-87b9-6c8a49746c9e,26e9deff-6eef-40ac-b11f-e1d55ece75ef,HDFC,1253125752682334,46,239355923,
1064ebda-2fb2-4492-8627-908ce1a8e7d9,1dad98dc-0ad7-40d5-95e1-9ed81b9d49b4,KKBK,3812342868619308,46,46109676,
1087148a-97ed-4417-8f19-d0e4cd1ca471,8e485761-9558-4934-90c6-4dc3e8bdeff8,HDFC,2922992396695905,21,870933987,
1089dadc-918f-44d3-9225-13a7e6fb41f7,84333611-5e86-4124-bf23-8c30c502ecc4,HDFC,2591011634162628,21,-2062464,
10bbd985-c24f-4357-8bb3-fc3040a8967e,66b3b76a-f1ee-4d7b-9fc0-d545cf9e123a,SBIN,2097851244641477,21,0,
11458d61-ddd7-4656-acad-0e1f2b45707e,84333611-5e86-4124-bf23-8c30c502ecc4,HDFC,3350432146325949,46,0,
1230e7a7-84a0-4390-b7c6-7c910218b432,166ed05b-735f-4d77-9222-c5dbdbd5d7fe,SBIN,5753695095522116,4,149605688,
1237b709-5e98-42e7-b33c-5ad1587c55db,0988fe5b-190f-4d4f-a9af-901e35ad7d5f,HDFC,1157873441884840,4,68052838,
12a90233-3e88-4dd3-8635-498aecbc1068,8ab97360-b809-4571-b0e1-b6043b895d22,HDFC,6006436027871469,21,412940640,
132b27a9-a5eb-4501-adeb-cecc76a9f5ae,177f5129-5b3e-494e-98b7-2cced84ed927,ICIC,8468177577227271,21,499188287,
13a5e2ac-f3c8-42f5-851f-4d86b5edf6ed,fd14dfa0-e883-48e7-a1a9-b5886aedce00,UBIN,8779048269936471,21,957566314,
13d84471-b477-4a16-ba57-eb559e7dbf1d,9bf69000-bd34-4fa0-8734-2855074b48b9,HDFC,6086002558765480,21,526012002,
141729f0-46f3-4782-b892-5d2c0566b785,f6b5b6fc-80f2-4b94-981f-059a50ef6a31,ICIC,2034300201909542,4,67041793,
14221eaf-283e-4340-abc4-dd08b2941107,c49facb9-8723-4c45-a468-5609cfd23c3a,AUBL,6666153145083455,21,242215366,
142318ca-d10b-4409-83f2-2a78ea0d5506,3ad91970-3162-4322-a3b1-330f98b1b7cb,ICIC,1508608030378686,46,528320789,
144dd172-1b73-483d-a4c0-fd61f3103aaf,6e303a6d-7eb0-4971-88ef-41ff69a48fce,UBIN,330010123808924,4,779453258,
1453b29e-e6ca-41cd-929c-11c0c4d40949,97eea367-e153-4a37-b7c8-87bb742a9980,HDFC,2104661947358052,4,671533908,
14d4cf27-e481-45c3-90cd-13803d10fa4f,58c47863-0d80-45c4-b193-4da464635cbd,ICIC,8727239212885704,21,51469558,
1513f5f8-40af-4aae-abdd-e84486ca717d,865b1ae1-186a-48cd-b849-fcfccfb97288,HDFC,3957265074443797,21,304689207,
1537abc6-144a-4cf5-8351-a0cd7aa96437,c3940fa9-2ead-4bad-811e-bd91a071dc93,HDFC,1252130573075833,46,-1259702,
15414e98-4e08-48f6-a0e7-c5b4db710597,cde04e2b-e486-495d-8147-ce2a70709d33,UTIB,4338479181731807,21,956106324,
157df818-64a3-4d38-9a2b-5258b2db15fb,284567b8-492f-4361-b4a6-09b17df05641,HDFC,4422065546205887,21,-4014337,
160b95d8-cfc1-4af2-902e-a2d4a17d559c,23aa78e1-870b-4901-a6ae-8c25ef0cb8d8,CNRB,2128161972013902,46,-2427001,
171a2a9f-6e25-4a3a-bf55-2af6f99031fc,54535b9a-6452-48b7-a099-9ba0b7ad26d7,ICIC,9985450907083295,21,-4048748,
172212b3-46e0-4374-ae74-fa2e64d224b0,e5fbfad9-47b2-400a-b290-12e441d52c30,RATN,5180111538541448,4,-4296831,
175029cf-c95c-4914-93db-0bc761c248a7,650f00c7-a225-46e7-9cb2-b53c0358e77c,KKBK,1437441081896737,4,853474195,
1750a513-4836-4476-85e2-fbaf8b7b914b,f062c2c7-da9e-44ae-a7b3-72f14c275826,HDFC,7244387432456648,21,809485080,
1846f2cf-54b4-4716-b984-b51787b72217,33093c8b-dcec-432f-94a7-389e704736f1,HDFC,6671263003390879,4,658018368,
18835fcc-8ea1-41af-90ca-3f78fde83b1f,845ade28-3836-4d44-8e64-8695d33ccf85,HDFC,724729600622691,21,-1433179,
18e1cbaf-269c-4dec-9109-dc860998ee85,9930ade1-890a-442d-b66f-d2d7307a79f7,HDFC,7222193064295012,4,-244256,
193cb1f1-08a6-4b3c-9b9b-488da220c17b,b984cccd-9cee-46ca-9909-91c0f9f08b9d,ICIC,3291572479087690,46,948228587,
1a75f57a-5436-486e-b70b-c4e25b40b980,05a174c1-c36c-44b2-8e4a-4cb75558cb91,KKBK,4389374192865206,21,0,
1a7b8cc5-cb06-4edb-924a-f95f42742f14,141c9010-5b4c-4c64-8aad-c2dada80762f,SBIN,4405582529129381,21,294820657,
1a847de4-879e-4d6e-b84b-0b32dbb35cdd,ca3ef5eb-57cf-4f4c-9e44-a69091c1536d,HDFC,9097029570534063,21,592305516,
1aaf469e-2d49-4387-8efc-d82e3f286544,48c62fe2-df73-4771-88b9-0d2b9abe4dcd,AUBL,8818764937826926,46,-1600105,
1ab9288b-e828-44d7-974c-a97be12e30ae,6592d771-1d6d-4143-8581-361071e678bf,KKBK,6821458464124233,21,0,
1b0595df-e9b0-44af-9cdf-75f228f01bc6,ce77f9e0-8376-44a8-b233-ccf372f80e25,AUBL,6947697230854084,46,399792718,
1b2704be-8b65-4f6e-8cc8-0c661d292fe8,466b7d7b-69b4-4828-9511-a425c800bf13,SBIN,9274888373480472,4,0,
1b27735c-a7ce-41e3-803d-5acf3e7701f6,a4806683-cbfe-41b4-a7e4-e7f7cd37592f,SBIN,7819069012319635,4,975278454,
1b889ac1-ab6f-455e-8f6f-e9fead68faf9,3444e167-1b30-4a87-b3e4-9479460acc58,HDFC,1343811596214228,4,275715302,
1b97ae16-4993-44da-bcf4-055389526faf,e2809fe9-5a76-4861-83cf-d7c434a892ba,KKBK,1686917018810,46,-1141458,
1c286ca0-4ec5-41e8-bfcc-39249465f3e4,febdec06-292d-4f3a-becf-adc07c822d35,HDFC,954940076647832,21,-788153,
1c362a91-1cfb-4717-b7b4-8d1234df913a,d1d66253-39e2-401a-9eba-01911925d89b,ICIC,8496565606904753,4,812690073,
1cee8049-38a6-48af-87c0-85394ec8e7d4,2960ef2e-7228-4024-834b-1f7d24fd309f,TMBL,3164951391114768,4,-1654220,
1d1306d0-7146-471f-aacc-544ee5bea4d3,5c30981b-70ba-4e33-a9bc-6f7be315315d,ICIC,3731415203867620,46,-4036018,
1d98509d-37ac-4507-80ed-714e7ffd0cf5,07ae7b8a-9df7-4101-9748-fc4f91818cbf,HDFC,8399285248548328,21,-1878170,
1daba1fe-78f4-4ee5-85de-7bc5eb2d3115,60372cb4-cb42-47f0-908a-be9a6c8d3b39,UBIN,4956520363407494,46,314554782,
1dcd9b72-6467-4706-a221-bf5b9d6359d7,999d0ea2-288a-45b3-bac2-1e8bc44325f5,SBIN,7692093845782053,4,622557173,
1e335d27-d597-4e85-b697-6a72ea7bd5c9,5a7566f0-e2d0-4499-bb9f-1b22bfd4cf83,ICIC,5997976727462550,4,2851071,
1eb095bd-50d3-4fda-82e9-95f810c685ed,2a6b0f17-fe16-48ba-bcfa-2094df378ee5,UBIN,1949516384799658,21,-639883,
1ed8db63-88de-4955-b6a8-a906043aa7fb,eb1a50c6-46d4-4b97-99ca-9a2536b1c8dd,UTIB,9146697162211259,4,398969803,
1f412935-4f34-450d-bf2a-1595b4520caf,46dba69b-caae-48f0-9b80-ffe7edc0dff1,ICIC,1499396699615753,46,-3092816,
1f709a8d-df24-443c-aa1e-7dcd17464b75,73a47da0-e812-491b-bb22-3fc00e9310dc,UBIN,6365167562527075,4,699430221,
1fa3fa72-ccf2-4954-b861-55b98a6f7aa3,6bdb12aa-7c67-4b1d-a3b6-3f9e7ea5febe,UTIB,7448391533598486,21,191392455,
1fae5217-180e-4540-9335-7f7d77affa16,2750ad96-f434-40b1-92b3-dd69c5e2efe4,HDFC,8101643790596220,21,624811713,
2063c40d-9085-48e6-8998-634d4ca7dc35,cee0a7f5-970f-4ed1-89ca-03011a8c0e84,CNRB,3967260447859669,4,0,
20a1af9d-88e6-41db-a281-c74dd92179b8,b617b91b-ef4f-4c18-a51e-c257e1fcf780,KKBK,3078035558047777,46,282634334,
20f81edb-f06c-475d-a173-5d935f7cacef,f93eda53-ea04-46d7-a7ab-46d6a95287b2,SBIN,6923022192926631,46,-4107918,
22139f87-e764-4c7c-b61a-a0ddfb5a3bce,37e55b02-b86c-4f0b-90e4-9688f3a2119e,HDFC,4737760595995159,46,-353232,
222470a2-34c8-4e40-8918-6e8342d2a014,2960ef2e-7228-4024-834b-1f7d24fd309f,UTIB,1642253119921615,46,270263028,
223a73e5-3355-4a3c-b2e7-df8cbc6e742f,17ebcfbc-9233-4426-84b7-f4c82b585a42,HDFC,1954946277875033,21,536780269,
226b69a7-6163-4725-9afe-7a5f759e47f7,831b2915-127c-47f6-a8bc-ce91b873aa54,SBIN,9258247576615411,21,235886031,
22cfa8f3-ca74-451c-9818-9998fca10cc6,fe4886d5-c7ea-4cde-b6e9-251829f8e256,HDFC,8921918271232088,46,661790796,
22d3b229-fdeb-4531-8988-1a8f710747bb,e71552d5-dfc1-4614-b21b-019be8d75bd4,KKBK,2224542551524855,21,300904409,
236bad49-a67d-45ca-9687-821602731332,ca79b8fc-868b-4776-99c5-f0ad64ae9bc0,HDFC,7420881366890537,21,223032191,
23792ba6-8c06-408a-84eb-130739d06813,37147c66-3dea-48c8-a3a8-4f0639f8018d,UTIB,5954100716111404,21,91979090,
237c6b41-bade-4128-8c76-51395857fa10,7f67c9b6-0f32-469a-8909-b28c928a420f,TMBL,6286759903470356,4,785910377,
23ef3a14-47bf-408d-80fb-658c6b15fa76,ad583945-9115-405c-8ffb-a559a251489c,HDFC,5263085370537675,21,1605736,
2400d15c-7a3d-4ada-84b3-2fca14a38772,31d8ee0b-4c28-4642-ab62-36c59d15d0bd,AUBL,2103943044129034,46,-3408307,
2440573f-8fed-449b-aeb7-8ff0ec743453,bc53c713-7bff-4cf7-8fe8-c2cba61f5933,KKBK,6369174208090817,46,504286483,
244bad78-622c-4462-8ea5-4c70be32d0f9,595ebbc1-5e28-4a5b-b854-e722bffc4645,TMBL,8134139066877428,46,0,
24934eb0-a867-4a59-bf9a-009df2f6187a,595f48e8-4562-4d7b-9b31-7bea3501a165,UBIN,8476586036953512,21,987775762,
24992546-7177-4194-8f9d-89d87fb0f7f6,29be44ed-8b09-4e4f-8720-aa7535c3c213,SBIN,6150275356800883,4,525469946,
249c2b66-cabc-4c3e-9517-6ad4402faa0e,d020d607-e9b4-403d-98d5-f6ef5a852ce8,SBIN,9326142826217980,46,39377368,
24d2fddf-6443-42c2-b87f-18f884489655,1ca17379-510d-492f-b1f7-0ed9c9b40395,ICIC,4340283998181288,21,813653424,
2544bb56-f675-4878-8e7f-fc502d48ecfc,84333611-5e86-4124-bf23-8c30c502ecc4,HDFC,7686239673352467,4,0,
256ad191-70c4-4532-8e0d-9f36f3d60188,6754ccd7-8e63-43cc-a1f3-a7103e13e5b9,UTIB,7990694777765637,46,-3208792,
25c6c2c8-4629-4c00-ab01-acf21fee7ed8,da1f447f-cb1a-453e-8ef4-f1a23cad2971,TMBL,3856028136913776,46,847827942,
26080f9f-a6b8-4212-a98c-0fb6c6d1cf27,cc987716-5799-414a-8354-33e5886ec307,UTIB,9963940876204430,46,164825606,
262b25cb-9359-47ab-964e-f4006828d3e3,37147c66-3dea-48c8-a3a8-4f0639f8018d,SBIN,2280625834974565,21,0,
2647f25e-366c-468b-8e24-278cc2bf0614,3eb8b713-5786-47c0-93f3-5ce6be5462a9,UTIB,4681012943632982,46,0,
26575479-18ff-4877-85f8-ece3da36304b,f9bd490d-6cd0-4fa5-a56f-c086e9730376,HDFC,7305106144582028,21,-2045960,
265a51c1-7788-4b7c-9165-6e18e79bcaa3,9f9ec3cb-08a7-4e53-92e9-9d99c00135a8,HDFC,5103656205017194,46,359871241,
2688dea3-5d21-4e51-9036-dbe093eee17c,84e597d9-38f1-4263-b3ee-97a28c9701cd,CNRB,6289873733830571,46,289509434,
26a1d964-c0a9-44ac-bc52-e537675ad507,9a0e0c55-90a8-4f14-a966-74d81f16e0cd,SBIN,803032302229436,4,698913292,
26b376b0-2e9f-4c72-acaa-d15fabd8be95,bc0ae307-6a8a-45c5-9c7f-8816e73a872e,HDFC,1810030811546193,46,-1095950,
26cb2b75-75c3-4d85-953f-2508e3bfbe6d,3122a68d-9dbf-4ec5-b119-eac3d1ce9b3c,ICIC,1667967486650679,46,995745293,
26e42613-3577-493f-b256-0503008226bb,b3a8e92f-7116-48ea-a78a-70b373e98a63,AUBL,7425814724061455,21,799836194,
26e4492c-424e-49eb-be30-2fe876ad4719,ad904566-ca81-4bba-b672-954f29526612,SBIN,740306943157691,4,206514276,
271b3afd-ded8-4d9e-8064-50d10445fdfc,abc4e103-337b-413b-a938-10683ad9033c,HDFC,8598227766440985,4,975873758,
277e4335-2303-43eb-b143-3a966c7cd19e,dd215e17-ff1b-4784-94c7-31fb47003e31,HDFC,7330244099403027,46,-3747422,
28174451-2e11-4845-8f93-15aea2e47dcd,f24ce58d-2a65-45ef-b3d2-8c0c21863413,TMBL,2650141410113220,46,110161450,
28437a96-7bed-46e3-b94a-58b9f64ee746,2507363a-620e-4990-954b-915482939379,ICIC,3358411089292021,4,47181827,
284d6b0e-0b70-4ebc-a7d3-a44bb9da1f79,6bbc22d8-c586-42ef-a819-f8c62d2eda1e,CNRB,836046039366633,4,758281000,
28b730c9-a94f-466c-8eb3-58d1ba039a28,d49ed0c5-c66a-48fe-9065-e24572c70ea8,SBIN,8700131360308413,21,-2386398,
28f4b5b0-25e6-45c9-9f9e-8dba076dc51d,c3940fa9-2ead-4bad-811e-bd91a071dc93,ICIC,8207949592291451,21,66788900,
2930b5b6-2083-49f5-b3ec-c1c25f2239aa,d782b0c8-6ea6-40c2-9445-4ff78a1dfc32,UTIB,4159150676257190,4,71987833,
294f1e50-64d8-4df0-8db3-d196d66f69aa,696ee118-9a1f-44a6-b77a-00dade654474,ICIC,481052107861756,21,842226238,
2994f949-4ed5-4a33-924f-4f25c2c30d98,8dc15296-e656-4cf3-8741-fecf16fd80fb,HDFC,1465601940369438,46,-3768880,
29c7269a-db55-40d6-8921-ce02934e66cc,c0e5747f-61e7-4a37-bfdb-cfc6aa14cdd6,ICIC,3736806420332654,46,999243255,
29cbd8f6-ef34-4eee-b7ff-23dad983c563,9f9ec3cb-08a7-4e53-92e9-9d99c00135a8,HDFC,2089338908515386,46,980112189,
2a5693d5-2818-4c65-b4c9-5ce557f813d8,85c9bea6-8694-4586-8f9c-d62e65caf107,HDFC,6722342511362060,46,469223874,
2a5a706f-ff6b-4463-ad39-0c567efb20f5,869bcc24-1721-421d-be9c-e0ce4406ceab,HDFC,664388712772676,46,641577372,
2a7eaf35-81b4-4d92-81c8-e97bcc39fb1a,e2809fe9-5a76-4861-83cf-d7c434a892ba,ICIC,1911734047764462,4,951344288,
2a7f2b32-0a48-4023-b67b-2c884c342040,77ac05d9-991b-4c92-9556-1f0f0caf4155,HDFC,6822313290315400,4,19786203,
2b01375e-f233-46ea-8964-a4303fc10a78,a012faca-e4d6-4614-abe6-f2453fad933b,UBIN,4496323457358929,4,508316772,
2b0fb783-356f-404c-a978-2c10dcd5354b,21dde28e-5db3-4da0-a498-64bd329d04c2,HDFC,1755101416563319,21,32648173,
2b11957c-6f6b-437c-8fa0-51c43e5653a2,b2955357-a09f-4efa-9202-846c930df7db,UTIB,2918500720538358,46,25264686,
2b16d401-2a65-4476-ab70-0c5e88c47767,e5fbfad9-47b2-400a-b290-12e441d52c30,SBIN,7081926077933187,46,0,
2b3fdc33-83b6-47ef-966a-1feab26b8010,29937b85-0d91-45de-b937-9372d72b093f,UBIN,3226481244302067,46,981059261,
2b445eb8-161f-4ec5-a738-658db663f492,1ae12c53-4bf4-4452-a215-a9a69b07d1a8,UTIB,5809547861026812,4,-888119,
2b4896c5-9f3e-43d2-88c1-e5fee317bdd8,6b1ddf11-7f92-4d38-9306-f6077d956c6b,AUBL,6439300713876687,21,771696444,
2b5a5950-b17b-4b5c-8536-34d00183cd3c,b5f366f7-5ec3-456f-9ecb-98b2cdcb2512,UTIB,5673765477087246,21,0,
2b877d27-3ccb-4c14-bead-32c91d1304fb,0bd2fb54-12a3-4ed9-8d1f-72fed25df2a4,KKBK,302089769113174,4,256687051,
2bff273d-c1ee-48dc-8c25-1dbcb8829ace,7a02ebde-f270-4062-822f-9df1671371dc,HDFC,4430978129158454,4,121403678,
2c23c49c-40c8-426c-bf07-4f2d98857d49,1660b6f8-025f-41dc-a8c6-29414f2d9bfc,CNRB,248417566904919,46,26220750,
2c689ed0-b3ee-48e6-9300-5dcfa7dbf74e,e3e2ecc2-25b9-40f5-a4bb-d8bd19ec2aec,HDFC,2684340380601647,46,-1800354,
2c851aa3-4abb-4ed4-a3c2-17ee69d718ea,b4b04254-63af-446c-963b-02ab8e0bdee0,HDFC,1595874318667272,4,188982534,
2c862ce5-68d9-4509-9aa0-73df033bad89,cee0a7f5-970f-4ed1-89ca-03011a8c0e84,UTIB,9766955771114972,4,338648387,
2c9d9861-f895-4862-a267-afd41c0d7d94,9b6671be-ccf4-44fd-999d-fe18a47d11e7,HDFC,8853895749882058,4,240009144,
2ccaab0b-daa2-451a-84f0-8063511b4db3,2750ad96-f434-40b1-92b3-dd69c5e2efe4,HDFC,2222891114365653,21,595133284,
2cf85b23-11e5-484c-bcdd-e00dc3d274b5,7d5de9cd-c739-44a8-87c4-5b60c491bec3,UTIB,9431532693909403,46,796678011,
2d52e550-f6d6-49ed-b29e-ba80f61c3efc,50c85945-8b29-42c1-8102-e6738c59f475,ICIC,4479892095517652,46,367826848,
2e1a6e2b-0b50-47cd-9b35-68637e4dd914,7a7e9d27-8a18-4741-95f6-cfe988d351fb,ICIC,5348250729118025,46,216454889,
2e3952b2-69f9-4073-9df6-c039668961c0,8db49e5c-0211-4cec-a958-459ecc5dbbb5,HDFC,2385422620002865,46,199667360,
2e6e8aad-1bc7-4276-a6d8-76a1d3844a8b,b98e30c6-3944-4487-80f4-dd25890ae6e4,HDFC,2346726864429805,4,-2109622,
2e7ae07e-203f-4776-8dae-69b34a592065,943f7f53-95ba-4be3-be6d-8e9e031eb23d,KKBK,5093763854524464,21,133644035,
2e9867d8-7837-4340-9fef-32afbca40f93,6fd58d9d-336b-4c10-92ce-3e6a4fb7d0c6,KKBK,6079615837169754,21,124777382,
2edc2921-7e37-40f2-8798-8295ac14d8b4,946fa498-952a-45d6-bf2e-e58ee79cb977,ICIC,9262789174676699,46,356134586,
2f3993ce-6cd5-4af3-97d9-42ba87d3596e,a012faca-e4d6-4614-abe6-f2453fad933b,CNRB,5449171716343893,21,963060049,
3012a36d-d2f9-4e6e-ac31-944a65df300b,cd7f0575-5697-4259-b7f4-899acdc31d20,CNRB,2760163560254581,4,888765770,
303847c6-fb94-4ca5-80ae-f315f0d0967b,3771c203-9986-4bbb-bc28-30a20291c712,TMBL,9750702831521518,4,-484512,
3080a538-4bf8-4b17-b5d2-18c7d6b4de41,98605004-16f2-40be-bf85-891e4af12a4a,HDFC,4898034650508463,21,102371281,
30d8727c-1cfb-441b-8e22-5ddf29a79824,ee6ea9bc-55c5-4ad1-9766-ead8bba30d56,ICIC,907824508421818,46,438374395,
311f6aa0-1e1a-4265-8e33-f281d0f1874d,34e0a29f-2d0e-4b24-8b07-9a9c8fdabbdf,HDFC,38196750513622,21,303344019,
3156c029-8d17-4a14-b683-c0d6651f1c6a,67021618-d044-40eb-8900-e1952db6cfa6,HDFC,1782686166274645,46,-2669301,
315d341f-1bd4-48a6-afff-04100d016a17,d2695a05-dfd2-41a6-84a0-237e0780c48e,RATN,2033650162643261,46,829191413,
326d5f47-ad5d-4c6c-970e-7c1d33aed860,ac33958a-cebd-47a7-a5cf-b5e212628cce,UTIB,6314977214992199,21,56064431,
3335b861-7a2d-484e-bec7-ed93a97f9eb5,266ecb71-c500-43a5-8895-eb3463a4a712,KKBK,3972376929843817,46,746258221,
333edf0a-9cbe-4c07-a6c7-7ff5145f5a66,e003501b-6da0-4661-8186-3eee4f482ef6,HDFC,4845116632117786,4,574719509,
33924a2d-ed15-478f-991a-7d773647e1cc,80249602-7a9a-44e5-9518-257efa47d811,UBIN,2100396522475708,46,780869685,
340589e5-37ca-4859-bdc9-8c297526717f,8ee86226-8ed9-4d45-8c30-ea8fcae61858,ICIC,6665722180412663,4,447926957,
34be1243-8ba8-4a33-9029-b9b72426edf9,32b1ca65-ec80-43af-acc5-5e7035944d83,UTIB,9869942161578389,21,723639298,
35042072-84bc-4384-9e7f-301b0855432a,d85bcef4-b1b3-44f5-b8a5-8c6da0ed0cd7,ICIC,3939136516157812,21,188914735,
35ac0f48-95e6-4ad8-bc9e-549549f71ffb,22e8b7dd-c358-484f-bc83-8e862bafe5b5,SBIN,6317139298127569,46,149315620,
35cbd0e1-fa1c-40da-bf3c-659fbdf26b5a,686d62ef-670a-42ca-9ba3-1887f5e29043,HDFC,9898924109410729,46,539300965,
35d568f9-5dc5-4d0a-8a17-e085f8b58a65,9a440585-db01-4d87-ad64-61c91efd5008,KKBK,4479584738718843,4,-91607,
3622cd7b-ae9d-4a57-9675-abfd39fad719,2750ad96-f434-40b1-92b3-dd69c5e2efe4,ICIC,4650979797338508,21,358872182,
3660e77b-e261-4a75-86b6-6b0d2d9c1498,d0ff2b33-adc0-4cf4-a653-f9c143627a8b,HDFC,607349399696625,21,76927785,
3663b91c-47e6-44bb-bf7d-129c72d16bce,d338bd6a-e665-47f0-8b89-e953251c8f48,HDFC,5228682579215799,21,882461707,
3676873a-064d-4ff0-9545-02bb17eff5e0,f04a78ab-45ec-458b-b5ab-e57137867b40,ICIC,4109041817174508,46,915151394,
369d0d9e-5689-43df-8dc0-212e2593d85c,ca3ef5eb-57cf-4f4c-9e44-a69091c1536d,HDFC,6660720824493948,4,755666647,
37072cf9-ef16-4096-a35d-caa360b2d755,169a6148-f10e-4e09-b2b3-7f9df36c5005,HDFC,8859243893898845,21,684433566,
37109d84-1046-4a5f-9096-0223cc316f52,23b1845c-6cdd-4748-b6ee-dd9ea5534509,UTIB,2511681770098469,4,4671822,
373027a1-99a5-4ddb-877f-b1be9a1a5e21,720963c0-716f-4605-a656-fbd69e20f0cc,HDFC,7800874533576381,46,149472027,
375588c7-60e6-40a8-a001-4510972b4564,00b8e925-8cee-4b8b-8108-9354de8fde33,ICIC,9803690773046088,46,370762313,
3783cb87-5ced-440a-8c40-2f490407c4d0,be4e55b6-96ca-4574-bb0c-fadbfbf20931,SBIN,9093139379225289,46,-3004174,
37dee93e-9f2a-43a7-a4a2-f52fdfacf5ef,d5f4a3b9-9d4c-42a8-965c-825056ffaa0f,HDFC,5186577242510984,4,-4053995,
3805774e-fbc0-413d-8631-4f5306000e48,6ce92d07-39f1-481c-85c5-d2894f290e94,RATN,914158360572694,46,180346082,
38374f83-cb70-4f13-888e-f89ca37ae370,10a90955-3058-4c1e-a02b-f60d09f6a3a8,SBIN,1924790249402791,4,956872277,
38594dfa-153d-4858-9685-abcc5827ca1d,e7691aae-2feb-464c-859e-e1b2e67d2281,HDFC,9798693642149297,4,465819683,
385d5520-e519-4912-a62c-4eb59afc5886,bed0f952-170c-4409-8a67-4b856db365dc,HDFC,3034988256686875,21,0,
38969333-44b7-49a0-aa79-1b1f10fb40cf,434e7611-4cd6-429c-be04-8237c4c1fa75,RATN,89235810015000,21,-854659,
38f20aba-bf01-43ca-8491-06dbe37e7bd8,97eea367-e153-4a37-b7c8-87bb742a9980,SBIN,8896842971111606,4,-2205429,
390e861a-4655-4aac-becd-765a07787fb5,a48a6144-5b32-47be-9d18-48ac3502201a,ICIC,8205310565073998,46,224465216,
3932a813-1154-4f52-95f6-ab09708d9084,d841ba5a-6436-439b-b28e-80c3506b3351,KKBK,6055738116492585,46,822322844,
39425029-6f47-4cd9-b256-c8b717aed27f,831b2915-127c-47f6-a8bc-ce91b873aa54,ICIC,6616412769279842,4,247319765,
39aab061-9765-4af3-a84c-3e1041940beb,509246a3-6162-4689-99e2-faa8991fb6a7,CNRB,5510051821741588,4,532871102,
39df5c0a-2aee-473e-a108-0256cfbde586,4bd8c0d1-e839-4c3f-9d09-502d5ee09b04,UTIB,5347679428144056,21,410429647,
3a1d732e-d1dd-40f2-b5d3-7ce665e98f74,dc87c3ee-0cc0-4b53-8ef0-597e1b5fc914,UBIN,9795184005917599,4,751052161,
3a5a8b5d-7f04-4379-88b2-37941d9065a5,bab2f660-f635-4179-bb07-625f42801b33,ICIC,4787097227937683,21,53608553,
3a8d9540-7282-46f8-9831-c419070790ca,c5b1444e-5473-4c55-a3dc-a297ab2b81a0,SBIN,249841148386009,4,455439743,
3aab9fb8-43ad-4ab6-a634-d185eb9c48a3,595f48e8-4562-4d7b-9b31-7bea3501a165,ICIC,8705136881912041,46,909063485,
3af83361-dfe7-4f67-bff5-d9cf9de0e190,d65ea599-bcfe-4d26-ba66-ab03285df164,HDFC,111499497339219,21,0,
3bd38ef6-074f-4e0a-8e19-ff51af9bfaa7,325b5548-b79e-4ac4-b734-f668de0b4050,CNRB,25317831904733,21,598520599,
3beca4c2-2dac-4ec5-a070-9bebf56658ba,b8b984a4-5004-46c8-9a03-c7c9d59f31d3,HDFC,5280703034661321,46,337954343,
3bf2e67b-2cc3-4059-87b2-e59c74511e31,bc0ae307-6a8a-45c5-9c7f-8816e73a872e,ICIC,5651803786996768,46,400950644,
3c3433e0-fcab-4b74-b88b-57b783df5963,5c9dccac-c190-495b-8633-3eadb98c7e4d,SBIN,6428604394141332,21,339884474,
3c3a37e0-f025-4545-b0b1-2fe9c5ea7fee,7263342c-a499-4885-b6c9-8659378ef05e,HDFC,2177994176534898,46,630252172,
3c49ccc9-e74c-4b55-b856-50ea20722f9e,169a6148-f10e-4e09-b2b3-7f9df36c5005,TMBL,8191567910436606,21,0,
3c59dcd3-21ff-48c4-a1ed-e40aec2ad9cd,81bc2af9-483b-4827-a341-7187dfe7062e,KKBK,1640857569827745,46,-3567870,
3ccfe7dc-5771-4ce3-9824-7e2a7556a679,e407698a-83b9-4e2d-8d82-72ee0816940f,SBIN,4055985850505932,4,334840308,
3d85259a-66d5-4588-b9e8-efd6ce8e7310,44dd8a29-784c-46da-9004-42b4024c8117,ICIC,6833242849775718,46,-4896637,
3e383c8e-998b-4ee3-8ee1-394623e9f97f,8c000f0f-3973-445f-bab4-c4bfd09a8433,RATN,6387758781709694,4,462496501,
3e50b5db-6bca-488c-bde2-e843acb32f95,e6f9c996-aa7b-4ddd-ba57-05d94c8dd4a8,SBIN,1122610558459647,46,69196581,
3e6359c9-20b9-4c65-8769-9d6e207ee6e6,361c3f15-89a1-4ad2-af1f-655471a51382,HDFC,9707905992473594,21,278967459,
3ecdb1c4-7e03-4f36-b0d6-6fc0418fe89c,a4a9dd7d-7b93-4ce3-a5c5-4417103ea255,HDFC,3835984943731477,21,776873501,
3ee9a0ed-a264-4441-9a4a-f0b248dbc92e,3aaead20-8c39-4cf8-8105-c7d17052cae5,ICIC,5395071992685835,4,-643384,
3eeb1c92-ab1f-4d9d-ad7a-ba11a1f59e2c,1ca17379-510d-492f-b1f7-0ed9c9b40395,HDFC,4527723957611825,21,1448808,
3f04d26f-6499-4046-93c0-c1ffee90532e,22e8b7dd-c358-484f-bc83-8e862bafe5b5,SBIN,2990484198584396,4,266274126,
3f069c93-3b01-4558-8402-1e25deeb0703,385ae4b4-d273-470b-87cb-ef4221dd5089,SBIN,5231802698779822,46,100428265,
3f3ba940-4192-4fa8-b520-77771a85c4b4,4bd8c0d1-e839-4c3f-9d09-502d5ee09b04,UTIB,1570939875081010,21,-4309434,
3f6f0dbd-d8a9-40fe-86e5-a3582a6b4376,46dba69b-caae-48f0-9b80-ffe7edc0dff1,UBIN,3827721091139198,46,117755479,
3fbd09f5-c70f-400e-86d7-9abbfbb6c8a5,437be9ef-b6d8-40b7-a773-2178ef7cc9e7,SBIN,5764080664130812,4,891367084,
3ffdd6f8-e2f7-447d-9b67-abd129320887,d2f2005d-fb19-49d9-b159-d4acc09395ef,HDFC,5510188208282865,4,0,
408c962b-be0c-4836-acd3-fa211badfc66,97eea367-e153-4a37-b7c8-87bb742a9980,UBIN,8846355290817454,4,369222028,
409b93af-80d2-4949-854f-b47f4123183b,3bc5e11d-a242-4934-905f-989a9a674012,ICIC,3633419051902963,4,-2463710,
40f14dc5-a1a3-4c49-b6e8-a2e4250f7ef5,2507363a-620e-4990-954b-915482939379,SBIN,5985269887560745,21,508020017,
413440ab-96e7-4a6a-b174-8ff78da30312,0cb1d279-6068-402e-990b-fe21157f7c57,HDFC,2288020498631590,46,0,
41c87b36-5743-463e-84e6-65c5e7559966,c2c9ea95-2046-464d-a8d6-13b69a1ef8ac,AUBL,2693882069555540,46,282371625,
41f42119-b604-466b-bf8c-d8e4c9612865,d49ed0c5-c66a-48fe-9065-e24572c70ea8,SBIN,5675135184564448,21,-1681591,
41fe1d44-0fe2-4abd-8e30-d68e39735f87,6030414a-2d52-47dc-8ace-f2a9dc717cfd,UTIB,3590285762931902,4,647207487,
422a91ec-89d6-4f2b-a703-c10bbd71e334,6b1ddf11-7f92-4d38-9306-f6077d956c6b,HDFC,5456610096030145,46,728411075,
422d6e3b-d174-4506-88b1-e189c32d0381,34e0a29f-2d0e-4b24-8b07-9a9c8fdabbdf,SBIN,8024816657857343,4,115691558,
425b4a86-d1f2-42c6-8041-6c8e10c168d5,320668af-357e-477f-8c76-4e83103b5437,ICIC,5552633703506019,4,-3156892,
428b740f-d721-4026-882b-d70c10825801,af3f15c3-e3cb-4c62-8838-507cf669f11e,HDFC,7263568341226554,46,-4515812,
42c635fd-893b-40e0-ad93-f3962e40b55f,90c7c1ce-e149-48e2-ab06-7ddcccc3bf24,KKBK,8845252808253933,46,254281494,
42d924ca-95ab-4bee-8da3-7ebda8080c05,b06492d1-24c6-4fbd-9a74-5097d173aebf,HDFC,5240404613572390,46,-2887912,
42dd1427-4d29-4cf7-8b88-1465f67e33a4,49d954d2-b533-4069-b264-7d2af28dd76c,SBIN,9573009400745428,46,-630516,
42efca03-ab9c-4107-8ace-49ffae473e4b,5159f87b-809f-420d-a833-0b41b5328b19,AUBL,1673993996535938,46,-2844405,
430494bf-57c8-43b2-b5d0-dfdec0a44bc9,e71d3351-c820-4009-8f16-f9bb03451d5f,KKBK,9931182472273380,21,726371685,
440efebd-9f25-439e-be93-409788161fc4,943f7f53-95ba-4be3-be6d-8e9e031eb23d,ICIC,7405855376815759,4,552287345,
452c86d2-f357-4481-b7dd-22be593cd13e,fd14dfa0-e883-48e7-a1a9-b5886aedce00,HDFC,2422399912096771,4,244142769,
45393513-7052-4716-b29b-23508f10eb46,b1312d91-7cc4-4740-9aa6-a9103e871774,CNRB,1183848653447692,46,439834426,
457bf23a-ea17-449f-b0c4-f060aa551f28,9293caa3-e795-4ff0-915b-2d387046fe78,SBIN,5983501940986226,46,167832244,
458a0c44-50ce-4979-8d03-7212f1a100e7,6fb5b8a5-a882-409f-a4b1-11a98d16ba11,HDFC,5279667835671,4,759869380,
4652d922-bc2d-4d26-bfd0-ee417a48cb12,10ff35f3-75e6-426e-b6d7-94477013592c,HDFC,5277099816773116,4,456586294,
46ab9e48-0bf2-4505-bb78-a8b6ed13ab8d,eef2297b-cb4d-47ce-afe2-d4300b79d4bd,HDFC,1416412058931490,4,-660626,
46caa127-6326-4d6b-a238-f039889896e1,587bf9a5-c1a5-40ba-98b9-8b2a37493a7d,HDFC,3525695343965182,46,972847452,
475a3c3b-032f-460d-8eb1-24134e5da98f,bda0e6d0-44d8-436a-9c5b-bdabb4b3ef54,HDFC,1121492134712463,21,244328216,
4830d298-d977-450f-9d6f-1329c4982fc7,1dd1eec9-e02c-4d89-9183-1a38a37997be,HDFC,466231487794200,4,-4849536,
484f8426-6872-480d-93ab-8897d02046ab,23aa78e1-870b-4901-a6ae-8c25ef0cb8d8,HDFC,6551422783238824,4,814576799,
48b92d93-73e1-43b2-9059-03700da3a7d6,adeb6f27-6658-458e-8781-fb12ea2e8ca5,SBIN,854860503915971,21,7954029,
48c9158a-d817-45b3-ba44-72cddf935dd3,81243305-ef96-417f-84ed-9dfd18b99137,HDFC,9399605039511059,46,-231301,
48d33285-fee5-4eba-bc34-71023463d67e,5ddaa42d-8b7b-44d1-9049-cb1d68ca2b8d,ICIC,8150629405126451,21,355640618,
48ead2f4-c57f-44fd-a5b1-56519f7bff11,bf2881c2-1b56-4f12-83cf-61a8492b5067,SBIN,266931854029616,21,581884370,
49836ea4-b7f9-41b4-9624-ef1e4493fd2f,f74abd65-2db2-4f2d-ab93-8781d7f66f98,UTIB,5985581114935978,46,657941630,
49eaa4b6-a74e-4b2d-8876-11bbfc10ad81,849511ab-5db8-4ff4-b78a-a362515a6def,CNRB,2293321824005325,4,941700541,
49ebefac-3660-4037-bf6d-c4a7b672ce38,5eb0e4b7-f39e-4e87-9d53-0632d91c8595,SBIN,6645878912554560,21,-2484468,
49f42b9f-353a-49c2-982c-7db1ab717556,c8e09ba9-0fe2-455f-bee0-bfa604afd73d,ICIC,3981131198388435,21,105148833,
4a24340a-184b-4816-a832-1fe4fa978d6c,1cdf9282-622a-4580-85de-b77bed5f33f0,CNRB,7327086170765576,46,408067933,
4b0f8082-9d9b-4878-9775-8cde94ffaf8e,a3f75d06-d26d-4d65-ada3-5ce0947ec40a,KKBK,9982788707309333,21,54998334,
4b112e30-9c41-4734-8d57-c15624d8784a,6592d771-1d6d-4143-8581-361071e678bf,UBIN,8315221523518315,4,461020081,
4b6a834f-2b67-479f-864e-ffe472d86a69,c68a78ee-84e0-4b48-9a88-b22ee412455f,CNRB,7591101364245107,21,509603244,
4beba49f-9bcc-48cd-839a-2fa05dc9d458,d85bcef4-b1b3-44f5-b8a5-8c6da0ed0cd7,ICIC,1876252774523599,4,-3887897,
4bfc4aa1-7200-472b-9195-d15d74754200,bd2c7123-63dd-4525-b169-3389bf3cf053,RATN,1813016024082815,46,553584838,
4c61a31e-6c12-499c-b56a-470869d6beb4,34e0a29f-2d0e-4b24-8b07-9a9c8fdabbdf,ICIC,5295420947684435,21,634467565,
4cba32fb-90d2-4384-a894-e945684dfaae,d841ba5a-6436-439b-b28e-80c3506b3351,RATN,3113231923319189,46,388837653,
4cc93d65-f808-4292-b1dd-70a91ea19cb1,b98e30c6-3944-4487-80f4-dd25890ae6e4,KKBK,4075123056845360,4,916043955,
4ce5f7fa-6fda-4fd8-a9c8-60d7e8a55a19,80f0986a-f58a-4234-835f-e2e9097438b4,ICIC,481628326791390,21,808241756,
4d0f4e2e-77ea-4f87-a6a0-5962ac43b53f,54535b9a-6452-48b7-a099-9ba0b7ad26d7,SBIN,5542168594187697,46,-913785,
4d44474e-6dcc-428f-8c91-6d399bf128f7,d4e6605c-1f68-4761-8585-5bcfab30f774,ICIC,3918445354044273,46,992346971,
4dab0f07-d027-4f33-ac66-2af14c87aa3c,b4b04254-63af-446c-963b-02ab8e0bdee0,UBIN,4005988407277187,46,102676070,
4e852020-d606-4d9b-a77f-dffdd30cc4f5,f37b129e-2f92-4913-b42e-eb2ce513b407,SBIN,5217139986755874,4,652688232,
4ee127f2-d142-4781-a51a-51f976eba819,5fb775da-99f1-4a63-a548-ee37927ca381,ICIC,160547691072111,46,948120761,
4efa94d4-dc0c-45d5-80b2-805d53213238,a73d82d2-defe-42e3-9732-31aae76d9a06,HDFC,5339970560204592,4,-2971609,
4f01cdef-441a-4ade-b157-d6eefa631a6d,7f67c9b6-0f32-469a-8909-b28c928a420f,SBIN,5180341183484504,4,337496696,
4f03ef85-d11a-447f-a9f1-22d7f9a9ad38,4e53a4d0-4da8-4698-9a31-f5475000ba68,HDFC,9506353371976463,21,624067007,
4f0eeae5-a0da-4f1e-860c-39867005771e,d5f4a3b9-9d4c-42a8-965c-825056ffaa0f,KKBK,7230682879885822,4,348796657,
4f2038bc-20a8-4151-9f96-16e2d31820eb,8db38ece-91b8-4dd3-8c1a-11e82a0f3b36,ICIC,1752872507689256,21,391622260,
4fa000f2-4999-422a-bd66-fde2eb843594,6d479178-ff15-499f-b6c0-a907f6042ec9,HDFC,5124657354827708,21,228634982,
501e62f1-cecb-442e-88d3-69d5f8b94837,0cb1d279-6068-402e-990b-fe21157f7c57,CNRB,876175680436818,46,602425295,
50827a30-af16-4c24-99fb-cc72d6888c45,2a37ef0f-f847-4c83-b294-f8888aca4a50,HDFC,2185425009442302,4,318981732,
5082871e-1f0c-41cc-a5d0-1efef7e8ae7a,08975068-e743-41bd-a3a6-6116e7823245,ICIC,7654717327502574,4,468660480,
50dff58d-ba74-43a0-89d8-258270fc4c32,f098aa57-aa59-484f-ba7f-fc80c37412a4,ICIC,157893354017649,21,-1470650,
51630701-1257-48a6-8110-605185288ded,a3f75d06-d26d-4d65-ada3-5ce0947ec40a,HDFC,312909654381823,21,69893655,
51ac5ba7-c346-42d2-bff6-5609dfbf2067,ef300615-a934-4d2f-be39-7d64907e76f5,UTIB,6682224098703709,4,983660734,
51c53365-5876-47d7-a47d-49d82e4ce57a,6edca0f2-2ecc-4dbb-88e2-c9c6ac49fae4,HDFC,8975488772037318,46,174730644,
5229f7e0-b3e8-4c01-9e83-e90c9973281d,2f1c1239-8cb8-4fee-9732-303bd0149c55,HDFC,2666758706480132,21,941310324,
52ae27e2-bcff-4e49-9655-e8fe77fc1aa7,d2f2005d-fb19-49d9-b159-d4acc09395ef,HDFC,4257071301691446,46,0,
52bbca6e-fb40-40c0-8746-2e2342d97fa0,e6e8013a-f3db-408f-918e-3b8fa2b4e95d,TMBL,3053496312417393,46,492951205,
52dd105a-f828-4d55-9ad6-f88518b3d189,fc632fd0-2109-47f1-878f-f85f4a54ccbf,HDFC,8759320302190982,21,395597911,
530684bb-69a3-4a98-896f-06d3609c34e7,4f20785c-e68b-4baa-9c8c-6a20f9ba9c40,HDFC,5085772855768116,46,955619999,
5313f3cf-12d6-498a-a1c1-aaa3e84b03e3,b7a5ddf7-ba87-4f44-b3b2-2297eedcfb17,SBIN,1224114586224714,46,41873048,
53497714-f7f4-4250-b6ee-4638f1fb51e3,dbf9b4cb-00f5-48d2-a295-10b67ec6f7bd,SBIN,9831219012417928,21,767416492,
537eecab-c40a-4ede-92ac-875b6ace012d,81bc2af9-483b-4827-a341-7187dfe7062e,HDFC,9244485560823242,46,799600399,
5388dd6f-f5ef-44e5-9e85-793c208e16e3,fde871d8-3016-4e2c-aca5-f8d4ad1e1bcc,SBIN,5456211120410248,21,238272291,
5397f841-3365-4ba3-bb0b-c9168ea6cc5a,06a67758-0534-4fe2-940b-7f1297ff8b38,KKBK,5994221418250388,4,0,
53c3d56d-ef99-4f8e-af02-1ae3b6fea549,4f1b7328-8b7b-4b09-80b7-688b2e2bd4a3,SBIN,8184367722642478,46,-1079301,
54788cb8-7534-4522-bffb-80de778bf02e,211655fd-b466-465e-89dd-5f0d7fd1b716,UTIB,8788453471321037,46,0,
54799c32-a6a8-40e3-ad19-bfffe0c2fc98,650f00c7-a225-46e7-9cb2-b53c0358e77c,ICIC,3600055184914427,21,332937292,
54a42c83-b437-411c-beb2-fb6c2f351ea9,325b5548-b79e-4ac4-b734-f668de0b4050,CNRB,2340326674355454,4,-3768642,
54f7f53d-dd82-4b8a-ae8e-d59a5dfe4973,76822115-7c56-48f9-be93-ba70633796ba,ICIC,684197704160180,21,-4383266,
554f07a2-b21f-49ed-81c3-686485e7236b,6f195771-66b3-4b54-8d82-0b4e3e88e8b6,TMBL,6191149549931784,21,948424324,
556c4c24-c740-4e60-8e98-a1d6246c035a,04d9429e-da4d-4e3c-beab-4efabdd792b9,SBIN,435167171126068,4,266112312,
55715ee0-332e-40c7-a917-391cd2703ad2,dff148d7-61e1-4176-902d-406cb61648a1,HDFC,7862723196419592,21,0,
561d3328-f88f-47c3-b6cf-6d567ddfa23a,9db1ab54-dc95-4e16-93a7-db0d8742c252,ICIC,7359178861407589,46,954372718,
569c31ec-d861-47bb-9cf7-6020611e7c24,c27a6bf9-c2fc-46a9-a7b7-2ac4504c6e01,RATN,6695990357858457,46,830751045,
56a62284-b349-4b68-bd83-8368bc66328a,a0ada085-7fbe-405e-acc4-d8c577ff1a00,HDFC,645758475713555,46,406925680,
56b6ed02-71fd-41c8-9e20-e7a8494c75ee,6ce92d07-39f1-481c-85c5-d2894f290e94,HDFC,1146606945897115,21,513809115,
56de9e75-0e40-4697-9d3c-338061f29934,79566333-7dab-411b-a687-674d215f1794,ICIC,6732251213050222,21,206593078,
56e1777f-c4b1-480f-ad94-ba68f8a09db6,257bf837-55d6-482f-bc37-05be851dd9e3,SBIN,5013859891002573,4,721770452,
56e56f67-fe74-4c49-a2fb-65d60ca83ce2,fe4886d5-c7ea-4cde-b6e9-251829f8e256,ICIC,4605465534266126,4,499729118,
57002574-3528-4c1f-aee3-67ae1bfd74a5,b926fab5-29fe-4fa1-8921-0aec48b4847e,HDFC,5526631068450377,21,950971379,
5744f995-418a-474a-b8a2-e6c070aed27f,18baa759-c23c-4959-86da-9f1092889529,AUBL,6382845055361450,46,216157722,
5768d04e-51b0-4074-9dcb-05c5ded6c3e4,b9ffab4c-f06e-4608-8423-b5651080dc83,UTIB,5977192541828160,4,793964389,
5796ec3d-e9c3-4b6c-9536-f1b966901882,84e597d9-38f1-4263-b3ee-97a28c9701cd,RATN,3387862841770256,4,278575242,
579d4dcb-6018-4f66-be4f-9701995dd1c8,90c7c1ce-e149-48e2-ab06-7ddcccc3bf24,ICIC,4843324774256401,21,287983823,
585bd9cd-dbcd-4ed4-87a9-8085d5b38d01,9293caa3-e795-4ff0-915b-2d387046fe78,HDFC,6821148011805204,4,443172890,
5872dc14-b01f-4e8c-9c7c-123bfdc89422,ee44c7f6-1695-487b-9736-441bbd276459,ICIC,874882920321367,21,817353608,
592e3f31-3782-4a33-90ca-f9c048176401,73d8cbe9-cd2d-483e-b0b1-bbcb870776f0,HDFC,5270941424662156,21,808007838,
5971ed53-12c5-46a2-8365-bdec226b1a9f,d5f27292-c239-479b-a1ff-a81e27d734a4,KKBK,9846174542841190,21,913109378,
59bc0ef4-f4eb-4dc3-aa47-5ab09e3b1973,51745b81-2b3d-4c7a-857b-3415a231a4cb,ICIC,8258539522905671,4,744974459,
59e5966d-aefe-4799-9a9a-5e967867d132,5bad639c-86ad-4b6e-ab6e-05178ee317b7,HDFC,4890402548604099,21,954041457,
59f04141-2937-4394-b703-a44e0af85978,a5c2cd68-09da-450f-bdd1-79d7e2c9713d,ICIC,5036428864099169,21,673144998,
5a3c84cc-fbcb-4a71-8195-ea67f42d948b,5c1619b4-d6e4-4b63-ac96-171c8a53cac9,UBIN,4720177974749762,46,880021228,
5aa36ef2-b89a-46bf-840d-3d8d46fa0e5e,c009cff0-843e-4f12-80f9-6d6948c9be81,ICIC,5233092063260996,4,508148176,
5b2b48f9-eb63-4ad2-8aa9-2f90211de717,c2c9ea95-2046-464d-a8d6-13b69a1ef8ac,ICIC,7452439524749700,46,0,
5b8aee27-2795-44bd-a142-6145d11609cf,e19b5b6a-97ba-4f37-981c-de06aaf42efb,HDFC,3930219030181197,21,924403156,
5bf4b01e-af84-4bfe-bbce-32cbde52ea30,9b6671be-ccf4-44fd-999d-fe18a47d11e7,ICIC,7329016859806992,21,569662429,
5c434b1d-161a-4804-bacf-1fe6c8b9a970,686d62ef-670a-42ca-9ba3-1887f5e29043,HDFC,2159272531335306,21,776298873,
5c94ab92-244f-4521-a2c1-2d56a987e2ce,23aa78e1-870b-4901-a6ae-8c25ef0cb8d8,HDFC,2573802033866474,46,360653360,
5d14f372-c97e-4049-b444-6e1e13255a91,a97ddb72-4506-4489-b594-54f9f18541bf,TMBL,7117613841758150,4,20727545,
5d3ea48a-2ba9-4b79-aff9-f1e6c3184c99,53319542-e802-485e-a3e5-b9ff584b6c3d,ICIC,9111672974248595,4,739257775,
5d6f969e-a684-49ca-afe7-32477858b4ac,6d479178-ff15-499f-b6c0-a907f6042ec9,KKBK,790309195763843,21,901825403,
5d8f4386-3b45-4e7a-8df2-a5cce5ced9f0,dc3a3bdd-746b-49a2-b8e1-453dfa91c1fc,ICIC,3551217073706173,46,0,
5dd86cb0-ec1e-4306-8334-6ac11dc41ad1,cb4b6b07-3bae-461e-b9b3-cecac68697a5,ICIC,8494112608521337,4,480012818,
5defcedd-3736-4255-b781-475defa45ad5,5d4ea5c2-e7d2-45c7-9516-16e086d1cab0,ICIC,8567377082362701,4,562778587,
5e0e0e25-1345-469e-ab4a-12b5a854403a,7cfaa258-fb51-4680-901e-dd4ab37b19a1,ICIC,4341654837861281,46,0,
5e17430d-37ab-44c0-9947-0cf54f3be19f,2c6bf522-61e8-4805-a82c-f7a53a599563,SBIN,266664493340528,4,600032511,
5ec1b1b0-b7d3-4690-91dd-2bf17a3ae53e,be5056e2-d043-4ebf-a0ed-e143f7a5793f,UTIB,7137124792475989,21,213993517,
5f390f85-eb39-43c7-b04f-d777c7585a00,c68a78ee-84e0-4b48-9a88-b22ee412455f,UTIB,1087993910595028,21,460293462,
5f767334-5cfe-4315-a240-0006e9381afa,10bda8fd-8c90-41a8-bcf2-67f3beaeb1cd,RATN,9603033536325888,4,509320604,
5f964442-db4a-4158-975d-8255e708c52f,dbf9b4cb-00f5-48d2-a295-10b67ec6f7bd,HDFC,1361853163987114,46,236910752,
5fbc3afe-ddd1-4ca8-b4b7-bf2ebd36aad2,43c54f71-e901-4f5c-a84d-5e143986c4bd,KKBK,4783074039373331,21,844591808,
5fe33445-794c-4dd6-ba39-45d634640dcc,8c000f0f-3973-445f-bab4-c4bfd09a8433,AUBL,6556121600731449,4,362001078,
6022d73d-57e4-4e18-8ea8-fb9a60378fc3,203b2548-f288-461f-afc5-1f09f2648204,UBIN,2488192104907733,4,37087863,
604c5649-68d4-4318-a699-a4994af94d51,d782b0c8-6ea6-40c2-9445-4ff78a1dfc32,TMBL,6993230037666091,4,875403322,
60b0bae3-43a1-4b1d-9567-4c17aab973e5,e6c4d90a-c00c-47bc-aa31-412b37eb7f8b,HDFC,1374867623718199,21,524530052,
60d7071c-300c-4ff4-9515-a41c4d1b0f9c,abc4e103-337b-413b-a938-10683ad9033c,SBIN,6229793870653944,46,979046232,
61917080-39d7-41c7-8dfc-c7e1354c6273,402354e8-1c08-4006-b3a2-aa46a232d17e,HDFC,8440736140506126,4,794071425,
61c00eed-a3bf-4071-b416-f6549d3052e6,96ceee27-e7c4-4444-9568-d71a3c36d799,UBIN,7756857303525065,46,494053519,
6200e535-71c7-42da-8195-c6f38356f04c,111e897d-0645-4146-aeef-f23d3a643b9c,ICIC,2013920297833079,46,99374983,
62835c41-44c1-41c5-b58d-ea642dba5bba,7b496f51-17d5-4d9b-bbee-77fa1bb2850e,TMBL,1046600518340905,4,853635827,
6286db3d-abf1-46b2-9be9-7b876d7acd40,4bd8c0d1-e839-4c3f-9d09-502d5ee09b04,SBIN,5690274866514719,21,113825103,
62a459c9-0767-455d-b996-8ef6cd4b80eb,975e9b47-8547-4f15-91e6-a538ab5cffcb,ICIC,1348457700711844,21,-656968,
62b2d744-6eef-4920-8753-1ea71d020e27,1cdf9282-622a-4580-85de-b77bed5f33f0,ICIC,7381460851579092,4,646769649,
62bf913b-3db1-4874-a293-54c8826ef87e,a4806683-cbfe-41b4-a7e4-e7f7cd37592f,SBIN,6044280906726275,46,336152618,
62cba7af-208d-4cc8-9e08-80972d44c993,177f5129-5b3e-494e-98b7-2cced84ed927,HDFC,1380123918506846,21,162873087,
62d83e77-b09d-45b7-94d2-5a7ec555d739,7dc8ba9c-c5b0-4654-be66-cfb4670cb812,AUBL,6789572022694379,46,931723108,
631e8981-6f9f-4c28-acb8-a0e1f015a5bb,97b3501b-af8e-4aaf-8ef5-553ce80698c9,HDFC,3560926870554245,21,271281005,
633a5753-203a-41b2-8204-3253a159db2c,e676986d-eebb-4d60-8b9f-aeaaaf10f5d4,HDFC,3658316210255335,46,987458215,
6340f80c-6bf0-4299-a3c8-0eaa093feb61,3bfc2249-286e-4027-8a55-8ce56dc49bb1,ICIC,4004881676559654,4,253468517,
634d7975-7b13-481f-9fd7-cd455927d24f,11924280-7aa6-4da9-97c4-ba48663733bd,UBIN,5963821577150578,21,216445066,
63bb39b3-38b9-4fb2-8f96-06b498bb0674,ec122479-dcdf-4558-9e71-8a5e69618e44,HDFC,3427196838760903,4,0,
63d266fe-8f12-4972-ae7c-ff8123f54b1b,2a79667e-1ac2-4319-a402-1a05709a2858,ICIC,7796980735983037,46,24110318,
63d55076-1f71-42e5-a5f4-6f94e73a65f0,bbc1945e-1b0e-4dfd-90e3-3323dd9c9139,ICIC,3474548963095243,46,111963846,
63e787fe-d183-4718-af91-b698717858e9,6093138c-0b60-41f7-8b85-7906030cf5d0,HDFC,6353761025322339,4,965742150,
640ea955-beb7-41be-98e6-4380c6b41265,0c9f621b-c87c-4701-8f32-14d00f1904ba,HDFC,5339689616398024,4,205304255,
646d1b4c-fa18-48c0-908b-68627c1b63e9,f1bb0221-5704-471c-afa5-7031c51d84c5,UTIB,5829590803432845,4,638387769,
6472450d-5e17-4b7d-a032-c571180f087f,03a17ce1-9b5f-480c-92b0-59b1fc43eaa6,HDFC,1998904021557510,4,917971350,
64765f6c-95f9-4038-be95-d0734396e375,b0c4781a-1a38-433d-b04b-9ac95eb6aa2d,UTIB,4262727618508433,4,515872593,
64a13552-008b-46f0-9a21-782603988644,bbc1945e-1b0e-4dfd-90e3-3323dd9c9139,HDFC,3398644681716323,46,-546277,
64a5c1a4-757b-4a03-b5b5-54a8e367fd56,45da31e4-de29-4ca2-bcc9-94afa34d0174,HDFC,1570400702309313,21,990489212,
64f90861-ce96-4cbf-ab85-82e93583b2ec,211655fd-b466-465e-89dd-5f0d7fd1b716,HDFC,6355055124204145,21,697958263,
655f2ecc-23cf-4b34-9161-4871b51e360c,6fd58d9d-336b-4c10-92ce-3e6a4fb7d0c6,RATN,7656740341455675,4,124582038,
65909bf0-940a-4099-8b8b-e0feed119c28,48c62fe2-df73-4771-88b9-0d2b9abe4dcd,ICIC,8145462583855628,46,890586440,
65ae893e-10dc-4f36-abf9-790a0b3496c0,bc2f6241-b104-4ae1-90d9-691c0961159c,HDFC,8586167319756780,21,715026899,
65d3e0b7-def4-41d7-b629-6ed4a8a79ec7,5a7566f0-e2d0-4499-bb9f-1b22bfd4cf83,SBIN,686200054571629,21,-2745474,
65fe58e9-ad1d-43d3-888b-de63aaa01ac9,f37b129e-2f92-4913-b42e-eb2ce513b407,HDFC,3533686082617540,4,730652415,
669c76aa-c991-4a94-a01b-0fe42985b440,245f11c3-b611-4385-b84b-625f63431fc0,ICIC,2757516677146160,21,148294993,
66cad28a-4b76-4ffd-bc8e-b569509e5539,37147c66-3dea-48c8-a3a8-4f0639f8018d,KKBK,8101118491832668,21,0,
6777b548-8f67-4874-9046-03a55364b9fa,dd53068d-84ec-4e1f-8681-64868928091c,ICIC,8942981387712551,46,209157298,
67e8c3fb-5e92-4906-82ab-74c3ffd5bbeb,85c9bea6-8694-4586-8f9c-d62e65caf107,UTIB,9182925792358146,21,424695478,
682eddb3-2059-4861-9b8e-02af14585dc8,73211d55-a5f8-4596-8b64-0647b13e2866,SBIN,7635845301373428,46,0,
686a24a8-24ba-41f5-8666-7b577805adfc,324a25eb-29b2-4217-8db8-c19d14457530,AUBL,1682451425377305,4,564760832,
686d3e51-bafe-43a9-b367-a7c5fc455bfa,90c7c1ce-e149-48e2-ab06-7ddcccc3bf24,HDFC,6621566722575468,46,-3251066,
68868939-a28c-4d11-8000-dbfc7c4f57cd,946fa498-952a-45d6-bf2e-e58ee79cb977,HDFC,8670406091855428,46,464325720,
68c637c1-e565-4984-bbf6-cc5cf086cdfb,8e485761-9558-4934-90c6-4dc3e8bdeff8,ICIC,5432152020303994,21,147751966,
68cc4476-569c-4b97-9998-17c156746d50,284567b8-492f-4361-b4a6-09b17df05641,TMBL,3595707540137250,4,-262497,
69050edb-858f-4e67-aa54-7d9886550efd,6c456dc1-e172-458a-b6ed-64fe38bad7ae,HDFC,2621193251514331,46,183274669,
691d6675-3e10-4f66-9328-0ddeba891770,a5c2cd68-09da-450f-bdd1-79d7e2c9713d,HDFC,8393293202385751,4,500875030,
6978c100-d589-4769-bd21-709373379a14,2fbb1fe3-401f-42ac-8f9d-a54c37c24a02,CNRB,1072594471937371,46,424756533,
69944fb0-b819-48a7-a977-820b99dfac36,7c5adeab-50b7-4a1f-bf21-e9b26e63a39b,KKBK,2057929225977723,4,420649656,
69a91c43-f268-4500-aec9-86c907f102bd,22e8b7dd-c358-484f-bc83-8e862bafe5b5,CNRB,8652310521041869,46,-205205,
6a35b927-9928-4a96-8a9a-15dda3f38f5d,6d68a613-79c1-4136-aa9f-0c2eaf7531a9,UTIB,6588943875912695,46,516120943,
6b08e044-cb85-4a75-9428-3f050c8a81f7,211655fd-b466-465e-89dd-5f0d7fd1b716,TMBL,4430884199099481,21,-1383750,
6b334939-260d-428e-808a-15f6b35a3da3,243d2294-1ba7-4111-a168-16ea2991dbc0,HDFC,7659798264676812,46,512643486,
6c0de587-7203-4735-ad53-99fb51eae268,752ae527-3e3d-4cd9-8800-7c248201c7d6,HDFC,3945262565325775,4,897254064,
6c2c6856-330e-4023-9840-bf3ebe7ced06,eb98d6c5-4ab8-41ce-bdba-d17abadcf083,UTIB,6704453525507003,46,723304660,
6c4b1e53-8725-4896-abfd-4a462d14ac21,c74b1fce-8224-4cc3-9b45-0f12594fe657,ICIC,885087631408029,4,27416289,
6cc5b65a-6d64-4185-a9ca-169f69c7e5cc,d0c79745-977d-49da-bac7-3d5d419c6065,UTIB,953082924739774,4,388872312,
6d035a8e-7cc1-41f5-a7e8-95f7591a3e6b,7f67c9b6-0f32-469a-8909-b28c928a420f,HDFC,7979012286724975,21,0,
6d65668a-cb6e-4b6d-8636-e8f8b9056e16,ba57d1f4-5a61-4129-948b-19954ac7d4bd,ICIC,9387221523102901,4,740847135,
6d96833a-fc74-40e4-8098-dd344b23843d,44c303fd-3a5e-4870-9160-bb51a345223e,UTIB,4422245020519780,21,-238236,
6d980ef3-561d-4aad-976d-cb5aa49244e9,4e479f57-824e-4e62-820c-d249df9a61c1,SBIN,4572564745785030,4,424116499,
6dab9d8b-9604-4961-b487-d6d0c39ed282,4336bcb1-829c-406e-b36c-95ab817e949a,CNRB,938359046737935,21,-1631268,
6db6c590-7d4f-44c7-b4a9-a34280c8310d,9930ade1-890a-442d-b66f-d2d7307a79f7,UTIB,4354936399087137,4,546215432,
6eb7f5bb-a092-4d0b-8ea6-0fe97fa8fb5f,10a90955-3058-4c1e-a02b-f60d09f6a3a8,ICIC,5950479856686635,21,-578716,
6f06d5b2-34fc-45e3-aaac-c7648533ef38,88101ce7-73e7-423d-b6c5-a9f4f201cdc1,HDFC,7394366355612771,46,544043949,
6f769aa7-2b5c-4284-b4be-cc7b50f2e961,ba57d1f4-5a61-4129-948b-19954ac7d4bd,ICIC,531487225463631,21,811980995,
6f8ca6fb-3642-4a8c-930a-8e5014d53be4,f8de12c8-00c1-4117-b5ab-cb85b5df67cb,ICIC,1155809221878861,21,728322034,
6feeb257-671d-40bc-8bf6-186013af0617,5a7566f0-e2d0-4499-bb9f-1b22bfd4cf83,HDFC,6465370458062017,4,0,
702b7d5e-a263-488a-ad6f-400aacc45f55,ac33958a-cebd-47a7-a5cf-b5e212628cce,UTIB,1199950358570275,21,305227806,
705e160e-3f9a-464e-a036-d5c92c6b633d,bd2c7123-63dd-4525-b169-3389bf3cf053,HDFC,5896404663202864,21,573693799,
7067d1d6-b41d-4057-a32d-36f6e53cdfe2,e32ee1d5-3572-4807-a902-4ecadc75cc82,ICIC,1155638500298825,21,667380963,
7133aa52-211f-4506-b6b3-57f3addab2c6,03a17ce1-9b5f-480c-92b0-59b1fc43eaa6,UTIB,5127252034284498,21,729571077,
714f968f-19e3-459c-9e50-e06a3f73d146,81243305-ef96-417f-84ed-9dfd18b99137,UTIB,8262872092127205,4,60729055,
7178b722-3d03-4f02-9e2e-c463261f658d,97ed13af-aec2-4c17-90a5-ba6704d5b25d,UBIN,8062066043977470,4,877685156,
71ace3d7-0213-4392-aa90-a7340f45a5b3,d2695a05-dfd2-41a6-84a0-237e0780c48e,ICIC,5583863044719317,46,120619976,
71c7271c-6e00-4871-b6e5-3bbd81358077,14304fdb-dcdf-42a6-a4bf-20d50d844937,ICIC,7303095083698158,4,711256623,
71e6f3d1-62c6-4426-90d1-fa69e0a711cd,50784c8c-725c-47dd-bf27-724667afc5f9,SBIN,7818368640490115,4,821878866,
73c85f5d-9ae1-476e-ada5-0ce1230e121c,a0ada085-7fbe-405e-acc4-d8c577ff1a00,UTIB,352564717436429,46,852476787,
73d062f7-16bc-4397-a2b3-5fb01031618b,5a12f9d7-fb2f-49e0-b9b8-f8733502390d,HDFC,6452428417794997,46,774496102,
73ee12b0-357f-4f69-ba90-4b0db4670350,d0d83707-9929-4d1f-b09d-cf16e384357b,HDFC,9860185412177980,4,555525002,
74071c41-afd9-4886-96d0-9df77f115023,38a4ae0e-1781-46c0-b17d-361257156f5a,UTIB,8026365289319875,4,349160004,
744f80db-d44f-4ce7-8f5b-b9b01219d4a1,eb98d6c5-4ab8-41ce-bdba-d17abadcf083,UTIB,5445648725389898,21,192885038,
74c72d2c-a9a9-49f9-86a3-e0d68e3a497d,44dd8a29-784c-46da-9004-42b4024c8117,UTIB,8002793921794480,46,-3705840,
74d03b2f-ebbc-4688-a681-dadc8851b80b,8c000f0f-3973-445f-bab4-c4bfd09a8433,HDFC,1709453292870367,21,-1002960,
74ee749b-24b2-4645-a532-0fbdefe04aec,54bd4596-948c-40ac-902e-a7cbfae4c214,SBIN,4245437195952139,21,456654167,
74eed7c3-106d-4081-a128-580aa8854146,70a01d0f-e89f-4fe5-81ec-fc3f70dbfcf3,SBIN,4103313504764552,46,228011191,
751889a0-7d83-4cab-9792-570394ed03ef,9293caa3-e795-4ff0-915b-2d387046fe78,HDFC,5503782374845864,46,0,
75a9e689-5e05-4188-bd41-73fe7722b37d,1392d018-67b9-42df-8f0c-3781b71b0f20,UTIB,2482796870271490,4,83033483,
75f43563-0b8f-4aa0-9aa1-f3f4548ae5c0,b06492d1-24c6-4fbd-9a74-5097d173aebf,UTIB,3446396881198128,4,793022655,
75fe4173-d691-4876-9e3c-66881fc677ed,87a76fac-efe4-4010-9b16-037a7caf5906,AUBL,3774233472213847,21,901669833,
7622105d-4991-4fe6-bdbf-f11a9965ddd9,540254ba-b87d-4e22-8a37-f32baebc3659,SBIN,6228223587643080,4,719801483,
765d1590-588f-4770-bf99-75f872628b93,047da4b0-615f-48ce-9943-88239a0f196f,ICIC,2686200946998750,4,46859341,
7660ff6f-66f8-45d1-bf4c-2539a8aa0f56,61c696eb-526b-4501-9f8a-708d9b70ac0a,SBIN,8606648939650974,46,823203983,
76953c0c-049e-46b4-8846-56757eefa501,ebc874af-1b44-412a-bcbf-af943ceb5ff2,ICIC,9527915479217068,46,182629946,
76ae85c4-9367-4b45-bea4-7c2a58ef2aa2,d0d83707-9929-4d1f-b09d-cf16e384357b,ICIC,8694579311842667,21,680084473,
77122ccc-92a3-453d-b9b1-08a424fa98c2,6bdb12aa-7c67-4b1d-a3b6-3f9e7ea5febe,UBIN,938103577942197,21,487033270,
777a4f3f-1d75-4ee1-9310-dfcebbc3adc4,6edca0f2-2ecc-4dbb-88e2-c9c6ac49fae4,SBIN,7600172968764932,4,481851996,
778d2e7a-f099-441f-8d7d-47215ae00400,6edca0f2-2ecc-4dbb-88e2-c9c6ac49fae4,ICIC,645733414305355,4,209201218,
77e2791e-ff3f-4983-ac05-688cd9a55858,b15b3499-99f4-4689-a430-cc5beb475e3b,KKBK,1587641052173410,21,132216365,
78589274-f054-4ca9-9f11-760833f645c8,abc4e103-337b-413b-a938-10683ad9033c,HDFC,226689161330772,46,976224924,
7899d08c-a0e8-44ef-a5ad-a689b5ff2513,67c90aa1-4621-4c64-88cf-9dd4911b63de,HDFC,5981302050530260,46,627085023,
78bdd512-8311-4919-80c8-83c02d99a8a8,d0bd17ce-1ae5-45f8-806e-1e74555aae5d,HDFC,4602572721882184,4,731490753,
78f9847d-ff5d-4ca0-92d0-97b4f1c3eb30,a4806683-cbfe-41b4-a7e4-e7f7cd37592f,KKBK,1279468883180958,4,796668276,
790a7c7d-1927-49fc-8d76-08930471f6ce,754ab9d1-7216-4e24-acb7-9ea9c4af7f6f,KKBK,3928665558602533,4,957360255,
79b1e5ea-2fbe-4fec-8a32-3a4a53e6d123,3365c247-bc8b-43f3-86a4-51c8bac85c16,AUBL,776103900144283,4,215155950,
79e56634-f7fb-411f-95f1-0702cca38764,ff4fccbc-157b-4d17-ae1a-d4a250dcd8c2,AUBL,4360443126129636,46,647914709,
7a12b21b-6f6b-42d5-ab89-487476e6d238,1e072d2b-4bf6-480f-bcbc-253a259fd1ec,KKBK,129461575828812,4,12865719,
7a261ef5-1df5-46f0-b2fc-d10e81d00413,34e0a29f-2d0e-4b24-8b07-9a9c8fdabbdf,ICIC,4148096882293879,4,241193418,
7a3d8fad-e835-4869-b47b-1619f61293ec,047da4b0-615f-48ce-9943-88239a0f196f,ICIC,1342136616398946,46,761165582,
7a52a733-3c13-472a-8f60-8a2be9a74b3c,985fa680-9090-4219-8932-9667ca484d43,RATN,8999584780057968,21,314469988,
7bb5a807-794a-4ac9-8190-9bb10dbef00a,28370e36-5f35-4fcf-bb47-edbf3ace2360,TMBL,2641551650465517,4,0,
7bb6d137-37c2-4548-bb7b-6d084b07c887,e6e8013a-f3db-408f-918e-3b8fa2b4e95d,ICIC,3781508482869211,21,3121555,
7bbb4a89-8716-48b1-8ad1-1efe7a1d5372,e5fbfad9-47b2-400a-b290-12e441d52c30,SBIN,1901746715441247,21,268817300,
7bbf3abf-c084-4ea0-92c6-7e0272bd4463,1660b6f8-025f-41dc-a8c6-29414f2d9bfc,HDFC,7632947989061306,4,870574829,
7be14741-9268-4068-8a32-a9bef91a9fc9,595f48e8-4562-4d7b-9b31-7bea3501a165,SBIN,6004373098578114,46,323514694,
7bfd8bde-c79b-4ac3-8274-b24e88232699,f6ec6033-b68a-4c3e-a7b5-c5b25a1bf30b,SBIN,8421429664456904,4,64161174,
7c7fbe96-e681-4290-8a4e-d75ae6b1deab,dfc78a44-1189-404d-878c-81ba2ae535cb,CNRB,385895715303444,4,-329210,
7ca4cae8-5882-4284-93bd-5d6a6004c6a3,febdec06-292d-4f3a-becf-adc07c822d35,HDFC,1374637824986862,46,-3779457,
7cb78858-4006-48e1-8ab4-b1d296b2224c,7e37df0d-af3f-4414-8d3d-06283e3cd979,TMBL,4596021617707078,21,34247737,
7dde1a6f-b7ef-466c-8b1d-9096d317321c,f24ce58d-2a65-45ef-b3d2-8c0c21863413,HDFC,5261226855838186,4,760816108,
7df40b31-ae02-430a-8120-d8726141ad3c,245f11c3-b611-4385-b84b-625f63431fc0,TMBL,1922623103019375,21,116283450,
7e1139fa-3325-4312-b4d5-0784ff6150ca,81b46001-2225-48b8-bbae-4a5dd769afcc,UTIB,8684554988621071,46,0,
7e75a696-19fb-4d0e-a6ce-3879d0262ebd,81b46001-2225-48b8-bbae-4a5dd769afcc,HDFC,8968729049203107,4,316417482,
7f513938-c5bf-44a8-9199-15e8a338b821,329466e7-b67f-4167-9e76-e00f4c0ddf64,HDFC,1543224621305291,46,841293712,
7f758804-877a-496d-9521-2f2a5155ee7b,10ff35f3-75e6-426e-b6d7-94477013592c,ICIC,3649056746079017,46,11701635,
80083014-df30-4687-820e-ad759f7fee2f,2478586d-6ac7-4b1d-abb1-25cc2273e820,SBIN,7036808954078984,21,732902333,
804b8693-59a8-4c4e-abba-42b156ed0106,fb4b41a1-9139-4c0d-b1eb-7707ab50ebfc,HDFC,2389787368809451,46,685884973,
804be45d-bb1e-45e1-8afd-57b00d3a9256,5eecc805-92f9-4f69-90fc-e657540b5ecc,ICIC,7276010765579651,21,973870913,
806c9b84-9c21-4fdf-87a0-5d78985aa506,3f2ec169-d293-492d-8f3f-1af54c113f99,UTIB,8774573735445464,21,465680610,
80d4455f-a4ef-413c-b2a5-f1a95acec130,3365c247-bc8b-43f3-86a4-51c8bac85c16,SBIN,7051290375887460,46,764523779,
80e27ef3-585a-47f2-aa20-b51a00948b43,8b1472c9-27e5-4c05-939f-1b1810067b10,UTIB,5468788612996517,46,654314438,
80e3bedc-b1f0-4ab1-8bc9-025201ed3552,7a65b7d8-3155-4158-a336-fa19476c9c25,UTIB,1863424730047190,4,732478095,
80f48188-b9a9-4256-8800-0a3b7d4ccda8,e6c4d90a-c00c-47bc-aa31-412b37eb7f8b,RATN,7817080385446225,4,-4741041,
810b523b-b79c-4daa-bb29-5071dad08c38,fc632fd0-2109-47f1-878f-f85f4a54ccbf,SBIN,2742100608776976,4,-1504609,
818b2460-e7aa-4e0e-8780-3d5f4de96f61,3c6becc1-393b-47a6-b0ae-75803da0f613,RATN,387764702081705,4,638657001,
8195731b-4edc-4166-afa2-be2fae12238c,d0c79745-977d-49da-bac7-3d5d419c6065,SBIN,8144375042554896,4,601767302,
819fd155-48d9-4248-82fa-1593873e0c86,4f1b7328-8b7b-4b09-80b7-688b2e2bd4a3,HDFC,6591463958657981,46,63668754,
819ff582-f54c-4d93-9aa3-46b4a7a3df51,5e1f1fb7-2bef-43fc-8130-beeda27c01d7,HDFC,6107856075438999,46,724445103,
823c170a-be92-4402-8b62-41bb5630f9df,216d2aac-50b2-4a3d-9750-0bba47297079,HDFC,9061881229824396,46,111893884,
82576fdb-8eb9-421f-822a-0ee22e106eba,f6b5b6fc-80f2-4b94-981f-059a50ef6a31,SBIN,5878713563423634,46,255136010,
827701a6-8c21-4912-9806-04e67fa8bb46,81547110-70fa-40ac-9ad2-3f10cc1b2c28,SBIN,9210144269447022,4,846566357,
82c32fb7-ce9b-406a-a4ab-5ea8e8376c0a,780c2a62-3cb5-4ae0-8b4a-cc800805d967,RATN,3870542421954467,4,186628409,
82c868f6-567f-4d38-8047-ecae9e369b2d,e43bfcce-282e-45c2-9d25-a034d9d9bdc6,AUBL,6064334318831795,46,192209679,
831eea30-24a0-4bb2-abc4-8f7f5662fb12,7eb380c9-daeb-4e4c-832f-ae2dc8516f9d,HDFC,1079960018819371,46,484972720,
8324b14b-4484-4493-9550-0fe71832961b,d97a3135-8154-49c0-9250-77d9695c7632,HDFC,7257358355091895,21,99901211,
83b6eba9-0d63-4024-be74-a5c8ac353b8b,1690e0cb-886c-4f40-8799-9d79d9d914e9,AUBL,4082473847169634,21,260226402,
83c7108d-7aea-4861-9605-313f8523f363,04d9429e-da4d-4e3c-beab-4efabdd792b9,HDFC,5545398666299169,21,0,
83e08921-1a92-4024-9cd8-dd25ea9f1b94,595b927c-a84a-4fcd-8c6b-bda445f878a7,UBIN,2058166685934887,21,0,
8482c51f-4aa3-4b1d-b20b-424640ddc754,b4980661-4cec-4882-9980-aab5f3565c12,ICIC,9380501493076141,4,700748490,
84aea588-a248-4e1c-8b3d-401f9cef636b,f8895c23-d33d-4298-bb74-25f15b2d863d,SBIN,3589016650693581,46,444896951,
8503c9ff-4180-4ebe-9c66-a8a26b076248,37fdda80-42a5-4cbe-b24a-98385eddefcc,SBIN,4371319093662547,46,385980761,
850ab044-3f6c-45b9-ae67-49324597270a,0bd2fb54-12a3-4ed9-8d1f-72fed25df2a4,UTIB,4211078088386685,21,0,
8557e69f-bcaa-4cda-8a6f-1e051315179b,5230f42e-9e13-4cef-bb8f-11752cd0468c,KKBK,4261003702142919,4,80923493,
85a5272e-8741-48a0-b6c7-ea10a0a8f624,6bdb12aa-7c67-4b1d-a3b6-3f9e7ea5febe,KKBK,8257955300119674,46,737258898,
85af5367-a28d-4afa-922e-efeae4c5d370,f64a0236-488c-47dc-a95a-c69f1ed3519a,ICIC,4165458368133468,4,803893684,
860d16b3-8ca9-4271-a301-3ab38cf5d129,96927c25-1aaa-49fa-8944-46980281e2ee,UBIN,3793592586784473,21,981087588,
86888253-d238-48dd-b96d-85056c6e4c24,53319542-e802-485e-a3e5-b9ff584b6c3d,ICIC,4213162281572637,4,526502078,
8692da73-d7ca-492b-8549-3627ac4fa947,73211d55-a5f8-4596-8b64-0647b13e2866,ICIC,8417242394431715,21,0,
869b29aa-2d87-4683-875c-3dc5b12107ee,b8b984a4-5004-46c8-9a03-c7c9d59f31d3,SBIN,4983283014548660,21,97885010,
8702c538-5bcd-474e-8987-1a5f749c9064,bd0589a0-f05b-4e1c-9a60-96c715544447,KKBK,8104976307943308,21,813072048,
87281040-201f-4bb5-8405-5346dd9359ae,7c5adeab-50b7-4a1f-bf21-e9b26e63a39b,CNRB,5143747117760008,46,0,
876a6853-7675-48b7-9436-5171b0d4be52,e6c4d90a-c00c-47bc-aa31-412b37eb7f8b,HDFC,3210426518461833,21,156269834,
880cb228-8fbf-4919-b6b6-e72f729448d2,c4f5a99d-a709-453d-9244-8eeba6b542e0,SBIN,578639499449349,4,116314695,
883b7b28-5c25-46ba-8631-5d09f7064911,e6f71330-ff27-40d6-99ef-481765b452a8,HDFC,9918200043950312,46,676475255,
885ed7d4-83e5-46d5-9e4c-aaeeff02d15f,526450bf-fd94-4d3b-a39b-3165779272e0,ICIC,3011936731808376,46,203487858,
8948dd2a-4b0b-42b9-ab7a-ef33222bf554,88101ce7-73e7-423d-b6c5-a9f4f201cdc1,ICIC,6343839643651741,4,817734336,
898ab554-a2c8-4679-9e7c-ca6aad41e1d1,2f91c3b3-4768-4942-adc5-5cfe9ec103d2,HDFC,578372903927870,21,8995929,
89b3b805-507e-4432-92a8-8ff9bcc64c3b,b69db2fa-a118-4089-8ba2-32b136019611,ICIC,1310404215882859,21,907179290,
89e76b78-e998-4047-9380-0cf71bcdba2a,716a8c18-2c10-4087-bddf-7b9a54a5171f,UTIB,2363676392668293,46,747828704,
8a039acf-c83d-4ce7-9f5d-6865f2d3aac0,b9ffab4c-f06e-4608-8423-b5651080dc83,UTIB,4853521010641376,21,177967634,
8ac46ade-87c5-46aa-bbf3-879ca6bd5f56,e53d8012-11fe-45c5-ab12-76677391c1ad,HDFC,9495751818142842,21,875549504,
8bdf7847-fc58-484b-b882-d0ddc337ba71,f7675449-df27-46f3-a785-0c569dfa43db,ICIC,1207925768617833,46,32439742,
8c7281f8-e19f-4e7c-a06f-92793f57f6b4,381c06a5-99e6-4f42-8af3-60b0113d5af8,CNRB,4331448395604974,4,705595528,
8d56eb92-e54b-488a-95ce-19940e0ae0d0,50784c8c-725c-47dd-bf27-724667afc5f9,HDFC,5914326574742537,46,0,
8d5945bb-65e6-4155-9939-157b6760ff02,a96cea10-9cca-4041-ac26-c53279c9fcdb,HDFC,160900176647429,4,114859652,
8d924d79-9f45-4f08-98e3-51dbdf50de0e,b1312d91-7cc4-4740-9aa6-a9103e871774,ICIC,9967880820865353,46,0,
8dbe06fb-db46-4e76-b4a6-42eb63c50d37,1dad98dc-0ad7-40d5-95e1-9ed81b9d49b4,UTIB,7469109257416036,21,720049967,
8dbede8d-0a89-45a6-a64c-d9a91f4a0eb3,7e37df0d-af3f-4414-8d3d-06283e3cd979,ICIC,4334911298245273,4,328068595,
8e26f8d3-0eb5-4818-a1db-27332d0119f3,864d0971-d4a6-47db-86de-9778898d9547,CNRB,4160518264011698,4,189564867,
8e9c769a-7566-431a-8ee5-cab10ef5bbb9,1dd1eec9-e02c-4d89-9183-1a38a37997be,HDFC,5240060524683521,46,771779018,
8e9df644-0aa6-4d41-a6c1-d1e39bffccf0,1be1f2f4-ae76-45b6-a892-0f4781c9f492,ICIC,4823157454799591,4,493355879,
8eb4be0c-28c0-414a-9fac-cc0e2c018a53,5f82494d-4fb9-4464-b245-70413518f7ca,ICIC,4149109778989067,4,-3813371,
8f269d53-f39e-441d-9528-52eb55728d19,17d39e72-b337-4dbb-ac64-f02f51c09690,SBIN,7633130472480123,21,790874632,
8f459bcf-c3a1-43bc-9459-5a1c1c98227f,587bf9a5-c1a5-40ba-98b9-8b2a37493a7d,SBIN,1192272204262904,21,623266501,
8f48b1f4-16ff-4992-ab98-51dee7a6db1b,eab3f9d4-5f4d-4146-9d43-58bc40733da4,TMBL,9949526485016786,46,914930512,
8fc93022-f126-455c-9553-0c3fe562fc82,fe4886d5-c7ea-4cde-b6e9-251829f8e256,ICIC,3134967215646984,46,888285656,
900a43ae-c5a8-4f7a-b459-f7029fd04462,5fb775da-99f1-4a63-a548-ee37927ca381,ICIC,3125902165403030,21,289401665,
90283227-38c1-4212-a1bf-891a41fda1b8,5e1f1fb7-2bef-43fc-8130-beeda27c01d7,ICIC,8018392888506596,46,561230601,
90354882-932b-4230-81de-f35a336ae72a,54d58150-2cb2-4185-bae6-965d7acd1f99,KKBK,4503947870411527,21,964549111,
9094b1c8-aa5c-4e8a-b175-e8fb04eb5c36,325b5548-b79e-4ac4-b734-f668de0b4050,HDFC,7665797644666259,4,136071830,
90cc7550-f8af-41a3-8db0-fcd1c4b49279,5fdfd2b6-d555-42a4-a80b-51609fbe9fa2,AUBL,7173621669711177,4,0,
90d3e6f6-5ba1-4290-8aa3-cc1ae6fb7c41,141c9010-5b4c-4c64-8aad-c2dada80762f,AUBL,1874001791667277,4,968762225,
9118ec99-1109-422c-99a5-9a3171dcfcab,48c62fe2-df73-4771-88b9-0d2b9abe4dcd,KKBK,4841396127879247,21,92705236,
911a3462-0ddd-4f83-a16d-4efa660ceff9,f6ec6033-b68a-4c3e-a7b5-c5b25a1bf30b,HDFC,8540931250079752,4,181373672,
913ec09a-c697-4d40-a578-85ff8a7a8de4,84333611-5e86-4124-bf23-8c30c502ecc4,ICIC,1693674912544512,21,718663200,
91524a66-aee2-4fbb-837c-ea9afb375367,381c06a5-99e6-4f42-8af3-60b0113d5af8,UBIN,6160922677776375,46,0,
91e3a3e1-9a67-4e1a-9dd8-b490a1cdfb7c,46dba69b-caae-48f0-9b80-ffe7edc0dff1,TMBL,1153787945490947,46,719172354,
9284461c-bd58-45bd-afd6-a3579d1346cc,46dba69b-caae-48f0-9b80-ffe7edc0dff1,KKBK,5129479528445725,21,575401113,
9284dd10-6ed5-479f-a1ec-f047b89e1399,1392d018-67b9-42df-8f0c-3781b71b0f20,CNRB,9009582599252378,21,871202304,
928e9fda-c3dc-4dc3-a9b7-0ef6e68803f5,44c303fd-3a5e-4870-9160-bb51a345223e,UBIN,1306738999415242,21,-4986483,
92b211b1-2a44-47f6-88cb-1195b0c856e6,361c3f15-89a1-4ad2-af1f-655471a51382,HDFC,7322241746701031,46,803169017,
92ee618c-ab3b-4431-90b3-d0657dec881a,37e55b02-b86c-4f0b-90e4-9688f3a2119e,ICIC,421562303734619,4,658506981,
930a0423-9d44-434b-9537-d71b891b6118,c8d400c5-aa59-461b-9f74-605aa1c4ceca,TMBL,9612399107845650,21,-3314005,
932ed4da-7d30-4480-894c-e33632cec54e,a97d45b9-f4cf-4e26-9f70-a878107e1387,ICIC,7036227989488141,21,698797691,
93402ed2-92ad-42ef-a24a-46143fc9f316,7e37df0d-af3f-4414-8d3d-06283e3cd979,CNRB,6045168869256878,4,-114941,
9375b277-01be-4508-ab0b-61369e2a2c50,d1c4cec4-a625-4bb6-9590-d90ef78bc0b1,ICIC,4836143259104396,4,521749004,
93b2bc36-ffa2-4c78-a751-d6e36caeef1d,b86be687-dd47-4bf4-bf28-66fcb0932362,KKBK,3955572210194953,4,627713275,
93c65463-aebf-4671-bee8-307b1dbbc953,eef2297b-cb4d-47ce-afe2-d4300b79d4bd,SBIN,3039034535005605,21,926636797,
93cdf7ab-532c-4d1e-a443-a26b10046fce,b4b04254-63af-446c-963b-02ab8e0bdee0,CNRB,3385710056115467,21,759043507,
94995c9c-9aac-4a55-99af-52aa0cf649fa,1ae12c53-4bf4-4452-a215-a9a69b07d1a8,KKBK,7210593458513669,46,334191859,
94fc5379-e3ac-4fd2-a3b1-c334995c39f5,8db38ece-91b8-4dd3-8c1a-11e82a0f3b36,KKBK,8085904346174345,21,340918376,
95038cda-2086-45cb-bb59-f0ff2a70d6e3,edbb1967-d509-4325-96ea-d8a66aea218e,ICIC,7515315138217006,46,22525149,
950d2634-ecdb-4f24-8c93-7bd17094244a,7448f241-5c90-4631-8987-e51a54b1fff4,HDFC,5106358876758892,4,719994755,
9547a959-508c-4734-9b7e-36a56b45c5b1,1dad98dc-0ad7-40d5-95e1-9ed81b9d49b4,KKBK,1639604009689203,46,227014113,
95607974-40a9-4152-9086-55c365de1ed9,40bf1f02-4366-454a-98e7-40f5157cab25,TMBL,7854236047396164,4,265605168,
958b6e9f-bc07-4fd6-8816-f987ff3592b9,b5f68938-2236-4acf-981b-09f4abc6b0a3,SBIN,7803709899754882,46,828262628,
95e456c6-6e2e-4af3-bc0d-362dad28db57,bd2c7123-63dd-4525-b169-3389bf3cf053,RATN,9593273197707594,46,690818349,
964f7680-64c0-464e-b81e-9ecd32daaa41,d54a8be8-f268-416f-bc27-4fdd81c68bd7,UTIB,7392343961459008,4,29810659,
96abed0c-1551-411b-a83f-f6427cf7ac84,f0c6de9f-6bab-4d74-bc5c-4c3596fd3a7d,UTIB,9154133559697624,21,544239843,
96f41a2a-a20b-447c-a658-cc4d348c893b,d65ea599-bcfe-4d26-ba66-ab03285df164,KKBK,5072153948660572,46,0,
979118e1-037a-4862-91b3-bcb6c3e9e82d,361c3f15-89a1-4ad2-af1f-655471a51382,ICIC,265607673395945,4,939814558,
97a4037b-06f6-4364-913b-e2ab2886fd03,35fced9c-a260-4f44-ba40-f2f13ab725ab,UBIN,511416804865462,46,-2472618,
981f68a5-0e4b-4a99-9569-f4bc296f7b31,35b5aec1-ff29-4415-972c-d99d00909f5a,ICIC,1427364904419262,4,474269410,
9884d14a-daf5-4346-88f5-40f816a9c081,284567b8-492f-4361-b4a6-09b17df05641,UBIN,71706187358944,21,810977590,
99b085e3-18f6-4a43-b596-95f924507ac5,0ff1d9d1-dbfb-44ac-8d43-dbde4858f379,RATN,9062242135121770,4,0,
99f69f73-aaf6-4a37-9fcd-2cc6254dc034,76822115-7c56-48f9-be93-ba70633796ba,UTIB,1258813874033964,4,3426972,
9a2d66f8-b605-4ed2-bf29-27fbc6455513,43c54f71-e901-4f5c-a84d-5e143986c4bd,ICIC,687837622095058,4,-1797821,
9a446685-cebb-4ce9-a591-ccca58b4e87d,f93eda53-ea04-46d7-a7ab-46d6a95287b2,ICIC,4943392192036761,46,68885754,
9a469173-d71e-4b66-add8-2dd31b3efb83,10ff35f3-75e6-426e-b6d7-94477013592c,HDFC,6849175519928791,21,415919952,
9a81619d-4854-472e-8465-1b5837d1ad32,324a25eb-29b2-4217-8db8-c19d14457530,ICIC,9477846299181903,21,929809316,
9a9b88a3-3900-4c30-bdd6-a3b6609f05ba,dbf9b4cb-00f5-48d2-a295-10b67ec6f7bd,UTIB,1765950371280631,4,418412538,
9abba1d2-2a03-4da6-a91d-9d323065ae1e,0b6bc44f-8b19-4eb5-a7e6-9e19bd39920a,HDFC,8295767695495314,46,606201514,
9af46266-10f8-4756-b087-d6c6ca42225b,0ff1d9d1-dbfb-44ac-8d43-dbde4858f379,AUBL,8835839903321423,21,380379246,
9b027360-31a1-4ce6-ae69-82fcd34bdaaf,37147c66-3dea-48c8-a3a8-4f0639f8018d,KKBK,7067044856160249,4,923766167,
9b43cf17-03c1-4c26-96be-fecbaa734f80,b6911be1-e69e-46a0-b2c2-c388c86dc26c,HDFC,8973638148404975,21,94653607,
9bb687af-0f26-4638-9853-d9fe13e35912,849511ab-5db8-4ff4-b78a-a362515a6def,TMBL,7333042849084631,21,700448878,
9bbbcf32-2d78-4441-809a-ea8d8a0e2b41,dd215e17-ff1b-4784-94c7-31fb47003e31,KKBK,4217682304421859,21,245858869,
9bcfb407-b326-405e-8012-f2ea7a1da780,cee0a7f5-970f-4ed1-89ca-03011a8c0e84,KKBK,2314170030920149,4,597145961,
9bd86acd-7015-4c50-b126-abcb62cf8326,b926fab5-29fe-4fa1-8921-0aec48b4847e,SBIN,8844314591533970,46,0,
9c1970ad-f71a-4c94-8390-5f2c9242a3a4,45da31e4-de29-4ca2-bcc9-94afa34d0174,HDFC,5819351611499419,4,194212929,
9c21fe38-56ca-4557-859e-fbf076aef667,7a7e9d27-8a18-4741-95f6-cfe988d351fb,ICIC,5914909013144418,46,-1748394,
9c9f5e88-8cb5-42c6-b31e-d0f9bfbd5c32,2424a939-35c0-4b3c-9649-f917ba6c4036,ICIC,7748542185835596,46,893617646,
9cb860dd-8ecf-49f1-98b6-45e4a03066e8,b3a8e92f-7116-48ea-a78a-70b373e98a63,SBIN,9763842638573504,46,675476944,
9ce6efe3-df1e-44cd-bb82-a580825fef09,d9e51ef8-a969-45de-af91-d83d05646e77,UTIB,4628452198614478,4,161131426,
9d2b3dba-4f04-4a6e-9661-51b3dd6277e6,c86423ff-4f62-46de-b068-077e48d57fa8,RATN,4999882495217225,4,277125033,
9d9318f6-ba94-465f-92a3-be1cb96511d6,7cd2847d-0308-4a2d-a18d-6a9aba65947c,KKBK,6625384299794588,46,576464922,
9db63a5a-4648-4f55-acd1-56a7daa72bb8,78b5556c-dccc-4ea1-830d-e6da1032963f,KKBK,4772237217016440,21,-313806,
9de6f299-2c27-41fe-9b14-a507f25ba2bf,243d2294-1ba7-4111-a168-16ea2991dbc0,UBIN,5223454240897071,46,655271672,
9e0c15f7-6e1e-468c-aedb-37fcce6194ab,a150d376-9e6d-40cb-957a-721c9651f10f,CNRB,3787742589816816,4,485750666,
9e27fb2a-2e2a-48c7-a53f-d0e45c8c1ab9,17a231c9-a738-420f-8e1a-c8bdbb06c113,AUBL,7943544820636357,4,-2069836,
9e9b3c76-9543-4118-af0e-280319b6e7cd,10a90955-3058-4c1e-a02b-f60d09f6a3a8,ICIC,7602352004214978,46,17560062,
9ef1d69e-1131-4be0-9b0c-5207b0c5851d,b8b984a4-5004-46c8-9a03-c7c9d59f31d3,HDFC,1550433131433057,46,-2762833,
9f009d92-c5f2-486c-a1bd-941c109d7b22,11c4b98d-2e0f-4b87-adff-983a6088acbd,AUBL,5872266922461633,4,551455293,
9f90cf40-a5fa-4873-ab3b-519af3391159,10bda8fd-8c90-41a8-bcf2-67f3beaeb1cd,ICIC,943298929826132,21,-1054739,
9f90e24f-45e0-41d2-bc9d-204b6b347ff5,6fd58d9d-336b-4c10-92ce-3e6a4fb7d0c6,UBIN,8171079871613082,4,624307907,
9fb42c3a-c8a2-429c-8bd8-606da6e4be29,831317a1-ad90-4d76-9062-199fd66e4fe6,UTIB,3090030053588797,46,746913946,
9fd04baf-ba03-4e63-a936-799fa727b098,bb46456f-c956-49cf-a495-a857e77abc3b,SBIN,6655898016204450,21,508256316,
a00d8daf-239f-49ab-92a6-d102f4fda33f,865b1ae1-186a-48cd-b849-fcfccfb97288,HDFC,101697234766518,21,-4206816,
a024959b-57a4-49e5-b0c9-9468e602c59a,29937b85-0d91-45de-b937-9372d72b093f,SBIN,7088029012808500,46,400355157,
a061a768-5448-4c45-bc62-4281d8b6040b,7d5de9cd-c739-44a8-87c4-5b60c491bec3,CNRB,4030364100921434,4,541613353,
a07901f9-9d32-4a1d-bc89-61abf4beed4a,ad583945-9115-405c-8ffb-a559a251489c,SBIN,3951938609351989,21,818041621,
a0886340-f793-406f-a94b-e2ae1eba2f2b,b9ffab4c-f06e-4608-8423-b5651080dc83,TMBL,9060203227158441,4,940600719,
a0bfa2cf-622a-46f1-a819-549837937d9a,1aafbc6c-0629-4c8b-a52e-850aae0958a7,SBIN,2998441568950529,46,700326082,
a11e610a-b1de-438e-93ee-279257c48804,0c9f621b-c87c-4701-8f32-14d00f1904ba,ICIC,535448263702800,21,120972727,
a1d51934-64fb-453c-aac7-f0507be37524,a4806683-cbfe-41b4-a7e4-e7f7cd37592f,ICIC,4216787095891411,4,181906608,
a1e3aab3-cf93-4173-b153-6f8d0331ce39,4680ea25-e1ff-4e73-b060-b8f5d387c9ba,HDFC,7280292323621984,46,876307761,
a22110c4-8fd5-419c-be1b-c119c12266f1,e6f9c996-aa7b-4ddd-ba57-05d94c8dd4a8,HDFC,744239815677831,4,14204125,
a2e28181-6b6c-49fb-80f0-0258a64558be,d65ea599-bcfe-4d26-ba66-ab03285df164,HDFC,8926033192732738,4,23903528,
a360737b-79e4-4cbc-8fec-48a3b85ee2b7,9d3e456b-036d-43ac-b200-c729a6bf72ff,HDFC,2161333611029930,46,915353259,
a36a9ff8-f379-4df6-9f1c-39d71396a787,a97d45b9-f4cf-4e26-9f70-a878107e1387,HDFC,3123639110912539,21,284164561,
a3788c5f-0d0b-4f0d-988b-029a2684743c,6d0517ef-e343-464e-ad4a-376cf4e5818f,HDFC,4416861416820992,21,-4715059,
a3a97df7-154e-42a0-9eeb-c3b8eb98bf59,6ec02595-9c35-47df-a487-dc1233cc650f,SBIN,2630240542484737,21,0,
a3b9f913-9cf9-4533-93cd-3fccb5a99fee,018d1578-5255-4ccc-9a4e-40c79cc7b17f,KKBK,9167556908754669,46,860733411,
a3d0c12d-d517-4f49-b5e1-bc97f89663be,dd215e17-ff1b-4784-94c7-31fb47003e31,AUBL,6074320379481498,46,463260184,
a438dc73-db23-4a56-8b7e-3e2b34382d0d,b7b7f92b-237b-41bd-a70a-219a96e1ed37,UBIN,4562607968455435,4,-3699783,
a44fe76d-5fa3-4625-a954-c51e0785493e,4057cdcb-5d0e-4470-b681-022056150cdb,HDFC,838310863714698,4,197311481,
a4a56aba-2ea7-4939-bb69-e47d40250ad7,10ff35f3-75e6-426e-b6d7-94477013592c,HDFC,8052198789978985,4,606655813,
a4dc4aa1-fec0-4daf-8937-bb46caa6793f,2f1c1239-8cb8-4fee-9732-303bd0149c55,UTIB,7252368808138354,46,-1391844,
a552e5f6-112a-429e-ba1f-59ed94265726,385ae4b4-d273-470b-87cb-ef4221dd5089,HDFC,9103229408622090,46,74532393,
a5afafbe-8cc9-433f-89c6-e785250ac7fc,73d8cbe9-cd2d-483e-b0b1-bbcb870776f0,SBIN,7675885493327194,46,933587138,
a66ba050-2993-4694-8b4f-3ac2bd474900,37fdda80-42a5-4cbe-b24a-98385eddefcc,HDFC,3717380598302664,21,846344192,
a6d06594-2aec-4dbb-8d25-a980a46a40b3,31b40301-94f3-4e36-9249-d20bb998df52,HDFC,4502092539363683,21,344775483,
a6d476e5-bb77-4acf-afc3-7b5eb301930b,30f07592-13dc-4087-b757-a8203dd84ce3,UTIB,5573109197119167,4,457598790,
a78dc517-d987-41f8-98a9-6d8bbfc362ed,13bb00f1-5cc4-442e-ba0e-0dbaa68fa441,HDFC,1620773817478285,46,970860426,
a7a6e3bf-65c8-432e-a9ad-2edf49b96e77,b926fab5-29fe-4fa1-8921-0aec48b4847e,HDFC,1809274894701397,4,173023916,
a7c7ac3b-649e-45af-93f6-2c89fc7699e3,dd215e17-ff1b-4784-94c7-31fb47003e31,HDFC,3173961162796328,4,578730874,
a7fca901-10fa-4890-999f-4021f1281941,d2695a05-dfd2-41a6-84a0-237e0780c48e,HDFC,8800633125857669,4,249795234,
a8159276-30df-443c-8cb5-4cc4397551f2,2400579e-14fc-413e-8477-998b4ac6751c,HDFC,5113123608737721,4,66132928,
a818598f-5aed-454d-8c79-f5b3fa5fd22f,914615c6-53e8-4d74-b054-3c2161edea26,UBIN,5409641971276105,21,863618861,
a85adc0c-4fd5-4f21-b866-e2b283360df9,018d1578-5255-4ccc-9a4e-40c79cc7b17f,UTIB,2670050317958835,46,513306626,
a88efb95-383d-4f47-8c28-dfff4b6e6b5a,d127e135-68ff-4959-b432-4b4fa4c6ea5f,ICIC,1525703018582747,4,503940422,
a9e2adb2-12dd-4d92-a9d3-e9b2958648a3,ac33958a-cebd-47a7-a5cf-b5e212628cce,SBIN,6423076302664959,46,863599107,
aa0a5b33-b8d5-4321-89d7-2c8e152d4037,325b5548-b79e-4ac4-b734-f668de0b4050,TMBL,3853638501623338,21,924293032,
aa176bc8-d158-4108-986e-17aecbaa50b7,d9317a64-84cd-4646-890e-3217dfccc6af,UTIB,7235651322403900,21,619574391,
aa1ed953-8576-45c2-a953-c6a7606754a7,2d413543-51a1-43af-9fb3-fc40ab24af28,ICIC,4328564562293559,46,85663855,
aa8bba02-7f80-4a2a-a7b0-b5fcd49bbcc2,b86be687-dd47-4bf4-bf28-66fcb0932362,ICIC,5520290992954888,46,113843605,
aac4c38f-d29e-4e7e-af14-fca5d82beb5f,5bad639c-86ad-4b6e-ab6e-05178ee317b7,HDFC,5431753767626980,4,-4070408,
aad018ca-2eee-4200-b134-b1d13b82d0e1,535be441-dabe-4e99-ab33-dcb6b90f6ba8,SBIN,7407852537669046,4,464130679,
abcf6584-5d42-41ee-8c69-3f248c249c7c,55d933c0-9697-4fe4-8809-d5b0cdcdd602,SBIN,6984364782930686,4,910198860,
ac43c3a5-17c5-4cad-b467-4ba53f0c92d4,79566333-7dab-411b-a687-674d215f1794,ICIC,7905855424275561,21,599581896,
ac8643ec-c22d-4f5a-9f09-3389f189d974,9a0e0c55-90a8-4f14-a966-74d81f16e0cd,KKBK,6723138062961496,46,370832517,
ac9e75c7-bbd6-4faa-9e03-1d9be9134a7f,c27a6bf9-c2fc-46a9-a7b7-2ac4504c6e01,UTIB,1876542848779055,46,498330797,
ace5c2f3-95a3-4017-9f6c-ed8b6e7aeff9,166ed05b-735f-4d77-9222-c5dbdbd5d7fe,UBIN,2493316485063343,46,271804784,
ad194578-7ee2-429d-bea5-092d9938899a,c68a78ee-84e0-4b48-9a88-b22ee412455f,HDFC,5958438696835180,4,202393214,
ad20011c-44d6-4323-a002-c44eb095f4c2,8db38ece-91b8-4dd3-8c1a-11e82a0f3b36,KKBK,3673470807499118,21,546072654,
ad261f78-08fe-4f7f-8046-aff840ffef64,bf2881c2-1b56-4f12-83cf-61a8492b5067,SBIN,7512938703610075,21,971682759,
ad33f5e0-2377-47bb-a797-25ec45979408,90c7c1ce-e149-48e2-ab06-7ddcccc3bf24,HDFC,7967929885409533,21,771296846,
ad82b192-71ca-46e3-b07a-c29bc8b9e4ba,9f9ec3cb-08a7-4e53-92e9-9d99c00135a8,SBIN,2892126080608143,46,738361321,
adc7661e-70ef-4d00-9612-63189a630ac5,1d38c250-2cbd-4742-baff-f2c2b4cf7abf,UBIN,716541927757995,4,586073409,
addb7d2d-e8a6-48a2-a87d-2ef10ed3043c,4eea0ca0-1378-434e-a0da-241873a9b93c,HDFC,8298739009278621,21,31571903,
addc8395-0fd7-42cc-b5c1-6a0394b48cce,2a07b4e4-0c9a-4642-ac90-106885dfee13,HDFC,7277488641808077,4,528171593,
ae081bb5-b6e2-4737-92f9-daa32a815bcd,540254ba-b87d-4e22-8a37-f32baebc3659,HDFC,4944375373381397,21,792093122,
ae093aff-c18e-425e-accd-95347e8b3f37,0911873d-80ad-483a-8798-5f2180005087,HDFC,1419548580072159,46,272589384,
ae11f2d4-af8f-4884-9238-e24ddf24881e,35a6c41e-dc71-4819-8149-a680049df494,SBIN,8386215413188376,4,32595063,
ae28ca07-7c66-4687-a328-9475e3fdc51a,fe4886d5-c7ea-4cde-b6e9-251829f8e256,HDFC,1804613243060851,21,27944622,
ae3bff35-d96f-4a24-927f-d342e9282971,434e7611-4cd6-429c-be04-8237c4c1fa75,ICIC,9000021108763536,4,-2407438,
ae4c9c76-2f0e-452d-89fc-378ae2540186,4d5a6090-1e37-43e6-8b5f-540c6729a3e1,ICIC,9458067364192480,4,767694084,
ae54e151-bb12-4800-a83c-0e7e9df46a97,a51668ab-6d4e-44d4-9097-40c9bf27dbaf,SBIN,6713628793992770,4,411970781,
ae93a4db-add3-4f56-ad81-fcdb710e6f03,ad583945-9115-405c-8ffb-a559a251489c,SBIN,2485425449198720,21,510729168,
af110f6e-1db4-4e24-b07e-bda2032f0e08,a70957de-e182-4d53-96d2-73591ab6be89,KKBK,1338660020639208,46,0,
afb2429b-a9e2-4b18-b7c6-f339f705b915,169a6148-f10e-4e09-b2b3-7f9df36c5005,HDFC,2738626438404283,4,0,
afba3a14-acd9-4715-9963-b735b5fbb953,849511ab-5db8-4ff4-b78a-a362515a6def,HDFC,8215915613540776,4,939365379,
afddeb9c-02c4-4206-a662-8dc034dabdc2,f681dac3-8b6d-4d34-a806-bc939c1f11a3,HDFC,9966994788191454,4,-4977684,
b0326d3d-ed36-4bf2-9c66-18a58738e298,c5f17a50-2084-4e13-9d76-15d3929b50ad,SBIN,1637110198202726,4,-4302099,
b0964d56-3a48-4ac8-a6bf-f2305283ba40,bed0f952-170c-4409-8a67-4b856db365dc,SBIN,6199524442242341,46,-1163422,
b18f9ab9-02e7-4828-8061-8a1a65e92600,32566233-08b3-42b1-a470-615b7abf1ed7,HDFC,5423120732215161,46,400211909,
b1e68fcb-07b4-4ad5-a4ea-5dc6d6483ace,77de59f5-9f00-4ab0-a6a7-897a56478ed1,ICIC,4737496333110502,46,789418932,
b2ba670b-5635-4e64-81b9-57a8a9872863,2470674f-4246-4de1-8ad3-d64b211c74be,CNRB,6909613762004729,21,358924762,
b3009947-bd27-4081-ba9f-63464e8410c2,3020bfa7-7139-4acc-93a1-07a06f3a40a1,ICIC,9627324219280620,21,974700018,
b3aa67d3-f293-4624-965f-a825dc04b2e7,66b3b76a-f1ee-4d7b-9fc0-d545cf9e123a,UTIB,6655866474035297,46,-1543799,
b3c8515b-7921-458c-811a-d9d48b80cf40,6093138c-0b60-41f7-8b85-7906030cf5d0,UTIB,7571802371664862,4,848872331,
b4028684-7853-40f4-ae5b-af515b3b04d1,6cbee662-4b48-449f-bd8c-0de839e94a8a,CNRB,8267558650433669,4,599178704,
b43bfecc-6a5d-46c6-9426-fa8332011322,3a0137d2-f5fe-4cb3-b787-df0149723b69,TMBL,4490953267438950,4,544043783,
b441f196-9245-4a75-b8a9-a0148eed5afe,18321ff7-4e63-410f-8d0c-a419c4d02a52,HDFC,790703274709551,21,590961697,
b457edf0-110b-4c81-9e97-6ce1a9dd5fc4,b0c4781a-1a38-433d-b04b-9ac95eb6aa2d,ICIC,9344783821968389,4,-4133763,
b4fe3cb0-2d5d-41e8-a7cc-9797474d741e,a73d82d2-defe-42e3-9732-31aae76d9a06,TMBL,4091640181224971,46,286463461,
b51f9dde-32e2-432d-beeb-e62cfa9dca51,356f7ab0-8ba0-4bad-a359-7c86e5c42875,AUBL,7250345636372711,21,337323124,
b5258d18-1279-48c6-b1c2-a69dd1c23a80,ec122479-dcdf-4558-9e71-8a5e69618e44,HDFC,66065628344238,46,-2192053,
b59185c7-02df-4581-b2d0-188a0a93fc12,a215e0da-0139-4690-a003-6c687379a6bf,HDFC,8212994371842393,21,233930304,
b5a6da5d-7679-49c0-b71f-1339ee93df6d,c8e09ba9-0fe2-455f-bee0-bfa604afd73d,HDFC,6292802887846176,4,505707175,
b5c8c4ee-97c1-4c4e-a8f2-1c1445c623ab,e063a7d8-68ae-40ed-80c9-c361eee4bb27,HDFC,4093474867058423,46,585522311,
b60d8b54-96ff-4cff-9b87-1df0f461ccdb,75ca11f0-2dcd-4451-83b6-593f1976c657,KKBK,3228581372257936,21,0,
b68c7554-8484-4bcc-b322-5578a25f3774,81243305-ef96-417f-84ed-9dfd18b99137,KKBK,5462605235055560,21,0,
b71f75f2-c8a8-4d73-96fa-41063cc8a658,bc53c713-7bff-4cf7-8fe8-c2cba61f5933,KKBK,265758022888904,4,346430025,
b72a1b09-4ba2-4b24-9435-e275de70d3c8,a215e0da-0139-4690-a003-6c687379a6bf,UTIB,9633692071293531,4,556687222,
b72af847-f82d-49cc-aae2-46fe04f8b5c7,a48a6144-5b32-47be-9d18-48ac3502201a,HDFC,7040142915410920,4,0,
b7aeddd4-132d-4e44-a12c-288cf0c2fa19,32566233-08b3-42b1-a470-615b7abf1ed7,HDFC,601256630196924,21,409206519,
b7fe96c8-e78b-4003-8d1b-2288a70bffab,6c377997-bace-47cd-bb73-cc384de0edb9,SBIN,6313846405564875,46,975601632,
b8039e6b-cefb-41f9-babb-e413a04afb7a,5572964c-62bd-41df-8555-9b6928a48472,UTIB,5857140905173809,4,549097785,
b83fe644-3d23-447e-ba42-4fcc236175d1,fde871d8-3016-4e2c-aca5-f8d4ad1e1bcc,UBIN,7909622620681279,21,382312690,
b860fd19-e0ab-48ac-a475-5c0ad4f5b278,b98e30c6-3944-4487-80f4-dd25890ae6e4,ICIC,4679787314489138,4,873706688,
b892bcb3-6503-46de-9b49-e705f578a814,c2c9ea95-2046-464d-a8d6-13b69a1ef8ac,ICIC,9188763674794398,4,275897043,
b8de5b74-31b1-475b-8a8e-c5fa403afb35,e170ffad-68a3-445e-b4ce-b05fa9dd9c43,KKBK,9356765832919652,46,843376646,
b8ecc4c4-ae12-4637-a277-bcf4f69d2ea5,ae43f8c2-d590-4ae7-91fe-6c0b0cf6df28,ICIC,6078920871267764,4,27373597,
b94879b3-9f81-4a32-a027-dd785697ac86,166ed05b-735f-4d77-9222-c5dbdbd5d7fe,RATN,3549587378658923,4,134360936,
b9e4ed8c-bc2d-4200-be9c-7decc8a55915,ff236dec-251e-4d6a-a937-10468ed829f3,CNRB,820007210716849,4,764728488,
ba0ebf17-0bf5-473b-8aac-ea30098ee733,c854ff30-36c8-4e7c-bbcf-9b4553020d73,AUBL,2773626241819414,46,123105550,
bacbe736-3f7c-414d-9f59-d149752a9d96,3e461d7e-df88-4809-a9e1-ce7e9ec3d267,ICIC,5224136595080096,21,46191288,
bb028cc4-0d56-4169-8e07-12d3f2ae45f4,5cb6191f-37d8-4579-aed2-f8f8e17a5831,UTIB,2404018649351100,46,743342936,
bb6edffa-6151-40fc-b400-99fe8fcc55b7,e6f9c996-aa7b-4ddd-ba57-05d94c8dd4a8,UTIB,3433650783756209,46,238658321,
bb9813f9-df37-4c17-b4c4-139eac431df8,36c1bb6c-ade5-493c-9ee3-4e178b3db62e,UTIB,947104100241371,46,751955879,
bb9ad8d2-dc40-4297-a1fe-862ffd4b89f9,30f07592-13dc-4087-b757-a8203dd84ce3,HDFC,1938956306552233,21,877834213,
bbceb395-6f60-46a2-9fc4-f005fb6754da,c1c2318e-bdbc-42a0-adb8-a96b883fb116,TMBL,4263537594511375,4,755585539,
bc862719-3aec-4993-a88d-3179cc6b096b,bdc729c2-4b69-48ee-bb9e-00a96c0cf1b6,KKBK,3713965445346361,21,438495125,
bc9f6657-2b12-43b9-9321-9ae3dc457dd6,d0c79745-977d-49da-bac7-3d5d419c6065,SBIN,2058460819297892,4,875411752,
bda9a7f7-ba90-49f7-9770-7714b8657e19,f93eda53-ea04-46d7-a7ab-46d6a95287b2,UTIB,401613998190686,4,983975825,
bdf764a7-6434-4e31-ad34-1949707f34f5,8e17b5fa-aeb8-4cb1-a9e4-5d7bffd118b6,RATN,6435237140048149,21,283452779,
be2c9747-336f-4a04-a9b6-646292a4cefa,a48a6144-5b32-47be-9d18-48ac3502201a,CNRB,550383335240047,4,0,
be3241ca-0b4f-4346-84f8-dc2383fe8cb4,bdb8ae8d-1544-435f-bf86-851188ea88db,ICIC,8333393247820608,21,728754063,
be3377c6-75fd-4a29-a81f-76d50a620b82,fc6c857a-5430-43c1-bc8d-723f4c55de72,KKBK,8971316768314805,4,501805804,
be94d7a5-e357-487b-92b5-d795f7b490c9,5fdfd2b6-d555-42a4-a80b-51609fbe9fa2,UTIB,7056644490237380,46,729608918,
bedff3b7-51cd-4ea2-a16d-82257123ea55,e71552d5-dfc1-4614-b21b-019be8d75bd4,ICIC,299692822282212,4,621660337,
befcceda-b8aa-485a-955e-e3897af81ddb,be4e55b6-96ca-4574-bb0c-fadbfbf20931,CNRB,2277835184143969,4,989062213,
bf0ebd56-7d5e-47f4-ae1c-b9ecda398ce1,402354e8-1c08-4006-b3a2-aa46a232d17e,UTIB,3928842907702712,21,639203417,
bf2d5fef-7bc0-407f-bf9e-d952020baed9,bd0589a0-f05b-4e1c-9a60-96c715544447,UTIB,5935807226432650,4,571931950,
bf37f326-0714-4313-a4b4-553f1b0227aa,3b5e80c5-0377-41d8-9742-66c3c5cba333,HDFC,4567644672989140,21,472047734,
bfdcdc30-5dc4-4fac-9046-bd0076f5baff,7a74435c-bcf2-4c6b-9395-15eaf72003f2,SBIN,9845996647859941,4,469124332,
c0320e65-018b-41aa-bff0-95092feb855d,385ae4b4-d273-470b-87cb-ef4221dd5089,SBIN,729833007511478,46,840852319,
c03705d2-b645-46b8-a941-c301dd694bdc,64656221-463d-478a-9230-58129542ce52,KKBK,1469977604923350,46,0,
c0d02983-0f7b-406a-bc6a-c0aa07947827,853f4382-657b-4fc6-873e-78c825f0c92f,AUBL,6880683267003455,21,352619380,
c124b532-21d8-407f-b694-8f733f75ef8a,5922e7ca-0bf0-4080-ac89-4e227437bb03,HDFC,9103945629728818,46,0,
c1306101-5b9a-4725-9362-1e3d9f8a3d8d,4f1b7328-8b7b-4b09-80b7-688b2e2bd4a3,HDFC,7712723886119626,21,224214713,
c17d39c2-d3f1-4ed7-b5d2-b7c3871e3784,716a8c18-2c10-4087-bddf-7b9a54a5171f,ICIC,9250314838307959,21,277039252,
c1a4ca35-2f8a-4884-a706-e9b93381be05,51e61f76-197b-4c29-90ea-05cd62241f3c,SBIN,6297450009910375,4,446289257,
c20d7d41-e8cc-4d2e-911c-1313e9fd00ba,5e1f1fb7-2bef-43fc-8130-beeda27c01d7,HDFC,8058546081219405,4,-2911827,
c2ef1e36-2c86-4bfa-9eb2-a9ba7155e811,77ac05d9-991b-4c92-9556-1f0f0caf4155,ICIC,6034324085779884,46,262744817,
c307e448-1347-4e63-b754-8b7d81fc0a45,d1c4cec4-a625-4bb6-9590-d90ef78bc0b1,HDFC,8681961454051962,46,838470222,
c351ddf6-e374-4e55-ab97-996f931da03c,d34baaf8-9bc3-4e55-a829-5c22b6902f67,ICIC,9563956694013098,21,833642164,
c392d24c-2e1c-4bdd-a6fd-5f6570258eb8,03a17ce1-9b5f-480c-92b0-59b1fc43eaa6,CNRB,832975155261364,46,0,
c39db71d-4924-47a8-b432-8321037aa024,b0c4781a-1a38-433d-b04b-9ac95eb6aa2d,HDFC,7993103124989686,4,209512112,
c3def251-5147-4a9b-accb-66c33793d698,869bcc24-1721-421d-be9c-e0ce4406ceab,SBIN,2531244491635395,46,948605693,
c3edd364-f1da-42e9-b9af-7cfdbc34c750,4123eea1-a595-4ba7-80ba-c0753536506b,AUBL,6593705144208743,4,527073616,
c42041c8-dcf1-4aec-80ac-9fe294c71467,fc286bb4-a7cf-46a9-8905-d5dfadf82b73,UBIN,9392949896194293,46,-737463,
c48ca828-9cc2-4e4c-bfc3-f9b5c2500405,7eb380c9-daeb-4e4c-832f-ae2dc8516f9d,UBIN,6273195572856140,4,-1632719,
c4a7bfde-49a6-45dc-8d13-be990e123388,d85bcef4-b1b3-44f5-b8a5-8c6da0ed0cd7,HDFC,2572192423795735,4,346165756,
c50bfd5b-7383-4702-92d6-f81cbdbd8a12,bded2614-d1cc-4f23-9fd9-85abc2f5c9c2,SBIN,1156353962128399,4,575620741,
c54ef01c-d389-485a-b7a5-5d97ffcef98d,5a5d206d-b51a-4f07-8fea-1a725958e62c,ICIC,1389196293527735,21,629694583,
c56a6f4c-a210-41d8-a80a-eb6e0d3cae3b,d2f2005d-fb19-49d9-b159-d4acc09395ef,HDFC,7814387622008626,4,-4826928,
c5bb820a-a3df-46aa-ba10-58870e86e2dc,7f67c9b6-0f32-469a-8909-b28c928a420f,SBIN,6937779390417053,4,476188938,
c5cf3ddc-6ed8-48bd-bed9-2cfccd60e705,c27a6bf9-c2fc-46a9-a7b7-2ac4504c6e01,SBIN,7711832957430687,4,87415231,
c623560a-87cd-4568-9231-e49780efef5c,cb4b6b07-3bae-461e-b9b3-cecac68697a5,UTIB,85001086795090,21,174805377,
c6587ad3-40c4-4499-9c99-a3010e625849,d5dabbda-ff9d-42f2-a19a-95aa3ea170d1,UTIB,2061819340796854,4,0,
c70711fc-371d-4710-a1ed-1fcfab20d48d,9bf69000-bd34-4fa0-8734-2855074b48b9,KKBK,11022806487120,4,162153918,
c740c46c-ffe1-43ad-b455-b74198a812d5,1ca17379-510d-492f-b1f7-0ed9c9b40395,KKBK,2861724129928525,21,0,
c76a2b82-ca10-472f-8adc-3e9a4bb1cdf2,93e26baa-59d8-4d9f-a8e3-e5ab9fe83f24,HDFC,5621491667333178,4,0,
c822b274-6f2b-4dfd-8832-59afc4cf8df8,311046ae-0ec4-4931-894e-447af978d07c,SBIN,362321688344431,4,1940447,
c8299ca1-c9cc-4a56-994c-204e0872dc92,f93eda53-ea04-46d7-a7ab-46d6a95287b2,UTIB,9879177702081503,46,294049988,
c85d7873-f374-4174-84d7-a3225bd0e208,fd14dfa0-e883-48e7-a1a9-b5886aedce00,HDFC,390793967421472,21,886441337,
c8f56a19-21b1-4eb9-8110-74cc2b2f5d63,b4b04254-63af-446c-963b-02ab8e0bdee0,KKBK,6039406951653054,21,889992700,
c92b06f2-beb9-4d0c-872e-a4b5678e07e9,fbf721a9-563a-401f-b75a-868e6158bf30,ICIC,6336790376412790,4,717760236,
c9528463-f54e-4286-822c-bcea481ec4af,5a7566f0-e2d0-4499-bb9f-1b22bfd4cf83,SBIN,239990584282967,21,915613274,
c9ae69c7-7998-488e-90e9-a5b8cb8f421f,1660b6f8-025f-41dc-a8c6-29414f2d9bfc,ICIC,3254636021098189,46,78733008,
ca1e2589-4575-4331-920a-1a06f2aeccc4,9db1ab54-dc95-4e16-93a7-db0d8742c252,HDFC,5970841530604404,21,321162807,
ca4c3e95-608f-47e6-bcf3-0b2cc3383a48,c0031604-f3c4-4d2a-a0d0-02d165600abf,HDFC,2630286872174111,21,927544852,
cac94e09-5c3b-4385-a88b-c666d6be0ce5,ca3ef5eb-57cf-4f4c-9e44-a69091c1536d,KKBK,5330112708380581,21,782075112,
cae2a2b5-12be-4514-8392-70dd5e90985b,80a043c6-1c73-453e-a6d0-2534c118ae7c,UTIB,7860149127106554,21,833713118,
cae978bc-6048-4202-980f-f25d3c412ca9,d0ff2b33-adc0-4cf4-a653-f9c143627a8b,SBIN,1899030778448598,4,870255254,
cb0ef648-9132-44a2-a2ab-4a3ed06ab4df,a97d45b9-f4cf-4e26-9f70-a878107e1387,UTIB,3110952951976571,21,49086306,
cb2dcb66-971e-4454-8810-31add21daedc,16d53cc4-1e7f-43e4-a0fa-13b210ca5f3c,KKBK,3897844791674917,4,448586096,
cb350bfa-9e80-4e14-9644-f9112b9e1423,be4e55b6-96ca-4574-bb0c-fadbfbf20931,SBIN,3751115328926966,4,724380620,
cb60b0a7-bd9a-42da-ad2f-6d81d62eabc0,9f9ec3cb-08a7-4e53-92e9-9d99c00135a8,TMBL,2788710173312016,21,194367723,
cba311c1-d27f-469b-ba57-a013edf1f827,3c7af48b-2305-4689-93bc-30a25beea17c,HDFC,3421172692932350,46,2533413,
cbbdfe42-6c7a-44d9-b5e9-ed6cc7cb5efe,fd14dfa0-e883-48e7-a1a9-b5886aedce00,HDFC,6173225665205300,4,482359141,
cbc4e3a6-84ae-4ab0-82a4-724df3f415b8,f9c54093-78ee-414c-93ba-eb46707b66b3,UTIB,4173816576824877,46,22799623,
cbe3b93c-1b15-4402-8173-2aa5cec4ee61,27cb0dc7-ccc1-4e84-9b9a-aa880e8646fd,SBIN,4539059633136577,21,87390749,
cc30a9da-4c47-46cb-980b-35bbf3481c27,2470674f-4246-4de1-8ad3-d64b211c74be,ICIC,3553048785049415,46,966002917,
cc6d3912-1975-467b-b3bc-cac098250994,17d39e72-b337-4dbb-ac64-f02f51c09690,AUBL,9064787376392397,4,574625611,
ccae42c2-ab85-4f3c-b813-cc9bcb2e8dc8,0ed37547-ad18-4bce-9133-7e7bbbae1df9,HDFC,9632180673353690,21,227026029,
ccde89a7-4749-42ae-8f2c-48790395c955,82a2ee5b-4de2-42be-9b87-e8932a53bc66,AUBL,7180812668194489,21,0,
cce9b8e1-50cf-48cb-8679-13fc9046710d,ae26a48f-07d6-4ad5-9028-f9bcfa7f6381,UTIB,9262952552438893,46,648529570,
ccfc8291-f289-452a-8647-93604ca05daa,f49412a8-7457-4e45-9bdd-8dee538f87b8,SBIN,3988266401480314,21,919894666,
cd9f6019-b20e-4f4b-aa5a-7a6caf0d9d2b,5fdfd2b6-d555-42a4-a80b-51609fbe9fa2,SBIN,1677682131203738,21,-3806929,
cda9151f-fa55-4ef1-870c-19ee93991e78,b7e0d8e7-c4e2-45cc-9dee-e1b8cabf2e63,CNRB,7028919246586966,21,0,
ce55fa10-90d0-4841-838d-5c2b57bd8fcb,04d9429e-da4d-4e3c-beab-4efabdd792b9,SBIN,391095644186918,21,412458852,
ce6e3729-2020-4d5d-977f-41cf6232b6d6,c2c9ea95-2046-464d-a8d6-13b69a1ef8ac,HDFC,7235361208046599,21,-1868088,
cf2663b0-5ac1-4589-ac30-6fe975ddd431,37fdda80-42a5-4cbe-b24a-98385eddefcc,UBIN,8870914736907075,4,581773529,
cf555686-d266-460e-9fd4-7c651fa38821,8e17b5fa-aeb8-4cb1-a9e4-5d7bffd118b6,AUBL,9476149982532289,21,864339364,
cfecbc11-d4f2-4592-84f7-f11415674a84,ac33958a-cebd-47a7-a5cf-b5e212628cce,HDFC,2941167793328407,46,205646706,
d0381996-1b03-42e6-b8cc-d478c21d3edc,d14469ae-1190-4204-93fa-4223d63127d4,SBIN,8979521481101073,21,-4284085,
d03d7bcd-cb5b-449b-9731-484898a6bf3b,c8d400c5-aa59-461b-9f74-605aa1c4ceca,HDFC,4588507749520779,4,0,
d03d9807-93d5-4689-8433-c24ffdd404d5,0b6bc44f-8b19-4eb5-a7e6-9e19bd39920a,UTIB,2002735775613526,4,869434073,
d050efa1-364e-4a09-88f4-5edc43f06218,9a0e0c55-90a8-4f14-a966-74d81f16e0cd,SBIN,9437150794409787,21,407859978,
d0ad87ed-cb0c-4440-90cc-698d766775fb,a4111d46-ce3e-439f-903f-979d46cee417,SBIN,8183666503809577,4,-505255,
d1172486-6205-41dd-8569-b37099511dcc,bd0589a0-f05b-4e1c-9a60-96c715544447,KKBK,9131135244262290,21,-734247,
d13c023a-c1bc-4d14-85c4-9185fb305a5e,37147c66-3dea-48c8-a3a8-4f0639f8018d,UTIB,5612041201682023,4,515136951,
d1a6097e-d124-4b7c-9f4e-c30356f6f3bb,32b1ca65-ec80-43af-acc5-5e7035944d83,HDFC,9142430805585525,21,-3806508,
d1dfe909-9c49-4601-b469-b9d3f4afe73a,901d0e61-fe2f-4090-8d9c-ba670a05844c,SBIN,1293971430622133,21,0,
d21d432d-0883-412c-9c5c-51a984721f30,a215e0da-0139-4690-a003-6c687379a6bf,HDFC,5454367775611089,4,596341923,
d23d3e9b-8f43-4a10-990c-6ce1fc33af37,cde04e2b-e486-495d-8147-ce2a70709d33,ICIC,9445659670886505,46,0,
d2870253-9acb-4c36-a6a6-e38d0eb6c842,31d8ee0b-4c28-4642-ab62-36c59d15d0bd,UTIB,2925546735684173,21,257924181,
d2a36808-4953-482c-a07d-b5e8a20b5d5b,8e1fdb57-f506-4f0d-94e9-3806fa7b052a,CNRB,2461287978079558,21,-1452669,
d2a6d8b7-581a-426d-87b0-e3e44a0d7b2d,ae43f8c2-d590-4ae7-91fe-6c0b0cf6df28,UTIB,3214333405497883,46,104370039,
d2e19cc0-637f-4ccf-a3e5-6b2d47a1b452,8ab97360-b809-4571-b0e1-b6043b895d22,HDFC,6768039799633246,46,223568130,
d2f492b7-9432-4091-acd8-86f09782b44b,831b2915-127c-47f6-a8bc-ce91b873aa54,ICIC,9412489425742631,21,-532725,
d2fb0e08-d0ba-403a-a31d-d9d5e501f177,f0c6de9f-6bab-4d74-bc5c-4c3596fd3a7d,AUBL,179635338632153,46,818989329,
d2fb71b7-ea2c-4328-bc33-83238b904444,f18a063a-be63-42ee-bcf8-289bbaf00111,SBIN,6057413283253220,4,336451704,
d378190e-0240-49fd-9077-f94ab4dc3dcb,e676986d-eebb-4d60-8b9f-aeaaaf10f5d4,ICIC,2784201037032771,21,240906659,
d3b1c424-b318-4ada-88a6-a1638acba296,356f7ab0-8ba0-4bad-a359-7c86e5c42875,HDFC,3069819616044175,21,954514121,
d3e8687f-72b3-4d01-bf1f-40e9e1debf3c,47cf0d34-7e22-4c17-ac53-f526ed853949,SBIN,4865142314095457,46,256667053,
d401aa25-b11b-404d-b0a3-6768e71a2f4f,1772a12a-98fd-469a-a9a2-6843142aa281,UTIB,6518742962204414,4,-4823140,
d41e8693-3617-44e1-8ad7-49b5d5101659,c36b61d4-d6d5-4f05-80e3-d5f97377128d,ICIC,6149040610174222,46,272744114,
d46c0f1d-e60d-483d-8dee-b208357f82c0,c9b2a6cf-34df-431d-b7cc-5d25ebc5de79,ICIC,1329272045623787,21,115565957,
d4811528-f1af-4b97-b3dc-296b6338bfc7,d9a343cf-3a63-4375-b923-96f4df0b1143,HDFC,1415348041858898,46,859874765,
d4c13d70-1ede-4364-aaf9-6a30d76edb56,b984cccd-9cee-46ca-9909-91c0f9f08b9d,ICIC,9916791458807411,46,448716878,
d4d68b09-6073-4987-a120-071f77972c58,e2809fe9-5a76-4861-83cf-d7c434a892ba,ICIC,3716724548728932,46,723431605,
d548fe27-7ed0-4c71-a445-12e7dc38dfab,bb46456f-c956-49cf-a495-a857e77abc3b,UTIB,6213080863164257,4,544572407,
d5580b48-14e8-4666-93cd-09f596e87389,8b1472c9-27e5-4c05-939f-1b1810067b10,UTIB,8439616294753866,4,205294945,
d57c11fe-b54d-4c2b-b3bb-b3c17780f0f3,4680ea25-e1ff-4e73-b060-b8f5d387c9ba,ICIC,4126555546863242,46,726213028,
d5928cb9-7db1-4a5c-97b6-0472efa43308,5c63b956-a4dc-4ff9-94f4-750cc2013d0a,AUBL,1016871973386050,4,979036161,
d5e8d4bb-6cf5-4bf3-8b44-ba71a28c5c3b,47cf0d34-7e22-4c17-ac53-f526ed853949,HDFC,9481954021297751,4,663458491,
d6452a06-5a2e-4d7f-b716-44d81058aa7f,2424a939-35c0-4b3c-9649-f917ba6c4036,ICIC,3486836015720422,21,690336345,
d66b10d4-04bf-46cf-a55e-e24b554afac2,87d4d180-1274-4df3-9c97-9baed9641fd9,CNRB,3738467634612660,21,394661762,
d6887b27-5224-4cd4-8cd6-8c066a7c8ff1,2952d14b-37a8-48b7-99b5-a4b02342c3d4,UTIB,4402240897329955,4,464910170,
d7fdcf9a-e2bb-4ccd-b27c-0507d2e2d713,11924280-7aa6-4da9-97c4-ba48663733bd,ICIC,2640343751136806,4,555330924,
d8210330-cd9a-4b3c-ba16-469e0447bcdf,b62d3ec2-10e6-4ccc-acfd-9d1a971f2964,AUBL,8966736105806621,4,586854351,
d938473b-08fa-4ea0-8f8a-ffa73ccb27a7,c5f17a50-2084-4e13-9d76-15d3929b50ad,HDFC,8046486062345017,21,839121404,
d984e6da-11d6-4d74-a236-7f669f92c64d,257bf837-55d6-482f-bc37-05be851dd9e3,KKBK,2232765919018844,21,-1623458,
da168b60-cba1-4c6e-bbbd-18dbff81046f,c70f8ed5-60cc-4614-911b-a9abab8a97fc,KKBK,6779623071158745,4,244309349,
da8697b8-d1da-4dda-8aa2-e96894c6da46,2a07b4e4-0c9a-4642-ac90-106885dfee13,SBIN,4441025256742936,21,826081637,
dac906d1-2efe-4f8b-9efd-c98f6b8f0b76,97c970b8-1194-4a16-9e22-98febfca4383,UTIB,1948726732133488,21,24192962,
dafccddf-8c09-49ce-8276-c568b01de307,3ad91970-3162-4322-a3b1-330f98b1b7cb,HDFC,629699111359713,4,301249184,
db257b05-4059-4a28-8128-86d68a5c6158,b4b04254-63af-446c-963b-02ab8e0bdee0,UTIB,9526253429615949,21,-2617569,
db364ca5-0951-433f-8ccb-560d5e79617f,b06492d1-24c6-4fbd-9a74-5097d173aebf,UBIN,2335426353461399,21,325004926,
db469028-4e5e-4783-9a9e-817958d1e166,ec122479-dcdf-4558-9e71-8a5e69618e44,KKBK,3861751168642975,21,829910151,
db47513c-c872-4587-99cc-54b4aa9b05bb,1391365c-3734-4e35-9b3e-82774793ae9a,SBIN,2960177580354328,46,-2165628,
db897f40-7ee1-45da-806a-b83f23b42e91,914615c6-53e8-4d74-b054-3c2161edea26,RATN,6789369632957043,21,873983814,
dba04abb-7e9f-4a30-b9ce-bebce5018553,80249602-7a9a-44e5-9518-257efa47d811,UBIN,1839976748777335,21,744398483,
dc1ea5b7-0501-4f79-b16f-388c09e7730f,d9e51ef8-a969-45de-af91-d83d05646e77,RATN,5202601650310314,46,638267543,
dc99a265-37c8-4079-8de1-b5eb59c9fd95,6030414a-2d52-47dc-8ace-f2a9dc717cfd,CNRB,1963248369968187,21,795290692,
dcf7ac10-e154-44d4-b11f-0055fe9c42db,44c303fd-3a5e-4870-9160-bb51a345223e,UBIN,5938219839502594,4,933626158,
dd472a40-86aa-4ce9-8334-7b3fbcb6129a,d65ea599-bcfe-4d26-ba66-ab03285df164,ICIC,3781815278812122,46,746895920,
dd755a32-ff24-4b6a-b6bb-cc307d14a2a6,4f1b7328-8b7b-4b09-80b7-688b2e2bd4a3,AUBL,3986676271452122,46,481523606,
ddefc29a-1174-4c40-9107-ea949a48b98c,324a25eb-29b2-4217-8db8-c19d14457530,ICIC,3942755086177558,21,145919128,
ddf1162f-dc11-40ad-8c2c-3d897442bba7,b4b04254-63af-446c-963b-02ab8e0bdee0,ICIC,9253160966917436,21,493104705,
ddfa0c9f-075a-4b3a-ad37-ad341d736be4,216d2aac-50b2-4a3d-9750-0bba47297079,SBIN,5830386402052969,21,376308325,
ddfd356f-eeb6-4115-ab31-31b9a4575b6f,81b46001-2225-48b8-bbae-4a5dd769afcc,SBIN,3316421895896494,21,-74299,
de47cf01-323a-49f4-b5df-8a7629f079f0,ad583945-9115-405c-8ffb-a559a251489c,HDFC,6199125726809841,46,-1058612,
de54b577-544a-4c03-9f43-962f0a097676,6ec02595-9c35-47df-a487-dc1233cc650f,CNRB,9183621458510922,21,919768789,
dec1a6d7-1617-4c50-b1fc-8d310ad9235d,c999d05c-4b0e-4c2a-a1da-dc4615762619,KKBK,166644650333888,46,850531245,
df01a968-d85b-4cdf-b62f-ef94cfcf9dac,361c3f15-89a1-4ad2-af1f-655471a51382,HDFC,8793853233443545,4,808616149,
df677ddf-f932-438a-bab4-caa6ce5fbc91,111e897d-0645-4146-aeef-f23d3a643b9c,KKBK,3727233613738602,46,571128654,
df6f127f-73d0-4efa-8e75-cd5c33724fbc,088498de-11af-48b1-a6dc-b760bdea54d8,UTIB,7876969106214001,46,165278131,
df738101-4892-4d79-b7f1-e7fe1288fbec,6ae23846-1343-4cfc-a434-93f950943784,SBIN,6385885912521284,4,0,
df99e1fc-c745-497a-9886-638c8b6be69a,dd6ed04e-346b-46af-99d7-e4ed38ba2877,HDFC,3158097239017991,46,-1239263,
df9f1ade-63f6-4321-9ed3-3b68d7e80a88,1391365c-3734-4e35-9b3e-82774793ae9a,UTIB,5930270237761677,4,670690595,
dfc3c466-3dba-422b-9b18-048e6a572be1,4123eea1-a595-4ba7-80ba-c0753536506b,SBIN,7386796441652768,21,0,
e01d239d-2042-4f49-956f-69317007d3d1,f18a063a-be63-42ee-bcf8-289bbaf00111,CNRB,6360447831959026,4,348220241,
e0313a91-6ac4-47c2-bce9-70b14db16cb4,b0c4781a-1a38-433d-b04b-9ac95eb6aa2d,ICIC,1472843205160217,46,905871209,
e044f68e-cc13-455d-aa92-bf70b026b3af,fc286bb4-a7cf-46a9-8905-d5dfadf82b73,UTIB,4533273558214036,46,106309980,
e06f4ea4-62b5-44c8-bfe8-5a5e804548ff,6f4155c1-a9b7-481e-aaca-41b6a565d009,ICIC,8550787587350298,46,403227747,
e0a3482d-0592-4d6a-b8ca-48f41080a1c7,d5f4a3b9-9d4c-42a8-965c-825056ffaa0f,CNRB,8850300213429980,4,703886076,
e0c373a1-0e02-4b68-9a39-c41977fdae01,a4806683-cbfe-41b4-a7e4-e7f7cd37592f,HDFC,8548714326161534,4,527728315,
e0cbca88-1cfa-4a99-8761-bc9a58b106b5,1dad98dc-0ad7-40d5-95e1-9ed81b9d49b4,KKBK,435052433190409,46,-433686,
e0e84395-b2a0-40f8-a48f-cbcf066ac3c6,bc2f6241-b104-4ae1-90d9-691c0961159c,HDFC,2187841361709954,4,260429838,
e16a8579-862d-47e5-904d-8f79355bbf90,3e59634c-3983-410b-b5ad-8f067335cec7,HDFC,1823163525647825,4,-793947,
e1c5fc6b-2fd7-42cd-8e81-08c0fc689470,5bad639c-86ad-4b6e-ab6e-05178ee317b7,RATN,760448136659964,21,188756734,
e2143816-1996-4aff-8b92-523c36982d0e,ed00f68d-6039-469d-bb2a-4e6c6b7bc28d,ICIC,1255869221444666,46,308119861,
e21c1526-bb6b-4b0f-a866-549ce60453e4,162c157a-e64a-48b9-bb32-0f27e65cf04e,SBIN,8218735325507596,21,694338795,
e3408600-a59b-4789-8789-97460e4557c9,f8895c23-d33d-4298-bb74-25f15b2d863d,CNRB,7881921358292398,4,51423201,
e3665801-88cd-4bdd-886d-4edbccf73220,47cf0d34-7e22-4c17-ac53-f526ed853949,UTIB,1906096987276547,21,509171568,
e3b18ec1-9290-4a72-b94d-6b042328f64d,67c90aa1-4621-4c64-88cf-9dd4911b63de,HDFC,5768760087840717,21,756309104,
e3d6a17f-19dc-437b-b87f-493ee5593231,35b5aec1-ff29-4415-972c-d99d00909f5a,ICIC,3339716475596921,4,-4444863,
e3e672d1-2c00-4d2b-96e0-61a87d53fb7d,169a6148-f10e-4e09-b2b3-7f9df36c5005,UBIN,839652901123815,4,69253700,
e3e9fbd1-194f-4dcc-bb54-c971be15de13,437be9ef-b6d8-40b7-a773-2178ef7cc9e7,UBIN,4097141338769880,4,0,
e3ef243a-c1b5-4f4e-8545-ffac2d3825c4,e71552d5-dfc1-4614-b21b-019be8d75bd4,AUBL,2680037205331386,46,394781071,
e3fe1a73-0e43-4c63-9b49-233a92dca926,311046ae-0ec4-4931-894e-447af978d07c,SBIN,378202980976038,21,0,
e421d29d-0fff-4991-9421-1dbb2738e0aa,a3f75d06-d26d-4d65-ada3-5ce0947ec40a,UTIB,1738449191682034,21,-320376,
e4563dc8-338a-430a-855a-0345f4546e73,5cb6191f-37d8-4579-aed2-f8f8e17a5831,TMBL,8678884692291581,21,652192057,
e4f688a9-d2f4-40e7-89cb-acd453be53f0,87d2d1f4-bed1-47dc-b167-916a1fcb0df7,SBIN,7330946003081383,46,0,
e51b788f-0abb-4f72-8605-75b8fca204a3,96ceee27-e7c4-4444-9568-d71a3c36d799,HDFC,6555206392443864,21,554347606,
e558c415-b5a2-4a2e-b68c-419a4af62543,b86be687-dd47-4bf4-bf28-66fcb0932362,HDFC,3839440311200759,21,911138317,
e5d18286-5349-4319-92ad-90bfddac4762,0911873d-80ad-483a-8798-5f2180005087,SBIN,4559111917836151,46,251128786,
e654fad7-732a-4b04-b834-587d39215915,a150d376-9e6d-40cb-957a-721c9651f10f,HDFC,8909542729833404,21,145421313,
e69e3e06-3ff9-43a0-836f-b9c88b70df3a,901d0e61-fe2f-4090-8d9c-ba670a05844c,AUBL,7679719542094268,21,901312016,
e70375e6-5510-42c6-8df2-e9e7e5220f44,e676986d-eebb-4d60-8b9f-aeaaaf10f5d4,UTIB,2795544879706625,46,-4742264,
e7f3f167-537c-4ac6-a00b-2b0a7784efcf,9d3e456b-036d-43ac-b200-c729a6bf72ff,ICIC,2492003931068191,4,729843723,
e80b4195-788b-4238-b447-42d388280739,2a07b4e4-0c9a-4642-ac90-106885dfee13,UTIB,2611267384858767,21,-2329411,
e8507a2d-743d-4568-a412-229ca620633e,35b5aec1-ff29-4415-972c-d99d00909f5a,ICIC,9649655073471710,46,576873560,
ea589b74-b658-45ae-89fb-367fae02a2b5,b1b7b64b-0b46-48d2-99f8-762d7cf1924e,UBIN,3989889838723194,46,53509490,
eb12ea16-b538-492e-81b5-d9da577c5930,d65ea599-bcfe-4d26-ba66-ab03285df164,SBIN,3560309185762551,21,155757898,
eb5d043c-4a63-42e6-8579-63ba00d26958,d98345c8-9207-49c5-82c0-93c661755bef,UTIB,6183801358836657,4,338256245,
ebae3bf8-5a92-44d2-9924-43dcc6bc961a,19877479-0ac1-4826-97c2-7015c24fe27c,HDFC,2769766749140808,21,501146900,
ebc66459-ea0b-4792-8fa0-be130dce667f,96927c25-1aaa-49fa-8944-46980281e2ee,CNRB,7744134683049549,4,507702165,
ec009051-8bf2-4e16-90a2-51f4765fd94e,f18a063a-be63-42ee-bcf8-289bbaf00111,SBIN,41584919813526,4,-171041,
ec4321d8-e53d-43e9-9b31-2d616d4aefda,33093c8b-dcec-432f-94a7-389e704736f1,ICIC,6956544174402645,21,791136975,
ec89ee2e-8b28-4857-b204-62d1619e6b01,c74b1fce-8224-4cc3-9b45-0f12594fe657,HDFC,6278058494038796,46,84143722,
ed1d8db1-5d63-4ae9-b8a4-5a65c0332131,67021618-d044-40eb-8900-e1952db6cfa6,CNRB,4120550317112607,21,44981802,
edd47b31-0547-4169-9e7f-57cb6356ca0e,81243305-ef96-417f-84ed-9dfd18b99137,TMBL,1365222520790401,46,-925364,
ee60e44b-a979-4e23-aadf-3d8a7f4a67fb,6b1ddf11-7f92-4d38-9306-f6077d956c6b,HDFC,1945154131281614,46,555608707,
ee8d96d1-3126-4c6d-a1e7-ab5e0568dd44,1632e3ae-ebbc-4fe4-99a2-2b45bb46e16f,CNRB,3595815730746729,21,185852758,
ee9c52ef-a5ab-4486-be0c-0be93f5e45bc,8e17b5fa-aeb8-4cb1-a9e4-5d7bffd118b6,HDFC,8461758996004849,46,390414101,
eea6e1d2-cc76-407c-b7a0-844708cc3030,54bd4596-948c-40ac-902e-a7cbfae4c214,ICIC,1740352169864121,4,878830579,
eeacb7c8-4564-400f-afc2-251804f037e6,ae43f8c2-d590-4ae7-91fe-6c0b0cf6df28,SBIN,9037409694385660,4,422700594,
ef008986-aca8-4cba-bc4e-824828c8adac,bbc1945e-1b0e-4dfd-90e3-3323dd9c9139,SBIN,342040479835694,21,538194501,
ef44489c-1a3e-49b6-8ad5-5b46e6651dfe,6c377997-bace-47cd-bb73-cc384de0edb9,SBIN,7790479554553243,4,588487708,
ef81389e-e2c8-48f5-82e5-d91a977e838b,adeb6f27-6658-458e-8781-fb12ea2e8ca5,TMBL,568928973715194,21,-2033690,
efd855f6-79e7-4b89-804d-45341769ac0b,abc4e103-337b-413b-a938-10683ad9033c,ICIC,7885836042709073,46,263888126,
efdf76a6-42d8-4969-a2b1-bc1bfa99b953,e19b5b6a-97ba-4f37-981c-de06aaf42efb,AUBL,7686038954138019,4,171405572,
f00df406-ec6f-4314-8711-1e21609d5377,2fbb1fe3-401f-42ac-8f9d-a54c37c24a02,SBIN,8079818916761963,21,670960185,
f119712d-5a78-4e72-94c2-fc77590ecb09,93e26baa-59d8-4d9f-a8e3-e5ab9fe83f24,KKBK,4449346962062534,4,366207421,
f120a23c-605b-4ca5-a412-752ee027bdb1,62c3a514-3153-412e-b1ac-0193ab6ce3ff,AUBL,4838310078509282,4,97607727,
f16c564e-6f08-4e1a-92da-1d0467b4b8d1,381c06a5-99e6-4f42-8af3-60b0113d5af8,CNRB,9161207321256426,21,961923700,
f17898cd-a600-449e-b5cd-338e25e98261,dd6ed04e-346b-46af-99d7-e4ed38ba2877,RATN,4194565030549681,21,540075242,
f19f2bea-d411-4a51-a885-e80d6fbc8655,cc987716-5799-414a-8354-33e5886ec307,ICIC,1547982637107729,4,-2005350,
f1feef82-7436-47b7-adc1-776f9a9cb74b,5a5d206d-b51a-4f07-8fea-1a725958e62c,ICIC,4044625425163047,4,214528592,
f232af76-40db-4c08-8439-70f6ea152b13,0d0964b2-f08e-42fe-bf43-f75fe0e7e49d,UTIB,9510022888927890,21,948854639,
f25b46d1-9b0c-46f5-b0bf-7151e6de4203,b69db2fa-a118-4089-8ba2-32b136019611,HDFC,6913005876349964,46,619982455,
f2a67a6d-6c26-4f1a-b5d2-616a11a0c7d4,6fb5b8a5-a882-409f-a4b1-11a98d16ba11,UBIN,91251886886278,4,706906542,
f2eed69a-3e0d-459c-bb06-2215f7c14168,5a7566f0-e2d0-4499-bb9f-1b22bfd4cf83,TMBL,5645038263527223,4,259492926,
f31abfef-b14f-42ea-b2d8-cc6c1c18678a,1690e0cb-886c-4f40-8799-9d79d9d914e9,ICIC,4494999249284952,21,-1206612,
f31c3608-fc83-42dc-bfd8-055ad3dc640e,c0031604-f3c4-4d2a-a0d0-02d165600abf,AUBL,1598698288811312,46,113572371,
f406fcbb-03e3-433e-8f04-abea2862a975,95b39bd6-2f6a-4636-9cd0-bb84fe60aa80,CNRB,9448312021618585,21,-2206319,
f44916b9-fb75-4b4f-b708-4e93658e043a,01e4dc0e-7f7f-41df-a456-032fae8d3818,UTIB,7492780237851695,46,923045319,
f48021b3-b24e-4fdc-a663-4a4a23b50946,c68a78ee-84e0-4b48-9a88-b22ee412455f,UTIB,237408869663256,21,507852889,
f497c5bc-81d0-4b5e-a8f3-6b4666f0b010,d0bd17ce-1ae5-45f8-806e-1e74555aae5d,SBIN,8328075699545995,4,511270380,
f4ca551c-2b6e-46d5-a5d5-860c2621dc54,f3d21e8d-2510-4288-a18f-08ce64e249d9,KKBK,5999865535000769,46,492504809,
f553df86-6033-4a8c-a020-a28bc7e50794,71800729-8c59-4d5a-ac95-bd9628ec6c76,ICIC,6197684134075814,21,530471673,
f5623493-a7ea-4d99-ac3b-aac24c1c5449,6f195771-66b3-4b54-8d82-0b4e3e88e8b6,UTIB,6535185991554102,21,612297105,
f57238b8-edfb-433c-a4f2-2b75e37c94a8,141c9010-5b4c-4c64-8aad-c2dada80762f,ICIC,6592689438169436,46,-3972192,
f596673a-a1df-42a7-bbe4-5e37ea77667f,25f86cc8-b31d-4347-a4c7-11db4960c475,ICIC,8132811692189104,21,612429382,
f5a61257-35b2-452a-b5e8-366b725fd6ed,f7675449-df27-46f3-a785-0c569dfa43db,HDFC,8061794776530437,21,531899986,
f638c13e-004a-4191-8f51-44eabd8f5cbf,f92908eb-2043-4eb2-b5b9-163fe3ce041b,RATN,6401950465633121,4,950995694,
f69bee47-bf14-4623-81c0-ad94e7788a10,7cd2847d-0308-4a2d-a18d-6a9aba65947c,ICIC,4715768800772535,46,-446657,
f6af3f60-db29-42f1-a181-77b0f59c57f7,e3156627-c399-4031-803e-5f6039d2b6cb,UBIN,5848035231078539,46,959372793,
f6efad84-9ae2-41d1-bbdf-68ffeaae9bb0,87d4d180-1274-4df3-9c97-9baed9641fd9,SBIN,3317861999130838,21,858257061,
f70c5096-8ae8-4427-84ad-a8a1d61c858a,7cd2847d-0308-4a2d-a18d-6a9aba65947c,ICIC,5158567938177968,46,721829827,
f717203b-9412-496a-a238-94da7af16031,9293caa3-e795-4ff0-915b-2d387046fe78,ICIC,711175325657262,21,-4709879,
f7ac37b1-f740-4edf-bddd-b613413a6d8e,df805682-8377-4d48-a188-a56eade0cb2d,RATN,3785368979212758,4,368014371,
f7d85571-ac9f-4d3c-814e-11c696f70c77,7501b5e7-f495-43c9-8aaf-40b2f521b39d,UTIB,834033212976918,21,974751831,
f7d8ec06-0860-4a21-bf53-d90efa37c635,752ae527-3e3d-4cd9-8800-7c248201c7d6,AUBL,3640636188002884,21,-1628004,
f7e1950e-6c5b-478a-8dc1-21339e3d273a,1690e0cb-886c-4f40-8799-9d79d9d914e9,SBIN,118054650512335,4,985162151,
f8c5db11-cb58-47a6-8dc4-bb2aeb847f48,e3156627-c399-4031-803e-5f6039d2b6cb,UBIN,9949234814324371,46,492331662,
f8dd41e5-bbb0-4b57-9280-37085de58ee9,a4111d46-ce3e-439f-903f-979d46cee417,SBIN,2527001125864328,4,10720628,
f9189093-30e3-4b71-8e25-066bbbacb2ad,f74abd65-2db2-4f2d-ab93-8781d7f66f98,AUBL,6157884327602228,21,-2071181,
f9453f7f-37a3-4f90-ae05-1c8bb8375036,d0ff2b33-adc0-4cf4-a653-f9c143627a8b,ICIC,6099089862754693,4,949440040,
f96ec312-9923-4554-93f0-6eade302d2d0,bda0e6d0-44d8-436a-9c5b-bdabb4b3ef54,HDFC,1503057123095229,21,563974719,
f97fd87b-3e10-4676-b970-0720d69b6ab8,e32ee1d5-3572-4807-a902-4ecadc75cc82,ICIC,2819273818268802,46,-4207257,
f98295f2-82c0-4c5f-921b-8a25fded1c68,292b0284-902a-4dac-82ba-22baa9736eec,ICIC,5165806233224187,46,376545782,
f9bf536a-da09-4ef3-8323-a2142c55101e,c63e87bb-d56d-4b46-9307-3f5742dcc151,AUBL,3509820806338324,46,330374888,
f9c25013-39fa-4e21-9fdc-ebcef79fb2ca,ea953f28-7787-47a5-bf90-37285d3d3391,UTIB,9539264538634476,21,328338815,
fa45e08c-ff79-4f4b-8be1-f89c44b35eda,96ceee27-e7c4-4444-9568-d71a3c36d799,HDFC,843685513019031,4,286529064,
fa54eea9-7a12-4f45-b25c-7cbbf9f6a1a9,91ee473c-29c0-4c58-b359-4a95515a1f2d,ICIC,758641380428965,46,626950416,
fa6f5051-67d2-4ae3-8144-d1d590cac79e,d49ed0c5-c66a-48fe-9065-e24572c70ea8,HDFC,2475275411124594,46,717381462,
faa1e692-e0cf-46cd-a5b6-ed686b5ef5ec,87d4d180-1274-4df3-9c97-9baed9641fd9,KKBK,1918103912088384,4,253292781,
fb9127cb-2f7a-4774-a4ab-da51126616de,0bd2fb54-12a3-4ed9-8d1f-72fed25df2a4,TMBL,4602046450777386,21,882608014,
fb97fce9-9cb4-4e78-aece-c8b73fc720e7,141c9010-5b4c-4c64-8aad-c2dada80762f,SBIN,7554640438950912,21,620929570,
fbe3ea32-3707-4db3-a7bd-b7781114c747,8b1472c9-27e5-4c05-939f-1b1810067b10,AUBL,7878754996364305,4,679083351,
fbfd37ca-f47f-483c-8cad-976e152dca17,d5f27292-c239-479b-a1ff-a81e27d734a4,SBIN,9119916066134972,46,0,
fc2a41eb-51b2-4726-87cf-92b16dd1efd5,257bf837-55d6-482f-bc37-05be851dd9e3,ICIC,4328098481070496,46,188454660,
fc3063ca-6fd4-4944-b67e-c40c6d2c718d,91ee473c-29c0-4c58-b359-4a95515a1f2d,UTIB,3160079262627320,4,418889570,
fc764a5a-7de5-4624-a5ce-c9a2eda83684,437be9ef-b6d8-40b7-a773-2178ef7cc9e7,ICIC,5757672070819056,46,13279213,
fc8fdbaa-e4ba-4d84-9836-c777090a4a4d,8c66a25d-14c9-4339-a3ab-58579da934fa,AUBL,583911283113215,21,544050872,
fd4672a8-88e7-44cb-845a-4786854b500a,27cb0dc7-ccc1-4e84-9b9a-aa880e8646fd,KKBK,8895689404643862,4,62251582,
fd6c5b52-ac63-497a-93a0-07c77371016c,a917d7c0-31e5-4bcf-b8a6-b034fd4a3124,SBIN,664636253402579,46,590377859,
fe2415b4-6fba-4d39-a560-ddb4b4fa7761,11a31436-f252-4ecb-b6c5-a19ffed734cf,UTIB,5120709968480194,46,328156059,
feacdf80-4e70-48fc-800e-edf75f618ad6,f3ddc3c1-f88c-4ee1-8150-ab9de1729921,SBIN,3206193981707215,46,-165015,
fec62e42-25d1-439d-a45f-678e4799656a,c4f5a99d-a709-453d-9244-8eeba6b542e0,SBIN,3322894237374570,46,998140357,
ff8f4ee5-45c3-4df7-9f6f-042a2e963c43,4f1b7328-8b7b-4b09-80b7-688b2e2bd4a3,SBIN,4299415663840451,46,336785115,
