reconciliation_id,transaction_id,status,reconciled_date
REC000001,TXN000001,reconciled,2025-08-30
REC000002,TXN000002,reconciled,2025-11-24
REC000003,TXN000003,reconciled,2026-02-20
REC000004,TXN000004,unreconciled,
REC000005,TXN000005,unreconciled,
REC000006,TXN000006,reconciled,2025-12-05
REC000007,TXN000007,reconciled,2026-05-11
REC000008,TXN000008,reconciled,2026-09-02
REC000009,TXN000009,reconciled,2026-05-03
REC000010,TXN000010,reconciled,2026-02-22
REC000011,TXN000011,reconciled,2026-05-19
REC000012,TXN000012,reconciled,2026-03-21
REC000013,TXN000013,reconciled,2026-02-07
REC000014,TXN000014,reconciled,2026-06-01
REC000015,TXN000015,reconciled,2026-04-08
REC000016,TXN000016,reconciled,2025-09-28
REC000017,TXN000017,reconciled,2026-05-15
REC000018,TXN000018,pending,
REC000019,TXN000019,reconciled,2026-03-26
REC000020,TXN000020,unreconciled,
REC000021,TXN000021,reconciled,2026-07-14
REC000022,TXN000022,reconciled,2026-03-11
REC000023,TXN000023,reconciled,2025-12-23
REC000024,TXN000024,unreconciled,
REC000025,TXN000025,reconciled,2026-07-10
REC000026,TXN000026,reconciled,2026-02-13
REC000027,TXN000027,reconciled,2025-09-14
REC000028,TXN000028,reconciled,2026-05-29
REC000029,TXN000029,reconciled,2025-12-21
REC000030,TXN000030,unreconciled,
REC000031,TXN000031,reconciled,2025-08-28
REC000032,TXN000032,reconciled,2025-10-27
REC000033,TXN000033,reconciled,2025-10-19
REC000034,TXN000034,reconciled,2026-08-16
REC000035,TXN000035,reconciled,2026-05-21
REC000036,TXN000036,reconciled,2026-07-14
REC000037,TXN000037,unreconciled,
REC000038,TXN000038,pending,
REC000039,TXN000039,unreconciled,
REC000040,TXN000040,reconciled,2025-11-17
REC000041,TXN000041,reconciled,2026-08-21
REC000042,TXN000042,unreconciled,
REC000043,TXN000043,unreconciled,
REC000044,TXN000044,reconciled,2025-12-06
REC000045,TXN000045,reconciled,2026-07-07
REC000046,TXN000046,reconciled,2026-03-18
REC000047,TXN000047,reconciled,2026-03-14
REC000048,TXN000048,reconciled,2026-02-27
REC000049,TXN000049,reconciled,2025-10-20
REC000050,TXN000050,reconciled,2026-02-13
REC000051,TXN000051,reconciled,2026-01-31
REC000052,TXN000052,pending,
REC000053,TXN000053,reconciled,2025-11-05
REC000054,TXN000054,unreconciled,
REC000055,TXN000055,reconciled,2026-05-18
REC000056,TXN000056,reconciled,2026-04-14
REC000057,TXN000057,reconciled,2026-07-09
REC000058,TXN000058,reconciled,2026-04-25
REC000059,TXN000059,reconciled,2026-03-23
REC000060,TXN000060,reconciled,2026-09-01
REC000061,TXN000061,reconciled,2025-12-14
REC000062,TXN000062,reconciled,2026-03-27
REC000063,TXN000063,reconciled,2026-06-07
REC000064,TXN000064,reconciled,2026-07-26
REC000065,TXN000065,reconciled,2025-09-17
REC000066,TXN000066,reconciled,2026-05-19
REC000067,TXN000067,reconciled,2025-12-29
REC000068,TXN000068,reconciled,2025-11-24
REC000069,TXN000069,pending,
REC000070,TXN000070,reconciled,2026-02-10
REC000071,TXN000071,reconciled,2026-06-07
REC000072,TXN000072,unreconciled,
REC000073,TXN000073,reconciled,2026-03-11
REC000074,TXN000074,unreconciled,
REC000075,TXN000075,reconciled,2025-08-16
REC000076,TXN000076,reconciled,2025-11-19
REC000077,TXN000077,unreconciled,
REC000078,TXN000078,reconciled,2026-01-14
REC000079,TXN000079,reconciled,2025-10-18
REC000080,TXN000080,unreconciled,
REC000081,TXN000081,unreconciled,
REC000082,TXN000082,reconciled,2025-12-11
REC000083,TXN000083,pending,
REC000084,TXN000084,reconciled,2026-03-25
REC000085,TXN000085,unreconciled,
REC000086,TXN000086,reconciled,2025-12-14
REC000087,TXN000087,reconciled,2026-04-16
REC000088,TXN000088,reconciled,2026-02-27
REC000089,TXN000089,reconciled,2026-07-29
REC000090,TXN000090,reconciled,2026-06-07
REC000091,TXN000091,reconciled,2025-12-30
REC000092,TXN000092,unreconciled,
REC000093,TXN000093,pending,
REC000094,TXN000094,pending,
REC000095,TXN000095,pending,
REC000096,TXN000096,reconciled,2026-05-26
REC000097,TXN000097,reconciled,2026-02-22
REC000098,TXN000098,reconciled,2026-01-20
REC000099,TXN000099,reconciled,2026-08-18
REC000100,TXN000100,pending,
REC000101,TXN000101,reconciled,2025-10-15
REC000102,TXN000102,reconciled,2025-12-11
REC000103,TXN000103,unreconciled,
REC000104,TXN000104,reconciled,2025-08-16
REC000105,TXN000105,reconciled,2026-08-10
REC000106,TXN000106,reconciled,2026-07-19
REC000107,TXN000107,pending,
REC000108,TXN000108,unreconciled,
REC000109,TXN000109,reconciled,2025-12-04
REC000110,TXN000110,reconciled,2025-11-05
REC000111,TXN000111,pending,
REC000112,TXN000112,reconciled,2026-04-23
REC000113,TXN000113,reconciled,2026-01-21
REC000114,TXN000114,reconciled,2026-07-11
REC000115,TXN000115,reconciled,2025-12-09
REC000116,TXN000116,reconciled,2025-10-04
REC000117,TXN000117,reconciled,2025-09-30
REC000118,TXN000118,reconciled,2025-11-24
REC000119,TXN000119,reconciled,2025-12-06
REC000120,TXN000120,reconciled,2025-08-22
REC000121,TXN000121,reconciled,2026-01-23
REC000122,TXN000122,reconciled,2026-06-29
REC000123,TXN000123,reconciled,2026-03-04
REC000124,TXN000124,reconciled,2026-01-13
REC000125,TXN000125,reconciled,2026-08-30
REC000126,TXN000126,reconciled,2025-09-16
REC000127,TXN000127,reconciled,2026-06-11
REC000128,TXN000128,reconciled,2026-07-03
REC000129,TXN000129,reconciled,2026-06-28
REC000130,TXN000130,reconciled,2026-01-26
REC000131,TXN000131,unreconciled,
REC000132,TXN000132,reconciled,2025-10-20
REC000133,TXN000133,unreconciled,
REC000134,TXN000134,reconciled,2026-01-21
REC000135,TXN000135,reconciled,2025-12-28
REC000136,TXN000136,unreconciled,
REC000137,TXN000137,pending,
REC000138,TXN000138,unreconciled,
REC000139,TXN000139,reconciled,2025-08-20
REC000140,TXN000140,reconciled,2025-12-30
REC000141,TXN000141,reconciled,2026-04-14
REC000142,TXN000142,reconciled,2025-12-20
REC000143,TXN000143,pending,
REC000144,TXN000144,reconciled,2026-02-10
REC000145,TXN000145,reconciled,2026-02-03
REC000146,TXN000146,reconciled,2026-04-08
REC000147,TXN000147,unreconciled,
REC000148,TXN000148,reconciled,2026-02-22
REC000149,TXN000149,reconciled,2026-01-27
REC000150,TXN000150,reconciled,2025-08-25
REC000151,TXN000151,unreconciled,
REC000152,TXN000152,pending,
REC000153,TXN000153,reconciled,2025-09-10
REC000154,TXN000154,reconciled,2026-04-20
REC000155,TXN000155,unreconciled,
REC000156,TXN000156,reconciled,2026-08-02
REC000157,TXN000157,reconciled,2025-08-17
REC000158,TXN000158,reconciled,2026-02-05
REC000159,TXN000159,pending,
REC000160,TXN000160,reconciled,2026-05-03
REC000161,TXN000161,reconciled,2025-12-24
REC000162,TXN000162,pending,
REC000163,TXN000163,reconciled,2026-05-30
REC000164,TXN000164,reconciled,2025-08-31
REC000165,TXN000165,unreconciled,
REC000166,TXN000166,reconciled,2025-10-14
REC000167,TXN000167,pending,
REC000168,TXN000168,reconciled,2026-01-17
REC000169,TXN000169,reconciled,2025-11-28
REC000170,TXN000170,unreconciled,
REC000171,TXN000171,reconciled,2025-10-17
REC000172,TXN000172,reconciled,2025-09-07
REC000173,TXN000173,reconciled,2025-12-19
REC000174,TXN000174,reconciled,2026-07-30
REC000175,TXN000175,unreconciled,
REC000176,TXN000176,reconciled,2025-12-14
REC000177,TXN000177,reconciled,2026-03-06
REC000178,TXN000178,reconciled,2026-05-17
REC000179,TXN000179,reconciled,2026-05-26
REC000180,TXN000180,reconciled,2025-10-30
REC000181,TXN000181,reconciled,2026-08-21
REC000182,TXN000182,pending,
REC000183,TXN000183,unreconciled,
REC000184,TXN000184,pending,
REC000185,TXN000185,pending,
REC000186,TXN000186,reconciled,2025-11-08
REC000187,TXN000187,reconciled,2026-01-04
REC000188,TXN000188,reconciled,2025-12-25
REC000189,TXN000189,unreconciled,
REC000190,TXN000190,pending,
REC000191,TXN000191,reconciled,2026-07-24
REC000192,TXN000192,reconciled,2025-09-28
REC000193,TXN000193,unreconciled,
REC000194,TXN000194,reconciled,2026-03-22
REC000195,TXN000195,reconciled,2025-08-05
REC000196,TXN000196,pending,
REC000197,TXN000197,pending,
REC000198,TXN000198,reconciled,2025-10-09
REC000199,TXN000199,unreconciled,
REC000200,TXN000200,unreconciled,
REC000201,TXN000201,reconciled,2026-02-23
REC000202,TXN000202,reconciled,2026-03-18
REC000203,TXN000203,unreconciled,
REC000204,TXN000204,reconciled,2025-10-26
REC000205,TXN000205,reconciled,2025-10-25
REC000206,TXN000206,reconciled,2025-09-17
REC000207,TXN000207,unreconciled,
REC000208,TXN000208,reconciled,2026-08-08
REC000209,TXN000209,reconciled,2026-04-05
REC000210,TXN000210,reconciled,2025-09-13
REC000211,TXN000211,unreconciled,
REC000212,TXN000212,reconciled,2026-03-02
REC000213,TXN000213,reconciled,2025-08-23
REC000214,TXN000214,reconciled,2025-08-26
REC000215,TXN000215,reconciled,2025-11-06
REC000216,TXN000216,reconciled,2025-09-27
REC000217,TXN000217,reconciled,2026-02-24
REC000218,TXN000218,reconciled,2025-08-25
REC000219,TXN000219,reconciled,2026-06-15
REC000220,TXN000220,pending,
REC000221,TXN000221,reconciled,2026-02-04
REC000222,TXN000222,pending,
REC000223,TXN000223,reconciled,2025-12-18
REC000224,TXN000224,reconciled,2026-03-01
REC000225,TXN000225,reconciled,2025-11-09
REC000226,TXN000226,reconciled,2026-04-05
REC000227,TXN000227,reconciled,2026-01-23
REC000228,TXN000228,reconciled,2026-05-30
REC000229,TXN000229,reconciled,2026-03-28
REC000230,TXN000230,reconciled,2026-04-10
REC000231,TXN000231,reconciled,2026-07-07
REC000232,TXN000232,pending,
REC000233,TXN000233,reconciled,2026-07-14
REC000234,TXN000234,reconciled,2026-03-17
REC000235,TXN000235,pending,
REC000236,TXN000236,unreconciled,
REC000237,TXN000237,reconciled,2026-04-02
REC000238,TXN000238,reconciled,2026-07-13
REC000239,TXN000239,reconciled,2026-02-18
REC000240,TXN000240,unreconciled,
REC000241,TXN000241,reconciled,2026-05-27
REC000242,TXN000242,reconciled,2026-06-23
REC000243,TXN000243,reconciled,2026-05-06
REC000244,TXN000244,reconciled,2025-12-07
REC000245,TXN000245,reconciled,2026-04-12
REC000246,TXN000246,reconciled,2025-12-09
REC000247,TXN000247,unreconciled,
REC000248,TXN000248,pending,
REC000249,TXN000249,unreconciled,
REC000250,TXN000250,reconciled,2026-05-17
REC000251,TXN000251,pending,
REC000252,TXN000252,reconciled,2025-10-20
REC000253,TXN000253,unreconciled,
REC000254,TXN000254,unreconciled,
REC000255,TXN000255,reconciled,2026-08-09
REC000256,TXN000256,reconciled,2026-05-30
REC000257,TXN000257,reconciled,2026-03-11
REC000258,TXN000258,reconciled,2025-12-21
REC000259,TXN000259,reconciled,2026-07-28
REC000260,TXN000260,unreconciled,
REC000261,TXN000261,reconciled,2026-08-30
REC000262,TXN000262,unreconciled,
REC000263,TXN000263,reconciled,2025-10-19
REC000264,TXN000264,reconciled,2026-06-14
REC000265,TXN000265,reconciled,2025-12-13
REC000266,TXN000266,reconciled,2025-10-10
REC000267,TXN000267,reconciled,2026-07-08
REC000268,TXN000268,unreconciled,
REC000269,TXN000269,reconciled,2026-06-20
REC000270,TXN000270,unreconciled,
REC000271,TXN000271,reconciled,2025-10-03
REC000272,TXN000272,reconciled,2026-05-08
REC000273,TXN000273,reconciled,2025-10-05
REC000274,TXN000274,reconciled,2025-08-30
REC000275,TXN000275,reconciled,2025-11-07
REC000276,TXN000276,reconciled,2026-01-11
REC000277,TXN000277,unreconciled,
REC000278,TXN000278,reconciled,2026-05-08
REC000279,TXN000279,reconciled,2025-08-15
REC000280,TXN000280,pending,
REC000281,TXN000281,reconciled,2026-02-10
REC000282,TXN000282,reconciled,2025-09-12
REC000283,TXN000283,reconciled,2026-05-27
REC000284,TXN000284,reconciled,2026-09-19
REC000285,TXN000285,reconciled,2025-12-31
REC000286,TXN000286,reconciled,2026-05-16
REC000287,TXN000287,reconciled,2025-09-12
REC000288,TXN000288,reconciled,2026-03-30
REC000289,TXN000289,reconciled,2026-01-04
REC000290,TXN000290,unreconciled,
REC000291,TXN000291,reconciled,2026-02-06
REC000292,TXN000292,reconciled,2026-03-04
REC000293,TXN000293,reconciled,2026-03-27
REC000294,TXN000294,pending,
REC000295,TXN000295,pending,
REC000296,TXN000296,reconciled,2025-11-09
REC000297,TXN000297,unreconciled,
REC000298,TXN000298,reconciled,2026-05-28
REC000299,TXN000299,pending,
REC000300,TXN000300,reconciled,2025-11-24
REC000301,TXN000301,pending,
REC000302,TXN000302,reconciled,2025-09-29
REC000303,TXN000303,reconciled,2025-09-27
REC000304,TXN000304,reconciled,2025-11-15
REC000305,TXN000305,unreconciled,
REC000306,TXN000306,unreconciled,
REC000307,TXN000307,reconciled,2026-07-10
REC000308,TXN000308,reconciled,2026-01-01
REC000309,TXN000309,reconciled,2026-01-01
REC000310,TXN000310,reconciled,2025-10-12
REC000311,TXN000311,reconciled,2026-04-30
REC000312,TXN000312,pending,
REC000313,TXN000313,unreconciled,
REC000314,TXN000314,reconciled,2026-08-03
REC000315,TXN000315,reconciled,2026-03-11
REC000316,TXN000316,pending,
REC000317,TXN000317,reconciled,2026-06-05
REC000318,TXN000318,reconciled,2025-11-05
REC000319,TXN000319,unreconciled,
REC000320,TXN000320,reconciled,2025-12-15
REC000321,TXN000321,reconciled,2025-11-07
REC000322,TXN000322,reconciled,2025-10-22
REC000323,TXN000323,reconciled,2026-01-23
REC000324,TXN000324,reconciled,2026-03-20
REC000325,TXN000325,reconciled,2026-03-18
REC000326,TXN000326,reconciled,2026-09-08
REC000327,TXN000327,reconciled,2026-02-22
REC000328,TXN000328,reconciled,2025-08-14
REC000329,TXN000329,reconciled,2026-07-17
REC000330,TXN000330,reconciled,2026-01-06
REC000331,TXN000331,reconciled,2026-05-22
REC000332,TXN000332,reconciled,2026-02-27
REC000333,TXN000333,reconciled,2026-02-05
REC000334,TXN000334,reconciled,2025-09-08
REC000335,TXN000335,pending,
REC000336,TXN000336,unreconciled,
REC000337,TXN000337,reconciled,2026-04-24
REC000338,TXN000338,reconciled,2025-08-28
REC000339,TXN000339,reconciled,2026-01-29
REC000340,TXN000340,unreconciled,
REC000341,TXN000341,reconciled,2026-03-08
REC000342,TXN000342,reconciled,2025-12-11
REC000343,TXN000343,reconciled,2026-03-12
REC000344,TXN000344,unreconciled,
REC000345,TXN000345,reconciled,2026-06-30
REC000346,TXN000346,reconciled,2026-02-11
REC000347,TXN000347,reconciled,2025-12-13
REC000348,TXN000348,reconciled,2026-01-03
REC000349,TXN000349,pending,
REC000350,TXN000350,reconciled,2026-07-26
REC000351,TXN000351,unreconciled,
REC000352,TXN000352,pending,
REC000353,TXN000353,reconciled,2026-07-24
REC000354,TXN000354,reconciled,2026-05-29
REC000355,TXN000355,reconciled,2025-09-21
REC000356,TXN000356,reconciled,2025-12-03
REC000357,TXN000357,reconciled,2026-09-06
REC000358,TXN000358,pending,
REC000359,TXN000359,reconciled,2025-12-08
REC000360,TXN000360,reconciled,2025-11-03
REC000361,TXN000361,reconciled,2026-01-17
REC000362,TXN000362,pending,
REC000363,TXN000363,pending,
REC000364,TXN000364,unreconciled,
REC000365,TXN000365,pending,
REC000366,TXN000366,reconciled,2025-10-28
REC000367,TXN000367,pending,
REC000368,TXN000368,reconciled,2026-08-09
REC000369,TXN000369,unreconciled,
REC000370,TXN000370,unreconciled,
REC000371,TXN000371,reconciled,2026-03-22
REC000372,TXN000372,reconciled,2026-03-06
REC000373,TXN000373,pending,
REC000374,TXN000374,reconciled,2026-02-21
REC000375,TXN000375,reconciled,2025-11-04
REC000376,TXN000376,reconciled,2026-05-26
REC000377,TXN000377,pending,
REC000378,TXN000378,reconciled,2026-06-04
REC000379,TXN000379,reconciled,2025-11-05
REC000380,TXN000380,reconciled,2026-04-24
REC000381,TXN000381,reconciled,2026-09-03
REC000382,TXN000382,reconciled,2025-10-27
REC000383,TXN000383,reconciled,2026-03-21
REC000384,TXN000384,reconciled,2025-09-22
REC000385,TXN000385,unreconciled,
REC000386,TXN000386,unreconciled,
REC000387,TXN000387,unreconciled,
REC000388,TXN000388,unreconciled,
REC000389,TXN000389,reconciled,2026-08-30
REC000390,TXN000390,pending,
REC000391,TXN000391,reconciled,2026-01-30
REC000392,TXN000392,reconciled,2026-01-15
REC000393,TXN000393,reconciled,2026-01-22
REC000394,TXN000394,unreconciled,
REC000395,TXN000395,reconciled,2026-05-18
REC000396,TXN000396,reconciled,2026-05-30
REC000397,TXN000397,reconciled,2026-06-16
REC000398,TXN000398,reconciled,2026-04-13
REC000399,TXN000399,reconciled,2026-03-08
REC000400,TXN000400,unreconciled,
REC000401,TXN000401,reconciled,2026-05-26
REC000402,TXN000402,reconciled,2025-11-28
REC000403,TXN000403,reconciled,2026-04-06
REC000404,TXN000404,reconciled,2026-06-01
REC000405,TXN000405,reconciled,2026-07-13
REC000406,TXN000406,unreconciled,
REC000407,TXN000407,reconciled,2026-05-02
REC000408,TXN000408,reconciled,2025-10-15
REC000409,TXN000409,unreconciled,
REC000410,TXN000410,unreconciled,
REC000411,TXN000411,unreconciled,
REC000412,TXN000412,reconciled,2025-11-14
REC000413,TXN000413,pending,
REC000414,TXN000414,reconciled,2026-03-19
REC000415,TXN000415,reconciled,2026-04-04
REC000416,TXN000416,reconciled,2026-01-26
REC000417,TXN000417,reconciled,2026-06-17
REC000418,TXN000418,reconciled,2026-05-04
REC000419,TXN000419,pending,
REC000420,TXN000420,unreconciled,
REC000421,TXN000421,pending,
REC000422,TXN000422,reconciled,2026-01-05
REC000423,TXN000423,unreconciled,
REC000424,TXN000424,pending,
REC000425,TXN000425,unreconciled,
REC000426,TXN000426,unreconciled,
REC000427,TXN000427,unreconciled,
REC000428,TXN000428,reconciled,2026-04-13
REC000429,TXN000429,reconciled,2026-09-01
REC000430,TXN000430,reconciled,2026-07-19
REC000431,TXN000431,reconciled,2026-02-20
REC000432,TXN000432,unreconciled,
REC000433,TXN000433,unreconciled,
REC000434,TXN000434,reconciled,2026-02-28
REC000435,TXN000435,reconciled,2026-05-19
REC000436,TXN000436,reconciled,2025-12-24
REC000437,TXN000437,unreconciled,
REC000438,TXN000438,unreconciled,
REC000439,TXN000439,reconciled,2026-06-30
REC000440,TXN000440,reconciled,2025-12-23
REC000441,TXN000441,reconciled,2025-10-21
REC000442,TXN000442,unreconciled,
REC000443,TXN000443,pending,
REC000444,TXN000444,reconciled,2026-05-24
REC000445,TXN000445,reconciled,2026-09-04
REC000446,TXN000446,reconciled,2025-09-27
REC000447,TXN000447,reconciled,2026-05-21
REC000448,TXN000448,unreconciled,
REC000449,TXN000449,pending,
REC000450,TXN000450,reconciled,2026-07-12
REC000451,TXN000451,reconciled,2026-04-19
REC000452,TXN000452,unreconciled,
REC000453,TXN000453,reconciled,2025-08-26
REC000454,TXN000454,reconciled,2025-08-14
REC000455,TXN000455,pending,
REC000456,TXN000456,reconciled,2026-06-11
REC000457,TXN000457,reconciled,2026-01-26
REC000458,TXN000458,pending,
REC000459,TXN000459,reconciled,2026-03-19
REC000460,TXN000460,reconciled,2026-02-06
REC000461,TXN000461,reconciled,2026-01-22
REC000462,TXN000462,reconciled,2026-04-10
REC000463,TXN000463,reconciled,2026-06-21
REC000464,TXN000464,reconciled,2025-10-12
REC000465,TXN000465,reconciled,2026-08-11
REC000466,TXN000466,unreconciled,
REC000467,TXN000467,unreconciled,
REC000468,TXN000468,reconciled,2026-05-12
REC000469,TXN000469,reconciled,2025-11-14
REC000470,TXN000470,reconciled,2025-11-09
REC000471,TXN000471,reconciled,2026-01-29
REC000472,TXN000472,reconciled,2026-05-01
REC000473,TXN000473,unreconciled,
REC000474,TXN000474,reconciled,2026-04-27
REC000475,TXN000475,pending,
REC000476,TXN000476,unreconciled,
REC000477,TXN000477,pending,
REC000478,TXN000478,pending,
REC000479,TXN000479,reconciled,2026-06-07
REC000480,TXN000480,reconciled,2025-09-11
REC000481,TXN000481,reconciled,2026-04-18
REC000482,TXN000482,reconciled,2026-05-23
REC000483,TXN000483,pending,
REC000484,TXN000484,reconciled,2025-12-28
REC000485,TXN000485,reconciled,2026-04-24
REC000486,TXN000486,pending,
REC000487,TXN000487,pending,
REC000488,TXN000488,pending,
REC000489,TXN000489,reconciled,2026-05-07
REC000490,TXN000490,unreconciled,
REC000491,TXN000491,reconciled,2026-06-30
REC000492,TXN000492,reconciled,2026-08-02
REC000493,TXN000493,reconciled,2026-09-05
REC000494,TXN000494,unreconciled,
REC000495,TXN000495,reconciled,2025-09-21
REC000496,TXN000496,pending,
REC000497,TXN000497,pending,
REC000498,TXN000498,unreconciled,
REC000499,TXN000499,reconciled,2026-02-28
REC000500,TXN000500,pending,
REC000501,TXN000501,reconciled,2026-01-08
REC000502,TXN000502,unreconciled,
REC000503,TXN000503,reconciled,2026-07-04
REC000504,TXN000504,reconciled,2026-08-29
REC000505,TXN000505,reconciled,2026-07-14
REC000506,TXN000506,reconciled,2026-06-19
REC000507,TXN000507,reconciled,2026-05-21
REC000508,TXN000508,reconciled,2026-05-25
REC000509,TXN000509,reconciled,2026-01-19
REC000510,TXN000510,reconciled,2025-11-12
REC000511,TXN000511,reconciled,2026-09-04
REC000512,TXN000512,pending,
REC000513,TXN000513,reconciled,2026-04-14
REC000514,TXN000514,reconciled,2026-06-22
REC000515,TXN000515,unreconciled,
REC000516,TXN000516,reconciled,2026-03-09
REC000517,TXN000517,reconciled,2026-01-24
REC000518,TXN000518,reconciled,2025-08-17
REC000519,TXN000519,pending,
REC000520,TXN000520,reconciled,2026-01-13
REC000521,TXN000521,reconciled,2026-02-16
REC000522,TXN000522,reconciled,2026-01-19
REC000523,TXN000523,reconciled,2026-06-26
REC000524,TXN000524,unreconciled,
REC000525,TXN000525,reconciled,2026-05-30
REC000526,TXN000526,reconciled,2026-03-26
REC000527,TXN000527,reconciled,2025-12-04
REC000528,TXN000528,reconciled,2026-05-07
REC000529,TXN000529,reconciled,2025-11-10
REC000530,TXN000530,reconciled,2025-11-03
REC000531,TXN000531,reconciled,2026-07-26
REC000532,TXN000532,reconciled,2026-02-18
REC000533,TXN000533,reconciled,2025-10-05
REC000534,TXN000534,reconciled,2025-09-12
REC000535,TXN000535,pending,
REC000536,TXN000536,reconciled,2026-05-10
REC000537,TXN000537,reconciled,2026-03-30
REC000538,TXN000538,reconciled,2026-06-21
REC000539,TXN000539,reconciled,2026-07-11
REC000540,TXN000540,reconciled,2025-11-26
REC000541,TXN000541,reconciled,2026-06-13
REC000542,TXN000542,unreconciled,
REC000543,TXN000543,reconciled,2026-06-15
REC000544,TXN000544,reconciled,2026-06-12
REC000545,TXN000545,unreconciled,
REC000546,TXN000546,reconciled,2026-08-05
REC000547,TXN000547,reconciled,2025-11-18
REC000548,TXN000548,reconciled,2026-05-26
REC000549,TXN000549,unreconciled,
REC000550,TXN000550,reconciled,2026-05-20
REC000551,TXN000551,reconciled,2026-04-08
REC000552,TXN000552,reconciled,2026-06-05
REC000553,TXN000553,unreconciled,
REC000554,TXN000554,unreconciled,
REC000555,TXN000555,reconciled,2025-12-19
REC000556,TXN000556,reconciled,2025-10-25
REC000557,TXN000557,reconciled,2026-02-01
REC000558,TXN000558,reconciled,2026-08-10
REC000559,TXN000559,pending,
REC000560,TXN000560,reconciled,2026-07-13
REC000561,TXN000561,reconciled,2026-07-23
REC000562,TXN000562,reconciled,2026-07-19
REC000563,TXN000563,pending,
REC000564,TXN000564,reconciled,2025-10-05
REC000565,TXN000565,pending,
REC000566,TXN000566,reconciled,2026-07-17
REC000567,TXN000567,reconciled,2025-12-28
REC000568,TXN000568,reconciled,2026-04-13
REC000569,TXN000569,pending,
REC000570,TXN000570,reconciled,2026-06-19
REC000571,TXN000571,unreconciled,
REC000572,TXN000572,reconciled,2026-03-15
REC000573,TXN000573,reconciled,2026-07-08
REC000574,TXN000574,unreconciled,
REC000575,TXN000575,reconciled,2025-11-25
REC000576,TXN000576,reconciled,2025-08-25
REC000577,TXN000577,reconciled,2026-01-09
REC000578,TXN000578,pending,
REC000579,TXN000579,reconciled,2025-10-18
REC000580,TXN000580,unreconciled,
REC000581,TXN000581,unreconciled,
REC000582,TXN000582,reconciled,2026-09-06
REC000583,TXN000583,unreconciled,
REC000584,TXN000584,reconciled,2025-10-21
REC000585,TXN000585,unreconciled,
REC000586,TXN000586,reconciled,2025-11-10
REC000587,TXN000587,reconciled,2026-09-09
REC000588,TXN000588,reconciled,2025-09-14
REC000589,TXN000589,unreconciled,
REC000590,TXN000590,reconciled,2026-04-11
REC000591,TXN000591,reconciled,2025-11-17
REC000592,TXN000592,reconciled,2025-10-13
REC000593,TXN000593,reconciled,2026-07-28
REC000594,TXN000594,unreconciled,
REC000595,TXN000595,reconciled,2025-12-12
REC000596,TXN000596,reconciled,2026-06-16
REC000597,TXN000597,reconciled,2026-02-20
REC000598,TXN000598,unreconciled,
REC000599,TXN000599,reconciled,2026-07-18
REC000600,TXN000600,reconciled,2026-08-03
REC000601,TXN000601,reconciled,2026-09-06
REC000602,TXN000602,reconciled,2026-08-02
REC000603,TXN000603,reconciled,2026-04-09
REC000604,TXN000604,reconciled,2025-08-13
REC000605,TXN000605,reconciled,2026-01-27
REC000606,TXN000606,unreconciled,
REC000607,TXN000607,reconciled,2025-10-18
REC000608,TXN000608,reconciled,2026-08-13
REC000609,TXN000609,pending,
REC000610,TXN000610,reconciled,2026-05-21
REC000611,TXN000611,reconciled,2026-05-22
REC000612,TXN000612,reconciled,2025-10-19
REC000613,TXN000613,reconciled,2026-05-29
REC000614,TXN000614,pending,
REC000615,TXN000615,reconciled,2026-08-17
REC000616,TXN000616,reconciled,2025-09-28
REC000617,TXN000617,reconciled,2026-03-12
REC000618,TXN000618,reconciled,2025-09-18
REC000619,TXN000619,unreconciled,
REC000620,TXN000620,reconciled,2026-01-08
REC000621,TXN000621,reconciled,2025-09-08
REC000622,TXN000622,reconciled,2026-08-13
REC000623,TXN000623,unreconciled,
REC000624,TXN000624,reconciled,2026-06-07
REC000625,TXN000625,unreconciled,
REC000626,TXN000626,reconciled,2026-04-17
REC000627,TXN000627,reconciled,2026-01-08
REC000628,TXN000628,reconciled,2025-10-03
REC000629,TXN000629,reconciled,2026-08-30
REC000630,TXN000630,unreconciled,
REC000631,TXN000631,reconciled,2025-12-03
REC000632,TXN000632,reconciled,2025-11-10
REC000633,TXN000633,reconciled,2025-11-12
REC000634,TXN000634,reconciled,2026-06-02
REC000635,TXN000635,reconciled,2026-01-24
REC000636,TXN000636,pending,
REC000637,TXN000637,reconciled,2025-11-07
REC000638,TXN000638,reconciled,2026-08-06
REC000639,TXN000639,reconciled,2026-08-17
REC000640,TXN000640,reconciled,2026-06-14
REC000641,TXN000641,reconciled,2025-12-07
REC000642,TXN000642,reconciled,2025-10-05
REC000643,TXN000643,unreconciled,
REC000644,TXN000644,reconciled,2025-10-10
REC000645,TXN000645,reconciled,2025-11-11
REC000646,TXN000646,reconciled,2026-05-30
REC000647,TXN000647,reconciled,2026-01-06
REC000648,TXN000648,reconciled,2026-08-17
REC000649,TXN000649,reconciled,2026-04-28
REC000650,TXN000650,unreconciled,
REC000651,TXN000651,reconciled,2026-01-22
REC000652,TXN000652,reconciled,2026-05-13
REC000653,TXN000653,unreconciled,
REC000654,TXN000654,pending,
REC000655,TXN000655,reconciled,2026-03-07
REC000656,TXN000656,reconciled,2026-03-05
REC000657,TXN000657,reconciled,2026-08-21
REC000658,TXN000658,reconciled,2025-09-04
REC000659,TXN000659,reconciled,2025-09-10
REC000660,TXN000660,reconciled,2025-09-20
REC000661,TXN000661,reconciled,2026-06-05
REC000662,TXN000662,reconciled,2026-08-20
REC000663,TXN000663,reconciled,2026-03-25
REC000664,TXN000664,unreconciled,
REC000665,TXN000665,reconciled,2026-06-11
REC000666,TXN000666,pending,
REC000667,TXN000667,unreconciled,
REC000668,TXN000668,unreconciled,
REC000669,TXN000669,reconciled,2026-08-08
REC000670,TXN000670,reconciled,2026-09-02
REC000671,TXN000671,unreconciled,
REC000672,TXN000672,reconciled,2026-08-06
REC000673,TXN000673,pending,
REC000674,TXN000674,reconciled,2026-08-16
REC000675,TXN000675,reconciled,2026-04-25
REC000676,TXN000676,reconciled,2026-06-05
REC000677,TXN000677,reconciled,2025-11-06
REC000678,TXN000678,reconciled,2026-08-12
REC000679,TXN000679,reconciled,2026-04-11
REC000680,TXN000680,reconciled,2026-01-21
REC000681,TXN000681,reconciled,2026-01-05
REC000682,TXN000682,pending,
REC000683,TXN000683,reconciled,2026-07-31
REC000684,TXN000684,reconciled,2025-10-24
REC000685,TXN000685,reconciled,2026-07-09
REC000686,TXN000686,pending,
REC000687,TXN000687,reconciled,2025-11-07
REC000688,TXN000688,unreconciled,
REC000689,TXN000689,reconciled,2026-08-14
REC000690,TXN000690,pending,
REC000691,TXN000691,unreconciled,
REC000692,TXN000692,reconciled,2026-06-12
REC000693,TXN000693,reconciled,2026-06-16
REC000694,TXN000694,reconciled,2026-04-12
REC000695,TXN000695,reconciled,2026-05-19
REC000696,TXN000696,reconciled,2026-06-09
REC000697,TXN000697,reconciled,2026-05-28
REC000698,TXN000698,reconciled,2026-04-12
REC000699,TXN000699,reconciled,2026-06-09
REC000700,TXN000700,reconciled,2026-08-10
REC000701,TXN000701,pending,
REC000702,TXN000702,reconciled,2026-06-17
REC000703,TXN000703,unreconciled,
REC000704,TXN000704,reconciled,2026-07-16
REC000705,TXN000705,reconciled,2026-04-11
REC000706,TXN000706,unreconciled,
REC000707,TXN000707,reconciled,2025-10-28
REC000708,TXN000708,reconciled,2025-10-03
REC000709,TXN000709,unreconciled,
REC000710,TXN000710,unreconciled,
REC000711,TXN000711,reconciled,2026-05-28
REC000712,TXN000712,pending,
REC000713,TXN000713,unreconciled,
REC000714,TXN000714,reconciled,2025-09-21
REC000715,TXN000715,unreconciled,
REC000716,TXN000716,pending,
REC000717,TXN000717,unreconciled,
REC000718,TXN000718,pending,
REC000719,TXN000719,reconciled,2026-08-12
REC000720,TXN000720,reconciled,2025-08-25
REC000721,TXN000721,unreconciled,
REC000722,TXN000722,reconciled,2026-03-13
REC000723,TXN000723,reconciled,2026-04-22
REC000724,TXN000724,unreconciled,
REC000725,TXN000725,reconciled,2026-06-23
REC000726,TXN000726,unreconciled,
REC000727,TXN000727,reconciled,2026-09-01
REC000728,TXN000728,pending,
REC000729,TXN000729,reconciled,2026-03-19
REC000730,TXN000730,unreconciled,
REC000731,TXN000731,unreconciled,
REC000732,TXN000732,unreconciled,
REC000733,TXN000733,reconciled,2026-08-25
REC000734,TXN000734,unreconciled,
REC000735,TXN000735,reconciled,2026-07-16
REC000736,TXN000736,reconciled,2025-11-11
REC000737,TXN000737,reconciled,2026-06-27
REC000738,TXN000738,reconciled,2026-06-04
REC000739,TXN000739,pending,
REC000740,TXN000740,reconciled,2026-06-14
REC000741,TXN000741,reconciled,2025-09-29
REC000742,TXN000742,reconciled,2025-09-29
REC000743,TXN000743,reconciled,2025-12-02
REC000744,TXN000744,reconciled,2025-11-15
REC000745,TXN000745,reconciled,2026-06-30
REC000746,TXN000746,reconciled,2025-09-29
REC000747,TXN000747,reconciled,2026-09-01
REC000748,TXN000748,unreconciled,
REC000749,TXN000749,unreconciled,
REC000750,TXN000750,reconciled,2026-02-01
REC000751,TXN000751,pending,
REC000752,TXN000752,reconciled,2026-05-19
REC000753,TXN000753,reconciled,2026-07-13
REC000754,TXN000754,unreconciled,
REC000755,TXN000755,reconciled,2026-07-23
REC000756,TXN000756,reconciled,2026-01-30
REC000757,TXN000757,reconciled,2026-08-16
REC000758,TXN000758,reconciled,2026-03-22
REC000759,TXN000759,pending,
REC000760,TXN000760,unreconciled,
REC000761,TXN000761,reconciled,2025-09-15
REC000762,TXN000762,reconciled,2026-03-25
REC000763,TXN000763,reconciled,2026-03-09
REC000764,TXN000764,unreconciled,
REC000765,TXN000765,unreconciled,
REC000766,TXN000766,reconciled,2025-10-09
REC000767,TXN000767,reconciled,2025-09-18
REC000768,TXN000768,reconciled,2025-11-01
REC000769,TXN000769,reconciled,2026-05-17
REC000770,TXN000770,reconciled,2025-12-27
REC000771,TXN000771,reconciled,2025-08-15
REC000772,TXN000772,reconciled,2026-02-28
REC000773,TXN000773,reconciled,2025-12-24
REC000774,TXN000774,reconciled,2025-10-01
REC000775,TXN000775,pending,
REC000776,TXN000776,reconciled,2025-09-14
REC000777,TXN000777,reconciled,2026-07-03
REC000778,TXN000778,unreconciled,
REC000779,TXN000779,reconciled,2026-04-03
REC000780,TXN000780,reconciled,2026-06-09
REC000781,TXN000781,unreconciled,
REC000782,TXN000782,reconciled,2025-10-28
REC000783,TXN000783,reconciled,2026-05-26
REC000784,TXN000784,reconciled,2026-01-10
REC000785,TXN000785,reconciled,2026-03-26
REC000786,TXN000786,reconciled,2025-08-22
REC000787,TXN000787,reconciled,2026-05-24
REC000788,TXN000788,reconciled,2026-08-04
REC000789,TXN000789,reconciled,2026-01-25
REC000790,TXN000790,reconciled,2026-01-24
REC000791,TXN000791,reconciled,2025-09-05
REC000792,TXN000792,reconciled,2026-03-20
REC000793,TXN000793,reconciled,2026-02-10
REC000794,TXN000794,unreconciled,
REC000795,TXN000795,reconciled,2026-08-08
REC000796,TXN000796,reconciled,2026-08-17
REC000797,TXN000797,unreconciled,
REC000798,TXN000798,reconciled,2025-11-04
REC000799,TXN000799,reconciled,2025-08-30
REC000800,TXN000800,reconciled,2026-03-13
REC000801,TXN000801,reconciled,2025-12-15
REC000802,TXN000802,reconciled,2025-08-09
REC000803,TXN000803,reconciled,2026-06-18
REC000804,TXN000804,unreconciled,
REC000805,TXN000805,reconciled,2026-08-15
REC000806,TXN000806,pending,
REC000807,TXN000807,reconciled,2026-08-01
REC000808,TXN000808,reconciled,2026-06-22
REC000809,TXN000809,reconciled,2025-12-27
REC000810,TXN000810,pending,
REC000811,TXN000811,pending,
REC000812,TXN000812,reconciled,2026-07-14
REC000813,TXN000813,pending,
REC000814,TXN000814,unreconciled,
REC000815,TXN000815,unreconciled,
REC000816,TXN000816,pending,
REC000817,TXN000817,reconciled,2026-03-17
REC000818,TXN000818,reconciled,2026-06-24
REC000819,TXN000819,unreconciled,
REC000820,TXN000820,reconciled,2025-11-07
REC000821,TXN000821,reconciled,2026-01-30
REC000822,TXN000822,pending,
REC000823,TXN000823,reconciled,2025-08-29
REC000824,TXN000824,reconciled,2026-09-03
REC000825,TXN000825,reconciled,2025-12-12
REC000826,TXN000826,reconciled,2026-07-18
REC000827,TXN000827,reconciled,2026-02-19
REC000828,TXN000828,reconciled,2025-12-11
REC000829,TXN000829,reconciled,2026-03-05
REC000830,TXN000830,reconciled,2025-11-09
REC000831,TXN000831,reconciled,2025-09-16
REC000832,TXN000832,reconciled,2026-05-22
REC000833,TXN000833,reconciled,2025-09-02
REC000834,TXN000834,reconciled,2026-02-04
REC000835,TXN000835,pending,
REC000836,TXN000836,reconciled,2026-05-16
REC000837,TXN000837,reconciled,2025-11-16
REC000838,TXN000838,reconciled,2025-12-02
REC000839,TXN000839,reconciled,2026-01-01
REC000840,TXN000840,reconciled,2026-03-06
REC000841,TXN000841,reconciled,2026-07-12
REC000842,TXN000842,reconciled,2026-07-10
REC000843,TXN000843,reconciled,2026-02-05
REC000844,TXN000844,reconciled,2026-03-31
REC000845,TXN000845,reconciled,2026-08-27
REC000846,TXN000846,reconciled,2025-12-10
REC000847,TXN000847,reconciled,2026-04-14
REC000848,TXN000848,reconciled,2026-04-19
REC000849,TXN000849,pending,
REC000850,TXN000850,pending,
REC000851,TXN000851,reconciled,2026-03-15
REC000852,TXN000852,unreconciled,
REC000853,TXN000853,reconciled,2026-08-06
REC000854,TXN000854,pending,
REC000855,TXN000855,reconciled,2026-04-13
REC000856,TXN000856,pending,
REC000857,TXN000857,reconciled,2026-07-15
REC000858,TXN000858,reconciled,2026-05-07
REC000859,TXN000859,unreconciled,
REC000860,TXN000860,reconciled,2026-05-09
REC000861,TXN000861,unreconciled,
REC000862,TXN000862,reconciled,2026-08-21
REC000863,TXN000863,reconciled,2026-03-24
REC000864,TXN000864,unreconciled,
REC000865,TXN000865,reconciled,2025-10-30
REC000866,TXN000866,reconciled,2026-05-14
REC000867,TXN000867,unreconciled,
REC000868,TXN000868,reconciled,2026-04-26
REC000869,TXN000869,reconciled,2026-08-07
REC000870,TXN000870,reconciled,2026-05-18
REC000871,TXN000871,reconciled,2025-10-28
REC000872,TXN000872,unreconciled,
REC000873,TXN000873,unreconciled,
REC000874,TXN000874,reconciled,2026-08-23
REC000875,TXN000875,reconciled,2026-09-11
REC000876,TXN000876,reconciled,2025-11-04
REC000877,TXN000877,reconciled,2025-10-04
REC000878,TXN000878,unreconciled,
REC000879,TXN000879,unreconciled,
REC000880,TXN000880,reconciled,2025-09-22
REC000881,TXN000881,unreconciled,
REC000882,TXN000882,reconciled,2026-05-05
REC000883,TXN000883,reconciled,2026-02-22
REC000884,TXN000884,reconciled,2026-08-15
REC000885,TXN000885,reconciled,2025-12-25
REC000886,TXN000886,reconciled,2026-08-08
REC000887,TXN000887,reconciled,2026-05-10
REC000888,TXN000888,reconciled,2026-01-23
REC000889,TXN000889,unreconciled,
REC000890,TXN000890,reconciled,2026-06-03
REC000891,TXN000891,reconciled,2026-06-09
REC000892,TXN000892,reconciled,2026-03-26
REC000893,TXN000893,reconciled,2026-08-27
REC000894,TXN000894,pending,
REC000895,TXN000895,pending,
REC000896,TXN000896,reconciled,2026-05-07
REC000897,TXN000897,reconciled,2026-04-22
REC000898,TXN000898,unreconciled,
REC000899,TXN000899,reconciled,2025-12-18
REC000900,TXN000900,reconciled,2025-10-28
REC000901,TXN000901,unreconciled,
REC000902,TXN000902,unreconciled,
REC000903,TXN000903,unreconciled,
REC000904,TXN000904,unreconciled,
REC000905,TXN000905,unreconciled,
REC000906,TXN000906,pending,
REC000907,TXN000907,reconciled,2026-01-19
REC000908,TXN000908,unreconciled,
REC000909,TXN000909,unreconciled,
REC000910,TXN000910,reconciled,2025-09-29
REC000911,TXN000911,reconciled,2026-06-26
REC000912,TXN000912,pending,
REC000913,TXN000913,unreconciled,
REC000914,TXN000914,pending,
REC000915,TXN000915,unreconciled,
REC000916,TXN000916,reconciled,2026-03-28
REC000917,TXN000917,unreconciled,
REC000918,TXN000918,unreconciled,
REC000919,TXN000919,unreconciled,
REC000920,TXN000920,reconciled,2026-08-15
REC000921,TXN000921,unreconciled,
REC000922,TXN000922,reconciled,2026-04-13
REC000923,TXN000923,reconciled,2026-08-05
REC000924,TXN000924,reconciled,2026-03-27
REC000925,TXN000925,unreconciled,
REC000926,TXN000926,reconciled,2025-09-15
REC000927,TXN000927,reconciled,2026-06-11
REC000928,TXN000928,reconciled,2026-04-14
REC000929,TXN000929,unreconciled,
REC000930,TXN000930,unreconciled,
REC000931,TXN000931,reconciled,2026-02-19
REC000932,TXN000932,reconciled,2026-07-12
REC000933,TXN000933,unreconciled,
REC000934,TXN000934,reconciled,2026-03-24
REC000935,TXN000935,reconciled,2026-01-11
REC000936,TXN000936,reconciled,2026-06-26
REC000937,TXN000937,unreconciled,
REC000938,TXN000938,reconciled,2026-05-23
REC000939,TXN000939,unreconciled,
REC000940,TXN000940,pending,
REC000941,TXN000941,unreconciled,
REC000942,TXN000942,reconciled,2025-11-27
REC000943,TXN000943,reconciled,2026-01-06
REC000944,TXN000944,reconciled,2025-10-01
REC000945,TXN000945,reconciled,2026-05-03
REC000946,TXN000946,reconciled,2026-06-03
REC000947,TXN000947,reconciled,2026-01-04
REC000948,TXN000948,reconciled,2026-06-30
REC000949,TXN000949,reconciled,2025-12-03
REC000950,TXN000950,reconciled,2026-02-12
REC000951,TXN000951,reconciled,2025-11-09
REC000952,TXN000952,pending,
REC000953,TXN000953,unreconciled,
REC000954,TXN000954,reconciled,2025-11-29
REC000955,TXN000955,reconciled,2026-04-03
REC000956,TXN000956,pending,
REC000957,TXN000957,reconciled,2025-08-28
REC000958,TXN000958,reconciled,2026-03-02
REC000959,TXN000959,reconciled,2026-05-05
REC000960,TXN000960,reconciled,2026-06-19
REC000961,TXN000961,reconciled,2026-06-05
REC000962,TXN000962,reconciled,2026-06-30
REC000963,TXN000963,reconciled,2026-01-04
REC000964,TXN000964,reconciled,2025-11-21
REC000965,TXN000965,reconciled,2026-09-09
REC000966,TXN000966,reconciled,2025-10-06
REC000967,TXN000967,pending,
REC000968,TXN000968,reconciled,2026-07-09
REC000969,TXN000969,unreconciled,
REC000970,TXN000970,reconciled,2026-03-24
REC000971,TXN000971,pending,
REC000972,TXN000972,reconciled,2026-01-04
REC000973,TXN000973,reconciled,2026-03-19
REC000974,TXN000974,reconciled,2025-12-31
REC000975,TXN000975,reconciled,2026-02-20
REC000976,TXN000976,reconciled,2026-01-31
REC000977,TXN000977,reconciled,2025-12-26
REC000978,TXN000978,reconciled,2025-10-08
REC000979,TXN000979,reconciled,2026-08-12
REC000980,TXN000980,unreconciled,
REC000981,TXN000981,reconciled,2026-05-06
REC000982,TXN000982,reconciled,2026-07-18
REC000983,TXN000983,reconciled,2026-03-09
REC000984,TXN000984,reconciled,2026-07-18
REC000985,TXN000985,reconciled,2025-09-07
REC000986,TXN000986,reconciled,2026-09-11
REC000987,TXN000987,reconciled,2026-01-16
REC000988,TXN000988,reconciled,2026-05-26
REC000989,TXN000989,reconciled,2025-11-19
REC000990,TXN000990,reconciled,2026-08-30
REC000991,TXN000991,reconciled,2026-03-29
REC000992,TXN000992,unreconciled,
REC000993,TXN000993,reconciled,2026-08-07
REC000994,TXN000994,unreconciled,
REC000995,TXN000995,reconciled,2026-07-28
REC000996,TXN000996,unreconciled,
REC000997,TXN000997,reconciled,2026-01-11
REC000998,TXN000998,reconciled,2026-02-06
REC000999,TXN000999,reconciled,2026-04-24
REC001000,TXN001000,reconciled,2025-10-11
REC001001,TXN001001,unreconciled,
REC001002,TXN001002,reconciled,2026-01-04
REC001003,TXN001003,reconciled,2026-02-11
REC001004,TXN001004,reconciled,2026-06-18
REC001005,TXN001005,reconciled,2026-06-13
REC001006,TXN001006,reconciled,2025-08-25
REC001007,TXN001007,reconciled,2026-07-04
REC001008,TXN001008,reconciled,2025-10-21
REC001009,TXN001009,reconciled,2026-06-30
REC001010,TXN001010,reconciled,2026-03-10
REC001011,TXN001011,reconciled,2026-06-21
REC001012,TXN001012,pending,
REC001013,TXN001013,unreconciled,
REC001014,TXN001014,reconciled,2026-05-02
REC001015,TXN001015,reconciled,2026-08-05
REC001016,TXN001016,reconciled,2026-08-23
REC001017,TXN001017,reconciled,2026-05-08
REC001018,TXN001018,reconciled,2026-08-30
REC001019,TXN001019,reconciled,2025-12-29
REC001020,TXN001020,pending,
REC001021,TXN001021,reconciled,2026-04-04
REC001022,TXN001022,reconciled,2026-08-30
REC001023,TXN001023,reconciled,2026-07-24
REC001024,TXN001024,reconciled,2026-06-10
REC001025,TXN001025,reconciled,2026-09-02
REC001026,TXN001026,unreconciled,
REC001027,TXN001027,unreconciled,
REC001028,TXN001028,reconciled,2026-02-13
REC001029,TXN001029,reconciled,2026-06-04
REC001030,TXN001030,reconciled,2025-11-23
REC001031,TXN001031,unreconciled,
REC001032,TXN001032,reconciled,2025-11-19
REC001033,TXN001033,pending,
REC001034,TXN001034,reconciled,2025-08-28
REC001035,TXN001035,pending,
REC001036,TXN001036,reconciled,2026-08-30
REC001037,TXN001037,reconciled,2026-04-15
REC001038,TXN001038,unreconciled,
REC001039,TXN001039,unreconciled,
REC001040,TXN001040,pending,
REC001041,TXN001041,pending,
REC001042,TXN001042,reconciled,2025-12-18
REC001043,TXN001043,reconciled,2025-12-07
REC001044,TXN001044,pending,
REC001045,TXN001045,reconciled,2026-07-18
REC001046,TXN001046,unreconciled,
REC001047,TXN001047,reconciled,2025-12-02
REC001048,TXN001048,reconciled,2025-09-15
REC001049,TXN001049,reconciled,2026-03-17
REC001050,TXN001050,pending,
REC001051,TXN001051,reconciled,2026-05-16
REC001052,TXN001052,reconciled,2025-12-19
REC001053,TXN001053,unreconciled,
REC001054,TXN001054,pending,
REC001055,TXN001055,reconciled,2026-05-15
REC001056,TXN001056,reconciled,2025-12-31
REC001057,TXN001057,reconciled,2025-12-16
REC001058,TXN001058,unreconciled,
REC001059,TXN001059,reconciled,2025-08-30
REC001060,TXN001060,unreconciled,
REC001061,TXN001061,reconciled,2026-07-01
REC001062,TXN001062,reconciled,2025-12-08
REC001063,TXN001063,reconciled,2026-07-17
REC001064,TXN001064,reconciled,2026-05-20
REC001065,TXN001065,unreconciled,
REC001066,TXN001066,reconciled,2026-01-17
REC001067,TXN001067,reconciled,2026-06-17
REC001068,TXN001068,reconciled,2025-08-26
REC001069,TXN001069,reconciled,2025-09-17
REC001070,TXN001070,reconciled,2026-07-18
REC001071,TXN001071,reconciled,2026-02-03
REC001072,TXN001072,reconciled,2026-08-19
REC001073,TXN001073,reconciled,2026-04-04
REC001074,TXN001074,unreconciled,
REC001075,TXN001075,unreconciled,
REC001076,TXN001076,reconciled,2026-08-12
REC001077,TXN001077,reconciled,2026-03-31
REC001078,TXN001078,reconciled,2026-04-13
REC001079,TXN001079,pending,
REC001080,TXN001080,reconciled,2026-08-09
REC001081,TXN001081,reconciled,2025-11-07
REC001082,TXN001082,reconciled,2026-06-28
REC001083,TXN001083,reconciled,2026-07-17
REC001084,TXN001084,reconciled,2026-04-17
REC001085,TXN001085,reconciled,2026-04-22
REC001086,TXN001086,reconciled,2026-04-03
REC001087,TXN001087,reconciled,2026-07-17
REC001088,TXN001088,reconciled,2026-05-01
REC001089,TXN001089,reconciled,2026-08-04
REC001090,TXN001090,reconciled,2026-01-14
REC001091,TXN001091,reconciled,2025-11-02
REC001092,TXN001092,reconciled,2025-10-28
REC001093,TXN001093,pending,
REC001094,TXN001094,reconciled,2026-02-27
REC001095,TXN001095,unreconciled,
REC001096,TXN001096,reconciled,2025-09-14
REC001097,TXN001097,unreconciled,
REC001098,TXN001098,reconciled,2026-09-07
REC001099,TXN001099,reconciled,2026-08-15
REC001100,TXN001100,unreconciled,
REC001101,TXN001101,reconciled,2025-08-24
REC001102,TXN001102,reconciled,2025-10-23
REC001103,TXN001103,reconciled,2026-08-18
REC001104,TXN001104,reconciled,2026-09-13
REC001105,TXN001105,pending,
REC001106,TXN001106,unreconciled,
REC001107,TXN001107,reconciled,2026-05-19
REC001108,TXN001108,reconciled,2025-08-28
REC001109,TXN001109,reconciled,2026-02-15
REC001110,TXN001110,reconciled,2026-06-24
REC001111,TXN001111,reconciled,2026-08-03
REC001112,TXN001112,pending,
REC001113,TXN001113,reconciled,2025-11-10
REC001114,TXN001114,reconciled,2026-06-20
REC001115,TXN001115,unreconciled,
REC001116,TXN001116,reconciled,2025-08-23
REC001117,TXN001117,reconciled,2025-10-07
REC001118,TXN001118,reconciled,2026-06-14
REC001119,TXN001119,unreconciled,
REC001120,TXN001120,reconciled,2026-05-21
REC001121,TXN001121,pending,
REC001122,TXN001122,reconciled,2026-07-05
REC001123,TXN001123,reconciled,2026-03-23
REC001124,TXN001124,reconciled,2026-05-26
REC001125,TXN001125,reconciled,2026-06-03
REC001126,TXN001126,reconciled,2026-07-06
REC001127,TXN001127,reconciled,2026-01-25
REC001128,TXN001128,reconciled,2026-03-15
REC001129,TXN001129,reconciled,2025-12-25
REC001130,TXN001130,reconciled,2026-03-19
REC001131,TXN001131,unreconciled,
REC001132,TXN001132,reconciled,2025-11-01
REC001133,TXN001133,reconciled,2026-03-18
REC001134,TXN001134,unreconciled,
REC001135,TXN001135,reconciled,2026-01-28
REC001136,TXN001136,reconciled,2026-04-16
REC001137,TXN001137,reconciled,2026-02-23
REC001138,TXN001138,reconciled,2026-07-25
REC001139,TXN001139,reconciled,2026-02-09
REC001140,TXN001140,unreconciled,
REC001141,TXN001141,unreconciled,
REC001142,TXN001142,reconciled,2026-02-11
REC001143,TXN001143,unreconciled,
REC001144,TXN001144,reconciled,2026-03-10
REC001145,TXN001145,pending,
REC001146,TXN001146,reconciled,2025-09-01
REC001147,TXN001147,unreconciled,
REC001148,TXN001148,reconciled,2026-03-18
REC001149,TXN001149,unreconciled,
REC001150,TXN001150,reconciled,2026-02-22
REC001151,TXN001151,reconciled,2026-07-10
REC001152,TXN001152,reconciled,2026-07-04
REC001153,TXN001153,reconciled,2025-10-30
REC001154,TXN001154,reconciled,2026-06-29
REC001155,TXN001155,unreconciled,
REC001156,TXN001156,reconciled,2026-05-21
REC001157,TXN001157,reconciled,2026-09-06
REC001158,TXN001158,pending,
REC001159,TXN001159,reconciled,2025-11-12
REC001160,TXN001160,reconciled,2026-03-23
REC001161,TXN001161,reconciled,2025-09-27
REC001162,TXN001162,reconciled,2026-02-12
REC001163,TXN001163,reconciled,2026-08-16
REC001164,TXN001164,reconciled,2025-10-18
REC001165,TXN001165,reconciled,2025-11-03
REC001166,TXN001166,reconciled,2026-02-02
REC001167,TXN001167,reconciled,2026-01-15
REC001168,TXN001168,pending,
REC001169,TXN001169,reconciled,2026-06-14
REC001170,TXN001170,unreconciled,
REC001171,TXN001171,reconciled,2026-01-02
REC001172,TXN001172,reconciled,2026-08-10
REC001173,TXN001173,reconciled,2026-03-25
REC001174,TXN001174,reconciled,2026-04-30
REC001175,TXN001175,reconciled,2026-05-22
REC001176,TXN001176,reconciled,2026-08-24
REC001177,TXN001177,reconciled,2026-05-09
REC001178,TXN001178,reconciled,2026-05-30
REC001179,TXN001179,reconciled,2026-07-29
REC001180,TXN001180,reconciled,2026-05-17
REC001181,TXN001181,reconciled,2026-04-29
REC001182,TXN001182,reconciled,2026-07-08
REC001183,TXN001183,reconciled,2026-07-12
REC001184,TXN001184,reconciled,2025-08-29
REC001185,TXN001185,reconciled,2026-05-13
REC001186,TXN001186,unreconciled,
REC001187,TXN001187,reconciled,2026-06-18
REC001188,TXN001188,reconciled,2025-11-27
REC001189,TXN001189,pending,
REC001190,TXN001190,reconciled,2026-05-03
REC001191,TXN001191,reconciled,2026-07-02
REC001192,TXN001192,reconciled,2025-09-13
REC001193,TXN001193,pending,
REC001194,TXN001194,unreconciled,
REC001195,TXN001195,unreconciled,
REC001196,TXN001196,reconciled,2026-02-16
REC001197,TXN001197,reconciled,2025-11-24
REC001198,TXN001198,reconciled,2026-04-09
REC001199,TXN001199,reconciled,2026-02-03
REC001200,TXN001200,reconciled,2026-07-28
REC001201,TXN001201,unreconciled,
REC001202,TXN001202,reconciled,2026-06-11
REC001203,TXN001203,reconciled,2025-08-29
REC001204,TXN001204,reconciled,2026-08-03
REC001205,TXN001205,reconciled,2025-08-28
REC001206,TXN001206,pending,
REC001207,TXN001207,reconciled,2026-02-22
REC001208,TXN001208,pending,
REC001209,TXN001209,reconciled,2026-01-14
REC001210,TXN001210,reconciled,2025-08-12
REC001211,TXN001211,reconciled,2026-07-01
REC001212,TXN001212,reconciled,2025-12-21
REC001213,TXN001213,reconciled,2025-11-22
REC001214,TXN001214,reconciled,2025-10-30
REC001215,TXN001215,reconciled,2025-12-16
REC001216,TXN001216,unreconciled,
REC001217,TXN001217,pending,
REC001218,TXN001218,reconciled,2026-03-26
REC001219,TXN001219,unreconciled,
REC001220,TXN001220,pending,
REC001221,TXN001221,unreconciled,
REC001222,TXN001222,unreconciled,
REC001223,TXN001223,unreconciled,
REC001224,TXN001224,reconciled,2025-11-29
REC001225,TXN001225,reconciled,2026-03-29
REC001226,TXN001226,pending,
REC001227,TXN001227,unreconciled,
REC001228,TXN001228,reconciled,2025-10-23
REC001229,TXN001229,pending,
REC001230,TXN001230,reconciled,2026-06-25
REC001231,TXN001231,unreconciled,
REC001232,TXN001232,pending,
REC001233,TXN001233,unreconciled,
REC001234,TXN001234,reconciled,2026-04-28
REC001235,TXN001235,pending,
REC001236,TXN001236,reconciled,2025-12-19
REC001237,TXN001237,unreconciled,
REC001238,TXN001238,pending,
REC001239,TXN001239,reconciled,2026-07-08
REC001240,TXN001240,reconciled,2026-07-08
REC001241,TXN001241,unreconciled,
REC001242,TXN001242,reconciled,2025-08-31
REC001243,TXN001243,reconciled,2026-08-06
REC001244,TXN001244,reconciled,2026-07-05
REC001245,TXN001245,unreconciled,
REC001246,TXN001246,reconciled,2026-07-30
REC001247,TXN001247,reconciled,2026-07-20
REC001248,TXN001248,reconciled,2026-05-21
REC001249,TXN001249,unreconciled,
REC001250,TXN001250,reconciled,2025-09-13
REC001251,TXN001251,unreconciled,
REC001252,TXN001252,reconciled,2026-06-20
REC001253,TXN001253,reconciled,2026-08-08
REC001254,TXN001254,reconciled,2025-09-28
REC001255,TXN001255,reconciled,2026-06-17
REC001256,TXN001256,reconciled,2026-05-23
REC001257,TXN001257,reconciled,2026-05-17
REC001258,TXN001258,reconciled,2026-01-02
REC001259,TXN001259,reconciled,2026-02-23
REC001260,TXN001260,unreconciled,
REC001261,TXN001261,reconciled,2026-08-12
REC001262,TXN001262,reconciled,2026-07-27
REC001263,TXN001263,reconciled,2026-08-01
REC001264,TXN001264,reconciled,2026-08-29
REC001265,TXN001265,reconciled,2025-11-29
REC001266,TXN001266,reconciled,2025-10-20
REC001267,TXN001267,reconciled,2026-05-09
REC001268,TXN001268,reconciled,2025-11-09
REC001269,TXN001269,reconciled,2026-05-20
REC001270,TXN001270,reconciled,2025-11-11
REC001271,TXN001271,reconciled,2026-05-10
REC001272,TXN001272,reconciled,2026-03-27
REC001273,TXN001273,reconciled,2026-04-19
REC001274,TXN001274,reconciled,2026-01-15
REC001275,TXN001275,reconciled,2026-02-14
REC001276,TXN001276,reconciled,2026-05-07
REC001277,TXN001277,reconciled,2025-08-20
REC001278,TXN001278,unreconciled,
REC001279,TXN001279,unreconciled,
REC001280,TXN001280,reconciled,2025-08-08
REC001281,TXN001281,reconciled,2026-03-31
REC001282,TXN001282,reconciled,2026-05-11
REC001283,TXN001283,reconciled,2025-09-30
REC001284,TXN001284,reconciled,2026-08-31
REC001285,TXN001285,reconciled,2025-10-31
REC001286,TXN001286,unreconciled,
REC001287,TXN001287,pending,
REC001288,TXN001288,pending,
REC001289,TXN001289,unreconciled,
REC001290,TXN001290,reconciled,2026-07-17
REC001291,TXN001291,reconciled,2026-05-07
REC001292,TXN001292,reconciled,2026-02-13
REC001293,TXN001293,unreconciled,
REC001294,TXN001294,reconciled,2026-03-23
REC001295,TXN001295,unreconciled,
REC001296,TXN001296,reconciled,2026-01-19
REC001297,TXN001297,reconciled,2026-06-16
REC001298,TXN001298,unreconciled,
REC001299,TXN001299,reconciled,2026-04-14
REC001300,TXN001300,pending,
REC001301,TXN001301,pending,
REC001302,TXN001302,unreconciled,
REC001303,TXN001303,reconciled,2026-05-08
REC001304,TXN001304,unreconciled,
REC001305,TXN001305,reconciled,2025-11-02
REC001306,TXN001306,unreconciled,
REC001307,TXN001307,unreconciled,
REC001308,TXN001308,unreconciled,
REC001309,TXN001309,reconciled,2026-05-04
REC001310,TXN001310,reconciled,2026-01-13
REC001311,TXN001311,unreconciled,
REC001312,TXN001312,reconciled,2026-02-07
REC001313,TXN001313,reconciled,2025-09-17
REC001314,TXN001314,pending,
REC001315,TXN001315,reconciled,2026-06-06
REC001316,TXN001316,reconciled,2026-03-09
REC001317,TXN001317,reconciled,2026-04-21
REC001318,TXN001318,reconciled,2025-09-18
REC001319,TXN001319,reconciled,2026-04-26
REC001320,TXN001320,reconciled,2026-08-24
REC001321,TXN001321,unreconciled,
REC001322,TXN001322,reconciled,2026-08-24
REC001323,TXN001323,unreconciled,
REC001324,TXN001324,reconciled,2026-04-06
REC001325,TXN001325,pending,
REC001326,TXN001326,reconciled,2025-11-16
REC001327,TXN001327,unreconciled,
REC001328,TXN001328,reconciled,2025-09-07
REC001329,TXN001329,reconciled,2025-08-11
REC001330,TXN001330,reconciled,2026-05-10
REC001331,TXN001331,reconciled,2026-01-15
REC001332,TXN001332,unreconciled,
REC001333,TXN001333,unreconciled,
REC001334,TXN001334,reconciled,2026-01-10
REC001335,TXN001335,reconciled,2025-09-05
REC001336,TXN001336,unreconciled,
REC001337,TXN001337,reconciled,2026-06-16
REC001338,TXN001338,reconciled,2025-08-21
REC001339,TXN001339,reconciled,2026-05-18
REC001340,TXN001340,reconciled,2026-01-24
REC001341,TXN001341,reconciled,2026-02-19
REC001342,TXN001342,reconciled,2026-03-13
REC001343,TXN001343,reconciled,2026-04-07
REC001344,TXN001344,reconciled,2025-10-07
REC001345,TXN001345,unreconciled,
REC001346,TXN001346,reconciled,2026-06-13
REC001347,TXN001347,reconciled,2026-04-28
REC001348,TXN001348,reconciled,2026-01-04
REC001349,TXN001349,unreconciled,
REC001350,TXN001350,unreconciled,
REC001351,TXN001351,reconciled,2026-06-29
REC001352,TXN001352,unreconciled,
REC001353,TXN001353,reconciled,2026-06-03
REC001354,TXN001354,reconciled,2025-08-10
REC001355,TXN001355,reconciled,2026-02-15
REC001356,TXN001356,pending,
REC001357,TXN001357,unreconciled,
REC001358,TXN001358,reconciled,2026-03-26
REC001359,TXN001359,reconciled,2025-08-08
REC001360,TXN001360,reconciled,2025-11-07
REC001361,TXN001361,reconciled,2025-09-25
REC001362,TXN001362,unreconciled,
REC001363,TXN001363,reconciled,2026-03-12
REC001364,TXN001364,pending,
REC001365,TXN001365,pending,
REC001366,TXN001366,reconciled,2026-03-10
REC001367,TXN001367,reconciled,2025-11-25
REC001368,TXN001368,reconciled,2026-02-23
REC001369,TXN001369,reconciled,2026-08-24
REC001370,TXN001370,reconciled,2026-01-05
REC001371,TXN001371,pending,
REC001372,TXN001372,reconciled,2026-06-15
REC001373,TXN001373,reconciled,2026-02-10
REC001374,TXN001374,pending,
REC001375,TXN001375,reconciled,2026-05-17
REC001376,TXN001376,reconciled,2025-11-30
REC001377,TXN001377,reconciled,2026-03-02
REC001378,TXN001378,reconciled,2026-03-02
REC001379,TXN001379,reconciled,2026-07-17
REC001380,TXN001380,reconciled,2025-12-09
REC001381,TXN001381,reconciled,2026-07-25
REC001382,TXN001382,reconciled,2026-04-07
REC001383,TXN001383,reconciled,2026-05-14
REC001384,TXN001384,reconciled,2026-08-28
REC001385,TXN001385,reconciled,2025-10-26
REC001386,TXN001386,reconciled,2025-12-15
REC001387,TXN001387,reconciled,2025-09-21
REC001388,TXN001388,reconciled,2026-06-24
REC001389,TXN001389,reconciled,2026-05-02
REC001390,TXN001390,reconciled,2026-03-11
REC001391,TXN001391,reconciled,2026-04-11
REC001392,TXN001392,reconciled,2026-03-05
REC001393,TXN001393,pending,
REC001394,TXN001394,reconciled,2026-05-26
REC001395,TXN001395,reconciled,2026-07-27
REC001396,TXN001396,reconciled,2025-11-20
REC001397,TXN001397,reconciled,2026-07-07
REC001398,TXN001398,reconciled,2026-06-05
REC001399,TXN001399,pending,
REC001400,TXN001400,reconciled,2026-01-02
REC001401,TXN001401,reconciled,2025-10-24
REC001402,TXN001402,reconciled,2026-09-05
REC001403,TXN001403,reconciled,2026-01-05
REC001404,TXN001404,pending,
REC001405,TXN001405,reconciled,2026-08-20
REC001406,TXN001406,unreconciled,
REC001407,TXN001407,unreconciled,
REC001408,TXN001408,reconciled,2026-08-21
REC001409,TXN001409,reconciled,2026-06-18
REC001410,TXN001410,unreconciled,
REC001411,TXN001411,reconciled,2026-04-11
REC001412,TXN001412,reconciled,2026-02-10
REC001413,TXN001413,reconciled,2025-11-08
REC001414,TXN001414,reconciled,2026-08-28
REC001415,TXN001415,pending,
REC001416,TXN001416,pending,
REC001417,TXN001417,unreconciled,
REC001418,TXN001418,reconciled,2025-11-06
REC001419,TXN001419,reconciled,2025-08-27
REC001420,TXN001420,reconciled,2025-10-09
REC001421,TXN001421,reconciled,2026-09-04
REC001422,TXN001422,reconciled,2026-08-16
REC001423,TXN001423,pending,
REC001424,TXN001424,unreconciled,
REC001425,TXN001425,reconciled,2026-06-07
REC001426,TXN001426,reconciled,2025-12-10
REC001427,TXN001427,reconciled,2026-06-20
REC001428,TXN001428,reconciled,2026-03-09
REC001429,TXN001429,reconciled,2026-02-19
REC001430,TXN001430,reconciled,2026-05-24
REC001431,TXN001431,reconciled,2026-05-19
REC001432,TXN001432,pending,
REC001433,TXN001433,reconciled,2025-11-08
REC001434,TXN001434,reconciled,2026-07-13
REC001435,TXN001435,reconciled,2026-01-23
REC001436,TXN001436,pending,
REC001437,TXN001437,unreconciled,
REC001438,TXN001438,reconciled,2025-10-21
REC001439,TXN001439,reconciled,2026-05-01
REC001440,TXN001440,pending,
REC001441,TXN001441,reconciled,2026-03-07
REC001442,TXN001442,reconciled,2025-09-17
REC001443,TXN001443,reconciled,2025-08-21
REC001444,TXN001444,unreconciled,
REC001445,TXN001445,reconciled,2026-02-20
REC001446,TXN001446,unreconciled,
REC001447,TXN001447,reconciled,2026-09-03
REC001448,TXN001448,reconciled,2026-04-07
REC001449,TXN001449,unreconciled,
REC001450,TXN001450,reconciled,2026-08-19
REC001451,TXN001451,reconciled,2026-02-18
REC001452,TXN001452,unreconciled,
REC001453,TXN001453,reconciled,2026-08-25
REC001454,TXN001454,reconciled,2025-12-27
REC001455,TXN001455,unreconciled,
REC001456,TXN001456,unreconciled,
REC001457,TXN001457,reconciled,2026-06-15
REC001458,TXN001458,reconciled,2026-03-12
REC001459,TXN001459,reconciled,2025-09-04
REC001460,TXN001460,unreconciled,
REC001461,TXN001461,reconciled,2026-07-14
REC001462,TXN001462,reconciled,2026-02-27
REC001463,TXN001463,reconciled,2026-04-17
REC001464,TXN001464,reconciled,2026-05-11
REC001465,TXN001465,reconciled,2025-09-18
REC001466,TXN001466,reconciled,2026-04-05
REC001467,TXN001467,reconciled,2026-07-02
REC001468,TXN001468,reconciled,2026-05-01
REC001469,TXN001469,reconciled,2026-06-10
REC001470,TXN001470,unreconciled,
REC001471,TXN001471,reconciled,2026-04-11
REC001472,TXN001472,unreconciled,
REC001473,TXN001473,pending,
REC001474,TXN001474,reconciled,2026-04-06
REC001475,TXN001475,unreconciled,
REC001476,TXN001476,unreconciled,
REC001477,TXN001477,reconciled,2025-09-12
REC001478,TXN001478,reconciled,2026-07-10
REC001479,TXN001479,reconciled,2025-12-19
REC001480,TXN001480,unreconciled,
REC001481,TXN001481,reconciled,2025-09-13
REC001482,TXN001482,unreconciled,
REC001483,TXN001483,pending,
REC001484,TXN001484,pending,
REC001485,TXN001485,reconciled,2025-12-11
REC001486,TXN001486,reconciled,2026-02-24
REC001487,TXN001487,unreconciled,
REC001488,TXN001488,reconciled,2026-04-27
REC001489,TXN001489,reconciled,2026-09-11
REC001490,TXN001490,reconciled,2026-01-03
REC001491,TXN001491,reconciled,2025-10-24
REC001492,TXN001492,pending,
REC001493,TXN001493,reconciled,2026-06-02
REC001494,TXN001494,unreconciled,
REC001495,TXN001495,reconciled,2025-12-25
REC001496,TXN001496,reconciled,2026-01-28
REC001497,TXN001497,unreconciled,
REC001498,TXN001498,reconciled,2026-05-09
REC001499,TXN001499,reconciled,2025-11-27
REC001500,TXN001500,reconciled,2025-10-27
REC001501,TXN001501,reconciled,2026-04-27
REC001502,TXN001502,reconciled,2026-04-22
REC001503,TXN001503,reconciled,2026-08-19
REC001504,TXN001504,unreconciled,
REC001505,TXN001505,reconciled,2026-03-12
REC001506,TXN001506,reconciled,2026-07-31
REC001507,TXN001507,pending,
REC001508,TXN001508,reconciled,2025-11-28
REC001509,TXN001509,unreconciled,
REC001510,TXN001510,reconciled,2026-06-12
REC001511,TXN001511,reconciled,2026-07-04
REC001512,TXN001512,reconciled,2025-10-17
REC001513,TXN001513,unreconciled,
REC001514,TXN001514,unreconciled,
REC001515,TXN001515,unreconciled,
REC001516,TXN001516,reconciled,2025-12-06
REC001517,TXN001517,pending,
REC001518,TXN001518,reconciled,2025-12-28
REC001519,TXN001519,unreconciled,
REC001520,TXN001520,reconciled,2025-08-24
REC001521,TXN001521,reconciled,2026-05-09
REC001522,TXN001522,reconciled,2026-04-11
REC001523,TXN001523,unreconciled,
REC001524,TXN001524,unreconciled,
REC001525,TXN001525,unreconciled,
REC001526,TXN001526,unreconciled,
REC001527,TXN001527,reconciled,2026-02-15
REC001528,TXN001528,reconciled,2026-06-27
REC001529,TXN001529,reconciled,2025-08-24
REC001530,TXN001530,reconciled,2025-08-31
REC001531,TXN001531,reconciled,2025-09-01
REC001532,TXN001532,reconciled,2026-07-16
REC001533,TXN001533,reconciled,2026-02-20
REC001534,TXN001534,reconciled,2026-08-01
REC001535,TXN001535,unreconciled,
REC001536,TXN001536,reconciled,2026-06-12
REC001537,TXN001537,unreconciled,
REC001538,TXN001538,reconciled,2026-06-17
REC001539,TXN001539,unreconciled,
REC001540,TXN001540,unreconciled,
REC001541,TXN001541,reconciled,2026-09-02
REC001542,TXN001542,unreconciled,
REC001543,TXN001543,reconciled,2026-06-11
REC001544,TXN001544,pending,
REC001545,TXN001545,unreconciled,
REC001546,TXN001546,unreconciled,
REC001547,TXN001547,reconciled,2026-09-12
REC001548,TXN001548,reconciled,2026-04-23
REC001549,TXN001549,reconciled,2026-01-14
REC001550,TXN001550,unreconciled,
REC001551,TXN001551,reconciled,2026-09-02
REC001552,TXN001552,reconciled,2025-08-28
REC001553,TXN001553,reconciled,2026-07-02
REC001554,TXN001554,reconciled,2026-02-13
REC001555,TXN001555,unreconciled,
REC001556,TXN001556,pending,
REC001557,TXN001557,reconciled,2026-06-29
REC001558,TXN001558,pending,
REC001559,TXN001559,reconciled,2026-05-16
REC001560,TXN001560,reconciled,2025-11-02
REC001561,TXN001561,reconciled,2026-02-14
REC001562,TXN001562,reconciled,2026-07-27
REC001563,TXN001563,unreconciled,
REC001564,TXN001564,reconciled,2025-09-04
REC001565,TXN001565,reconciled,2026-02-27
REC001566,TXN001566,reconciled,2025-09-03
REC001567,TXN001567,reconciled,2026-02-28
REC001568,TXN001568,reconciled,2025-12-22
REC001569,TXN001569,reconciled,2026-09-11
REC001570,TXN001570,pending,
REC001571,TXN001571,pending,
REC001572,TXN001572,pending,
REC001573,TXN001573,reconciled,2025-09-14
REC001574,TXN001574,reconciled,2025-11-03
REC001575,TXN001575,reconciled,2026-07-19
REC001576,TXN001576,unreconciled,
REC001577,TXN001577,reconciled,2025-09-28
REC001578,TXN001578,reconciled,2026-04-30
REC001579,TXN001579,unreconciled,
REC001580,TXN001580,reconciled,2026-09-08
REC001581,TXN001581,reconciled,2025-10-17
REC001582,TXN001582,reconciled,2025-10-21
REC001583,TXN001583,pending,
REC001584,TXN001584,reconciled,2026-03-01
REC001585,TXN001585,reconciled,2026-03-17
REC001586,TXN001586,pending,
REC001587,TXN001587,pending,
REC001588,TXN001588,reconciled,2026-05-08
REC001589,TXN001589,reconciled,2026-09-02
REC001590,TXN001590,reconciled,2026-04-15
REC001591,TXN001591,reconciled,2026-06-29
REC001592,TXN001592,reconciled,2026-05-23
REC001593,TXN001593,reconciled,2026-05-12
REC001594,TXN001594,unreconciled,
REC001595,TXN001595,reconciled,2026-01-05
REC001596,TXN001596,unreconciled,
REC001597,TXN001597,reconciled,2026-05-27
REC001598,TXN001598,reconciled,2026-02-01
REC001599,TXN001599,pending,
REC001600,TXN001600,unreconciled,
REC001601,TXN001601,reconciled,2026-06-29
REC001602,TXN001602,unreconciled,
REC001603,TXN001603,reconciled,2026-03-30
REC001604,TXN001604,reconciled,2025-08-30
REC001605,TXN001605,reconciled,2026-06-17
REC001606,TXN001606,unreconciled,
REC001607,TXN001607,unreconciled,
REC001608,TXN001608,reconciled,2026-09-08
REC001609,TXN001609,reconciled,2026-06-28
REC001610,TXN001610,reconciled,2026-08-04
REC001611,TXN001611,pending,
REC001612,TXN001612,reconciled,2026-01-28
REC001613,TXN001613,reconciled,2026-08-05
REC001614,TXN001614,unreconciled,
REC001615,TXN001615,unreconciled,
REC001616,TXN001616,reconciled,2025-10-04
REC001617,TXN001617,reconciled,2025-09-07
REC001618,TXN001618,reconciled,2026-04-01
REC001619,TXN001619,reconciled,2026-02-01
REC001620,TXN001620,unreconciled,
REC001621,TXN001621,reconciled,2026-07-07
REC001622,TXN001622,unreconciled,
REC001623,TXN001623,reconciled,2025-11-24
REC001624,TXN001624,reconciled,2026-08-06
REC001625,TXN001625,reconciled,2026-08-11
REC001626,TXN001626,reconciled,2026-04-14
REC001627,TXN001627,unreconciled,
REC001628,TXN001628,reconciled,2025-11-26
REC001629,TXN001629,reconciled,2025-08-17
REC001630,TXN001630,reconciled,2025-10-16
REC001631,TXN001631,reconciled,2026-08-07
REC001632,TXN001632,reconciled,2026-08-23
REC001633,TXN001633,pending,
REC001634,TXN001634,unreconciled,
REC001635,TXN001635,unreconciled,
REC001636,TXN001636,reconciled,2026-07-02
REC001637,TXN001637,reconciled,2026-07-05
REC001638,TXN001638,reconciled,2026-07-18
REC001639,TXN001639,reconciled,2025-11-04
REC001640,TXN001640,unreconciled,
REC001641,TXN001641,reconciled,2025-10-03
REC001642,TXN001642,reconciled,2025-11-26
REC001643,TXN001643,reconciled,2026-05-27
REC001644,TXN001644,reconciled,2025-10-10
REC001645,TXN001645,reconciled,2025-10-24
REC001646,TXN001646,reconciled,2025-09-19
REC001647,TXN001647,unreconciled,
REC001648,TXN001648,reconciled,2026-08-05
REC001649,TXN001649,reconciled,2026-01-19
REC001650,TXN001650,reconciled,2025-12-09
REC001651,TXN001651,reconciled,2026-04-25
REC001652,TXN001652,reconciled,2025-12-24
REC001653,TXN001653,reconciled,2026-07-12
REC001654,TXN001654,pending,
REC001655,TXN001655,reconciled,2026-04-30
REC001656,TXN001656,reconciled,2025-12-29
REC001657,TXN001657,reconciled,2026-01-27
REC001658,TXN001658,reconciled,2026-03-06
REC001659,TXN001659,reconciled,2025-11-07
REC001660,TXN001660,reconciled,2026-04-09
REC001661,TXN001661,reconciled,2026-05-19
REC001662,TXN001662,reconciled,2025-12-23
REC001663,TXN001663,reconciled,2026-04-23
REC001664,TXN001664,reconciled,2026-08-21
REC001665,TXN001665,reconciled,2026-06-08
REC001666,TXN001666,reconciled,2026-06-01
REC001667,TXN001667,pending,
REC001668,TXN001668,unreconciled,
REC001669,TXN001669,reconciled,2025-09-27
REC001670,TXN001670,reconciled,2025-09-28
REC001671,TXN001671,reconciled,2025-09-21
REC001672,TXN001672,pending,
REC001673,TXN001673,reconciled,2025-10-27
REC001674,TXN001674,reconciled,2026-08-07
REC001675,TXN001675,reconciled,2026-08-30
REC001676,TXN001676,reconciled,2026-06-01
REC001677,TXN001677,pending,
REC001678,TXN001678,reconciled,2026-07-14
REC001679,TXN001679,reconciled,2026-02-26
REC001680,TXN001680,reconciled,2026-08-15
REC001681,TXN001681,reconciled,2025-08-18
REC001682,TXN001682,reconciled,2025-08-16
REC001683,TXN001683,reconciled,2026-01-03
REC001684,TXN001684,pending,
REC001685,TXN001685,reconciled,2025-09-22
REC001686,TXN001686,reconciled,2026-07-02
REC001687,TXN001687,reconciled,2025-10-05
REC001688,TXN001688,reconciled,2026-03-29
REC001689,TXN001689,reconciled,2026-02-03
REC001690,TXN001690,reconciled,2026-06-24
REC001691,TXN001691,reconciled,2026-01-07
REC001692,TXN001692,reconciled,2026-02-25
REC001693,TXN001693,unreconciled,
REC001694,TXN001694,pending,
REC001695,TXN001695,reconciled,2026-03-20
REC001696,TXN001696,reconciled,2026-02-14
REC001697,TXN001697,unreconciled,
REC001698,TXN001698,reconciled,2026-02-25
REC001699,TXN001699,reconciled,2026-06-11
REC001700,TXN001700,reconciled,2026-02-12
REC001701,TXN001701,pending,
REC001702,TXN001702,pending,
REC001703,TXN001703,reconciled,2025-08-13
REC001704,TXN001704,unreconciled,
REC001705,TXN001705,unreconciled,
REC001706,TXN001706,reconciled,2025-12-31
REC001707,TXN001707,reconciled,2025-10-09
REC001708,TXN001708,reconciled,2025-10-19
REC001709,TXN001709,reconciled,2026-08-18
REC001710,TXN001710,unreconciled,
REC001711,TXN001711,reconciled,2026-07-20
REC001712,TXN001712,reconciled,2026-03-07
REC001713,TXN001713,unreconciled,
REC001714,TXN001714,reconciled,2026-01-19
REC001715,TXN001715,reconciled,2026-01-03
REC001716,TXN001716,reconciled,2025-09-08
REC001717,TXN001717,reconciled,2026-04-15
REC001718,TXN001718,reconciled,2026-05-08
REC001719,TXN001719,reconciled,2026-09-11
REC001720,TXN001720,reconciled,2025-12-14
REC001721,TXN001721,unreconciled,
REC001722,TXN001722,reconciled,2025-09-27
REC001723,TXN001723,pending,
REC001724,TXN001724,unreconciled,
REC001725,TXN001725,unreconciled,
REC001726,TXN001726,reconciled,2026-06-27
REC001727,TXN001727,reconciled,2025-08-22
REC001728,TXN001728,unreconciled,
REC001729,TXN001729,unreconciled,
REC001730,TXN001730,reconciled,2025-12-13
REC001731,TXN001731,reconciled,2026-05-26
REC001732,TXN001732,unreconciled,
REC001733,TXN001733,reconciled,2026-04-06
REC001734,TXN001734,unreconciled,
REC001735,TXN001735,pending,
REC001736,TXN001736,reconciled,2026-05-05
REC001737,TXN001737,reconciled,2026-08-24
REC001738,TXN001738,reconciled,2026-03-27
REC001739,TXN001739,reconciled,2026-03-19
REC001740,TXN001740,reconciled,2026-04-18
REC001741,TXN001741,reconciled,2025-12-07
REC001742,TXN001742,reconciled,2026-05-31
REC001743,TXN001743,reconciled,2026-04-25
REC001744,TXN001744,unreconciled,
REC001745,TXN001745,reconciled,2026-09-05
REC001746,TXN001746,unreconciled,
REC001747,TXN001747,reconciled,2025-12-10
REC001748,TXN001748,reconciled,2026-09-13
REC001749,TXN001749,unreconciled,
REC001750,TXN001750,reconciled,2026-06-16
REC001751,TXN001751,reconciled,2026-03-16
REC001752,TXN001752,reconciled,2026-06-18
REC001753,TXN001753,reconciled,2026-07-25
REC001754,TXN001754,reconciled,2025-08-28
REC001755,TXN001755,reconciled,2026-04-24
REC001756,TXN001756,reconciled,2026-03-09
REC001757,TXN001757,reconciled,2026-07-23
REC001758,TXN001758,reconciled,2025-09-17
REC001759,TXN001759,reconciled,2026-08-09
REC001760,TXN001760,reconciled,2026-02-12
REC001761,TXN001761,pending,
REC001762,TXN001762,reconciled,2025-12-17
REC001763,TXN001763,reconciled,2026-09-08
REC001764,TXN001764,reconciled,2025-08-28
REC001765,TXN001765,reconciled,2026-03-02
REC001766,TXN001766,reconciled,2026-05-08
REC001767,TXN001767,reconciled,2026-07-20
REC001768,TXN001768,reconciled,2026-07-03
REC001769,TXN001769,unreconciled,
REC001770,TXN001770,reconciled,2026-02-19
REC001771,TXN001771,unreconciled,
REC001772,TXN001772,reconciled,2026-03-30
REC001773,TXN001773,unreconciled,
REC001774,TXN001774,reconciled,2026-03-20
REC001775,TXN001775,reconciled,2026-01-10
REC001776,TXN001776,reconciled,2026-05-19
REC001777,TXN001777,reconciled,2026-04-09
REC001778,TXN001778,reconciled,2025-08-27
REC001779,TXN001779,reconciled,2025-10-30
REC001780,TXN001780,unreconciled,
REC001781,TXN001781,reconciled,2026-05-18
REC001782,TXN001782,reconciled,2026-06-07
REC001783,TXN001783,reconciled,2026-02-18
REC001784,TXN001784,reconciled,2026-07-10
REC001785,TXN001785,pending,
REC001786,TXN001786,reconciled,2025-09-08
REC001787,TXN001787,reconciled,2026-08-24
REC001788,TXN001788,unreconciled,
REC001789,TXN001789,reconciled,2026-03-14
REC001790,TXN001790,pending,
REC001791,TXN001791,unreconciled,
REC001792,TXN001792,unreconciled,
REC001793,TXN001793,reconciled,2026-01-25
REC001794,TXN001794,unreconciled,
REC001795,TXN001795,pending,
REC001796,TXN001796,unreconciled,
REC001797,TXN001797,reconciled,2026-03-22
REC001798,TXN001798,reconciled,2026-02-06
REC001799,TXN001799,reconciled,2026-06-02
REC001800,TXN001800,pending,
REC001801,TXN001801,reconciled,2026-04-30
REC001802,TXN001802,pending,
REC001803,TXN001803,unreconciled,
REC001804,TXN001804,reconciled,2026-05-19
REC001805,TXN001805,unreconciled,
REC001806,TXN001806,unreconciled,
REC001807,TXN001807,reconciled,2026-08-18
REC001808,TXN001808,reconciled,2026-05-19
REC001809,TXN001809,unreconciled,
REC001810,TXN001810,reconciled,2026-01-19
REC001811,TXN001811,reconciled,2026-01-10
REC001812,TXN001812,pending,
REC001813,TXN001813,reconciled,2026-05-15
REC001814,TXN001814,unreconciled,
REC001815,TXN001815,unreconciled,
REC001816,TXN001816,reconciled,2026-03-19
REC001817,TXN001817,reconciled,2026-06-21
REC001818,TXN001818,pending,
REC001819,TXN001819,pending,
REC001820,TXN001820,reconciled,2026-07-05
REC001821,TXN001821,unreconciled,
REC001822,TXN001822,unreconciled,
REC001823,TXN001823,reconciled,2025-11-01
REC001824,TXN001824,unreconciled,
REC001825,TXN001825,reconciled,2025-11-27
REC001826,TXN001826,reconciled,2026-05-27
REC001827,TXN001827,reconciled,2025-11-19
REC001828,TXN001828,unreconciled,
REC001829,TXN001829,reconciled,2026-08-31
REC001830,TXN001830,reconciled,2025-11-17
REC001831,TXN001831,reconciled,2026-06-27
REC001832,TXN001832,unreconciled,
REC001833,TXN001833,reconciled,2025-12-26
REC001834,TXN001834,reconciled,2026-01-06
REC001835,TXN001835,reconciled,2026-01-05
REC001836,TXN001836,pending,
REC001837,TXN001837,pending,
REC001838,TXN001838,unreconciled,
REC001839,TXN001839,reconciled,2025-08-04
REC001840,TXN001840,reconciled,2026-07-19
REC001841,TXN001841,pending,
REC001842,TXN001842,reconciled,2026-01-15
REC001843,TXN001843,reconciled,2026-07-30
REC001844,TXN001844,reconciled,2026-07-28
REC001845,TXN001845,reconciled,2025-09-03
REC001846,TXN001846,pending,
REC001847,TXN001847,reconciled,2025-12-29
REC001848,TXN001848,unreconciled,
REC001849,TXN001849,reconciled,2026-05-22
REC001850,TXN001850,reconciled,2025-09-28
REC001851,TXN001851,reconciled,2026-06-14
REC001852,TXN001852,pending,
REC001853,TXN001853,reconciled,2026-05-29
REC001854,TXN001854,reconciled,2026-09-10
REC001855,TXN001855,reconciled,2026-07-14
REC001856,TXN001856,unreconciled,
REC001857,TXN001857,reconciled,2026-02-09
REC001858,TXN001858,reconciled,2025-12-21
REC001859,TXN001859,reconciled,2026-09-06
REC001860,TXN001860,reconciled,2025-08-23
REC001861,TXN001861,reconciled,2025-10-23
REC001862,TXN001862,reconciled,2026-01-31
REC001863,TXN001863,pending,
REC001864,TXN001864,reconciled,2026-05-28
REC001865,TXN001865,reconciled,2025-08-27
REC001866,TXN001866,reconciled,2025-11-16
REC001867,TXN001867,reconciled,2026-08-02
REC001868,TXN001868,unreconciled,
REC001869,TXN001869,unreconciled,
REC001870,TXN001870,unreconciled,
REC001871,TXN001871,pending,
REC001872,TXN001872,reconciled,2026-02-02
REC001873,TXN001873,reconciled,2026-06-12
REC001874,TXN001874,reconciled,2025-11-02
REC001875,TXN001875,pending,
REC001876,TXN001876,reconciled,2026-04-22
REC001877,TXN001877,reconciled,2025-11-30
REC001878,TXN001878,unreconciled,
REC001879,TXN001879,reconciled,2026-01-31
REC001880,TXN001880,reconciled,2026-07-06
REC001881,TXN001881,unreconciled,
REC001882,TXN001882,reconciled,2026-07-01
REC001883,TXN001883,reconciled,2025-12-27
REC001884,TXN001884,reconciled,2026-06-05
REC001885,TXN001885,reconciled,2026-02-19
REC001886,TXN001886,reconciled,2025-11-20
REC001887,TXN001887,reconciled,2026-09-03
REC001888,TXN001888,reconciled,2026-03-24
REC001889,TXN001889,reconciled,2026-06-09
REC001890,TXN001890,reconciled,2026-04-17
REC001891,TXN001891,reconciled,2025-11-02
REC001892,TXN001892,unreconciled,
REC001893,TXN001893,reconciled,2026-06-06
REC001894,TXN001894,unreconciled,
REC001895,TXN001895,reconciled,2026-08-15
REC001896,TXN001896,reconciled,2026-03-24
REC001897,TXN001897,reconciled,2025-12-03
REC001898,TXN001898,pending,
REC001899,TXN001899,reconciled,2026-08-22
REC001900,TXN001900,reconciled,2026-03-14
REC001901,TXN001901,unreconciled,
REC001902,TXN001902,pending,
REC001903,TXN001903,reconciled,2026-05-05
REC001904,TXN001904,reconciled,2026-03-12
REC001905,TXN001905,reconciled,2026-05-15
REC001906,TXN001906,pending,
REC001907,TXN001907,reconciled,2026-03-17
REC001908,TXN001908,reconciled,2026-08-10
REC001909,TXN001909,reconciled,2026-03-04
REC001910,TXN001910,reconciled,2026-08-30
REC001911,TXN001911,reconciled,2025-10-15
REC001912,TXN001912,unreconciled,
REC001913,TXN001913,reconciled,2026-07-31
REC001914,TXN001914,pending,
REC001915,TXN001915,reconciled,2026-03-31
REC001916,TXN001916,reconciled,2026-06-06
REC001917,TXN001917,reconciled,2025-08-27
REC001918,TXN001918,reconciled,2025-11-16
REC001919,TXN001919,reconciled,2026-05-18
REC001920,TXN001920,unreconciled,
REC001921,TXN001921,reconciled,2026-01-23
REC001922,TXN001922,reconciled,2026-07-27
REC001923,TXN001923,unreconciled,
REC001924,TXN001924,pending,
REC001925,TXN001925,reconciled,2026-05-12
REC001926,TXN001926,reconciled,2025-10-13
REC001927,TXN001927,unreconciled,
REC001928,TXN001928,reconciled,2026-05-22
REC001929,TXN001929,pending,
REC001930,TXN001930,reconciled,2025-09-13
REC001931,TXN001931,reconciled,2026-06-09
REC001932,TXN001932,reconciled,2026-05-06
REC001933,TXN001933,reconciled,2026-05-13
REC001934,TXN001934,pending,
REC001935,TXN001935,pending,
REC001936,TXN001936,reconciled,2026-02-20
REC001937,TXN001937,reconciled,2026-03-16
REC001938,TXN001938,unreconciled,
REC001939,TXN001939,reconciled,2026-04-11
REC001940,TXN001940,reconciled,2026-01-18
REC001941,TXN001941,reconciled,2026-01-08
REC001942,TXN001942,reconciled,2026-06-17
REC001943,TXN001943,reconciled,2026-05-18
REC001944,TXN001944,reconciled,2026-01-28
REC001945,TXN001945,reconciled,2026-05-16
REC001946,TXN001946,reconciled,2026-01-04
REC001947,TXN001947,unreconciled,
REC001948,TXN001948,unreconciled,
REC001949,TXN001949,reconciled,2025-12-22
REC001950,TXN001950,reconciled,2025-11-02
REC001951,TXN001951,reconciled,2026-01-06
REC001952,TXN001952,unreconciled,
REC001953,TXN001953,reconciled,2025-11-11
REC001954,TXN001954,unreconciled,
REC001955,TXN001955,reconciled,2026-05-25
REC001956,TXN001956,unreconciled,
REC001957,TXN001957,reconciled,2026-01-15
REC001958,TXN001958,reconciled,2026-06-06
REC001959,TXN001959,reconciled,2025-11-17
REC001960,TXN001960,reconciled,2025-11-24
REC001961,TXN001961,reconciled,2025-12-19
REC001962,TXN001962,reconciled,2026-03-06
REC001963,TXN001963,reconciled,2026-09-08
REC001964,TXN001964,reconciled,2025-09-03
REC001965,TXN001965,reconciled,2026-04-06
REC001966,TXN001966,reconciled,2025-08-16
REC001967,TXN001967,reconciled,2025-08-29
REC001968,TXN001968,reconciled,2026-08-17
REC001969,TXN001969,reconciled,2026-05-17
REC001970,TXN001970,reconciled,2026-02-24
REC001971,TXN001971,unreconciled,
REC001972,TXN001972,reconciled,2026-04-23
REC001973,TXN001973,reconciled,2025-10-16
REC001974,TXN001974,reconciled,2026-04-13
REC001975,TXN001975,reconciled,2026-07-07
REC001976,TXN001976,unreconciled,
REC001977,TXN001977,pending,
REC001978,TXN001978,reconciled,2026-08-09
REC001979,TXN001979,reconciled,2025-12-10
REC001980,TXN001980,pending,
REC001981,TXN001981,reconciled,2025-11-08
REC001982,TXN001982,reconciled,2026-01-31
REC001983,TXN001983,reconciled,2025-11-12
REC001984,TXN001984,reconciled,2025-11-29
REC001985,TXN001985,reconciled,2026-08-26
REC001986,TXN001986,reconciled,2026-02-25
REC001987,TXN001987,reconciled,2026-08-08
REC001988,TXN001988,reconciled,2026-04-19
REC001989,TXN001989,pending,
REC001990,TXN001990,reconciled,2026-08-29
REC001991,TXN001991,reconciled,2026-07-26
REC001992,TXN001992,reconciled,2026-01-31
REC001993,TXN001993,reconciled,2025-10-22
REC001994,TXN001994,reconciled,2026-03-09
REC001995,TXN001995,reconciled,2025-10-14
REC001996,TXN001996,reconciled,2026-06-06
REC001997,TXN001997,unreconciled,
REC001998,TXN001998,reconciled,2025-08-10
REC001999,TXN001999,reconciled,2025-09-22
REC002000,TXN002000,unreconciled,
REC002001,TXN002001,reconciled,2026-02-17
REC002002,TXN002002,reconciled,2026-04-07
REC002003,TXN002003,reconciled,2026-08-09
REC002004,TXN002004,unreconciled,
REC002005,TXN002005,reconciled,2026-01-26
REC002006,TXN002006,reconciled,2026-01-26
REC002007,TXN002007,unreconciled,
REC002008,TXN002008,reconciled,2026-09-09
REC002009,TXN002009,reconciled,2025-12-27
REC002010,TXN002010,reconciled,2026-01-06
REC002011,TXN002011,reconciled,2025-10-13
REC002012,TXN002012,reconciled,2026-09-03
REC002013,TXN002013,reconciled,2025-11-23
REC002014,TXN002014,reconciled,2026-07-14
REC002015,TXN002015,reconciled,2025-09-13
REC002016,TXN002016,pending,
REC002017,TXN002017,reconciled,2026-07-22
REC002018,TXN002018,reconciled,2025-12-17
REC002019,TXN002019,reconciled,2025-09-22
REC002020,TXN002020,pending,
REC002021,TXN002021,reconciled,2025-10-27
REC002022,TXN002022,reconciled,2026-09-03
REC002023,TXN002023,unreconciled,
REC002024,TXN002024,reconciled,2025-12-26
REC002025,TXN002025,unreconciled,
REC002026,TXN002026,pending,
REC002027,TXN002027,unreconciled,
REC002028,TXN002028,reconciled,2026-01-04
REC002029,TXN002029,reconciled,2025-09-18
REC002030,TXN002030,reconciled,2025-08-07
REC002031,TXN002031,reconciled,2025-12-29
REC002032,TXN002032,reconciled,2025-12-30
REC002033,TXN002033,reconciled,2026-05-12
REC002034,TXN002034,reconciled,2025-10-02
REC002035,TXN002035,reconciled,2026-05-25
REC002036,TXN002036,reconciled,2025-10-06
REC002037,TXN002037,reconciled,2026-02-08
REC002038,TXN002038,reconciled,2026-03-07
REC002039,TXN002039,unreconciled,
REC002040,TXN002040,reconciled,2025-11-18
REC002041,TXN002041,reconciled,2025-10-06
REC002042,TXN002042,unreconciled,
REC002043,TXN002043,unreconciled,
REC002044,TXN002044,unreconciled,
REC002045,TXN002045,unreconciled,
REC002046,TXN002046,reconciled,2025-08-09
REC002047,TXN002047,reconciled,2026-06-03
REC002048,TXN002048,reconciled,2025-09-29
REC002049,TXN002049,reconciled,2026-07-31
REC002050,TXN002050,reconciled,2026-04-02
REC002051,TXN002051,reconciled,2026-04-03
REC002052,TXN002052,unreconciled,
REC002053,TXN002053,reconciled,2026-09-10
REC002054,TXN002054,pending,
REC002055,TXN002055,reconciled,2025-10-25
REC002056,TXN002056,reconciled,2026-07-15
REC002057,TXN002057,reconciled,2026-08-05
REC002058,TXN002058,unreconciled,
REC002059,TXN002059,reconciled,2026-01-21
REC002060,TXN002060,reconciled,2026-08-12
REC002061,TXN002061,unreconciled,
REC002062,TXN002062,reconciled,2026-06-01
REC002063,TXN002063,reconciled,2025-09-28
REC002064,TXN002064,unreconciled,
REC002065,TXN002065,reconciled,2026-05-21
REC002066,TXN002066,reconciled,2025-08-30
REC002067,TXN002067,reconciled,2026-07-03
REC002068,TXN002068,reconciled,2025-11-19
REC002069,TXN002069,reconciled,2026-02-26
REC002070,TXN002070,reconciled,2026-03-24
REC002071,TXN002071,reconciled,2026-08-06
REC002072,TXN002072,unreconciled,
REC002073,TXN002073,pending,
REC002074,TXN002074,reconciled,2025-11-29
REC002075,TXN002075,pending,
REC002076,TXN002076,reconciled,2026-04-05
REC002077,TXN002077,reconciled,2026-04-03
REC002078,TXN002078,unreconciled,
REC002079,TXN002079,reconciled,2025-11-17
REC002080,TXN002080,unreconciled,
REC002081,TXN002081,reconciled,2026-05-18
REC002082,TXN002082,pending,
REC002083,TXN002083,reconciled,2025-08-10
REC002084,TXN002084,reconciled,2025-08-16
REC002085,TXN002085,pending,
REC002086,TXN002086,reconciled,2025-11-21
REC002087,TXN002087,pending,
REC002088,TXN002088,reconciled,2026-09-10
REC002089,TXN002089,unreconciled,
REC002090,TXN002090,reconciled,2025-12-07
REC002091,TXN002091,reconciled,2026-02-05
REC002092,TXN002092,reconciled,2026-06-30
REC002093,TXN002093,reconciled,2026-02-15
REC002094,TXN002094,reconciled,2026-01-20
REC002095,TXN002095,reconciled,2026-09-02
REC002096,TXN002096,reconciled,2026-06-02
REC002097,TXN002097,reconciled,2026-01-30
REC002098,TXN002098,unreconciled,
REC002099,TXN002099,reconciled,2025-09-17
REC002100,TXN002100,reconciled,2025-11-09
REC002101,TXN002101,reconciled,2026-01-25
REC002102,TXN002102,unreconciled,
REC002103,TXN002103,reconciled,2025-11-02
REC002104,TXN002104,reconciled,2026-07-16
REC002105,TXN002105,reconciled,2026-01-21
REC002106,TXN002106,reconciled,2026-07-23
REC002107,TXN002107,reconciled,2026-07-30
REC002108,TXN002108,reconciled,2026-06-07
REC002109,TXN002109,reconciled,2026-05-27
REC002110,TXN002110,reconciled,2026-03-08
REC002111,TXN002111,unreconciled,
REC002112,TXN002112,reconciled,2025-09-12
REC002113,TXN002113,reconciled,2026-05-16
REC002114,TXN002114,reconciled,2026-06-10
REC002115,TXN002115,reconciled,2026-03-12
REC002116,TXN002116,reconciled,2025-12-20
REC002117,TXN002117,unreconciled,
REC002118,TXN002118,reconciled,2025-10-13
REC002119,TXN002119,unreconciled,
REC002120,TXN002120,reconciled,2026-03-13
REC002121,TXN002121,reconciled,2026-06-14
REC002122,TXN002122,reconciled,2025-11-13
REC002123,TXN002123,unreconciled,
REC002124,TXN002124,unreconciled,
REC002125,TXN002125,pending,
REC002126,TXN002126,reconciled,2026-05-20
REC002127,TXN002127,reconciled,2025-11-14
REC002128,TXN002128,unreconciled,
REC002129,TXN002129,reconciled,2025-08-23
REC002130,TXN002130,reconciled,2025-08-08
REC002131,TXN002131,reconciled,2026-04-27
REC002132,TXN002132,pending,
REC002133,TXN002133,pending,
REC002134,TXN002134,unreconciled,
REC002135,TXN002135,reconciled,2025-09-08
REC002136,TXN002136,reconciled,2026-07-24
REC002137,TXN002137,reconciled,2026-07-08
REC002138,TXN002138,unreconciled,
REC002139,TXN002139,unreconciled,
REC002140,TXN002140,reconciled,2025-12-01
REC002141,TXN002141,unreconciled,
REC002142,TXN002142,reconciled,2025-10-29
REC002143,TXN002143,reconciled,2026-07-29
REC002144,TXN002144,reconciled,2026-06-09
REC002145,TXN002145,reconciled,2025-09-25
REC002146,TXN002146,pending,
REC002147,TXN002147,reconciled,2026-01-23
REC002148,TXN002148,reconciled,2026-07-08
REC002149,TXN002149,reconciled,2025-10-30
REC002150,TXN002150,unreconciled,
REC002151,TXN002151,unreconciled,
REC002152,TXN002152,reconciled,2026-05-22
REC002153,TXN002153,reconciled,2026-08-29
REC002154,TXN002154,reconciled,2026-07-03
REC002155,TXN002155,reconciled,2025-10-21
REC002156,TXN002156,reconciled,2025-09-13
REC002157,TXN002157,reconciled,2026-05-16
REC002158,TXN002158,unreconciled,
REC002159,TXN002159,reconciled,2025-08-14
REC002160,TXN002160,reconciled,2026-03-17
REC002161,TXN002161,reconciled,2025-11-06
REC002162,TXN002162,reconciled,2026-06-06
REC002163,TXN002163,reconciled,2026-07-26
REC002164,TXN002164,reconciled,2026-08-27
REC002165,TXN002165,reconciled,2025-12-04
REC002166,TXN002166,reconciled,2026-01-05
REC002167,TXN002167,pending,
REC002168,TXN002168,reconciled,2025-10-16
REC002169,TXN002169,reconciled,2026-04-23
REC002170,TXN002170,reconciled,2025-11-12
REC002171,TXN002171,unreconciled,
REC002172,TXN002172,reconciled,2025-11-06
REC002173,TXN002173,reconciled,2026-02-22
REC002174,TXN002174,reconciled,2026-08-21
REC002175,TXN002175,reconciled,2025-11-09
REC002176,TXN002176,pending,
REC002177,TXN002177,reconciled,2026-07-24
REC002178,TXN002178,reconciled,2025-10-30
REC002179,TXN002179,reconciled,2026-05-18
REC002180,TXN002180,pending,
REC002181,TXN002181,reconciled,2026-07-02
REC002182,TXN002182,unreconciled,
REC002183,TXN002183,unreconciled,
REC002184,TXN002184,reconciled,2026-03-21
REC002185,TXN002185,unreconciled,
REC002186,TXN002186,reconciled,2026-08-28
REC002187,TXN002187,reconciled,2025-08-15
REC002188,TXN002188,reconciled,2026-04-16
REC002189,TXN002189,reconciled,2026-02-06
REC002190,TXN002190,reconciled,2025-08-22
REC002191,TXN002191,reconciled,2025-09-26
REC002192,TXN002192,reconciled,2025-09-30
REC002193,TXN002193,pending,
REC002194,TXN002194,unreconciled,
REC002195,TXN002195,reconciled,2026-03-13
REC002196,TXN002196,pending,
REC002197,TXN002197,pending,
REC002198,TXN002198,reconciled,2025-09-09
REC002199,TXN002199,reconciled,2026-08-08
REC002200,TXN002200,reconciled,2026-07-08
REC002201,TXN002201,pending,
REC002202,TXN002202,unreconciled,
REC002203,TXN002203,unreconciled,
REC002204,TXN002204,reconciled,2026-08-14
REC002205,TXN002205,reconciled,2025-11-06
REC002206,TXN002206,reconciled,2025-09-08
REC002207,TXN002207,reconciled,2026-05-21
REC002208,TXN002208,pending,
REC002209,TXN002209,reconciled,2025-12-15
REC002210,TXN002210,reconciled,2026-06-01
REC002211,TXN002211,reconciled,2026-09-02
REC002212,TXN002212,reconciled,2025-10-19
REC002213,TXN002213,reconciled,2025-10-20
REC002214,TXN002214,reconciled,2026-07-22
REC002215,TXN002215,reconciled,2025-12-13
REC002216,TXN002216,reconciled,2025-08-30
REC002217,TXN002217,reconciled,2025-08-28
REC002218,TXN002218,reconciled,2025-09-27
REC002219,TXN002219,unreconciled,
REC002220,TXN002220,pending,
REC002221,TXN002221,reconciled,2026-05-15
REC002222,TXN002222,reconciled,2026-03-01
REC002223,TXN002223,unreconciled,
REC002224,TXN002224,unreconciled,
REC002225,TXN002225,pending,
REC002226,TXN002226,reconciled,2025-08-26
REC002227,TXN002227,reconciled,2026-03-12
REC002228,TXN002228,unreconciled,
REC002229,TXN002229,unreconciled,
REC002230,TXN002230,reconciled,2025-12-17
REC002231,TXN002231,reconciled,2026-06-22
REC002232,TXN002232,pending,
REC002233,TXN002233,reconciled,2026-04-10
REC002234,TXN002234,reconciled,2026-01-11
REC002235,TXN002235,unreconciled,
REC002236,TXN002236,reconciled,2026-08-14
REC002237,TXN002237,pending,
REC002238,TXN002238,reconciled,2025-08-21
REC002239,TXN002239,reconciled,2026-01-01
REC002240,TXN002240,reconciled,2026-04-09
REC002241,TXN002241,unreconciled,
REC002242,TXN002242,reconciled,2026-06-14
REC002243,TXN002243,reconciled,2026-05-19
REC002244,TXN002244,pending,
REC002245,TXN002245,pending,
REC002246,TXN002246,pending,
REC002247,TXN002247,unreconciled,
REC002248,TXN002248,reconciled,2025-09-08
REC002249,TXN002249,reconciled,2026-06-29
REC002250,TXN002250,pending,
REC002251,TXN002251,reconciled,2026-03-30
REC002252,TXN002252,unreconciled,
REC002253,TXN002253,reconciled,2026-02-10
REC002254,TXN002254,reconciled,2026-02-01
REC002255,TXN002255,pending,
REC002256,TXN002256,reconciled,2025-11-06
REC002257,TXN002257,unreconciled,
REC002258,TXN002258,reconciled,2026-04-08
REC002259,TXN002259,reconciled,2025-10-22
REC002260,TXN002260,reconciled,2026-05-14
REC002261,TXN002261,reconciled,2025-08-19
REC002262,TXN002262,reconciled,2026-06-27
REC002263,TXN002263,unreconciled,
REC002264,TXN002264,reconciled,2026-06-13
REC002265,TXN002265,reconciled,2026-03-24
REC002266,TXN002266,reconciled,2026-07-30
REC002267,TXN002267,reconciled,2025-10-27
REC002268,TXN002268,reconciled,2026-04-16
REC002269,TXN002269,reconciled,2026-06-01
REC002270,TXN002270,reconciled,2026-03-08
REC002271,TXN002271,reconciled,2026-04-17
REC002272,TXN002272,reconciled,2026-07-30
REC002273,TXN002273,reconciled,2026-08-13
REC002274,TXN002274,reconciled,2026-07-04
REC002275,TXN002275,reconciled,2026-07-06
REC002276,TXN002276,pending,
REC002277,TXN002277,reconciled,2025-10-20
REC002278,TXN002278,reconciled,2026-05-24
REC002279,TXN002279,unreconciled,
REC002280,TXN002280,reconciled,2026-05-08
REC002281,TXN002281,reconciled,2026-04-03
REC002282,TXN002282,reconciled,2026-04-04
REC002283,TXN002283,reconciled,2026-03-21
REC002284,TXN002284,reconciled,2025-12-20
REC002285,TXN002285,pending,
REC002286,TXN002286,reconciled,2025-11-30
REC002287,TXN002287,reconciled,2025-09-02
REC002288,TXN002288,reconciled,2025-09-27
REC002289,TXN002289,reconciled,2025-10-20
REC002290,TXN002290,reconciled,2026-04-26
REC002291,TXN002291,reconciled,2026-08-22
REC002292,TXN002292,reconciled,2025-12-13
REC002293,TXN002293,reconciled,2025-12-02
REC002294,TXN002294,unreconciled,
REC002295,TXN002295,pending,
REC002296,TXN002296,reconciled,2026-01-19
REC002297,TXN002297,reconciled,2026-08-30
REC002298,TXN002298,pending,
REC002299,TXN002299,reconciled,2026-07-12
REC002300,TXN002300,reconciled,2026-06-17
REC002301,TXN002301,reconciled,2025-12-30
REC002302,TXN002302,reconciled,2026-05-20
REC002303,TXN002303,reconciled,2026-06-22
REC002304,TXN002304,unreconciled,
REC002305,TXN002305,unreconciled,
REC002306,TXN002306,pending,
REC002307,TXN002307,reconciled,2026-06-30
REC002308,TXN002308,reconciled,2026-01-11
REC002309,TXN002309,reconciled,2026-04-16
REC002310,TXN002310,unreconciled,
REC002311,TXN002311,reconciled,2026-07-22
REC002312,TXN002312,reconciled,2026-04-10
REC002313,TXN002313,pending,
REC002314,TXN002314,reconciled,2026-01-18
REC002315,TXN002315,reconciled,2025-09-19
REC002316,TXN002316,reconciled,2026-07-16
REC002317,TXN002317,reconciled,2026-08-07
REC002318,TXN002318,unreconciled,
REC002319,TXN002319,reconciled,2026-04-12
REC002320,TXN002320,reconciled,2025-12-08
REC002321,TXN002321,reconciled,2025-11-28
REC002322,TXN002322,reconciled,2026-08-30
REC002323,TXN002323,reconciled,2026-02-16
REC002324,TXN002324,reconciled,2026-03-08
REC002325,TXN002325,reconciled,2025-11-22
REC002326,TXN002326,reconciled,2026-04-06
REC002327,TXN002327,reconciled,2025-12-06
REC002328,TXN002328,reconciled,2026-03-02
REC002329,TXN002329,unreconciled,
REC002330,TXN002330,reconciled,2026-02-24
REC002331,TXN002331,pending,
REC002332,TXN002332,unreconciled,
REC002333,TXN002333,reconciled,2026-09-04
REC002334,TXN002334,reconciled,2026-08-26
REC002335,TXN002335,unreconciled,
REC002336,TXN002336,reconciled,2025-09-21
REC002337,TXN002337,reconciled,2026-09-01
REC002338,TXN002338,reconciled,2025-10-24
REC002339,TXN002339,reconciled,2026-06-19
REC002340,TXN002340,reconciled,2026-07-11
REC002341,TXN002341,reconciled,2025-10-03
REC002342,TXN002342,reconciled,2025-10-10
REC002343,TXN002343,pending,
REC002344,TXN002344,reconciled,2026-08-25
REC002345,TXN002345,reconciled,2026-02-22
REC002346,TXN002346,reconciled,2026-08-21
REC002347,TXN002347,reconciled,2025-09-08
REC002348,TXN002348,reconciled,2026-03-03
REC002349,TXN002349,unreconciled,
REC002350,TXN002350,reconciled,2025-12-12
REC002351,TXN002351,unreconciled,
REC002352,TXN002352,reconciled,2026-01-12
REC002353,TXN002353,unreconciled,
REC002354,TXN002354,reconciled,2026-01-13
REC002355,TXN002355,unreconciled,
REC002356,TXN002356,reconciled,2025-12-29
REC002357,TXN002357,reconciled,2026-05-24
REC002358,TXN002358,reconciled,2026-05-10
REC002359,TXN002359,reconciled,2025-09-20
REC002360,TXN002360,reconciled,2026-02-01
REC002361,TXN002361,reconciled,2026-06-06
REC002362,TXN002362,unreconciled,
REC002363,TXN002363,reconciled,2026-05-14
REC002364,TXN002364,unreconciled,
REC002365,TXN002365,reconciled,2026-03-05
REC002366,TXN002366,reconciled,2026-06-17
REC002367,TXN002367,reconciled,2026-05-20
REC002368,TXN002368,reconciled,2025-08-25
REC002369,TXN002369,unreconciled,
REC002370,TXN002370,pending,
REC002371,TXN002371,pending,
REC002372,TXN002372,reconciled,2025-08-21
REC002373,TXN002373,reconciled,2026-08-19
REC002374,TXN002374,reconciled,2026-01-15
REC002375,TXN002375,reconciled,2026-03-26
REC002376,TXN002376,reconciled,2026-05-03
REC002377,TXN002377,unreconciled,
REC002378,TXN002378,reconciled,2026-05-14
REC002379,TXN002379,reconciled,2025-12-26
REC002380,TXN002380,reconciled,2026-05-31
REC002381,TXN002381,unreconciled,
REC002382,TXN002382,pending,
REC002383,TXN002383,reconciled,2026-07-10
REC002384,TXN002384,reconciled,2026-06-23
REC002385,TXN002385,reconciled,2026-03-30
REC002386,TXN002386,unreconciled,
REC002387,TXN002387,pending,
REC002388,TXN002388,reconciled,2026-02-13
REC002389,TXN002389,reconciled,2026-07-26
REC002390,TXN002390,reconciled,2026-07-11
REC002391,TXN002391,reconciled,2025-09-14
REC002392,TXN002392,unreconciled,
REC002393,TXN002393,reconciled,2026-01-03
REC002394,TXN002394,unreconciled,
REC002395,TXN002395,reconciled,2026-08-08
REC002396,TXN002396,reconciled,2026-02-14
REC002397,TXN002397,reconciled,2026-05-06
REC002398,TXN002398,reconciled,2026-04-20
REC002399,TXN002399,reconciled,2025-10-31
REC002400,TXN002400,reconciled,2026-04-20
REC002401,TXN002401,reconciled,2026-01-23
REC002402,TXN002402,reconciled,2026-01-04
REC002403,TXN002403,reconciled,2026-04-25
REC002404,TXN002404,reconciled,2025-09-30
REC002405,TXN002405,reconciled,2025-12-02
REC002406,TXN002406,reconciled,2025-12-04
REC002407,TXN002407,reconciled,2026-03-09
REC002408,TXN002408,reconciled,2025-10-14
REC002409,TXN002409,reconciled,2026-02-02
REC002410,TXN002410,reconciled,2026-08-19
REC002411,TXN002411,reconciled,2025-12-22
REC002412,TXN002412,pending,
REC002413,TXN002413,reconciled,2026-03-05
REC002414,TXN002414,unreconciled,
REC002415,TXN002415,reconciled,2026-07-25
REC002416,TXN002416,reconciled,2026-03-02
REC002417,TXN002417,pending,
REC002418,TXN002418,pending,
REC002419,TXN002419,reconciled,2026-03-03
REC002420,TXN002420,reconciled,2026-06-07
REC002421,TXN002421,unreconciled,
REC002422,TXN002422,reconciled,2025-10-01
REC002423,TXN002423,reconciled,2026-08-31
REC002424,TXN002424,reconciled,2026-05-18
REC002425,TXN002425,reconciled,2026-04-09
REC002426,TXN002426,reconciled,2026-03-04
REC002427,TXN002427,reconciled,2026-05-20
REC002428,TXN002428,unreconciled,
REC002429,TXN002429,reconciled,2026-08-23
REC002430,TXN002430,reconciled,2026-02-06
REC002431,TXN002431,reconciled,2026-03-03
REC002432,TXN002432,reconciled,2025-10-30
REC002433,TXN002433,reconciled,2026-03-17
REC002434,TXN002434,reconciled,2026-03-29
REC002435,TXN002435,reconciled,2026-06-02
REC002436,TXN002436,reconciled,2026-03-31
REC002437,TXN002437,reconciled,2026-04-21
REC002438,TXN002438,unreconciled,
REC002439,TXN002439,reconciled,2025-10-02
REC002440,TXN002440,reconciled,2026-04-29
REC002441,TXN002441,reconciled,2026-08-05
REC002442,TXN002442,pending,
REC002443,TXN002443,reconciled,2026-02-05
REC002444,TXN002444,unreconciled,
REC002445,TXN002445,reconciled,2025-08-31
REC002446,TXN002446,reconciled,2026-06-10
REC002447,TXN002447,reconciled,2025-09-28
REC002448,TXN002448,reconciled,2026-01-02
REC002449,TXN002449,reconciled,2026-04-22
REC002450,TXN002450,reconciled,2026-05-27
REC002451,TXN002451,reconciled,2026-01-24
REC002452,TXN002452,unreconciled,
REC002453,TXN002453,reconciled,2025-10-15
REC002454,TXN002454,reconciled,2026-05-03
REC002455,TXN002455,reconciled,2025-12-12
REC002456,TXN002456,reconciled,2026-02-28
REC002457,TXN002457,pending,
REC002458,TXN002458,reconciled,2026-09-10
REC002459,TXN002459,reconciled,2025-11-22
REC002460,TXN002460,reconciled,2025-10-13
REC002461,TXN002461,pending,
REC002462,TXN002462,unreconciled,
REC002463,TXN002463,reconciled,2026-07-09
REC002464,TXN002464,reconciled,2026-07-31
REC002465,TXN002465,reconciled,2026-03-27
REC002466,TXN002466,reconciled,2026-08-19
REC002467,TXN002467,unreconciled,
REC002468,TXN002468,pending,
REC002469,TXN002469,pending,
REC002470,TXN002470,reconciled,2025-09-07
REC002471,TXN002471,reconciled,2026-06-25
REC002472,TXN002472,unreconciled,
REC002473,TXN002473,reconciled,2025-09-22
REC002474,TXN002474,reconciled,2026-04-29
REC002475,TXN002475,reconciled,2026-04-27
REC002476,TXN002476,unreconciled,
REC002477,TXN002477,pending,
REC002478,TXN002478,reconciled,2026-06-24
REC002479,TXN002479,reconciled,2026-03-25
REC002480,TXN002480,reconciled,2026-06-04
REC002481,TXN002481,pending,
REC002482,TXN002482,reconciled,2026-02-08
REC002483,TXN002483,unreconciled,
REC002484,TXN002484,unreconciled,
REC002485,TXN002485,reconciled,2026-01-06
REC002486,TXN002486,reconciled,2026-04-10
REC002487,TXN002487,reconciled,2025-08-16
REC002488,TXN002488,pending,
REC002489,TXN002489,reconciled,2026-08-12
REC002490,TXN002490,reconciled,2025-12-28
REC002491,TXN002491,pending,
REC002492,TXN002492,reconciled,2026-03-21
REC002493,TXN002493,unreconciled,
REC002494,TXN002494,reconciled,2026-05-11
REC002495,TXN002495,unreconciled,
REC002496,TXN002496,pending,
REC002497,TXN002497,reconciled,2025-08-16
REC002498,TXN002498,reconciled,2026-07-11
REC002499,TXN002499,unreconciled,
REC002500,TXN002500,reconciled,2026-03-23
REC002501,TXN002501,unreconciled,
REC002502,TXN002502,reconciled,2025-10-15
REC002503,TXN002503,reconciled,2025-11-12
REC002504,TXN002504,unreconciled,
REC002505,TXN002505,reconciled,2025-11-03
REC002506,TXN002506,reconciled,2026-01-11
REC002507,TXN002507,reconciled,2026-05-04
REC002508,TXN002508,reconciled,2026-05-14
REC002509,TXN002509,reconciled,2025-10-08
REC002510,TXN002510,reconciled,2026-03-22
REC002511,TXN002511,reconciled,2026-06-07
REC002512,TXN002512,reconciled,2025-09-03
REC002513,TXN002513,unreconciled,
REC002514,TXN002514,reconciled,2026-05-09
REC002515,TXN002515,reconciled,2026-09-16
REC002516,TXN002516,reconciled,2026-07-18
REC002517,TXN002517,reconciled,2026-06-10
REC002518,TXN002518,reconciled,2025-11-26
REC002519,TXN002519,reconciled,2026-07-13
REC002520,TXN002520,reconciled,2026-06-10
REC002521,TXN002521,reconciled,2025-10-28
REC002522,TXN002522,unreconciled,
REC002523,TXN002523,unreconciled,
REC002524,TXN002524,reconciled,2025-11-26
REC002525,TXN002525,reconciled,2025-11-30
REC002526,TXN002526,reconciled,2026-04-07
REC002527,TXN002527,reconciled,2026-08-06
REC002528,TXN002528,reconciled,2026-05-13
REC002529,TXN002529,unreconciled,
REC002530,TXN002530,unreconciled,
REC002531,TXN002531,reconciled,2025-11-14
REC002532,TXN002532,reconciled,2026-06-12
REC002533,TXN002533,reconciled,2026-04-28
REC002534,TXN002534,reconciled,2026-08-28
REC002535,TXN002535,unreconciled,
REC002536,TXN002536,unreconciled,
REC002537,TXN002537,reconciled,2025-12-15
REC002538,TXN002538,reconciled,2025-11-16
REC002539,TXN002539,reconciled,2026-05-06
REC002540,TXN002540,reconciled,2025-09-11
REC002541,TXN002541,unreconciled,
REC002542,TXN002542,reconciled,2025-10-20
REC002543,TXN002543,reconciled,2026-06-02
REC002544,TXN002544,reconciled,2025-12-06
REC002545,TXN002545,reconciled,2025-10-21
REC002546,TXN002546,reconciled,2026-07-31
REC002547,TXN002547,reconciled,2025-10-07
REC002548,TXN002548,reconciled,2026-08-12
REC002549,TXN002549,unreconciled,
REC002550,TXN002550,unreconciled,
REC002551,TXN002551,unreconciled,
REC002552,TXN002552,reconciled,2026-08-12
REC002553,TXN002553,reconciled,2026-01-02
REC002554,TXN002554,reconciled,2026-05-02
REC002555,TXN002555,reconciled,2026-03-21
REC002556,TXN002556,reconciled,2025-11-13
REC002557,TXN002557,reconciled,2026-01-19
REC002558,TXN002558,reconciled,2025-08-25
REC002559,TXN002559,unreconciled,
REC002560,TXN002560,reconciled,2026-06-27
REC002561,TXN002561,reconciled,2026-06-20
REC002562,TXN002562,reconciled,2026-08-19
REC002563,TXN002563,unreconciled,
REC002564,TXN002564,reconciled,2026-01-21
REC002565,TXN002565,reconciled,2025-12-26
REC002566,TXN002566,unreconciled,
REC002567,TXN002567,reconciled,2026-05-29
REC002568,TXN002568,pending,
REC002569,TXN002569,reconciled,2025-10-28
REC002570,TXN002570,reconciled,2026-07-16
REC002571,TXN002571,reconciled,2026-04-23
REC002572,TXN002572,unreconciled,
REC002573,TXN002573,pending,
REC002574,TXN002574,unreconciled,
REC002575,TXN002575,pending,
REC002576,TXN002576,reconciled,2026-07-18
REC002577,TXN002577,pending,
REC002578,TXN002578,unreconciled,
REC002579,TXN002579,reconciled,2026-01-21
REC002580,TXN002580,pending,
REC002581,TXN002581,reconciled,2026-09-08
REC002582,TXN002582,reconciled,2026-05-22
REC002583,TXN002583,reconciled,2025-09-24
REC002584,TXN002584,unreconciled,
REC002585,TXN002585,reconciled,2026-05-03
REC002586,TXN002586,reconciled,2025-12-02
REC002587,TXN002587,reconciled,2026-08-19
REC002588,TXN002588,unreconciled,
REC002589,TXN002589,reconciled,2026-04-04
REC002590,TXN002590,reconciled,2026-05-31
REC002591,TXN002591,reconciled,2026-05-05
REC002592,TXN002592,reconciled,2025-08-16
REC002593,TXN002593,reconciled,2026-01-05
REC002594,TXN002594,unreconciled,
REC002595,TXN002595,reconciled,2025-12-31
REC002596,TXN002596,reconciled,2026-02-03
REC002597,TXN002597,reconciled,2025-11-13
REC002598,TXN002598,unreconciled,
REC002599,TXN002599,unreconciled,
REC002600,TXN002600,pending,
REC002601,TXN002601,reconciled,2025-09-26
REC002602,TXN002602,reconciled,2025-08-19
REC002603,TXN002603,reconciled,2026-08-17
REC002604,TXN002604,reconciled,2026-05-03
REC002605,TXN002605,unreconciled,
REC002606,TXN002606,reconciled,2026-03-23
REC002607,TXN002607,reconciled,2025-08-26
REC002608,TXN002608,unreconciled,
REC002609,TXN002609,reconciled,2026-09-08
REC002610,TXN002610,unreconciled,
REC002611,TXN002611,reconciled,2025-10-20
REC002612,TXN002612,reconciled,2026-05-13
REC002613,TXN002613,unreconciled,
REC002614,TXN002614,reconciled,2026-05-08
REC002615,TXN002615,reconciled,2026-03-17
REC002616,TXN002616,pending,
REC002617,TXN002617,reconciled,2026-02-18
REC002618,TXN002618,reconciled,2026-02-10
REC002619,TXN002619,reconciled,2026-01-10
REC002620,TXN002620,reconciled,2026-02-09
REC002621,TXN002621,reconciled,2026-03-05
REC002622,TXN002622,reconciled,2026-08-19
REC002623,TXN002623,unreconciled,
REC002624,TXN002624,pending,
REC002625,TXN002625,reconciled,2026-02-17
REC002626,TXN002626,unreconciled,
REC002627,TXN002627,reconciled,2025-12-23
REC002628,TXN002628,reconciled,2026-04-28
REC002629,TXN002629,reconciled,2026-07-27
REC002630,TXN002630,reconciled,2025-12-20
REC002631,TXN002631,reconciled,2026-02-20
REC002632,TXN002632,pending,
REC002633,TXN002633,unreconciled,
REC002634,TXN002634,reconciled,2026-06-07
REC002635,TXN002635,reconciled,2026-02-13
REC002636,TXN002636,unreconciled,
REC002637,TXN002637,reconciled,2026-08-22
REC002638,TXN002638,reconciled,2025-12-24
REC002639,TXN002639,reconciled,2026-08-19
REC002640,TXN002640,reconciled,2026-07-14
REC002641,TXN002641,unreconciled,
REC002642,TXN002642,unreconciled,
REC002643,TXN002643,unreconciled,
REC002644,TXN002644,unreconciled,
REC002645,TXN002645,pending,
REC002646,TXN002646,reconciled,2026-03-06
REC002647,TXN002647,reconciled,2025-12-28
REC002648,TXN002648,reconciled,2025-09-17
REC002649,TXN002649,reconciled,2026-08-08
REC002650,TXN002650,reconciled,2026-09-05
REC002651,TXN002651,reconciled,2026-07-14
REC002652,TXN002652,pending,
REC002653,TXN002653,reconciled,2025-11-08
REC002654,TXN002654,reconciled,2025-12-29
REC002655,TXN002655,reconciled,2026-03-21
REC002656,TXN002656,reconciled,2026-01-13
REC002657,TXN002657,unreconciled,
REC002658,TXN002658,reconciled,2025-12-05
REC002659,TXN002659,reconciled,2026-03-08
REC002660,TXN002660,reconciled,2026-02-07
REC002661,TXN002661,reconciled,2026-08-16
REC002662,TXN002662,reconciled,2026-05-21
REC002663,TXN002663,reconciled,2026-07-11
REC002664,TXN002664,reconciled,2025-09-15
REC002665,TXN002665,reconciled,2026-09-04
REC002666,TXN002666,reconciled,2026-05-03
REC002667,TXN002667,reconciled,2026-03-21
REC002668,TXN002668,pending,
REC002669,TXN002669,pending,
REC002670,TXN002670,pending,
REC002671,TXN002671,pending,
REC002672,TXN002672,unreconciled,
REC002673,TXN002673,reconciled,2026-04-21
REC002674,TXN002674,reconciled,2026-02-23
REC002675,TXN002675,unreconciled,
REC002676,TXN002676,reconciled,2025-09-27
REC002677,TXN002677,reconciled,2025-12-02
REC002678,TXN002678,unreconciled,
REC002679,TXN002679,pending,
REC002680,TXN002680,reconciled,2026-02-27
REC002681,TXN002681,reconciled,2025-09-06
REC002682,TXN002682,pending,
REC002683,TXN002683,reconciled,2026-05-24
REC002684,TXN002684,reconciled,2026-03-23
REC002685,TXN002685,unreconciled,
REC002686,TXN002686,reconciled,2026-07-23
REC002687,TXN002687,pending,
REC002688,TXN002688,unreconciled,
REC002689,TXN002689,pending,
REC002690,TXN002690,reconciled,2026-03-10
REC002691,TXN002691,reconciled,2026-04-09
REC002692,TXN002692,unreconciled,
REC002693,TXN002693,reconciled,2025-12-17
REC002694,TXN002694,reconciled,2025-11-12
REC002695,TXN002695,reconciled,2025-10-28
REC002696,TXN002696,reconciled,2026-08-10
REC002697,TXN002697,reconciled,2026-06-11
REC002698,TXN002698,pending,
REC002699,TXN002699,reconciled,2026-05-22
REC002700,TXN002700,reconciled,2025-09-05
REC002701,TXN002701,unreconciled,
REC002702,TXN002702,reconciled,2026-01-20
REC002703,TXN002703,unreconciled,
REC002704,TXN002704,reconciled,2026-05-26
REC002705,TXN002705,reconciled,2025-10-08
REC002706,TXN002706,reconciled,2026-03-29
REC002707,TXN002707,reconciled,2026-06-28
REC002708,TXN002708,reconciled,2026-01-29
REC002709,TXN002709,reconciled,2026-08-09
REC002710,TXN002710,reconciled,2026-01-22
REC002711,TXN002711,pending,
REC002712,TXN002712,reconciled,2026-01-06
REC002713,TXN002713,reconciled,2026-09-03
REC002714,TXN002714,reconciled,2025-11-25
REC002715,TXN002715,reconciled,2026-04-22
REC002716,TXN002716,reconciled,2026-01-24
REC002717,TXN002717,reconciled,2026-08-30
REC002718,TXN002718,unreconciled,
REC002719,TXN002719,reconciled,2026-05-07
REC002720,TXN002720,reconciled,2026-06-09
REC002721,TXN002721,reconciled,2025-10-07
REC002722,TXN002722,reconciled,2026-01-07
REC002723,TXN002723,unreconciled,
REC002724,TXN002724,reconciled,2026-02-16
REC002725,TXN002725,reconciled,2026-05-15
REC002726,TXN002726,unreconciled,
REC002727,TXN002727,reconciled,2026-05-20
REC002728,TXN002728,reconciled,2025-10-03
REC002729,TXN002729,reconciled,2026-09-02
REC002730,TXN002730,unreconciled,
REC002731,TXN002731,reconciled,2026-01-04
REC002732,TXN002732,reconciled,2026-06-16
REC002733,TXN002733,unreconciled,
REC002734,TXN002734,reconciled,2026-02-18
REC002735,TXN002735,reconciled,2025-08-17
REC002736,TXN002736,reconciled,2025-10-06
REC002737,TXN002737,reconciled,2026-07-21
REC002738,TXN002738,pending,
REC002739,TXN002739,reconciled,2026-01-17
REC002740,TXN002740,reconciled,2026-06-17
REC002741,TXN002741,reconciled,2026-04-13
REC002742,TXN002742,unreconciled,
REC002743,TXN002743,reconciled,2025-08-16
REC002744,TXN002744,unreconciled,
REC002745,TXN002745,reconciled,2025-11-23
REC002746,TXN002746,pending,
REC002747,TXN002747,reconciled,2026-01-21
REC002748,TXN002748,reconciled,2026-05-22
REC002749,TXN002749,unreconciled,
REC002750,TXN002750,reconciled,2026-07-06
REC002751,TXN002751,reconciled,2026-07-14
REC002752,TXN002752,pending,
REC002753,TXN002753,reconciled,2026-01-21
REC002754,TXN002754,pending,
REC002755,TXN002755,reconciled,2026-04-04
REC002756,TXN002756,reconciled,2026-04-07
REC002757,TXN002757,reconciled,2026-01-07
REC002758,TXN002758,reconciled,2025-12-08
REC002759,TXN002759,reconciled,2026-07-03
REC002760,TXN002760,reconciled,2026-07-09
REC002761,TXN002761,unreconciled,
REC002762,TXN002762,reconciled,2026-07-17
REC002763,TXN002763,reconciled,2026-02-15
REC002764,TXN002764,reconciled,2026-09-02
REC002765,TXN002765,reconciled,2026-03-09
REC002766,TXN002766,unreconciled,
REC002767,TXN002767,reconciled,2025-12-01
REC002768,TXN002768,unreconciled,
REC002769,TXN002769,pending,
REC002770,TXN002770,reconciled,2025-10-18
REC002771,TXN002771,reconciled,2025-12-29
REC002772,TXN002772,reconciled,2025-12-26
REC002773,TXN002773,reconciled,2026-05-29
REC002774,TXN002774,unreconciled,
REC002775,TXN002775,reconciled,2026-03-14
REC002776,TXN002776,reconciled,2026-07-08
REC002777,TXN002777,reconciled,2025-12-26
REC002778,TXN002778,reconciled,2025-09-14
REC002779,TXN002779,unreconciled,
REC002780,TXN002780,reconciled,2026-02-15
REC002781,TXN002781,reconciled,2026-04-11
REC002782,TXN002782,unreconciled,
REC002783,TXN002783,reconciled,2025-10-16
REC002784,TXN002784,reconciled,2025-09-08
REC002785,TXN002785,reconciled,2026-02-14
REC002786,TXN002786,reconciled,2025-09-22
REC002787,TXN002787,pending,
REC002788,TXN002788,reconciled,2026-03-11
REC002789,TXN002789,pending,
REC002790,TXN002790,reconciled,2025-10-28
REC002791,TXN002791,reconciled,2026-08-18
REC002792,TXN002792,pending,
REC002793,TXN002793,reconciled,2025-12-17
REC002794,TXN002794,reconciled,2025-11-26
REC002795,TXN002795,reconciled,2026-08-09
REC002796,TXN002796,reconciled,2026-02-06
REC002797,TXN002797,pending,
REC002798,TXN002798,unreconciled,
REC002799,TXN002799,reconciled,2026-08-02
REC002800,TXN002800,reconciled,2025-10-05
REC002801,TXN002801,reconciled,2026-09-04
REC002802,TXN002802,reconciled,2026-03-01
REC002803,TXN002803,reconciled,2026-08-12
REC002804,TXN002804,reconciled,2026-04-23
REC002805,TXN002805,reconciled,2025-10-24
REC002806,TXN002806,unreconciled,
REC002807,TXN002807,reconciled,2025-12-14
REC002808,TXN002808,pending,
REC002809,TXN002809,reconciled,2026-03-30
REC002810,TXN002810,reconciled,2025-09-07
REC002811,TXN002811,reconciled,2026-02-10
REC002812,TXN002812,unreconciled,
REC002813,TXN002813,reconciled,2025-08-21
REC002814,TXN002814,reconciled,2025-12-23
REC002815,TXN002815,reconciled,2026-08-30
REC002816,TXN002816,reconciled,2026-07-23
REC002817,TXN002817,reconciled,2025-12-14
REC002818,TXN002818,reconciled,2026-07-11
REC002819,TXN002819,reconciled,2026-02-21
REC002820,TXN002820,reconciled,2026-07-18
REC002821,TXN002821,reconciled,2026-08-17
REC002822,TXN002822,pending,
REC002823,TXN002823,reconciled,2026-04-22
REC002824,TXN002824,reconciled,2026-02-24
REC002825,TXN002825,reconciled,2026-02-27
REC002826,TXN002826,reconciled,2025-09-21
REC002827,TXN002827,reconciled,2026-08-29
REC002828,TXN002828,unreconciled,
REC002829,TXN002829,reconciled,2026-01-01
REC002830,TXN002830,reconciled,2026-03-19
REC002831,TXN002831,unreconciled,
REC002832,TXN002832,reconciled,2026-08-20
REC002833,TXN002833,reconciled,2026-01-20
REC002834,TXN002834,reconciled,2025-12-22
REC002835,TXN002835,reconciled,2025-10-26
REC002836,TXN002836,reconciled,2025-11-28
REC002837,TXN002837,unreconciled,
REC002838,TXN002838,pending,
REC002839,TXN002839,reconciled,2026-02-28
REC002840,TXN002840,reconciled,2026-06-22
REC002841,TXN002841,reconciled,2026-03-02
REC002842,TXN002842,reconciled,2025-10-05
REC002843,TXN002843,reconciled,2026-05-18
REC002844,TXN002844,reconciled,2025-08-14
REC002845,TXN002845,pending,
REC002846,TXN002846,pending,
REC002847,TXN002847,unreconciled,
REC002848,TXN002848,reconciled,2025-10-22
REC002849,TXN002849,unreconciled,
REC002850,TXN002850,reconciled,2026-05-09
REC002851,TXN002851,unreconciled,
REC002852,TXN002852,reconciled,2026-08-13
REC002853,TXN002853,reconciled,2026-08-21
REC002854,TXN002854,reconciled,2026-02-25
REC002855,TXN002855,unreconciled,
REC002856,TXN002856,reconciled,2026-06-22
REC002857,TXN002857,reconciled,2026-04-14
REC002858,TXN002858,unreconciled,
REC002859,TXN002859,reconciled,2026-05-29
REC002860,TXN002860,reconciled,2025-12-17
REC002861,TXN002861,reconciled,2026-06-13
REC002862,TXN002862,unreconciled,
REC002863,TXN002863,reconciled,2026-05-29
REC002864,TXN002864,reconciled,2025-09-02
REC002865,TXN002865,reconciled,2026-01-01
REC002866,TXN002866,reconciled,2025-12-15
REC002867,TXN002867,reconciled,2026-01-16
REC002868,TXN002868,reconciled,2025-09-16
REC002869,TXN002869,reconciled,2025-11-14
REC002870,TXN002870,reconciled,2026-08-08
REC002871,TXN002871,reconciled,2026-04-14
REC002872,TXN002872,pending,
REC002873,TXN002873,unreconciled,
REC002874,TXN002874,reconciled,2025-09-27
REC002875,TXN002875,reconciled,2026-06-11
REC002876,TXN002876,unreconciled,
REC002877,TXN002877,unreconciled,
REC002878,TXN002878,reconciled,2026-07-14
REC002879,TXN002879,reconciled,2025-11-09
REC002880,TXN002880,reconciled,2026-02-01
REC002881,TXN002881,reconciled,2026-09-09
REC002882,TXN002882,reconciled,2026-01-24
REC002883,TXN002883,reconciled,2026-02-14
REC002884,TXN002884,reconciled,2026-06-21
REC002885,TXN002885,unreconciled,
REC002886,TXN002886,unreconciled,
REC002887,TXN002887,reconciled,2025-10-27
REC002888,TXN002888,reconciled,2026-05-20
REC002889,TXN002889,reconciled,2026-07-23
REC002890,TXN002890,pending,
REC002891,TXN002891,reconciled,2026-03-19
REC002892,TXN002892,pending,
REC002893,TXN002893,reconciled,2025-12-22
REC002894,TXN002894,reconciled,2026-03-12
REC002895,TXN002895,reconciled,2026-07-17
REC002896,TXN002896,pending,
REC002897,TXN002897,reconciled,2026-05-11
REC002898,TXN002898,reconciled,2026-02-17
REC002899,TXN002899,pending,
REC002900,TXN002900,reconciled,2026-08-06
REC002901,TXN002901,reconciled,2025-10-05
REC002902,TXN002902,reconciled,2026-02-23
REC002903,TXN002903,reconciled,2026-03-04
REC002904,TXN002904,reconciled,2026-03-14
REC002905,TXN002905,reconciled,2026-03-09
REC002906,TXN002906,reconciled,2025-10-31
REC002907,TXN002907,reconciled,2026-04-01
REC002908,TXN002908,reconciled,2026-08-28
REC002909,TXN002909,reconciled,2026-05-23
REC002910,TXN002910,pending,
REC002911,TXN002911,unreconciled,
REC002912,TXN002912,reconciled,2025-11-21
REC002913,TXN002913,pending,
REC002914,TXN002914,reconciled,2026-06-04
REC002915,TXN002915,reconciled,2025-11-11
REC002916,TXN002916,reconciled,2025-10-31
REC002917,TXN002917,pending,
REC002918,TXN002918,unreconciled,
REC002919,TXN002919,unreconciled,
REC002920,TXN002920,reconciled,2026-05-02
REC002921,TXN002921,reconciled,2026-04-15
REC002922,TXN002922,reconciled,2026-06-09
REC002923,TXN002923,reconciled,2025-12-29
REC002924,TXN002924,reconciled,2026-05-27
REC002925,TXN002925,reconciled,2025-09-02
REC002926,TXN002926,pending,
REC002927,TXN002927,reconciled,2025-09-22
REC002928,TXN002928,reconciled,2026-06-19
REC002929,TXN002929,reconciled,2026-01-20
REC002930,TXN002930,reconciled,2026-07-19
REC002931,TXN002931,unreconciled,
REC002932,TXN002932,pending,
REC002933,TXN002933,reconciled,2025-09-09
REC002934,TXN002934,reconciled,2026-07-21
REC002935,TXN002935,reconciled,2026-05-21
REC002936,TXN002936,reconciled,2026-03-04
REC002937,TXN002937,reconciled,2026-03-25
REC002938,TXN002938,reconciled,2025-12-26
REC002939,TXN002939,unreconciled,
REC002940,TXN002940,unreconciled,
REC002941,TXN002941,unreconciled,
REC002942,TXN002942,unreconciled,
REC002943,TXN002943,reconciled,2025-11-16
REC002944,TXN002944,pending,
REC002945,TXN002945,reconciled,2026-01-27
REC002946,TXN002946,reconciled,2025-11-08
REC002947,TXN002947,pending,
REC002948,TXN002948,unreconciled,
REC002949,TXN002949,reconciled,2026-04-21
REC002950,TXN002950,reconciled,2025-12-17
REC002951,TXN002951,unreconciled,
REC002952,TXN002952,unreconciled,
REC002953,TXN002953,pending,
REC002954,TXN002954,unreconciled,
REC002955,TXN002955,reconciled,2025-08-24
REC002956,TXN002956,reconciled,2026-07-24
REC002957,TXN002957,unreconciled,
REC002958,TXN002958,reconciled,2025-09-07
REC002959,TXN002959,unreconciled,
REC002960,TXN002960,reconciled,2025-10-21
REC002961,TXN002961,unreconciled,
REC002962,TXN002962,unreconciled,
REC002963,TXN002963,reconciled,2026-01-19
REC002964,TXN002964,reconciled,2026-01-31
REC002965,TXN002965,pending,
REC002966,TXN002966,reconciled,2026-05-11
REC002967,TXN002967,reconciled,2026-07-19
REC002968,TXN002968,reconciled,2025-08-25
REC002969,TXN002969,reconciled,2025-10-24
REC002970,TXN002970,reconciled,2025-08-24
REC002971,TXN002971,reconciled,2025-09-19
REC002972,TXN002972,reconciled,2026-01-30
REC002973,TXN002973,reconciled,2026-04-01
REC002974,TXN002974,reconciled,2026-04-04
REC002975,TXN002975,reconciled,2026-03-29
REC002976,TXN002976,unreconciled,
REC002977,TXN002977,pending,
REC002978,TXN002978,reconciled,2026-03-15
REC002979,TXN002979,reconciled,2025-08-22
REC002980,TXN002980,reconciled,2025-11-30
REC002981,TXN002981,reconciled,2026-03-24
REC002982,TXN002982,reconciled,2026-06-18
REC002983,TXN002983,pending,
REC002984,TXN002984,unreconciled,
REC002985,TXN002985,reconciled,2025-12-14
REC002986,TXN002986,reconciled,2025-11-25
REC002987,TXN002987,unreconciled,
REC002988,TXN002988,unreconciled,
REC002989,TXN002989,reconciled,2025-12-18
REC002990,TXN002990,reconciled,2026-01-06
REC002991,TXN002991,reconciled,2026-04-08
REC002992,TXN002992,unreconciled,
REC002993,TXN002993,reconciled,2025-08-20
REC002994,TXN002994,unreconciled,
REC002995,TXN002995,unreconciled,
REC002996,TXN002996,reconciled,2025-08-22
REC002997,TXN002997,reconciled,2025-12-28
REC002998,TXN002998,reconciled,2025-12-15
REC002999,TXN002999,unreconciled,
REC003000,TXN003000,reconciled,2025-09-20
REC003001,TXN003001,reconciled,2026-08-12
REC003002,TXN003002,reconciled,2026-06-15
REC003003,TXN003003,reconciled,2025-10-25
REC003004,TXN003004,unreconciled,
REC003005,TXN003005,unreconciled,
REC003006,TXN003006,reconciled,2026-05-17
REC003007,TXN003007,reconciled,2026-08-28
REC003008,TXN003008,unreconciled,
REC003009,TXN003009,reconciled,2026-08-27
REC003010,TXN003010,unreconciled,
REC003011,TXN003011,reconciled,2026-08-25
REC003012,TXN003012,unreconciled,
REC003013,TXN003013,reconciled,2025-12-24
REC003014,TXN003014,reconciled,2025-09-04
REC003015,TXN003015,reconciled,2026-03-14
REC003016,TXN003016,pending,
REC003017,TXN003017,reconciled,2026-05-13
REC003018,TXN003018,reconciled,2026-03-18
REC003019,TXN003019,unreconciled,
REC003020,TXN003020,reconciled,2026-05-07
REC003021,TXN003021,reconciled,2026-06-27
REC003022,TXN003022,reconciled,2026-09-15
REC003023,TXN003023,reconciled,2026-04-09
REC003024,TXN003024,unreconciled,
REC003025,TXN003025,reconciled,2026-07-02
REC003026,TXN003026,reconciled,2025-09-24
REC003027,TXN003027,pending,
REC003028,TXN003028,reconciled,2026-05-03
REC003029,TXN003029,reconciled,2026-08-16
REC003030,TXN003030,reconciled,2026-07-04
REC003031,TXN003031,reconciled,2026-05-29
REC003032,TXN003032,reconciled,2025-09-14
REC003033,TXN003033,reconciled,2026-07-06
REC003034,TXN003034,reconciled,2026-06-11
REC003035,TXN003035,reconciled,2025-10-06
REC003036,TXN003036,pending,
REC003037,TXN003037,unreconciled,
REC003038,TXN003038,reconciled,2025-10-25
REC003039,TXN003039,reconciled,2025-08-16
REC003040,TXN003040,unreconciled,
REC003041,TXN003041,reconciled,2025-10-05
REC003042,TXN003042,pending,
REC003043,TXN003043,reconciled,2026-02-28
REC003044,TXN003044,reconciled,2026-04-11
REC003045,TXN003045,reconciled,2026-05-30
REC003046,TXN003046,pending,
REC003047,TXN003047,unreconciled,
REC003048,TXN003048,reconciled,2026-05-18
REC003049,TXN003049,unreconciled,
REC003050,TXN003050,unreconciled,
REC003051,TXN003051,reconciled,2026-02-16
REC003052,TXN003052,reconciled,2026-01-10
REC003053,TXN003053,reconciled,2026-09-05
REC003054,TXN003054,unreconciled,
REC003055,TXN003055,reconciled,2025-09-18
REC003056,TXN003056,reconciled,2026-05-01
REC003057,TXN003057,reconciled,2026-03-08
REC003058,TXN003058,reconciled,2026-02-03
REC003059,TXN003059,reconciled,2026-03-03
REC003060,TXN003060,reconciled,2026-08-27
REC003061,TXN003061,reconciled,2026-02-03
REC003062,TXN003062,unreconciled,
REC003063,TXN003063,reconciled,2025-11-30
REC003064,TXN003064,unreconciled,
REC003065,TXN003065,unreconciled,
REC003066,TXN003066,reconciled,2026-05-15
REC003067,TXN003067,reconciled,2025-11-21
REC003068,TXN003068,reconciled,2026-09-06
REC003069,TXN003069,unreconciled,
REC003070,TXN003070,unreconciled,
REC003071,TXN003071,reconciled,2026-08-27
REC003072,TXN003072,reconciled,2025-11-06
REC003073,TXN003073,pending,
REC003074,TXN003074,reconciled,2026-07-25
REC003075,TXN003075,unreconciled,
REC003076,TXN003076,unreconciled,
REC003077,TXN003077,reconciled,2026-05-08
REC003078,TXN003078,reconciled,2025-11-16
REC003079,TXN003079,reconciled,2026-05-30
REC003080,TXN003080,reconciled,2026-02-23
REC003081,TXN003081,reconciled,2025-11-26
REC003082,TXN003082,reconciled,2026-02-26
REC003083,TXN003083,reconciled,2026-04-08
REC003084,TXN003084,pending,
REC003085,TXN003085,reconciled,2026-01-19
REC003086,TXN003086,reconciled,2026-07-01
REC003087,TXN003087,unreconciled,
REC003088,TXN003088,pending,
REC003089,TXN003089,reconciled,2026-05-22
REC003090,TXN003090,reconciled,2025-10-03
REC003091,TXN003091,reconciled,2026-09-10
REC003092,TXN003092,reconciled,2026-05-07
REC003093,TXN003093,unreconciled,
REC003094,TXN003094,reconciled,2025-10-04
REC003095,TXN003095,reconciled,2026-01-29
REC003096,TXN003096,reconciled,2025-12-25
REC003097,TXN003097,reconciled,2026-08-12
REC003098,TXN003098,reconciled,2026-08-09
REC003099,TXN003099,reconciled,2026-07-23
REC003100,TXN003100,reconciled,2026-08-30
REC003101,TXN003101,reconciled,2026-03-21
REC003102,TXN003102,reconciled,2026-07-22
REC003103,TXN003103,reconciled,2026-08-31
REC003104,TXN003104,reconciled,2026-07-25
REC003105,TXN003105,reconciled,2026-07-30
REC003106,TXN003106,reconciled,2026-07-29
REC003107,TXN003107,pending,
REC003108,TXN003108,reconciled,2026-01-18
REC003109,TXN003109,reconciled,2026-08-16
REC003110,TXN003110,reconciled,2026-08-18
REC003111,TXN003111,unreconciled,
REC003112,TXN003112,reconciled,2025-10-22
REC003113,TXN003113,unreconciled,
REC003114,TXN003114,unreconciled,
REC003115,TXN003115,reconciled,2026-05-31
REC003116,TXN003116,unreconciled,
REC003117,TXN003117,unreconciled,
REC003118,TXN003118,reconciled,2026-01-04
REC003119,TXN003119,reconciled,2026-08-02
REC003120,TXN003120,reconciled,2026-04-17
REC003121,TXN003121,unreconciled,
REC003122,TXN003122,unreconciled,
REC003123,TXN003123,reconciled,2026-05-13
REC003124,TXN003124,reconciled,2026-08-29
REC003125,TXN003125,pending,
REC003126,TXN003126,reconciled,2025-08-26
REC003127,TXN003127,reconciled,2026-08-17
REC003128,TXN003128,reconciled,2026-02-26
REC003129,TXN003129,reconciled,2025-09-05
REC003130,TXN003130,reconciled,2025-09-19
REC003131,TXN003131,reconciled,2026-01-20
REC003132,TXN003132,reconciled,2025-09-01
REC003133,TXN003133,reconciled,2026-05-09
REC003134,TXN003134,reconciled,2026-04-22
REC003135,TXN003135,reconciled,2026-05-09
REC003136,TXN003136,unreconciled,
REC003137,TXN003137,unreconciled,
REC003138,TXN003138,reconciled,2025-11-30
REC003139,TXN003139,reconciled,2025-11-14
REC003140,TXN003140,reconciled,2026-05-09
REC003141,TXN003141,reconciled,2026-03-10
REC003142,TXN003142,reconciled,2026-04-10
REC003143,TXN003143,reconciled,2025-12-09
REC003144,TXN003144,unreconciled,
REC003145,TXN003145,unreconciled,
REC003146,TXN003146,reconciled,2026-01-20
REC003147,TXN003147,reconciled,2026-06-19
REC003148,TXN003148,reconciled,2025-10-14
REC003149,TXN003149,reconciled,2026-04-15
REC003150,TXN003150,reconciled,2026-09-08
REC003151,TXN003151,pending,
REC003152,TXN003152,reconciled,2025-08-20
REC003153,TXN003153,unreconciled,
REC003154,TXN003154,reconciled,2026-01-30
REC003155,TXN003155,pending,
REC003156,TXN003156,reconciled,2026-05-30
REC003157,TXN003157,unreconciled,
REC003158,TXN003158,pending,
REC003159,TXN003159,reconciled,2026-06-07
REC003160,TXN003160,pending,
REC003161,TXN003161,unreconciled,
REC003162,TXN003162,reconciled,2026-08-25
REC003163,TXN003163,reconciled,2025-11-08
REC003164,TXN003164,reconciled,2026-05-03
REC003165,TXN003165,unreconciled,
REC003166,TXN003166,reconciled,2025-10-09
REC003167,TXN003167,reconciled,2026-07-02
REC003168,TXN003168,reconciled,2026-05-25
REC003169,TXN003169,reconciled,2026-05-17
REC003170,TXN003170,reconciled,2025-12-30
REC003171,TXN003171,reconciled,2025-11-05
REC003172,TXN003172,reconciled,2026-05-15
REC003173,TXN003173,reconciled,2025-09-19
REC003174,TXN003174,pending,
REC003175,TXN003175,unreconciled,
REC003176,TXN003176,reconciled,2026-07-05
REC003177,TXN003177,reconciled,2026-08-19
REC003178,TXN003178,reconciled,2026-07-06
REC003179,TXN003179,unreconciled,
REC003180,TXN003180,reconciled,2025-09-05
REC003181,TXN003181,reconciled,2025-11-03
REC003182,TXN003182,reconciled,2026-04-27
REC003183,TXN003183,reconciled,2026-03-23
REC003184,TXN003184,reconciled,2026-09-06
REC003185,TXN003185,reconciled,2025-09-28
REC003186,TXN003186,pending,
REC003187,TXN003187,reconciled,2026-04-08
REC003188,TXN003188,reconciled,2026-02-20
REC003189,TXN003189,reconciled,2026-01-25
REC003190,TXN003190,reconciled,2026-05-02
REC003191,TXN003191,reconciled,2026-06-09
REC003192,TXN003192,pending,
REC003193,TXN003193,reconciled,2026-04-17
REC003194,TXN003194,unreconciled,
REC003195,TXN003195,reconciled,2026-04-15
REC003196,TXN003196,reconciled,2026-05-15
REC003197,TXN003197,reconciled,2026-04-12
REC003198,TXN003198,reconciled,2026-06-08
REC003199,TXN003199,reconciled,2026-06-11
REC003200,TXN003200,unreconciled,
REC003201,TXN003201,pending,
REC003202,TXN003202,pending,
REC003203,TXN003203,reconciled,2026-07-11
REC003204,TXN003204,unreconciled,
REC003205,TXN003205,reconciled,2025-09-10
REC003206,TXN003206,unreconciled,
REC003207,TXN003207,unreconciled,
REC003208,TXN003208,reconciled,2025-11-07
REC003209,TXN003209,reconciled,2026-04-23
REC003210,TXN003210,reconciled,2026-01-01
REC003211,TXN003211,reconciled,2026-08-27
REC003212,TXN003212,pending,
REC003213,TXN003213,unreconciled,
REC003214,TXN003214,reconciled,2026-01-28
REC003215,TXN003215,reconciled,2026-03-24
REC003216,TXN003216,reconciled,2026-06-19
REC003217,TXN003217,reconciled,2026-02-01
REC003218,TXN003218,reconciled,2026-08-18
REC003219,TXN003219,reconciled,2026-04-23
REC003220,TXN003220,reconciled,2025-12-29
REC003221,TXN003221,reconciled,2026-02-10
REC003222,TXN003222,reconciled,2026-07-03
REC003223,TXN003223,pending,
REC003224,TXN003224,reconciled,2026-07-08
REC003225,TXN003225,unreconciled,
REC003226,TXN003226,reconciled,2026-08-29
REC003227,TXN003227,pending,
REC003228,TXN003228,reconciled,2026-05-10
REC003229,TXN003229,pending,
REC003230,TXN003230,reconciled,2026-09-17
REC003231,TXN003231,unreconciled,
REC003232,TXN003232,reconciled,2026-03-28
REC003233,TXN003233,unreconciled,
REC003234,TXN003234,reconciled,2026-05-04
REC003235,TXN003235,reconciled,2026-04-03
REC003236,TXN003236,unreconciled,
REC003237,TXN003237,reconciled,2026-03-14
REC003238,TXN003238,reconciled,2026-05-29
REC003239,TXN003239,pending,
REC003240,TXN003240,reconciled,2026-01-16
REC003241,TXN003241,pending,
REC003242,TXN003242,pending,
REC003243,TXN003243,reconciled,2026-04-09
REC003244,TXN003244,reconciled,2025-12-24
REC003245,TXN003245,reconciled,2026-08-17
REC003246,TXN003246,unreconciled,
REC003247,TXN003247,reconciled,2025-09-28
REC003248,TXN003248,reconciled,2025-11-13
REC003249,TXN003249,reconciled,2026-02-18
REC003250,TXN003250,unreconciled,
REC003251,TXN003251,pending,
REC003252,TXN003252,reconciled,2025-10-20
REC003253,TXN003253,reconciled,2026-06-07
REC003254,TXN003254,pending,
REC003255,TXN003255,unreconciled,
REC003256,TXN003256,reconciled,2026-04-14
REC003257,TXN003257,reconciled,2025-08-25
REC003258,TXN003258,unreconciled,
REC003259,TXN003259,reconciled,2025-11-14
REC003260,TXN003260,unreconciled,
REC003261,TXN003261,reconciled,2026-06-27
REC003262,TXN003262,reconciled,2025-10-31
REC003263,TXN003263,reconciled,2026-01-17
REC003264,TXN003264,reconciled,2025-11-27
REC003265,TXN003265,reconciled,2025-08-30
REC003266,TXN003266,reconciled,2025-10-21
REC003267,TXN003267,reconciled,2026-06-17
REC003268,TXN003268,reconciled,2026-05-06
REC003269,TXN003269,unreconciled,
REC003270,TXN003270,reconciled,2026-06-17
REC003271,TXN003271,reconciled,2025-08-27
REC003272,TXN003272,reconciled,2026-08-26
REC003273,TXN003273,unreconciled,
REC003274,TXN003274,unreconciled,
REC003275,TXN003275,reconciled,2026-09-02
REC003276,TXN003276,unreconciled,
REC003277,TXN003277,reconciled,2026-03-11
REC003278,TXN003278,reconciled,2026-04-26
REC003279,TXN003279,reconciled,2026-01-11
REC003280,TXN003280,reconciled,2026-07-27
REC003281,TXN003281,unreconciled,
REC003282,TXN003282,reconciled,2026-08-27
REC003283,TXN003283,reconciled,2026-04-09
REC003284,TXN003284,reconciled,2026-01-11
REC003285,TXN003285,reconciled,2026-09-03
REC003286,TXN003286,reconciled,2025-10-11
REC003287,TXN003287,reconciled,2025-12-04
REC003288,TXN003288,reconciled,2026-07-25
REC003289,TXN003289,reconciled,2026-05-22
REC003290,TXN003290,reconciled,2026-07-12
REC003291,TXN003291,unreconciled,
REC003292,TXN003292,reconciled,2026-09-12
REC003293,TXN003293,reconciled,2026-07-04
REC003294,TXN003294,reconciled,2026-04-24
REC003295,TXN003295,reconciled,2026-02-27
REC003296,TXN003296,unreconciled,
REC003297,TXN003297,unreconciled,
REC003298,TXN003298,reconciled,2026-01-07
REC003299,TXN003299,reconciled,2026-06-22
REC003300,TXN003300,reconciled,2026-04-25
REC003301,TXN003301,unreconciled,
REC003302,TXN003302,pending,
REC003303,TXN003303,reconciled,2025-10-08
REC003304,TXN003304,reconciled,2026-05-21
REC003305,TXN003305,reconciled,2026-06-18
REC003306,TXN003306,unreconciled,
REC003307,TXN003307,reconciled,2026-01-26
REC003308,TXN003308,unreconciled,
REC003309,TXN003309,reconciled,2026-01-24
REC003310,TXN003310,unreconciled,
REC003311,TXN003311,reconciled,2026-03-24
REC003312,TXN003312,reconciled,2026-09-01
REC003313,TXN003313,reconciled,2025-12-29
REC003314,TXN003314,reconciled,2026-02-25
REC003315,TXN003315,reconciled,2025-11-09
REC003316,TXN003316,reconciled,2026-04-25
REC003317,TXN003317,pending,
REC003318,TXN003318,reconciled,2026-01-11
REC003319,TXN003319,unreconciled,
REC003320,TXN003320,pending,
REC003321,TXN003321,reconciled,2025-10-23
REC003322,TXN003322,unreconciled,
REC003323,TXN003323,pending,
REC003324,TXN003324,reconciled,2026-07-07
REC003325,TXN003325,reconciled,2026-01-21
REC003326,TXN003326,pending,
REC003327,TXN003327,reconciled,2026-08-23
REC003328,TXN003328,reconciled,2026-09-08
REC003329,TXN003329,reconciled,2026-06-09
REC003330,TXN003330,reconciled,2026-07-25
REC003331,TXN003331,unreconciled,
REC003332,TXN003332,reconciled,2026-01-15
REC003333,TXN003333,pending,
REC003334,TXN003334,reconciled,2026-02-06
REC003335,TXN003335,reconciled,2026-06-05
REC003336,TXN003336,reconciled,2026-05-17
REC003337,TXN003337,reconciled,2026-03-16
REC003338,TXN003338,unreconciled,
REC003339,TXN003339,reconciled,2025-08-25
REC003340,TXN003340,reconciled,2026-06-16
REC003341,TXN003341,reconciled,2025-10-04
REC003342,TXN003342,reconciled,2026-07-15
REC003343,TXN003343,unreconciled,
REC003344,TXN003344,reconciled,2026-05-21
REC003345,TXN003345,reconciled,2026-04-07
REC003346,TXN003346,reconciled,2025-08-16
REC003347,TXN003347,reconciled,2026-07-03
REC003348,TXN003348,reconciled,2025-08-21
REC003349,TXN003349,reconciled,2026-04-27
REC003350,TXN003350,unreconciled,
REC003351,TXN003351,pending,
REC003352,TXN003352,reconciled,2026-06-30
REC003353,TXN003353,reconciled,2026-01-29
REC003354,TXN003354,unreconciled,
REC003355,TXN003355,reconciled,2026-02-26
REC003356,TXN003356,reconciled,2026-05-20
REC003357,TXN003357,unreconciled,
REC003358,TXN003358,reconciled,2025-11-20
REC003359,TXN003359,reconciled,2026-07-28
REC003360,TXN003360,reconciled,2026-05-30
REC003361,TXN003361,reconciled,2026-03-26
REC003362,TXN003362,reconciled,2026-01-03
REC003363,TXN003363,reconciled,2025-08-21
REC003364,TXN003364,pending,
REC003365,TXN003365,unreconciled,
REC003366,TXN003366,reconciled,2026-01-23
REC003367,TXN003367,unreconciled,
REC003368,TXN003368,reconciled,2026-07-09
REC003369,TXN003369,reconciled,2026-08-30
REC003370,TXN003370,reconciled,2025-09-24
REC003371,TXN003371,reconciled,2025-12-31
REC003372,TXN003372,reconciled,2026-07-21
REC003373,TXN003373,reconciled,2026-04-26
REC003374,TXN003374,pending,
REC003375,TXN003375,reconciled,2026-02-02
REC003376,TXN003376,reconciled,2026-05-05
REC003377,TXN003377,reconciled,2026-03-15
REC003378,TXN003378,reconciled,2026-01-28
REC003379,TXN003379,reconciled,2026-01-29
REC003380,TXN003380,reconciled,2025-10-30
REC003381,TXN003381,unreconciled,
REC003382,TXN003382,unreconciled,
REC003383,TXN003383,unreconciled,
REC003384,TXN003384,reconciled,2026-03-01
REC003385,TXN003385,unreconciled,
REC003386,TXN003386,reconciled,2026-07-01
REC003387,TXN003387,reconciled,2026-02-03
REC003388,TXN003388,reconciled,2026-06-26
REC003389,TXN003389,reconciled,2026-03-02
REC003390,TXN003390,reconciled,2026-08-05
REC003391,TXN003391,reconciled,2026-06-01
REC003392,TXN003392,reconciled,2026-05-09
REC003393,TXN003393,reconciled,2026-08-16
REC003394,TXN003394,pending,
REC003395,TXN003395,reconciled,2026-07-06
REC003396,TXN003396,reconciled,2026-05-29
REC003397,TXN003397,reconciled,2026-05-06
REC003398,TXN003398,reconciled,2026-07-25
REC003399,TXN003399,pending,
REC003400,TXN003400,reconciled,2026-06-25
REC003401,TXN003401,reconciled,2026-02-04
REC003402,TXN003402,unreconciled,
REC003403,TXN003403,reconciled,2026-04-15
REC003404,TXN003404,reconciled,2026-02-09
REC003405,TXN003405,unreconciled,
REC003406,TXN003406,reconciled,2026-09-09
REC003407,TXN003407,reconciled,2025-09-01
REC003408,TXN003408,reconciled,2026-07-04
REC003409,TXN003409,reconciled,2026-03-09
REC003410,TXN003410,reconciled,2026-03-16
REC003411,TXN003411,reconciled,2025-08-09
REC003412,TXN003412,reconciled,2026-02-21
REC003413,TXN003413,pending,
REC003414,TXN003414,reconciled,2025-11-02
REC003415,TXN003415,reconciled,2025-10-12
REC003416,TXN003416,reconciled,2026-07-24
REC003417,TXN003417,reconciled,2026-03-20
REC003418,TXN003418,reconciled,2026-03-28
REC003419,TXN003419,pending,
REC003420,TXN003420,reconciled,2026-03-28
REC003421,TXN003421,unreconciled,
REC003422,TXN003422,unreconciled,
REC003423,TXN003423,reconciled,2025-11-07
REC003424,TXN003424,reconciled,2026-08-11
REC003425,TXN003425,pending,
REC003426,TXN003426,pending,
REC003427,TXN003427,reconciled,2026-03-30
REC003428,TXN003428,unreconciled,
REC003429,TXN003429,reconciled,2026-01-09
REC003430,TXN003430,reconciled,2026-01-06
REC003431,TXN003431,reconciled,2026-01-04
REC003432,TXN003432,reconciled,2025-12-26
REC003433,TXN003433,reconciled,2026-04-06
REC003434,TXN003434,reconciled,2025-10-05
REC003435,TXN003435,reconciled,2026-07-19
REC003436,TXN003436,unreconciled,
REC003437,TXN003437,reconciled,2026-07-15
REC003438,TXN003438,reconciled,2025-12-12
REC003439,TXN003439,reconciled,2026-01-27
REC003440,TXN003440,reconciled,2026-04-20
REC003441,TXN003441,unreconciled,
REC003442,TXN003442,reconciled,2026-03-24
REC003443,TXN003443,reconciled,2026-03-29
REC003444,TXN003444,reconciled,2025-12-13
REC003445,TXN003445,reconciled,2026-05-09
REC003446,TXN003446,reconciled,2026-06-29
REC003447,TXN003447,reconciled,2025-12-11
REC003448,TXN003448,reconciled,2026-01-19
REC003449,TXN003449,reconciled,2026-08-18
REC003450,TXN003450,reconciled,2026-03-06
REC003451,TXN003451,pending,
REC003452,TXN003452,reconciled,2025-08-23
REC003453,TXN003453,pending,
REC003454,TXN003454,unreconciled,
REC003455,TXN003455,reconciled,2026-05-26
REC003456,TXN003456,reconciled,2026-06-04
REC003457,TXN003457,reconciled,2026-03-18
REC003458,TXN003458,reconciled,2026-02-22
REC003459,TXN003459,reconciled,2026-05-01
REC003460,TXN003460,pending,
REC003461,TXN003461,reconciled,2026-04-11
REC003462,TXN003462,pending,
REC003463,TXN003463,reconciled,2025-09-26
REC003464,TXN003464,reconciled,2026-05-26
REC003465,TXN003465,reconciled,2026-08-12
REC003466,TXN003466,pending,
REC003467,TXN003467,pending,
REC003468,TXN003468,unreconciled,
REC003469,TXN003469,unreconciled,
REC003470,TXN003470,reconciled,2025-12-03
REC003471,TXN003471,reconciled,2025-10-31
REC003472,TXN003472,reconciled,2026-06-20
REC003473,TXN003473,reconciled,2025-11-25
REC003474,TXN003474,reconciled,2026-02-13
REC003475,TXN003475,reconciled,2026-01-14
REC003476,TXN003476,pending,
REC003477,TXN003477,unreconciled,
REC003478,TXN003478,reconciled,2026-07-13
REC003479,TXN003479,reconciled,2026-06-18
REC003480,TXN003480,reconciled,2026-01-10
REC003481,TXN003481,reconciled,2025-09-09
REC003482,TXN003482,reconciled,2026-04-01
REC003483,TXN003483,reconciled,2026-08-28
REC003484,TXN003484,pending,
REC003485,TXN003485,reconciled,2025-11-19
REC003486,TXN003486,reconciled,2026-03-14
REC003487,TXN003487,reconciled,2026-05-18
REC003488,TXN003488,reconciled,2026-02-01
REC003489,TXN003489,reconciled,2026-09-05
REC003490,TXN003490,unreconciled,
REC003491,TXN003491,reconciled,2026-03-09
REC003492,TXN003492,reconciled,2026-03-07
REC003493,TXN003493,pending,
REC003494,TXN003494,reconciled,2026-07-29
REC003495,TXN003495,unreconciled,
REC003496,TXN003496,pending,
REC003497,TXN003497,reconciled,2026-06-15
REC003498,TXN003498,reconciled,2026-08-21
REC003499,TXN003499,reconciled,2026-06-14
REC003500,TXN003500,unreconciled,
REC003501,TXN003501,reconciled,2026-07-25
REC003502,TXN003502,reconciled,2026-02-26
REC003503,TXN003503,reconciled,2026-08-04
REC003504,TXN003504,reconciled,2026-06-23
REC003505,TXN003505,reconciled,2025-12-16
REC003506,TXN003506,reconciled,2026-08-13
REC003507,TXN003507,reconciled,2026-05-19
REC003508,TXN003508,reconciled,2026-08-30
REC003509,TXN003509,reconciled,2026-04-24
REC003510,TXN003510,reconciled,2026-04-01
REC003511,TXN003511,reconciled,2026-02-23
REC003512,TXN003512,reconciled,2025-08-15
REC003513,TXN003513,reconciled,2026-01-02
REC003514,TXN003514,reconciled,2026-07-19
REC003515,TXN003515,reconciled,2025-12-05
REC003516,TXN003516,pending,
REC003517,TXN003517,reconciled,2026-07-01
REC003518,TXN003518,reconciled,2026-08-11
REC003519,TXN003519,reconciled,2026-04-05
REC003520,TXN003520,reconciled,2026-04-05
REC003521,TXN003521,pending,
REC003522,TXN003522,reconciled,2026-08-10
REC003523,TXN003523,pending,
REC003524,TXN003524,reconciled,2026-04-08
REC003525,TXN003525,reconciled,2026-01-09
REC003526,TXN003526,reconciled,2026-07-18
REC003527,TXN003527,pending,
REC003528,TXN003528,reconciled,2026-06-20
REC003529,TXN003529,reconciled,2026-01-07
REC003530,TXN003530,reconciled,2026-02-10
REC003531,TXN003531,reconciled,2026-05-01
REC003532,TXN003532,reconciled,2025-10-05
REC003533,TXN003533,reconciled,2026-03-08
REC003534,TXN003534,unreconciled,
REC003535,TXN003535,pending,
REC003536,TXN003536,reconciled,2026-01-08
REC003537,TXN003537,reconciled,2026-04-14
REC003538,TXN003538,reconciled,2026-01-06
REC003539,TXN003539,reconciled,2026-07-12
REC003540,TXN003540,unreconciled,
REC003541,TXN003541,pending,
REC003542,TXN003542,unreconciled,
REC003543,TXN003543,reconciled,2026-07-03
REC003544,TXN003544,reconciled,2026-06-04
REC003545,TXN003545,reconciled,2026-04-24
REC003546,TXN003546,pending,
REC003547,TXN003547,reconciled,2026-06-18
REC003548,TXN003548,reconciled,2025-09-12
REC003549,TXN003549,reconciled,2026-05-15
REC003550,TXN003550,reconciled,2026-01-10
REC003551,TXN003551,pending,
REC003552,TXN003552,reconciled,2026-08-05
REC003553,TXN003553,reconciled,2026-04-24
REC003554,TXN003554,reconciled,2026-07-06
REC003555,TXN003555,unreconciled,
REC003556,TXN003556,reconciled,2025-12-13
REC003557,TXN003557,reconciled,2025-08-09
REC003558,TXN003558,reconciled,2026-01-21
REC003559,TXN003559,unreconciled,
REC003560,TXN003560,reconciled,2026-02-06
REC003561,TXN003561,unreconciled,
REC003562,TXN003562,reconciled,2026-08-05
REC003563,TXN003563,unreconciled,
REC003564,TXN003564,reconciled,2026-03-09
REC003565,TXN003565,reconciled,2026-04-14
REC003566,TXN003566,reconciled,2025-12-06
REC003567,TXN003567,reconciled,2025-10-21
REC003568,TXN003568,reconciled,2026-01-03
REC003569,TXN003569,unreconciled,
REC003570,TXN003570,reconciled,2026-08-02
REC003571,TXN003571,pending,
REC003572,TXN003572,reconciled,2026-07-23
REC003573,TXN003573,reconciled,2025-11-29
REC003574,TXN003574,reconciled,2025-12-13
REC003575,TXN003575,unreconciled,
REC003576,TXN003576,unreconciled,
REC003577,TXN003577,unreconciled,
REC003578,TXN003578,reconciled,2026-05-28
REC003579,TXN003579,reconciled,2025-09-19
REC003580,TXN003580,reconciled,2026-04-25
REC003581,TXN003581,reconciled,2025-12-27
REC003582,TXN003582,reconciled,2026-03-19
REC003583,TXN003583,reconciled,2026-01-31
REC003584,TXN003584,reconciled,2025-12-02
REC003585,TXN003585,pending,
REC003586,TXN003586,reconciled,2026-01-28
REC003587,TXN003587,reconciled,2026-03-22
REC003588,TXN003588,reconciled,2026-05-21
REC003589,TXN003589,unreconciled,
REC003590,TXN003590,reconciled,2025-08-25
REC003591,TXN003591,reconciled,2026-05-01
REC003592,TXN003592,unreconciled,
REC003593,TXN003593,reconciled,2025-12-23
REC003594,TXN003594,pending,
REC003595,TXN003595,reconciled,2026-03-09
REC003596,TXN003596,reconciled,2026-02-13
REC003597,TXN003597,reconciled,2026-06-05
REC003598,TXN003598,pending,
REC003599,TXN003599,unreconciled,
REC003600,TXN003600,reconciled,2026-09-14
REC003601,TXN003601,reconciled,2026-08-27
REC003602,TXN003602,reconciled,2025-11-03
REC003603,TXN003603,pending,
REC003604,TXN003604,reconciled,2026-08-08
REC003605,TXN003605,reconciled,2025-11-01
REC003606,TXN003606,unreconciled,
REC003607,TXN003607,reconciled,2025-08-12
REC003608,TXN003608,pending,
REC003609,TXN003609,reconciled,2026-01-15
REC003610,TXN003610,reconciled,2026-05-21
REC003611,TXN003611,reconciled,2026-03-04
REC003612,TXN003612,reconciled,2025-11-05
REC003613,TXN003613,reconciled,2025-11-14
REC003614,TXN003614,reconciled,2025-08-23
REC003615,TXN003615,reconciled,2025-11-09
REC003616,TXN003616,reconciled,2026-08-15
REC003617,TXN003617,unreconciled,
REC003618,TXN003618,reconciled,2026-02-21
REC003619,TXN003619,unreconciled,
REC003620,TXN003620,reconciled,2025-11-13
REC003621,TXN003621,reconciled,2025-08-20
REC003622,TXN003622,pending,
REC003623,TXN003623,unreconciled,
REC003624,TXN003624,unreconciled,
REC003625,TXN003625,reconciled,2025-10-17
REC003626,TXN003626,pending,
REC003627,TXN003627,reconciled,2026-02-01
REC003628,TXN003628,reconciled,2025-11-09
REC003629,TXN003629,reconciled,2026-05-31
REC003630,TXN003630,reconciled,2026-04-21
REC003631,TXN003631,reconciled,2026-03-20
REC003632,TXN003632,reconciled,2026-04-26
REC003633,TXN003633,reconciled,2026-02-24
REC003634,TXN003634,reconciled,2026-01-24
REC003635,TXN003635,reconciled,2026-06-08
REC003636,TXN003636,reconciled,2026-05-01
REC003637,TXN003637,reconciled,2025-10-19
REC003638,TXN003638,unreconciled,
REC003639,TXN003639,reconciled,2026-08-11
REC003640,TXN003640,reconciled,2025-12-08
REC003641,TXN003641,reconciled,2025-08-22
REC003642,TXN003642,reconciled,2026-01-07
REC003643,TXN003643,reconciled,2026-05-04
REC003644,TXN003644,reconciled,2025-11-11
REC003645,TXN003645,unreconciled,
REC003646,TXN003646,reconciled,2026-02-09
REC003647,TXN003647,pending,
REC003648,TXN003648,reconciled,2026-04-08
REC003649,TXN003649,reconciled,2026-07-11
REC003650,TXN003650,reconciled,2025-12-27
REC003651,TXN003651,reconciled,2026-05-12
REC003652,TXN003652,reconciled,2026-08-16
REC003653,TXN003653,reconciled,2025-09-10
REC003654,TXN003654,reconciled,2026-08-23
REC003655,TXN003655,reconciled,2025-12-01
REC003656,TXN003656,reconciled,2026-05-19
REC003657,TXN003657,reconciled,2025-09-13
REC003658,TXN003658,reconciled,2026-07-19
REC003659,TXN003659,unreconciled,
REC003660,TXN003660,reconciled,2025-11-10
REC003661,TXN003661,reconciled,2026-08-27
REC003662,TXN003662,reconciled,2025-10-27
REC003663,TXN003663,pending,
REC003664,TXN003664,reconciled,2026-03-06
REC003665,TXN003665,reconciled,2026-09-01
REC003666,TXN003666,reconciled,2026-07-21
REC003667,TXN003667,reconciled,2026-06-24
REC003668,TXN003668,reconciled,2025-09-01
REC003669,TXN003669,reconciled,2026-05-19
REC003670,TXN003670,pending,
REC003671,TXN003671,reconciled,2025-08-24
REC003672,TXN003672,reconciled,2025-12-19
REC003673,TXN003673,reconciled,2026-02-01
REC003674,TXN003674,unreconciled,
REC003675,TXN003675,reconciled,2026-08-05
REC003676,TXN003676,reconciled,2026-07-08
REC003677,TXN003677,reconciled,2026-07-17
REC003678,TXN003678,reconciled,2025-09-10
REC003679,TXN003679,reconciled,2026-05-09
REC003680,TXN003680,reconciled,2025-10-08
REC003681,TXN003681,reconciled,2026-05-27
REC003682,TXN003682,unreconciled,
REC003683,TXN003683,reconciled,2026-07-18
REC003684,TXN003684,reconciled,2026-04-04
REC003685,TXN003685,reconciled,2026-07-04
REC003686,TXN003686,unreconciled,
REC003687,TXN003687,reconciled,2026-08-21
REC003688,TXN003688,reconciled,2026-06-16
REC003689,TXN003689,reconciled,2026-07-20
REC003690,TXN003690,reconciled,2025-10-12
REC003691,TXN003691,pending,
REC003692,TXN003692,reconciled,2026-04-01
REC003693,TXN003693,reconciled,2026-04-18
REC003694,TXN003694,reconciled,2026-02-27
REC003695,TXN003695,reconciled,2025-10-20
REC003696,TXN003696,reconciled,2025-09-07
REC003697,TXN003697,unreconciled,
REC003698,TXN003698,reconciled,2026-07-17
REC003699,TXN003699,reconciled,2025-08-27
REC003700,TXN003700,reconciled,2026-03-24
REC003701,TXN003701,reconciled,2025-09-17
REC003702,TXN003702,reconciled,2025-11-27
REC003703,TXN003703,reconciled,2026-07-30
REC003704,TXN003704,unreconciled,
REC003705,TXN003705,reconciled,2025-09-19
REC003706,TXN003706,pending,
REC003707,TXN003707,unreconciled,
REC003708,TXN003708,pending,
REC003709,TXN003709,reconciled,2026-03-13
REC003710,TXN003710,reconciled,2026-01-06
REC003711,TXN003711,reconciled,2026-05-14
REC003712,TXN003712,pending,
REC003713,TXN003713,unreconciled,
REC003714,TXN003714,reconciled,2026-02-02
REC003715,TXN003715,reconciled,2026-08-31
REC003716,TXN003716,unreconciled,
REC003717,TXN003717,reconciled,2026-04-05
REC003718,TXN003718,reconciled,2026-06-26
REC003719,TXN003719,pending,
REC003720,TXN003720,pending,
REC003721,TXN003721,pending,
REC003722,TXN003722,reconciled,2026-09-04
REC003723,TXN003723,pending,
REC003724,TXN003724,unreconciled,
REC003725,TXN003725,reconciled,2025-09-07
REC003726,TXN003726,reconciled,2025-10-03
REC003727,TXN003727,unreconciled,
REC003728,TXN003728,unreconciled,
REC003729,TXN003729,reconciled,2026-04-23
REC003730,TXN003730,pending,
REC003731,TXN003731,reconciled,2026-07-23
REC003732,TXN003732,reconciled,2026-06-02
REC003733,TXN003733,pending,
REC003734,TXN003734,unreconciled,
REC003735,TXN003735,reconciled,2025-12-06
REC003736,TXN003736,unreconciled,
REC003737,TXN003737,reconciled,2026-02-02
REC003738,TXN003738,reconciled,2026-02-25
REC003739,TXN003739,reconciled,2026-03-16
REC003740,TXN003740,reconciled,2025-11-14
REC003741,TXN003741,reconciled,2026-07-09
REC003742,TXN003742,reconciled,2026-05-02
REC003743,TXN003743,reconciled,2026-06-07
REC003744,TXN003744,reconciled,2026-02-28
REC003745,TXN003745,reconciled,2026-04-10
REC003746,TXN003746,unreconciled,
REC003747,TXN003747,reconciled,2025-11-15
REC003748,TXN003748,unreconciled,
REC003749,TXN003749,pending,
REC003750,TXN003750,reconciled,2026-03-08
REC003751,TXN003751,reconciled,2025-09-12
REC003752,TXN003752,reconciled,2025-09-01
REC003753,TXN003753,unreconciled,
REC003754,TXN003754,reconciled,2026-02-19
REC003755,TXN003755,reconciled,2026-08-25
REC003756,TXN003756,reconciled,2026-05-30
REC003757,TXN003757,reconciled,2025-11-05
REC003758,TXN003758,unreconciled,
REC003759,TXN003759,pending,
REC003760,TXN003760,reconciled,2025-08-15
REC003761,TXN003761,reconciled,2026-07-09
REC003762,TXN003762,reconciled,2026-07-09
REC003763,TXN003763,reconciled,2026-08-28
REC003764,TXN003764,reconciled,2026-07-07
REC003765,TXN003765,reconciled,2025-12-12
REC003766,TXN003766,pending,
REC003767,TXN003767,reconciled,2025-12-15
REC003768,TXN003768,pending,
REC003769,TXN003769,unreconciled,
REC003770,TXN003770,reconciled,2025-08-27
REC003771,TXN003771,unreconciled,
REC003772,TXN003772,pending,
REC003773,TXN003773,reconciled,2025-10-25
REC003774,TXN003774,reconciled,2025-09-12
REC003775,TXN003775,reconciled,2026-01-25
REC003776,TXN003776,reconciled,2025-11-11
REC003777,TXN003777,reconciled,2026-04-05
REC003778,TXN003778,reconciled,2025-10-15
REC003779,TXN003779,reconciled,2026-03-16
REC003780,TXN003780,unreconciled,
REC003781,TXN003781,reconciled,2025-08-14
REC003782,TXN003782,reconciled,2025-10-20
REC003783,TXN003783,reconciled,2026-03-09
REC003784,TXN003784,reconciled,2025-12-14
REC003785,TXN003785,reconciled,2025-10-30
REC003786,TXN003786,reconciled,2026-09-02
REC003787,TXN003787,reconciled,2026-09-02
REC003788,TXN003788,reconciled,2025-12-16
REC003789,TXN003789,reconciled,2026-02-18
REC003790,TXN003790,reconciled,2026-09-03
REC003791,TXN003791,reconciled,2026-02-21
REC003792,TXN003792,unreconciled,
REC003793,TXN003793,reconciled,2026-05-31
REC003794,TXN003794,reconciled,2025-09-16
REC003795,TXN003795,reconciled,2026-08-07
REC003796,TXN003796,pending,
REC003797,TXN003797,unreconciled,
REC003798,TXN003798,reconciled,2026-07-13
REC003799,TXN003799,reconciled,2025-12-10
REC003800,TXN003800,reconciled,2025-10-20
REC003801,TXN003801,reconciled,2025-11-05
REC003802,TXN003802,reconciled,2026-06-29
REC003803,TXN003803,reconciled,2026-07-20
REC003804,TXN003804,unreconciled,
REC003805,TXN003805,reconciled,2026-06-10
REC003806,TXN003806,unreconciled,
REC003807,TXN003807,unreconciled,
REC003808,TXN003808,pending,
REC003809,TXN003809,reconciled,2026-02-07
REC003810,TXN003810,reconciled,2026-01-28
REC003811,TXN003811,reconciled,2026-02-02
REC003812,TXN003812,reconciled,2025-11-23
REC003813,TXN003813,reconciled,2026-02-12
REC003814,TXN003814,reconciled,2026-06-28
REC003815,TXN003815,unreconciled,
REC003816,TXN003816,pending,
REC003817,TXN003817,reconciled,2026-05-30
REC003818,TXN003818,reconciled,2026-08-21
REC003819,TXN003819,reconciled,2026-01-19
REC003820,TXN003820,reconciled,2025-12-22
REC003821,TXN003821,reconciled,2026-04-11
REC003822,TXN003822,unreconciled,
REC003823,TXN003823,reconciled,2026-02-28
REC003824,TXN003824,reconciled,2026-08-04
REC003825,TXN003825,reconciled,2026-02-13
REC003826,TXN003826,reconciled,2025-11-12
REC003827,TXN003827,reconciled,2026-02-25
REC003828,TXN003828,reconciled,2025-08-06
REC003829,TXN003829,reconciled,2026-04-16
REC003830,TXN003830,reconciled,2026-08-02
REC003831,TXN003831,pending,
REC003832,TXN003832,reconciled,2025-10-24
REC003833,TXN003833,reconciled,2026-03-30
REC003834,TXN003834,unreconciled,
REC003835,TXN003835,reconciled,2025-09-26
REC003836,TXN003836,reconciled,2026-08-11
REC003837,TXN003837,reconciled,2026-04-14
REC003838,TXN003838,reconciled,2026-08-23
REC003839,TXN003839,reconciled,2026-04-28
REC003840,TXN003840,reconciled,2026-07-25
REC003841,TXN003841,unreconciled,
REC003842,TXN003842,reconciled,2026-03-21
REC003843,TXN003843,unreconciled,
REC003844,TXN003844,reconciled,2026-09-02
REC003845,TXN003845,reconciled,2026-01-06
REC003846,TXN003846,reconciled,2025-10-19
REC003847,TXN003847,reconciled,2025-10-28
REC003848,TXN003848,reconciled,2025-10-02
REC003849,TXN003849,reconciled,2026-04-04
REC003850,TXN003850,pending,
REC003851,TXN003851,reconciled,2026-07-31
REC003852,TXN003852,reconciled,2026-03-01
REC003853,TXN003853,reconciled,2026-08-22
REC003854,TXN003854,reconciled,2026-05-05
REC003855,TXN003855,unreconciled,
REC003856,TXN003856,reconciled,2026-01-28
REC003857,TXN003857,reconciled,2026-03-31
REC003858,TXN003858,reconciled,2026-07-27
REC003859,TXN003859,reconciled,2026-02-19
REC003860,TXN003860,reconciled,2026-03-30
REC003861,TXN003861,unreconciled,
REC003862,TXN003862,pending,
REC003863,TXN003863,unreconciled,
REC003864,TXN003864,unreconciled,
REC003865,TXN003865,unreconciled,
REC003866,TXN003866,unreconciled,
REC003867,TXN003867,unreconciled,
REC003868,TXN003868,reconciled,2025-08-03
REC003869,TXN003869,reconciled,2026-03-14
REC003870,TXN003870,reconciled,2025-10-17
REC003871,TXN003871,pending,
REC003872,TXN003872,reconciled,2026-04-21
REC003873,TXN003873,reconciled,2026-07-29
REC003874,TXN003874,reconciled,2025-12-02
REC003875,TXN003875,reconciled,2026-01-22
REC003876,TXN003876,reconciled,2026-06-13
REC003877,TXN003877,unreconciled,
REC003878,TXN003878,reconciled,2025-12-29
REC003879,TXN003879,reconciled,2026-02-14
REC003880,TXN003880,reconciled,2026-08-06
REC003881,TXN003881,unreconciled,
REC003882,TXN003882,unreconciled,
REC003883,TXN003883,reconciled,2026-05-25
REC003884,TXN003884,reconciled,2025-08-24
REC003885,TXN003885,pending,
REC003886,TXN003886,reconciled,2025-10-21
REC003887,TXN003887,reconciled,2025-10-07
REC003888,TXN003888,reconciled,2025-09-28
REC003889,TXN003889,reconciled,2026-04-10
REC003890,TXN003890,reconciled,2025-10-02
REC003891,TXN003891,reconciled,2026-09-05
REC003892,TXN003892,reconciled,2026-03-31
REC003893,TXN003893,pending,
REC003894,TXN003894,unreconciled,
REC003895,TXN003895,unreconciled,
REC003896,TXN003896,unreconciled,
REC003897,TXN003897,reconciled,2026-01-12
REC003898,TXN003898,unreconciled,
REC003899,TXN003899,reconciled,2025-09-16
REC003900,TXN003900,reconciled,2026-08-30
REC003901,TXN003901,reconciled,2026-02-26
REC003902,TXN003902,unreconciled,
REC003903,TXN003903,unreconciled,
REC003904,TXN003904,reconciled,2025-10-28
REC003905,TXN003905,pending,
REC003906,TXN003906,reconciled,2026-01-30
REC003907,TXN003907,reconciled,2025-09-16
REC003908,TXN003908,reconciled,2026-07-22
REC003909,TXN003909,pending,
REC003910,TXN003910,reconciled,2026-08-12
REC003911,TXN003911,reconciled,2025-10-08
REC003912,TXN003912,pending,
REC003913,TXN003913,pending,
REC003914,TXN003914,unreconciled,
REC003915,TXN003915,reconciled,2025-09-23
REC003916,TXN003916,reconciled,2026-07-23
REC003917,TXN003917,reconciled,2026-02-10
REC003918,TXN003918,pending,
REC003919,TXN003919,unreconciled,
REC003920,TXN003920,unreconciled,
REC003921,TXN003921,reconciled,2026-01-10
REC003922,TXN003922,unreconciled,
REC003923,TXN003923,reconciled,2025-10-19
REC003924,TXN003924,reconciled,2026-07-05
REC003925,TXN003925,unreconciled,
REC003926,TXN003926,reconciled,2026-05-21
REC003927,TXN003927,reconciled,2025-09-06
REC003928,TXN003928,reconciled,2026-04-24
REC003929,TXN003929,unreconciled,
REC003930,TXN003930,reconciled,2026-02-22
REC003931,TXN003931,reconciled,2026-07-06
REC003932,TXN003932,reconciled,2026-06-27
REC003933,TXN003933,reconciled,2025-12-15
REC003934,TXN003934,reconciled,2026-05-05
REC003935,TXN003935,reconciled,2025-10-07
REC003936,TXN003936,reconciled,2025-11-24
REC003937,TXN003937,reconciled,2026-06-12
REC003938,TXN003938,unreconciled,
REC003939,TXN003939,pending,
REC003940,TXN003940,unreconciled,
REC003941,TXN003941,reconciled,2026-06-23
REC003942,TXN003942,reconciled,2026-03-26
REC003943,TXN003943,reconciled,2025-09-15
REC003944,TXN003944,unreconciled,
REC003945,TXN003945,unreconciled,
REC003946,TXN003946,reconciled,2025-12-16
REC003947,TXN003947,reconciled,2025-11-17
REC003948,TXN003948,reconciled,2026-08-22
REC003949,TXN003949,reconciled,2026-02-25
REC003950,TXN003950,unreconciled,
REC003951,TXN003951,reconciled,2026-06-01
REC003952,TXN003952,unreconciled,
REC003953,TXN003953,reconciled,2025-08-17
REC003954,TXN003954,reconciled,2025-10-20
REC003955,TXN003955,reconciled,2026-08-20
REC003956,TXN003956,pending,
REC003957,TXN003957,reconciled,2026-08-03
REC003958,TXN003958,pending,
REC003959,TXN003959,unreconciled,
REC003960,TXN003960,reconciled,2025-10-25
REC003961,TXN003961,unreconciled,
REC003962,TXN003962,reconciled,2025-08-18
REC003963,TXN003963,pending,
REC003964,TXN003964,unreconciled,
REC003965,TXN003965,pending,
REC003966,TXN003966,pending,
REC003967,TXN003967,unreconciled,
REC003968,TXN003968,reconciled,2026-07-26
REC003969,TXN003969,pending,
REC003970,TXN003970,reconciled,2026-08-31
REC003971,TXN003971,reconciled,2026-02-26
REC003972,TXN003972,reconciled,2026-01-06
REC003973,TXN003973,reconciled,2026-04-20
REC003974,TXN003974,unreconciled,
REC003975,TXN003975,unreconciled,
REC003976,TXN003976,unreconciled,
REC003977,TXN003977,pending,
REC003978,TXN003978,reconciled,2025-12-29
REC003979,TXN003979,reconciled,2025-11-04
REC003980,TXN003980,reconciled,2025-12-22
REC003981,TXN003981,reconciled,2025-10-30
REC003982,TXN003982,reconciled,2026-06-09
REC003983,TXN003983,reconciled,2026-01-06
REC003984,TXN003984,reconciled,2026-04-21
REC003985,TXN003985,unreconciled,
REC003986,TXN003986,reconciled,2026-01-10
REC003987,TXN003987,reconciled,2026-01-25
REC003988,TXN003988,reconciled,2026-05-25
REC003989,TXN003989,reconciled,2026-07-17
REC003990,TXN003990,reconciled,2026-03-12
REC003991,TXN003991,reconciled,2026-09-12
REC003992,TXN003992,pending,
REC003993,TXN003993,reconciled,2026-01-24
REC003994,TXN003994,reconciled,2026-08-13
REC003995,TXN003995,reconciled,2026-07-22
REC003996,TXN003996,reconciled,2026-07-26
REC003997,TXN003997,reconciled,2026-04-04
REC003998,TXN003998,reconciled,2025-09-28
REC003999,TXN003999,reconciled,2026-03-10
REC004000,TXN004000,reconciled,2025-12-01
REC004001,TXN004001,reconciled,2025-12-27
REC004002,TXN004002,reconciled,2026-07-08
REC004003,TXN004003,pending,
REC004004,TXN004004,reconciled,2025-10-28
REC004005,TXN004005,unreconciled,
REC004006,TXN004006,reconciled,2026-05-10
REC004007,TXN004007,reconciled,2025-12-22
REC004008,TXN004008,reconciled,2026-06-29
REC004009,TXN004009,reconciled,2026-07-20
REC004010,TXN004010,reconciled,2026-09-04
REC004011,TXN004011,reconciled,2025-09-28
REC004012,TXN004012,unreconciled,
REC004013,TXN004013,reconciled,2026-06-30
REC004014,TXN004014,reconciled,2025-11-28
REC004015,TXN004015,reconciled,2026-06-04
REC004016,TXN004016,reconciled,2025-08-19
REC004017,TXN004017,reconciled,2026-04-11
REC004018,TXN004018,unreconciled,
REC004019,TXN004019,reconciled,2026-01-15
REC004020,TXN004020,reconciled,2025-08-23
REC004021,TXN004021,reconciled,2025-11-03
REC004022,TXN004022,reconciled,2026-01-28
REC004023,TXN004023,unreconciled,
REC004024,TXN004024,reconciled,2026-05-27
REC004025,TXN004025,reconciled,2026-08-04
REC004026,TXN004026,reconciled,2026-01-31
REC004027,TXN004027,reconciled,2026-09-08
REC004028,TXN004028,reconciled,2026-02-13
REC004029,TXN004029,unreconciled,
REC004030,TXN004030,pending,
REC004031,TXN004031,reconciled,2026-08-27
REC004032,TXN004032,reconciled,2026-05-05
REC004033,TXN004033,reconciled,2026-08-28
REC004034,TXN004034,reconciled,2025-12-27
REC004035,TXN004035,reconciled,2025-09-24
REC004036,TXN004036,pending,
REC004037,TXN004037,reconciled,2025-08-15
REC004038,TXN004038,reconciled,2025-09-27
REC004039,TXN004039,reconciled,2026-06-15
REC004040,TXN004040,reconciled,2026-01-11
REC004041,TXN004041,reconciled,2025-09-06
REC004042,TXN004042,reconciled,2026-07-20
REC004043,TXN004043,unreconciled,
REC004044,TXN004044,reconciled,2025-10-24
REC004045,TXN004045,reconciled,2025-11-28
REC004046,TXN004046,reconciled,2026-02-17
REC004047,TXN004047,reconciled,2025-08-30
REC004048,TXN004048,pending,
REC004049,TXN004049,reconciled,2026-01-01
REC004050,TXN004050,pending,
REC004051,TXN004051,unreconciled,
REC004052,TXN004052,reconciled,2026-01-09
REC004053,TXN004053,reconciled,2026-06-01
REC004054,TXN004054,reconciled,2025-08-28
REC004055,TXN004055,reconciled,2026-08-13
REC004056,TXN004056,pending,
REC004057,TXN004057,reconciled,2026-05-02
REC004058,TXN004058,reconciled,2026-04-24
REC004059,TXN004059,reconciled,2026-07-15
REC004060,TXN004060,reconciled,2026-06-23
REC004061,TXN004061,pending,
REC004062,TXN004062,reconciled,2026-08-02
REC004063,TXN004063,reconciled,2026-06-07
REC004064,TXN004064,reconciled,2026-02-19
REC004065,TXN004065,reconciled,2026-03-19
REC004066,TXN004066,pending,
REC004067,TXN004067,unreconciled,
REC004068,TXN004068,reconciled,2025-10-24
REC004069,TXN004069,unreconciled,
REC004070,TXN004070,reconciled,2026-02-24
REC004071,TXN004071,reconciled,2026-04-16
REC004072,TXN004072,pending,
REC004073,TXN004073,reconciled,2025-10-18
REC004074,TXN004074,reconciled,2026-06-11
REC004075,TXN004075,unreconciled,
REC004076,TXN004076,reconciled,2026-03-13
REC004077,TXN004077,unreconciled,
REC004078,TXN004078,reconciled,2026-01-30
REC004079,TXN004079,unreconciled,
REC004080,TXN004080,unreconciled,
REC004081,TXN004081,reconciled,2026-01-27
REC004082,TXN004082,unreconciled,
REC004083,TXN004083,unreconciled,
REC004084,TXN004084,reconciled,2026-07-02
REC004085,TXN004085,reconciled,2025-10-15
REC004086,TXN004086,reconciled,2026-01-21
REC004087,TXN004087,reconciled,2025-10-10
REC004088,TXN004088,reconciled,2025-12-20
REC004089,TXN004089,reconciled,2026-06-29
REC004090,TXN004090,reconciled,2025-11-18
REC004091,TXN004091,unreconciled,
REC004092,TXN004092,reconciled,2026-06-23
REC004093,TXN004093,reconciled,2025-10-08
REC004094,TXN004094,unreconciled,
REC004095,TXN004095,unreconciled,
REC004096,TXN004096,reconciled,2026-03-11
REC004097,TXN004097,unreconciled,
REC004098,TXN004098,unreconciled,
REC004099,TXN004099,unreconciled,
REC004100,TXN004100,reconciled,2026-04-25
REC004101,TXN004101,unreconciled,
REC004102,TXN004102,reconciled,2025-08-22
REC004103,TXN004103,pending,
REC004104,TXN004104,reconciled,2026-02-24
REC004105,TXN004105,reconciled,2026-04-25
REC004106,TXN004106,reconciled,2026-01-20
REC004107,TXN004107,reconciled,2026-05-15
REC004108,TXN004108,reconciled,2026-05-22
REC004109,TXN004109,reconciled,2026-05-21
REC004110,TXN004110,unreconciled,
REC004111,TXN004111,pending,
REC004112,TXN004112,unreconciled,
REC004113,TXN004113,reconciled,2026-01-08
REC004114,TXN004114,unreconciled,
REC004115,TXN004115,pending,
REC004116,TXN004116,reconciled,2026-06-07
REC004117,TXN004117,pending,
REC004118,TXN004118,reconciled,2026-05-24
REC004119,TXN004119,reconciled,2025-10-14
REC004120,TXN004120,unreconciled,
REC004121,TXN004121,reconciled,2026-01-30
REC004122,TXN004122,reconciled,2025-09-10
REC004123,TXN004123,reconciled,2026-01-25
REC004124,TXN004124,reconciled,2026-06-21
REC004125,TXN004125,reconciled,2025-11-20
REC004126,TXN004126,reconciled,2025-12-25
REC004127,TXN004127,reconciled,2026-01-29
REC004128,TXN004128,unreconciled,
REC004129,TXN004129,reconciled,2025-11-29
REC004130,TXN004130,reconciled,2025-11-03
REC004131,TXN004131,reconciled,2026-01-16
REC004132,TXN004132,reconciled,2025-09-16
REC004133,TXN004133,reconciled,2026-01-29
REC004134,TXN004134,reconciled,2025-09-09
REC004135,TXN004135,reconciled,2026-02-14
REC004136,TXN004136,unreconciled,
REC004137,TXN004137,reconciled,2026-06-08
REC004138,TXN004138,reconciled,2026-08-13
REC004139,TXN004139,unreconciled,
REC004140,TXN004140,reconciled,2026-03-11
REC004141,TXN004141,reconciled,2026-07-21
REC004142,TXN004142,reconciled,2025-12-14
REC004143,TXN004143,reconciled,2025-10-09
REC004144,TXN004144,pending,
REC004145,TXN004145,reconciled,2026-02-24
REC004146,TXN004146,reconciled,2025-08-16
REC004147,TXN004147,reconciled,2026-07-14
REC004148,TXN004148,reconciled,2026-04-23
REC004149,TXN004149,reconciled,2026-08-09
REC004150,TXN004150,unreconciled,
REC004151,TXN004151,reconciled,2026-04-10
REC004152,TXN004152,pending,
REC004153,TXN004153,reconciled,2026-08-25
REC004154,TXN004154,reconciled,2026-06-09
REC004155,TXN004155,reconciled,2026-03-20
REC004156,TXN004156,reconciled,2025-09-21
REC004157,TXN004157,reconciled,2026-01-14
REC004158,TXN004158,pending,
REC004159,TXN004159,reconciled,2026-05-04
REC004160,TXN004160,reconciled,2025-08-12
REC004161,TXN004161,reconciled,2026-02-18
REC004162,TXN004162,unreconciled,
REC004163,TXN004163,reconciled,2026-03-23
REC004164,TXN004164,reconciled,2026-05-20
REC004165,TXN004165,unreconciled,
REC004166,TXN004166,reconciled,2026-07-29
REC004167,TXN004167,unreconciled,
REC004168,TXN004168,reconciled,2025-12-02
REC004169,TXN004169,reconciled,2025-08-18
REC004170,TXN004170,pending,
REC004171,TXN004171,reconciled,2025-11-13
REC004172,TXN004172,reconciled,2026-04-01
REC004173,TXN004173,reconciled,2026-06-01
REC004174,TXN004174,reconciled,2025-08-25
REC004175,TXN004175,reconciled,2026-03-25
REC004176,TXN004176,unreconciled,
REC004177,TXN004177,unreconciled,
REC004178,TXN004178,unreconciled,
REC004179,TXN004179,unreconciled,
REC004180,TXN004180,pending,
REC004181,TXN004181,unreconciled,
REC004182,TXN004182,reconciled,2025-11-04
REC004183,TXN004183,reconciled,2026-08-06
REC004184,TXN004184,reconciled,2026-08-02
REC004185,TXN004185,reconciled,2026-04-30
REC004186,TXN004186,reconciled,2026-04-29
REC004187,TXN004187,reconciled,2026-03-25
REC004188,TXN004188,pending,
REC004189,TXN004189,reconciled,2026-01-23
REC004190,TXN004190,reconciled,2026-04-14
REC004191,TXN004191,pending,
REC004192,TXN004192,reconciled,2026-01-28
REC004193,TXN004193,unreconciled,
REC004194,TXN004194,reconciled,2025-10-25
REC004195,TXN004195,reconciled,2026-02-18
REC004196,TXN004196,reconciled,2025-09-11
REC004197,TXN004197,reconciled,2026-02-12
REC004198,TXN004198,reconciled,2026-07-15
REC004199,TXN004199,reconciled,2026-01-19
REC004200,TXN004200,reconciled,2026-09-08
REC004201,TXN004201,reconciled,2026-01-11
REC004202,TXN004202,unreconciled,
REC004203,TXN004203,reconciled,2026-03-04
REC004204,TXN004204,pending,
REC004205,TXN004205,reconciled,2026-01-20
REC004206,TXN004206,reconciled,2025-08-25
REC004207,TXN004207,reconciled,2025-11-28
REC004208,TXN004208,unreconciled,
REC004209,TXN004209,unreconciled,
REC004210,TXN004210,reconciled,2025-08-16
REC004211,TXN004211,unreconciled,
REC004212,TXN004212,reconciled,2026-07-24
REC004213,TXN004213,reconciled,2026-05-27
REC004214,TXN004214,reconciled,2025-09-28
REC004215,TXN004215,reconciled,2026-09-02
REC004216,TXN004216,unreconciled,
REC004217,TXN004217,reconciled,2026-02-09
REC004218,TXN004218,reconciled,2025-10-30
REC004219,TXN004219,pending,
REC004220,TXN004220,reconciled,2025-11-29
REC004221,TXN004221,reconciled,2026-04-07
REC004222,TXN004222,reconciled,2026-01-30
REC004223,TXN004223,pending,
REC004224,TXN004224,reconciled,2026-09-09
REC004225,TXN004225,reconciled,2026-01-10
REC004226,TXN004226,reconciled,2026-05-09
REC004227,TXN004227,reconciled,2026-07-01
REC004228,TXN004228,reconciled,2026-05-20
REC004229,TXN004229,pending,
REC004230,TXN004230,pending,
REC004231,TXN004231,unreconciled,
REC004232,TXN004232,reconciled,2025-11-30
REC004233,TXN004233,reconciled,2026-07-04
REC004234,TXN004234,pending,
REC004235,TXN004235,pending,
REC004236,TXN004236,reconciled,2026-04-22
REC004237,TXN004237,reconciled,2026-09-09
REC004238,TXN004238,reconciled,2025-10-22
REC004239,TXN004239,reconciled,2026-07-30
REC004240,TXN004240,reconciled,2026-06-07
REC004241,TXN004241,reconciled,2025-08-10
REC004242,TXN004242,unreconciled,
REC004243,TXN004243,unreconciled,
REC004244,TXN004244,reconciled,2025-09-09
REC004245,TXN004245,reconciled,2025-10-13
REC004246,TXN004246,reconciled,2026-06-30
REC004247,TXN004247,reconciled,2026-04-16
REC004248,TXN004248,reconciled,2026-07-18
REC004249,TXN004249,reconciled,2026-06-05
REC004250,TXN004250,reconciled,2026-06-25
REC004251,TXN004251,reconciled,2025-12-31
REC004252,TXN004252,reconciled,2026-08-07
REC004253,TXN004253,reconciled,2025-11-05
REC004254,TXN004254,unreconciled,
REC004255,TXN004255,reconciled,2026-03-24
REC004256,TXN004256,pending,
REC004257,TXN004257,reconciled,2025-11-28
REC004258,TXN004258,reconciled,2025-12-20
REC004259,TXN004259,unreconciled,
REC004260,TXN004260,pending,
REC004261,TXN004261,reconciled,2026-08-30
REC004262,TXN004262,unreconciled,
REC004263,TXN004263,unreconciled,
REC004264,TXN004264,reconciled,2026-03-15
REC004265,TXN004265,pending,
REC004266,TXN004266,reconciled,2026-03-11
REC004267,TXN004267,reconciled,2026-08-27
REC004268,TXN004268,reconciled,2026-06-08
REC004269,TXN004269,reconciled,2026-06-02
REC004270,TXN004270,reconciled,2026-05-11
REC004271,TXN004271,reconciled,2025-10-30
REC004272,TXN004272,reconciled,2026-04-12
REC004273,TXN004273,reconciled,2025-09-08
REC004274,TXN004274,reconciled,2025-08-11
REC004275,TXN004275,reconciled,2026-03-11
REC004276,TXN004276,reconciled,2025-10-26
REC004277,TXN004277,unreconciled,
REC004278,TXN004278,reconciled,2026-09-13
REC004279,TXN004279,unreconciled,
REC004280,TXN004280,reconciled,2026-02-13
REC004281,TXN004281,unreconciled,
REC004282,TXN004282,unreconciled,
REC004283,TXN004283,unreconciled,
REC004284,TXN004284,reconciled,2025-09-13
REC004285,TXN004285,reconciled,2026-06-18
REC004286,TXN004286,reconciled,2026-05-13
REC004287,TXN004287,unreconciled,
REC004288,TXN004288,reconciled,2026-06-03
REC004289,TXN004289,reconciled,2026-07-04
REC004290,TXN004290,reconciled,2026-07-27
REC004291,TXN004291,reconciled,2026-08-31
REC004292,TXN004292,reconciled,2026-05-11
REC004293,TXN004293,unreconciled,
REC004294,TXN004294,unreconciled,
REC004295,TXN004295,reconciled,2026-06-15
REC004296,TXN004296,reconciled,2026-01-21
REC004297,TXN004297,reconciled,2025-12-27
REC004298,TXN004298,reconciled,2025-11-03
REC004299,TXN004299,reconciled,2025-09-03
REC004300,TXN004300,reconciled,2025-12-29
REC004301,TXN004301,reconciled,2026-05-07
REC004302,TXN004302,reconciled,2025-11-12
REC004303,TXN004303,pending,
REC004304,TXN004304,pending,
REC004305,TXN004305,unreconciled,
REC004306,TXN004306,reconciled,2026-02-27
REC004307,TXN004307,unreconciled,
REC004308,TXN004308,unreconciled,
REC004309,TXN004309,reconciled,2025-09-04
REC004310,TXN004310,reconciled,2025-09-24
REC004311,TXN004311,pending,
REC004312,TXN004312,reconciled,2026-07-25
REC004313,TXN004313,pending,
REC004314,TXN004314,reconciled,2026-04-18
REC004315,TXN004315,reconciled,2026-02-10
REC004316,TXN004316,reconciled,2026-05-21
REC004317,TXN004317,reconciled,2026-01-18
REC004318,TXN004318,reconciled,2026-05-13
REC004319,TXN004319,reconciled,2026-08-28
REC004320,TXN004320,unreconciled,
REC004321,TXN004321,unreconciled,
REC004322,TXN004322,reconciled,2025-11-23
REC004323,TXN004323,reconciled,2026-03-09
REC004324,TXN004324,reconciled,2025-12-07
REC004325,TXN004325,reconciled,2026-06-15
REC004326,TXN004326,reconciled,2026-07-21
REC004327,TXN004327,reconciled,2026-02-11
REC004328,TXN004328,reconciled,2026-03-16
REC004329,TXN004329,unreconciled,
REC004330,TXN004330,unreconciled,
REC004331,TXN004331,unreconciled,
REC004332,TXN004332,reconciled,2026-07-05
REC004333,TXN004333,reconciled,2025-09-01
REC004334,TXN004334,reconciled,2026-05-03
REC004335,TXN004335,unreconciled,
REC004336,TXN004336,reconciled,2026-07-31
REC004337,TXN004337,reconciled,2025-09-13
REC004338,TXN004338,unreconciled,
REC004339,TXN004339,reconciled,2026-01-16
REC004340,TXN004340,reconciled,2026-02-27
REC004341,TXN004341,reconciled,2026-09-02
REC004342,TXN004342,reconciled,2025-11-12
REC004343,TXN004343,reconciled,2026-05-12
REC004344,TXN004344,reconciled,2026-07-25
REC004345,TXN004345,unreconciled,
REC004346,TXN004346,reconciled,2026-04-26
REC004347,TXN004347,reconciled,2026-07-21
REC004348,TXN004348,reconciled,2025-11-24
REC004349,TXN004349,reconciled,2026-03-30
REC004350,TXN004350,unreconciled,
REC004351,TXN004351,reconciled,2026-03-13
REC004352,TXN004352,reconciled,2026-04-26
REC004353,TXN004353,reconciled,2026-03-23
REC004354,TXN004354,reconciled,2025-09-08
REC004355,TXN004355,unreconciled,
REC004356,TXN004356,reconciled,2026-06-30
REC004357,TXN004357,reconciled,2025-09-08
REC004358,TXN004358,reconciled,2026-08-21
REC004359,TXN004359,unreconciled,
REC004360,TXN004360,pending,
REC004361,TXN004361,reconciled,2025-09-19
REC004362,TXN004362,reconciled,2026-04-23
REC004363,TXN004363,unreconciled,
REC004364,TXN004364,reconciled,2026-01-02
REC004365,TXN004365,unreconciled,
REC004366,TXN004366,pending,
REC004367,TXN004367,reconciled,2026-06-27
REC004368,TXN004368,reconciled,2026-08-05
REC004369,TXN004369,pending,
REC004370,TXN004370,reconciled,2026-09-07
REC004371,TXN004371,reconciled,2026-01-05
REC004372,TXN004372,unreconciled,
REC004373,TXN004373,unreconciled,
REC004374,TXN004374,pending,
REC004375,TXN004375,reconciled,2026-02-27
REC004376,TXN004376,reconciled,2026-05-11
REC004377,TXN004377,pending,
REC004378,TXN004378,reconciled,2026-05-15
REC004379,TXN004379,reconciled,2026-03-21
REC004380,TXN004380,reconciled,2026-02-10
REC004381,TXN004381,reconciled,2025-10-29
REC004382,TXN004382,pending,
REC004383,TXN004383,reconciled,2026-01-28
REC004384,TXN004384,unreconciled,
REC004385,TXN004385,pending,
REC004386,TXN004386,unreconciled,
REC004387,TXN004387,reconciled,2025-09-14
REC004388,TXN004388,reconciled,2026-05-11
REC004389,TXN004389,reconciled,2026-01-22
REC004390,TXN004390,reconciled,2026-04-20
REC004391,TXN004391,reconciled,2026-01-02
REC004392,TXN004392,reconciled,2026-05-28
REC004393,TXN004393,reconciled,2026-01-03
REC004394,TXN004394,reconciled,2026-04-18
REC004395,TXN004395,reconciled,2025-10-09
REC004396,TXN004396,reconciled,2025-09-20
REC004397,TXN004397,unreconciled,
REC004398,TXN004398,reconciled,2026-06-14
REC004399,TXN004399,pending,
REC004400,TXN004400,reconciled,2026-02-12
REC004401,TXN004401,reconciled,2026-03-27
REC004402,TXN004402,reconciled,2026-01-14
REC004403,TXN004403,pending,
REC004404,TXN004404,reconciled,2026-05-25
REC004405,TXN004405,reconciled,2025-10-25
REC004406,TXN004406,reconciled,2026-03-08
REC004407,TXN004407,reconciled,2026-04-06
REC004408,TXN004408,unreconciled,
REC004409,TXN004409,reconciled,2025-09-02
REC004410,TXN004410,reconciled,2025-12-29
REC004411,TXN004411,reconciled,2025-10-29
REC004412,TXN004412,reconciled,2025-12-07
REC004413,TXN004413,unreconciled,
REC004414,TXN004414,reconciled,2026-01-29
REC004415,TXN004415,reconciled,2025-09-16
REC004416,TXN004416,unreconciled,
REC004417,TXN004417,reconciled,2026-08-27
REC004418,TXN004418,reconciled,2025-08-08
REC004419,TXN004419,reconciled,2026-01-21
REC004420,TXN004420,reconciled,2026-06-27
REC004421,TXN004421,reconciled,2026-07-18
REC004422,TXN004422,pending,
REC004423,TXN004423,unreconciled,
REC004424,TXN004424,reconciled,2026-02-18
REC004425,TXN004425,reconciled,2026-02-06
REC004426,TXN004426,reconciled,2026-04-20
REC004427,TXN004427,reconciled,2026-08-21
REC004428,TXN004428,reconciled,2026-02-03
REC004429,TXN004429,pending,
REC004430,TXN004430,reconciled,2025-09-21
REC004431,TXN004431,unreconciled,
REC004432,TXN004432,reconciled,2026-02-04
REC004433,TXN004433,pending,
REC004434,TXN004434,reconciled,2026-03-05
REC004435,TXN004435,unreconciled,
REC004436,TXN004436,reconciled,2025-11-18
REC004437,TXN004437,pending,
REC004438,TXN004438,reconciled,2026-01-14
REC004439,TXN004439,reconciled,2025-12-12
REC004440,TXN004440,unreconciled,
REC004441,TXN004441,unreconciled,
REC004442,TXN004442,unreconciled,
REC004443,TXN004443,reconciled,2026-05-07
REC004444,TXN004444,reconciled,2026-05-17
REC004445,TXN004445,reconciled,2026-08-25
REC004446,TXN004446,reconciled,2025-12-21
REC004447,TXN004447,unreconciled,
REC004448,TXN004448,pending,
REC004449,TXN004449,reconciled,2026-06-29
REC004450,TXN004450,reconciled,2026-06-22
REC004451,TXN004451,unreconciled,
REC004452,TXN004452,reconciled,2025-11-28
REC004453,TXN004453,pending,
REC004454,TXN004454,reconciled,2026-05-29
REC004455,TXN004455,reconciled,2026-08-20
REC004456,TXN004456,reconciled,2026-01-09
REC004457,TXN004457,unreconciled,
REC004458,TXN004458,pending,
REC004459,TXN004459,reconciled,2026-06-07
REC004460,TXN004460,reconciled,2026-07-27
REC004461,TXN004461,reconciled,2026-02-21
REC004462,TXN004462,reconciled,2026-01-01
REC004463,TXN004463,reconciled,2025-12-27
REC004464,TXN004464,reconciled,2025-10-21
REC004465,TXN004465,reconciled,2025-11-26
REC004466,TXN004466,pending,
REC004467,TXN004467,reconciled,2026-07-18
REC004468,TXN004468,reconciled,2025-09-05
REC004469,TXN004469,pending,
REC004470,TXN004470,reconciled,2025-11-16
REC004471,TXN004471,reconciled,2026-08-20
REC004472,TXN004472,unreconciled,
REC004473,TXN004473,reconciled,2025-12-28
REC004474,TXN004474,reconciled,2026-04-20
REC004475,TXN004475,reconciled,2025-09-15
REC004476,TXN004476,reconciled,2026-07-02
REC004477,TXN004477,reconciled,2025-08-28
REC004478,TXN004478,unreconciled,
REC004479,TXN004479,reconciled,2026-03-16
REC004480,TXN004480,reconciled,2026-07-22
REC004481,TXN004481,unreconciled,
REC004482,TXN004482,unreconciled,
REC004483,TXN004483,reconciled,2026-02-04
REC004484,TXN004484,pending,
REC004485,TXN004485,reconciled,2025-11-14
REC004486,TXN004486,reconciled,2026-04-09
REC004487,TXN004487,reconciled,2025-12-01
REC004488,TXN004488,reconciled,2025-10-15
REC004489,TXN004489,reconciled,2025-10-14
REC004490,TXN004490,reconciled,2026-03-06
REC004491,TXN004491,reconciled,2026-09-03
REC004492,TXN004492,reconciled,2025-08-19
REC004493,TXN004493,reconciled,2026-05-13
REC004494,TXN004494,reconciled,2025-10-09
REC004495,TXN004495,reconciled,2025-10-07
REC004496,TXN004496,reconciled,2026-07-23
REC004497,TXN004497,reconciled,2026-02-06
REC004498,TXN004498,reconciled,2026-05-25
REC004499,TXN004499,unreconciled,
REC004500,TXN004500,reconciled,2026-03-05
REC004501,TXN004501,reconciled,2026-06-03
REC004502,TXN004502,unreconciled,
REC004503,TXN004503,reconciled,2026-04-07
REC004504,TXN004504,reconciled,2026-05-29
REC004505,TXN004505,reconciled,2026-03-16
REC004506,TXN004506,reconciled,2026-08-25
REC004507,TXN004507,reconciled,2026-06-30
REC004508,TXN004508,reconciled,2025-10-15
REC004509,TXN004509,reconciled,2025-10-03
REC004510,TXN004510,pending,
REC004511,TXN004511,reconciled,2026-02-15
REC004512,TXN004512,reconciled,2025-08-24
REC004513,TXN004513,unreconciled,
REC004514,TXN004514,reconciled,2026-06-15
REC004515,TXN004515,reconciled,2026-06-14
REC004516,TXN004516,pending,
REC004517,TXN004517,reconciled,2026-01-08
REC004518,TXN004518,reconciled,2026-05-21
REC004519,TXN004519,unreconciled,
REC004520,TXN004520,reconciled,2025-12-30
REC004521,TXN004521,pending,
REC004522,TXN004522,reconciled,2026-07-03
REC004523,TXN004523,reconciled,2026-04-23
REC004524,TXN004524,reconciled,2025-12-22
REC004525,TXN004525,reconciled,2026-03-11
REC004526,TXN004526,reconciled,2025-12-05
REC004527,TXN004527,reconciled,2026-02-23
REC004528,TXN004528,pending,
REC004529,TXN004529,unreconciled,
REC004530,TXN004530,reconciled,2026-01-19
REC004531,TXN004531,unreconciled,
REC004532,TXN004532,reconciled,2025-12-29
REC004533,TXN004533,reconciled,2026-03-14
REC004534,TXN004534,reconciled,2026-02-21
REC004535,TXN004535,reconciled,2026-06-29
REC004536,TXN004536,reconciled,2026-01-19
REC004537,TXN004537,reconciled,2025-12-13
REC004538,TXN004538,reconciled,2026-04-30
REC004539,TXN004539,reconciled,2025-10-16
REC004540,TXN004540,reconciled,2026-06-26
REC004541,TXN004541,reconciled,2026-02-18
REC004542,TXN004542,reconciled,2025-12-30
REC004543,TXN004543,reconciled,2025-10-20
REC004544,TXN004544,reconciled,2026-06-21
REC004545,TXN004545,unreconciled,
REC004546,TXN004546,reconciled,2026-01-20
REC004547,TXN004547,reconciled,2026-03-19
REC004548,TXN004548,reconciled,2026-03-05
REC004549,TXN004549,reconciled,2026-02-24
REC004550,TXN004550,reconciled,2026-03-18
REC004551,TXN004551,reconciled,2025-09-03
REC004552,TXN004552,reconciled,2026-01-15
REC004553,TXN004553,unreconciled,
REC004554,TXN004554,pending,
REC004555,TXN004555,reconciled,2026-02-24
REC004556,TXN004556,reconciled,2025-11-10
REC004557,TXN004557,reconciled,2026-02-25
REC004558,TXN004558,reconciled,2026-01-11
REC004559,TXN004559,reconciled,2026-03-25
REC004560,TXN004560,unreconciled,
REC004561,TXN004561,reconciled,2025-10-27
REC004562,TXN004562,reconciled,2026-01-10
REC004563,TXN004563,reconciled,2026-07-28
REC004564,TXN004564,reconciled,2025-09-08
REC004565,TXN004565,pending,
REC004566,TXN004566,reconciled,2026-05-09
REC004567,TXN004567,unreconciled,
REC004568,TXN004568,unreconciled,
REC004569,TXN004569,reconciled,2026-02-23
REC004570,TXN004570,unreconciled,
REC004571,TXN004571,reconciled,2026-04-30
REC004572,TXN004572,reconciled,2025-10-25
REC004573,TXN004573,reconciled,2026-02-22
REC004574,TXN004574,reconciled,2026-06-02
REC004575,TXN004575,pending,
REC004576,TXN004576,reconciled,2025-10-04
REC004577,TXN004577,reconciled,2026-06-22
REC004578,TXN004578,pending,
REC004579,TXN004579,pending,
REC004580,TXN004580,reconciled,2026-03-11
REC004581,TXN004581,reconciled,2025-11-17
REC004582,TXN004582,reconciled,2026-03-22
REC004583,TXN004583,reconciled,2026-07-11
REC004584,TXN004584,reconciled,2025-10-07
REC004585,TXN004585,unreconciled,
REC004586,TXN004586,reconciled,2026-01-01
REC004587,TXN004587,reconciled,2026-06-17
REC004588,TXN004588,reconciled,2025-11-14
REC004589,TXN004589,reconciled,2026-09-01
REC004590,TXN004590,reconciled,2025-09-22
REC004591,TXN004591,pending,
REC004592,TXN004592,reconciled,2026-03-11
REC004593,TXN004593,pending,
REC004594,TXN004594,reconciled,2025-09-27
REC004595,TXN004595,pending,
REC004596,TXN004596,reconciled,2026-01-12
REC004597,TXN004597,reconciled,2025-10-04
REC004598,TXN004598,reconciled,2026-07-18
REC004599,TXN004599,reconciled,2026-07-03
REC004600,TXN004600,reconciled,2025-08-31
REC004601,TXN004601,reconciled,2026-02-27
REC004602,TXN004602,reconciled,2025-11-02
REC004603,TXN004603,unreconciled,
REC004604,TXN004604,pending,
REC004605,TXN004605,reconciled,2025-12-12
REC004606,TXN004606,unreconciled,
REC004607,TXN004607,reconciled,2026-05-02
REC004608,TXN004608,reconciled,2025-08-24
REC004609,TXN004609,pending,
REC004610,TXN004610,reconciled,2025-09-20
REC004611,TXN004611,reconciled,2026-08-20
REC004612,TXN004612,reconciled,2026-02-05
REC004613,TXN004613,unreconciled,
REC004614,TXN004614,reconciled,2026-02-01
REC004615,TXN004615,reconciled,2025-12-14
REC004616,TXN004616,pending,
REC004617,TXN004617,reconciled,2025-08-20
REC004618,TXN004618,pending,
REC004619,TXN004619,reconciled,2026-05-31
REC004620,TXN004620,reconciled,2026-08-08
REC004621,TXN004621,reconciled,2026-06-27
REC004622,TXN004622,reconciled,2026-08-27
REC004623,TXN004623,unreconciled,
REC004624,TXN004624,reconciled,2026-08-14
REC004625,TXN004625,reconciled,2026-04-18
REC004626,TXN004626,reconciled,2025-09-02
REC004627,TXN004627,reconciled,2026-04-19
REC004628,TXN004628,reconciled,2026-01-24
REC004629,TXN004629,reconciled,2026-03-22
REC004630,TXN004630,unreconciled,
REC004631,TXN004631,pending,
REC004632,TXN004632,reconciled,2026-08-15
REC004633,TXN004633,unreconciled,
REC004634,TXN004634,reconciled,2026-04-11
REC004635,TXN004635,reconciled,2026-08-08
REC004636,TXN004636,unreconciled,
REC004637,TXN004637,reconciled,2026-08-27
REC004638,TXN004638,reconciled,2026-05-10
REC004639,TXN004639,reconciled,2026-03-15
REC004640,TXN004640,reconciled,2025-11-02
REC004641,TXN004641,pending,
REC004642,TXN004642,unreconciled,
REC004643,TXN004643,reconciled,2026-06-13
REC004644,TXN004644,reconciled,2026-06-25
REC004645,TXN004645,unreconciled,
REC004646,TXN004646,reconciled,2026-03-31
REC004647,TXN004647,reconciled,2025-12-01
REC004648,TXN004648,reconciled,2026-07-04
REC004649,TXN004649,reconciled,2025-11-04
REC004650,TXN004650,pending,
REC004651,TXN004651,unreconciled,
REC004652,TXN004652,reconciled,2025-10-03
REC004653,TXN004653,reconciled,2026-08-06
REC004654,TXN004654,reconciled,2026-04-20
REC004655,TXN004655,reconciled,2026-07-01
REC004656,TXN004656,reconciled,2026-08-25
REC004657,TXN004657,reconciled,2026-06-24
REC004658,TXN004658,pending,
REC004659,TXN004659,reconciled,2026-07-25
REC004660,TXN004660,reconciled,2026-07-01
REC004661,TXN004661,pending,
REC004662,TXN004662,reconciled,2026-03-10
REC004663,TXN004663,unreconciled,
REC004664,TXN004664,pending,
REC004665,TXN004665,reconciled,2026-07-06
REC004666,TXN004666,reconciled,2025-08-28
REC004667,TXN004667,reconciled,2025-11-06
REC004668,TXN004668,reconciled,2026-03-11
REC004669,TXN004669,unreconciled,
REC004670,TXN004670,reconciled,2026-04-21
REC004671,TXN004671,reconciled,2026-01-05
REC004672,TXN004672,reconciled,2025-09-12
REC004673,TXN004673,reconciled,2026-03-28
REC004674,TXN004674,reconciled,2025-12-27
REC004675,TXN004675,reconciled,2026-07-09
REC004676,TXN004676,pending,
REC004677,TXN004677,reconciled,2026-08-05
REC004678,TXN004678,unreconciled,
REC004679,TXN004679,unreconciled,
REC004680,TXN004680,reconciled,2026-01-12
REC004681,TXN004681,reconciled,2026-04-24
REC004682,TXN004682,reconciled,2025-08-23
REC004683,TXN004683,reconciled,2026-06-03
REC004684,TXN004684,reconciled,2026-07-23
REC004685,TXN004685,reconciled,2025-11-14
REC004686,TXN004686,reconciled,2026-08-24
REC004687,TXN004687,reconciled,2026-04-01
REC004688,TXN004688,reconciled,2026-01-09
REC004689,TXN004689,reconciled,2026-03-23
REC004690,TXN004690,pending,
REC004691,TXN004691,reconciled,2026-03-26
REC004692,TXN004692,unreconciled,
REC004693,TXN004693,reconciled,2025-12-28
REC004694,TXN004694,reconciled,2026-07-21
REC004695,TXN004695,reconciled,2025-11-07
REC004696,TXN004696,reconciled,2025-12-28
REC004697,TXN004697,unreconciled,
REC004698,TXN004698,reconciled,2025-12-13
REC004699,TXN004699,unreconciled,
REC004700,TXN004700,pending,
REC004701,TXN004701,pending,
REC004702,TXN004702,reconciled,2026-06-20
REC004703,TXN004703,pending,
REC004704,TXN004704,reconciled,2025-10-11
REC004705,TXN004705,reconciled,2025-09-30
REC004706,TXN004706,unreconciled,
REC004707,TXN004707,unreconciled,
REC004708,TXN004708,reconciled,2025-09-22
REC004709,TXN004709,reconciled,2026-04-06
REC004710,TXN004710,unreconciled,
REC004711,TXN004711,reconciled,2026-05-02
REC004712,TXN004712,reconciled,2026-02-06
REC004713,TXN004713,reconciled,2025-12-30
REC004714,TXN004714,reconciled,2026-06-05
REC004715,TXN004715,pending,
REC004716,TXN004716,pending,
REC004717,TXN004717,unreconciled,
REC004718,TXN004718,pending,
REC004719,TXN004719,reconciled,2026-03-11
REC004720,TXN004720,pending,
REC004721,TXN004721,reconciled,2026-02-07
REC004722,TXN004722,reconciled,2025-09-05
REC004723,TXN004723,reconciled,2025-11-17
REC004724,TXN004724,reconciled,2025-12-02
REC004725,TXN004725,pending,
REC004726,TXN004726,pending,
REC004727,TXN004727,reconciled,2026-06-12
REC004728,TXN004728,pending,
REC004729,TXN004729,reconciled,2026-05-15
REC004730,TXN004730,reconciled,2026-09-05
REC004731,TXN004731,reconciled,2025-08-30
REC004732,TXN004732,reconciled,2026-06-12
REC004733,TXN004733,reconciled,2026-07-09
REC004734,TXN004734,reconciled,2026-02-24
REC004735,TXN004735,unreconciled,
REC004736,TXN004736,pending,
REC004737,TXN004737,reconciled,2025-10-18
REC004738,TXN004738,reconciled,2026-07-11
REC004739,TXN004739,reconciled,2026-07-23
REC004740,TXN004740,reconciled,2026-03-08
REC004741,TXN004741,pending,
REC004742,TXN004742,reconciled,2025-11-24
REC004743,TXN004743,reconciled,2025-10-28
REC004744,TXN004744,reconciled,2025-10-13
REC004745,TXN004745,reconciled,2026-02-17
REC004746,TXN004746,reconciled,2025-12-06
REC004747,TXN004747,reconciled,2026-02-18
REC004748,TXN004748,reconciled,2026-04-27
REC004749,TXN004749,reconciled,2025-08-08
REC004750,TXN004750,reconciled,2026-07-21
REC004751,TXN004751,reconciled,2025-08-22
REC004752,TXN004752,reconciled,2025-10-18
REC004753,TXN004753,pending,
REC004754,TXN004754,reconciled,2025-10-21
REC004755,TXN004755,reconciled,2026-04-19
REC004756,TXN004756,reconciled,2026-03-02
REC004757,TXN004757,reconciled,2025-09-14
REC004758,TXN004758,reconciled,2026-04-13
REC004759,TXN004759,unreconciled,
REC004760,TXN004760,reconciled,2025-12-27
REC004761,TXN004761,reconciled,2026-02-02
REC004762,TXN004762,reconciled,2025-09-06
REC004763,TXN004763,reconciled,2026-08-09
REC004764,TXN004764,reconciled,2025-11-03
REC004765,TXN004765,unreconciled,
REC004766,TXN004766,pending,
REC004767,TXN004767,reconciled,2026-07-01
REC004768,TXN004768,reconciled,2026-01-30
REC004769,TXN004769,reconciled,2026-04-19
REC004770,TXN004770,reconciled,2026-09-16
REC004771,TXN004771,reconciled,2026-08-07
REC004772,TXN004772,reconciled,2026-04-01
REC004773,TXN004773,reconciled,2025-11-16
REC004774,TXN004774,reconciled,2025-11-06
REC004775,TXN004775,reconciled,2026-05-18
REC004776,TXN004776,unreconciled,
REC004777,TXN004777,reconciled,2025-08-23
REC004778,TXN004778,reconciled,2025-10-02
REC004779,TXN004779,unreconciled,
REC004780,TXN004780,unreconciled,
REC004781,TXN004781,reconciled,2026-07-26
REC004782,TXN004782,reconciled,2025-08-19
REC004783,TXN004783,reconciled,2026-06-15
REC004784,TXN004784,reconciled,2026-08-10
REC004785,TXN004785,reconciled,2026-08-01
REC004786,TXN004786,reconciled,2025-12-07
REC004787,TXN004787,reconciled,2026-03-15
REC004788,TXN004788,pending,
REC004789,TXN004789,reconciled,2026-04-28
REC004790,TXN004790,unreconciled,
REC004791,TXN004791,reconciled,2025-10-29
REC004792,TXN004792,reconciled,2025-12-17
REC004793,TXN004793,unreconciled,
REC004794,TXN004794,reconciled,2025-11-25
REC004795,TXN004795,pending,
REC004796,TXN004796,unreconciled,
REC004797,TXN004797,reconciled,2026-07-25
REC004798,TXN004798,reconciled,2026-07-27
REC004799,TXN004799,reconciled,2026-08-22
REC004800,TXN004800,reconciled,2026-08-07
REC004801,TXN004801,reconciled,2025-09-24
REC004802,TXN004802,unreconciled,
REC004803,TXN004803,reconciled,2025-12-24
REC004804,TXN004804,pending,
REC004805,TXN004805,reconciled,2026-01-18
REC004806,TXN004806,unreconciled,
REC004807,TXN004807,reconciled,2026-03-25
REC004808,TXN004808,reconciled,2025-08-17
REC004809,TXN004809,reconciled,2026-02-09
REC004810,TXN004810,pending,
REC004811,TXN004811,reconciled,2026-05-29
REC004812,TXN004812,unreconciled,
REC004813,TXN004813,reconciled,2026-08-11
REC004814,TXN004814,unreconciled,
REC004815,TXN004815,pending,
REC004816,TXN004816,reconciled,2026-02-25
REC004817,TXN004817,pending,
REC004818,TXN004818,unreconciled,
REC004819,TXN004819,reconciled,2026-04-17
REC004820,TXN004820,reconciled,2026-06-10
REC004821,TXN004821,pending,
REC004822,TXN004822,unreconciled,
REC004823,TXN004823,pending,
REC004824,TXN004824,reconciled,2026-09-04
REC004825,TXN004825,pending,
REC004826,TXN004826,unreconciled,
REC004827,TXN004827,unreconciled,
REC004828,TXN004828,reconciled,2025-10-30
REC004829,TXN004829,reconciled,2026-06-29
REC004830,TXN004830,reconciled,2026-03-04
REC004831,TXN004831,pending,
REC004832,TXN004832,reconciled,2026-02-13
REC004833,TXN004833,reconciled,2026-08-08
REC004834,TXN004834,unreconciled,
REC004835,TXN004835,reconciled,2025-12-12
REC004836,TXN004836,reconciled,2025-09-26
REC004837,TXN004837,reconciled,2026-06-08
REC004838,TXN004838,reconciled,2026-01-20
REC004839,TXN004839,reconciled,2026-03-24
REC004840,TXN004840,unreconciled,
REC004841,TXN004841,unreconciled,
REC004842,TXN004842,reconciled,2026-06-29
REC004843,TXN004843,reconciled,2025-08-12
REC004844,TXN004844,reconciled,2025-11-09
REC004845,TXN004845,reconciled,2025-11-21
REC004846,TXN004846,reconciled,2026-07-08
REC004847,TXN004847,reconciled,2026-01-29
REC004848,TXN004848,unreconciled,
REC004849,TXN004849,reconciled,2026-06-15
REC004850,TXN004850,reconciled,2026-05-29
REC004851,TXN004851,reconciled,2026-04-03
REC004852,TXN004852,reconciled,2025-10-25
REC004853,TXN004853,unreconciled,
REC004854,TXN004854,reconciled,2026-06-01
REC004855,TXN004855,reconciled,2026-08-26
REC004856,TXN004856,reconciled,2026-04-26
REC004857,TXN004857,reconciled,2026-07-18
REC004858,TXN004858,reconciled,2026-05-31
REC004859,TXN004859,reconciled,2025-10-30
REC004860,TXN004860,unreconciled,
REC004861,TXN004861,reconciled,2025-12-19
REC004862,TXN004862,reconciled,2026-07-31
REC004863,TXN004863,unreconciled,
REC004864,TXN004864,reconciled,2026-05-14
REC004865,TXN004865,unreconciled,
REC004866,TXN004866,reconciled,2025-11-08
REC004867,TXN004867,unreconciled,
REC004868,TXN004868,reconciled,2026-07-08
REC004869,TXN004869,reconciled,2026-08-28
REC004870,TXN004870,reconciled,2026-05-12
REC004871,TXN004871,reconciled,2026-07-09
REC004872,TXN004872,unreconciled,
REC004873,TXN004873,pending,
REC004874,TXN004874,reconciled,2026-09-19
REC004875,TXN004875,unreconciled,
REC004876,TXN004876,reconciled,2026-07-23
REC004877,TXN004877,reconciled,2026-05-10
REC004878,TXN004878,reconciled,2026-08-20
REC004879,TXN004879,unreconciled,
REC004880,TXN004880,reconciled,2026-03-25
REC004881,TXN004881,reconciled,2025-10-17
REC004882,TXN004882,reconciled,2026-07-05
REC004883,TXN004883,reconciled,2026-08-11
REC004884,TXN004884,pending,
REC004885,TXN004885,unreconciled,
REC004886,TXN004886,unreconciled,
REC004887,TXN004887,reconciled,2026-01-03
REC004888,TXN004888,reconciled,2025-12-29
REC004889,TXN004889,reconciled,2026-06-16
REC004890,TXN004890,reconciled,2026-05-11
REC004891,TXN004891,reconciled,2025-08-31
REC004892,TXN004892,pending,
REC004893,TXN004893,reconciled,2025-11-26
REC004894,TXN004894,unreconciled,
REC004895,TXN004895,reconciled,2025-11-22
REC004896,TXN004896,unreconciled,
REC004897,TXN004897,reconciled,2025-10-19
REC004898,TXN004898,unreconciled,
REC004899,TXN004899,reconciled,2025-11-05
REC004900,TXN004900,reconciled,2025-11-17
REC004901,TXN004901,reconciled,2026-03-20
REC004902,TXN004902,pending,
REC004903,TXN004903,unreconciled,
REC004904,TXN004904,reconciled,2026-05-21
REC004905,TXN004905,reconciled,2025-09-18
REC004906,TXN004906,reconciled,2025-10-18
REC004907,TXN004907,unreconciled,
REC004908,TXN004908,reconciled,2026-01-23
REC004909,TXN004909,pending,
REC004910,TXN004910,reconciled,2026-01-05
REC004911,TXN004911,unreconciled,
REC004912,TXN004912,reconciled,2026-02-25
REC004913,TXN004913,pending,
REC004914,TXN004914,unreconciled,
REC004915,TXN004915,reconciled,2025-10-01
REC004916,TXN004916,reconciled,2026-04-25
REC004917,TXN004917,reconciled,2026-05-27
REC004918,TXN004918,reconciled,2025-10-06
REC004919,TXN004919,unreconciled,
REC004920,TXN004920,reconciled,2026-03-14
REC004921,TXN004921,reconciled,2026-03-25
REC004922,TXN004922,unreconciled,
REC004923,TXN004923,pending,
REC004924,TXN004924,unreconciled,
REC004925,TXN004925,reconciled,2026-04-23
REC004926,TXN004926,reconciled,2026-01-29
REC004927,TXN004927,unreconciled,
REC004928,TXN004928,unreconciled,
REC004929,TXN004929,reconciled,2026-01-09
REC004930,TXN004930,unreconciled,
REC004931,TXN004931,reconciled,2026-03-02
REC004932,TXN004932,reconciled,2026-01-01
REC004933,TXN004933,unreconciled,
REC004934,TXN004934,reconciled,2026-08-09
REC004935,TXN004935,pending,
REC004936,TXN004936,pending,
REC004937,TXN004937,reconciled,2026-08-12
REC004938,TXN004938,reconciled,2026-04-27
REC004939,TXN004939,unreconciled,
REC004940,TXN004940,reconciled,2026-02-19
REC004941,TXN004941,reconciled,2026-03-10
REC004942,TXN004942,pending,
REC004943,TXN004943,reconciled,2026-09-14
REC004944,TXN004944,pending,
REC004945,TXN004945,pending,
REC004946,TXN004946,reconciled,2025-12-01
REC004947,TXN004947,pending,
REC004948,TXN004948,reconciled,2026-08-01
REC004949,TXN004949,unreconciled,
REC004950,TXN004950,reconciled,2025-10-19
REC004951,TXN004951,pending,
REC004952,TXN004952,reconciled,2025-09-01
REC004953,TXN004953,reconciled,2026-05-24
REC004954,TXN004954,unreconciled,
REC004955,TXN004955,reconciled,2026-07-08
REC004956,TXN004956,reconciled,2025-09-19
REC004957,TXN004957,reconciled,2025-08-28
REC004958,TXN004958,reconciled,2026-03-03
REC004959,TXN004959,reconciled,2026-03-27
REC004960,TXN004960,reconciled,2025-12-16
REC004961,TXN004961,reconciled,2025-10-17
REC004962,TXN004962,unreconciled,
REC004963,TXN004963,reconciled,2026-05-13
REC004964,TXN004964,reconciled,2025-11-25
REC004965,TXN004965,unreconciled,
REC004966,TXN004966,reconciled,2026-03-21
REC004967,TXN004967,reconciled,2025-12-12
REC004968,TXN004968,reconciled,2026-01-14
REC004969,TXN004969,reconciled,2026-03-24
REC004970,TXN004970,unreconciled,
REC004971,TXN004971,reconciled,2026-03-28
REC004972,TXN004972,unreconciled,
REC004973,TXN004973,reconciled,2026-01-31
REC004974,TXN004974,reconciled,2025-12-07
REC004975,TXN004975,pending,
REC004976,TXN004976,reconciled,2026-02-14
REC004977,TXN004977,reconciled,2026-03-26
REC004978,TXN004978,reconciled,2025-11-02
REC004979,TXN004979,reconciled,2026-04-01
REC004980,TXN004980,reconciled,2025-10-21
REC004981,TXN004981,reconciled,2025-10-29
REC004982,TXN004982,reconciled,2026-07-25
REC004983,TXN004983,reconciled,2026-03-14
REC004984,TXN004984,reconciled,2026-03-19
REC004985,TXN004985,reconciled,2026-05-28
REC004986,TXN004986,reconciled,2025-08-11
REC004987,TXN004987,reconciled,2026-01-02
REC004988,TXN004988,unreconciled,
REC004989,TXN004989,reconciled,2026-03-17
REC004990,TXN004990,reconciled,2026-02-25
REC004991,TXN004991,reconciled,2025-09-26
REC004992,TXN004992,reconciled,2026-01-15
REC004993,TXN004993,reconciled,2026-04-23
REC004994,TXN004994,reconciled,2025-12-08
REC004995,TXN004995,pending,
REC004996,TXN004996,reconciled,2026-06-13
REC004997,TXN004997,reconciled,2026-06-23
REC004998,TXN004998,reconciled,2026-04-05
REC004999,TXN004999,reconciled,2025-11-25
REC005000,TXN005000,reconciled,2026-08-29
REC005001,TXN005001,pending,
REC005002,TXN005002,reconciled,2025-11-06
REC005003,TXN005003,reconciled,2025-11-18
REC005004,TXN005004,reconciled,2026-05-07
REC005005,TXN005005,reconciled,2026-06-17
REC005006,TXN005006,reconciled,2025-09-09
REC005007,TXN005007,reconciled,2025-12-13
REC005008,TXN005008,reconciled,2026-01-20
REC005009,TXN005009,reconciled,2026-02-16
REC005010,TXN005010,reconciled,2026-04-25
REC005011,TXN005011,reconciled,2026-07-18
REC005012,TXN005012,unreconciled,
REC005013,TXN005013,reconciled,2026-08-13
REC005014,TXN005014,reconciled,2025-12-09
REC005015,TXN005015,reconciled,2026-05-07
REC005016,TXN005016,unreconciled,
REC005017,TXN005017,reconciled,2026-09-12
REC005018,TXN005018,pending,
REC005019,TXN005019,pending,
REC005020,TXN005020,unreconciled,
REC005021,TXN005021,reconciled,2026-05-07
REC005022,TXN005022,reconciled,2026-01-07
REC005023,TXN005023,reconciled,2026-01-31
REC005024,TXN005024,reconciled,2026-04-04
REC005025,TXN005025,reconciled,2026-03-02
REC005026,TXN005026,reconciled,2026-07-16
REC005027,TXN005027,unreconciled,
REC005028,TXN005028,reconciled,2026-02-07
REC005029,TXN005029,reconciled,2026-07-09
REC005030,TXN005030,unreconciled,
REC005031,TXN005031,reconciled,2025-11-25
REC005032,TXN005032,reconciled,2026-04-24
REC005033,TXN005033,reconciled,2025-09-01
REC005034,TXN005034,reconciled,2026-04-14
REC005035,TXN005035,pending,
REC005036,TXN005036,reconciled,2026-08-20
REC005037,TXN005037,reconciled,2026-01-12
REC005038,TXN005038,unreconciled,
REC005039,TXN005039,reconciled,2026-03-24
REC005040,TXN005040,reconciled,2026-02-13
REC005041,TXN005041,reconciled,2026-06-17
REC005042,TXN005042,reconciled,2026-05-03
REC005043,TXN005043,reconciled,2026-02-18
REC005044,TXN005044,pending,
REC005045,TXN005045,unreconciled,
REC005046,TXN005046,unreconciled,
REC005047,TXN005047,reconciled,2026-06-05
REC005048,TXN005048,reconciled,2026-01-19
REC005049,TXN005049,reconciled,2025-10-24
REC005050,TXN005050,reconciled,2026-02-27
REC005051,TXN005051,pending,
REC005052,TXN005052,reconciled,2025-08-31
REC005053,TXN005053,reconciled,2026-05-10
REC005054,TXN005054,reconciled,2026-06-19
REC005055,TXN005055,reconciled,2026-05-06
REC005056,TXN005056,reconciled,2026-02-10
REC005057,TXN005057,reconciled,2025-11-23
REC005058,TXN005058,reconciled,2026-02-05
REC005059,TXN005059,unreconciled,
REC005060,TXN005060,reconciled,2026-06-30
REC005061,TXN005061,reconciled,2026-03-23
REC005062,TXN005062,reconciled,2026-08-26
REC005063,TXN005063,unreconciled,
REC005064,TXN005064,reconciled,2026-06-29
REC005065,TXN005065,pending,
REC005066,TXN005066,reconciled,2026-03-02
REC005067,TXN005067,unreconciled,
REC005068,TXN005068,reconciled,2026-06-29
REC005069,TXN005069,reconciled,2026-06-09
REC005070,TXN005070,reconciled,2026-03-10
REC005071,TXN005071,reconciled,2026-02-03
REC005072,TXN005072,reconciled,2026-06-20
REC005073,TXN005073,reconciled,2026-06-16
REC005074,TXN005074,reconciled,2025-10-31
REC005075,TXN005075,reconciled,2025-10-04
REC005076,TXN005076,reconciled,2026-08-23
REC005077,TXN005077,reconciled,2026-05-06
REC005078,TXN005078,reconciled,2026-07-29
REC005079,TXN005079,reconciled,2026-03-10
REC005080,TXN005080,reconciled,2026-07-24
REC005081,TXN005081,reconciled,2026-09-05
REC005082,TXN005082,reconciled,2026-04-20
REC005083,TXN005083,unreconciled,
REC005084,TXN005084,reconciled,2026-01-28
REC005085,TXN005085,reconciled,2026-05-08
REC005086,TXN005086,reconciled,2026-06-07
REC005087,TXN005087,reconciled,2026-03-01
REC005088,TXN005088,reconciled,2026-05-05
REC005089,TXN005089,reconciled,2025-11-12
REC005090,TXN005090,reconciled,2025-12-13
REC005091,TXN005091,reconciled,2026-02-16
REC005092,TXN005092,reconciled,2026-08-05
REC005093,TXN005093,reconciled,2026-06-26
REC005094,TXN005094,reconciled,2026-09-08
REC005095,TXN005095,reconciled,2025-12-04
REC005096,TXN005096,reconciled,2026-06-22
REC005097,TXN005097,reconciled,2026-06-15
REC005098,TXN005098,reconciled,2026-06-30
REC005099,TXN005099,unreconciled,
REC005100,TXN005100,reconciled,2026-04-07
REC005101,TXN005101,reconciled,2026-02-02
REC005102,TXN005102,reconciled,2025-12-30
REC005103,TXN005103,reconciled,2026-06-02
REC005104,TXN005104,reconciled,2025-11-12
REC005105,TXN005105,reconciled,2026-03-16
REC005106,TXN005106,reconciled,2025-11-20
REC005107,TXN005107,reconciled,2026-05-16
REC005108,TXN005108,reconciled,2026-06-01
REC005109,TXN005109,reconciled,2025-10-08
REC005110,TXN005110,reconciled,2026-03-06
REC005111,TXN005111,reconciled,2026-08-04
REC005112,TXN005112,reconciled,2026-04-26
REC005113,TXN005113,unreconciled,
REC005114,TXN005114,reconciled,2026-05-03
REC005115,TXN005115,reconciled,2025-10-26
REC005116,TXN005116,reconciled,2026-05-19
REC005117,TXN005117,reconciled,2026-07-04
REC005118,TXN005118,reconciled,2025-11-30
REC005119,TXN005119,reconciled,2026-05-20
REC005120,TXN005120,reconciled,2026-05-15
REC005121,TXN005121,reconciled,2025-10-29
REC005122,TXN005122,reconciled,2026-06-07
REC005123,TXN005123,unreconciled,
REC005124,TXN005124,pending,
REC005125,TXN005125,reconciled,2025-10-03
REC005126,TXN005126,reconciled,2025-09-20
REC005127,TXN005127,reconciled,2025-11-11
REC005128,TXN005128,reconciled,2026-04-28
REC005129,TXN005129,pending,
REC005130,TXN005130,reconciled,2025-12-27
REC005131,TXN005131,pending,
REC005132,TXN005132,reconciled,2026-07-14
REC005133,TXN005133,reconciled,2026-01-24
REC005134,TXN005134,reconciled,2025-10-03
REC005135,TXN005135,reconciled,2025-12-24
REC005136,TXN005136,pending,
REC005137,TXN005137,reconciled,2026-08-31
REC005138,TXN005138,reconciled,2026-06-28
REC005139,TXN005139,reconciled,2025-11-16
REC005140,TXN005140,reconciled,2026-08-15
REC005141,TXN005141,reconciled,2026-08-02
REC005142,TXN005142,reconciled,2026-08-12
REC005143,TXN005143,reconciled,2026-05-06
REC005144,TXN005144,reconciled,2026-01-19
REC005145,TXN005145,pending,
REC005146,TXN005146,reconciled,2025-11-03
REC005147,TXN005147,reconciled,2026-05-15
REC005148,TXN005148,reconciled,2026-02-10
REC005149,TXN005149,unreconciled,
REC005150,TXN005150,reconciled,2026-04-29
REC005151,TXN005151,unreconciled,
REC005152,TXN005152,reconciled,2026-06-25
REC005153,TXN005153,reconciled,2026-02-11
REC005154,TXN005154,reconciled,2026-04-23
REC005155,TXN005155,unreconciled,
REC005156,TXN005156,reconciled,2025-10-25
REC005157,TXN005157,unreconciled,
REC005158,TXN005158,unreconciled,
REC005159,TXN005159,reconciled,2026-04-08
REC005160,TXN005160,unreconciled,
REC005161,TXN005161,unreconciled,
REC005162,TXN005162,pending,
REC005163,TXN005163,reconciled,2026-08-05
REC005164,TXN005164,reconciled,2026-07-03
REC005165,TXN005165,reconciled,2026-07-26
REC005166,TXN005166,reconciled,2025-08-17
REC005167,TXN005167,reconciled,2026-08-21
REC005168,TXN005168,reconciled,2026-07-18
REC005169,TXN005169,reconciled,2026-01-12
REC005170,TXN005170,unreconciled,
REC005171,TXN005171,unreconciled,
REC005172,TXN005172,reconciled,2026-04-28
REC005173,TXN005173,reconciled,2026-07-25
REC005174,TXN005174,pending,
REC005175,TXN005175,unreconciled,
REC005176,TXN005176,reconciled,2026-02-16
REC005177,TXN005177,reconciled,2026-03-03
REC005178,TXN005178,reconciled,2025-12-23
REC005179,TXN005179,reconciled,2025-10-25
REC005180,TXN005180,reconciled,2026-05-31
REC005181,TXN005181,reconciled,2026-07-31
REC005182,TXN005182,reconciled,2026-01-02
REC005183,TXN005183,reconciled,2026-04-10
REC005184,TXN005184,reconciled,2026-08-26
REC005185,TXN005185,reconciled,2026-07-09
REC005186,TXN005186,reconciled,2026-01-10
REC005187,TXN005187,reconciled,2026-07-31
REC005188,TXN005188,reconciled,2025-11-24
REC005189,TXN005189,unreconciled,
REC005190,TXN005190,reconciled,2026-06-01
REC005191,TXN005191,reconciled,2026-08-17
REC005192,TXN005192,unreconciled,
REC005193,TXN005193,reconciled,2026-05-04
REC005194,TXN005194,reconciled,2026-04-09
REC005195,TXN005195,unreconciled,
REC005196,TXN005196,reconciled,2025-10-08
REC005197,TXN005197,pending,
REC005198,TXN005198,reconciled,2026-04-12
REC005199,TXN005199,reconciled,2025-11-17
REC005200,TXN005200,reconciled,2026-07-23
REC005201,TXN005201,reconciled,2025-12-14
REC005202,TXN005202,reconciled,2026-07-08
REC005203,TXN005203,reconciled,2026-05-31
REC005204,TXN005204,reconciled,2025-12-22
REC005205,TXN005205,reconciled,2026-06-26
REC005206,TXN005206,reconciled,2025-09-14
REC005207,TXN005207,unreconciled,
REC005208,TXN005208,reconciled,2025-10-31
REC005209,TXN005209,reconciled,2026-04-20
REC005210,TXN005210,reconciled,2026-01-05
REC005211,TXN005211,reconciled,2026-08-21
REC005212,TXN005212,reconciled,2026-05-05
REC005213,TXN005213,unreconciled,
REC005214,TXN005214,pending,
REC005215,TXN005215,reconciled,2025-10-22
REC005216,TXN005216,reconciled,2026-04-18
REC005217,TXN005217,unreconciled,
REC005218,TXN005218,pending,
REC005219,TXN005219,reconciled,2026-03-20
REC005220,TXN005220,reconciled,2025-11-06
REC005221,TXN005221,reconciled,2026-08-15
REC005222,TXN005222,reconciled,2025-10-25
REC005223,TXN005223,unreconciled,
REC005224,TXN005224,reconciled,2026-05-27
REC005225,TXN005225,reconciled,2026-07-07
REC005226,TXN005226,reconciled,2026-08-13
REC005227,TXN005227,unreconciled,
REC005228,TXN005228,reconciled,2025-08-20
REC005229,TXN005229,reconciled,2026-06-25
REC005230,TXN005230,reconciled,2026-05-28
REC005231,TXN005231,unreconciled,
REC005232,TXN005232,pending,
REC005233,TXN005233,reconciled,2026-03-20
REC005234,TXN005234,pending,
REC005235,TXN005235,unreconciled,
REC005236,TXN005236,pending,
REC005237,TXN005237,pending,
REC005238,TXN005238,unreconciled,
REC005239,TXN005239,reconciled,2026-05-06
REC005240,TXN005240,reconciled,2026-02-21
REC005241,TXN005241,reconciled,2025-09-26
REC005242,TXN005242,reconciled,2026-07-31
REC005243,TXN005243,reconciled,2026-01-14
REC005244,TXN005244,reconciled,2026-02-24
REC005245,TXN005245,unreconciled,
REC005246,TXN005246,reconciled,2026-06-24
REC005247,TXN005247,reconciled,2025-09-22
REC005248,TXN005248,reconciled,2026-01-19
REC005249,TXN005249,reconciled,2026-06-18
REC005250,TXN005250,reconciled,2026-03-04
REC005251,TXN005251,unreconciled,
REC005252,TXN005252,reconciled,2026-06-02
REC005253,TXN005253,pending,
REC005254,TXN005254,reconciled,2025-11-23
REC005255,TXN005255,pending,
REC005256,TXN005256,reconciled,2025-11-19
REC005257,TXN005257,reconciled,2025-09-16
REC005258,TXN005258,reconciled,2026-05-25
REC005259,TXN005259,reconciled,2025-09-11
REC005260,TXN005260,reconciled,2026-06-01
REC005261,TXN005261,reconciled,2026-04-06
REC005262,TXN005262,reconciled,2025-10-01
REC005263,TXN005263,reconciled,2026-02-02
REC005264,TXN005264,unreconciled,
REC005265,TXN005265,reconciled,2025-11-23
REC005266,TXN005266,reconciled,2025-11-03
REC005267,TXN005267,reconciled,2026-02-20
REC005268,TXN005268,reconciled,2026-03-28
REC005269,TXN005269,unreconciled,
REC005270,TXN005270,reconciled,2026-01-09
REC005271,TXN005271,reconciled,2025-10-26
REC005272,TXN005272,reconciled,2026-01-23
REC005273,TXN005273,unreconciled,
REC005274,TXN005274,reconciled,2025-11-21
REC005275,TXN005275,unreconciled,
REC005276,TXN005276,reconciled,2026-06-03
REC005277,TXN005277,reconciled,2026-04-26
REC005278,TXN005278,reconciled,2025-12-19
REC005279,TXN005279,reconciled,2026-02-25
REC005280,TXN005280,reconciled,2025-12-25
REC005281,TXN005281,unreconciled,
REC005282,TXN005282,reconciled,2026-05-28
REC005283,TXN005283,pending,
REC005284,TXN005284,reconciled,2026-01-11
REC005285,TXN005285,reconciled,2026-01-25
REC005286,TXN005286,reconciled,2025-10-01
REC005287,TXN005287,unreconciled,
REC005288,TXN005288,reconciled,2025-08-14
REC005289,TXN005289,reconciled,2026-06-18
REC005290,TXN005290,reconciled,2026-05-13
REC005291,TXN005291,reconciled,2025-12-22
REC005292,TXN005292,reconciled,2025-11-19
REC005293,TXN005293,reconciled,2026-01-11
REC005294,TXN005294,reconciled,2026-05-29
REC005295,TXN005295,reconciled,2026-05-15
REC005296,TXN005296,reconciled,2026-09-06
REC005297,TXN005297,reconciled,2025-10-17
REC005298,TXN005298,reconciled,2026-06-03
REC005299,TXN005299,reconciled,2026-06-14
REC005300,TXN005300,reconciled,2025-10-21
REC005301,TXN005301,pending,
REC005302,TXN005302,reconciled,2025-10-11
REC005303,TXN005303,reconciled,2026-05-16
REC005304,TXN005304,pending,
REC005305,TXN005305,reconciled,2025-10-26
REC005306,TXN005306,reconciled,2026-07-27
REC005307,TXN005307,unreconciled,
REC005308,TXN005308,reconciled,2025-11-20
REC005309,TXN005309,pending,
REC005310,TXN005310,reconciled,2026-06-17
REC005311,TXN005311,reconciled,2025-08-21
REC005312,TXN005312,pending,
REC005313,TXN005313,reconciled,2026-03-06
REC005314,TXN005314,reconciled,2026-05-10
REC005315,TXN005315,reconciled,2026-04-25
REC005316,TXN005316,reconciled,2026-04-29
REC005317,TXN005317,reconciled,2026-05-31
REC005318,TXN005318,reconciled,2026-08-11
REC005319,TXN005319,reconciled,2025-11-10
REC005320,TXN005320,unreconciled,
REC005321,TXN005321,pending,
REC005322,TXN005322,unreconciled,
REC005323,TXN005323,reconciled,2025-09-02
REC005324,TXN005324,pending,
REC005325,TXN005325,reconciled,2025-11-08
REC005326,TXN005326,reconciled,2025-12-01
REC005327,TXN005327,unreconciled,
REC005328,TXN005328,unreconciled,
REC005329,TXN005329,pending,
REC005330,TXN005330,reconciled,2026-08-27
REC005331,TXN005331,reconciled,2025-10-16
REC005332,TXN005332,reconciled,2026-03-29
REC005333,TXN005333,reconciled,2026-03-01
REC005334,TXN005334,reconciled,2026-02-28
REC005335,TXN005335,reconciled,2026-02-10
REC005336,TXN005336,unreconciled,
REC005337,TXN005337,reconciled,2025-11-14
REC005338,TXN005338,reconciled,2026-04-20
REC005339,TXN005339,reconciled,2025-08-28
REC005340,TXN005340,pending,
REC005341,TXN005341,reconciled,2026-07-27
REC005342,TXN005342,reconciled,2026-03-07
REC005343,TXN005343,unreconciled,
REC005344,TXN005344,reconciled,2025-12-09
REC005345,TXN005345,reconciled,2026-03-17
REC005346,TXN005346,reconciled,2025-12-27
REC005347,TXN005347,reconciled,2026-07-28
REC005348,TXN005348,reconciled,2026-04-29
REC005349,TXN005349,reconciled,2026-08-06
REC005350,TXN005350,reconciled,2026-03-21
REC005351,TXN005351,reconciled,2026-01-06
REC005352,TXN005352,reconciled,2026-04-03
REC005353,TXN005353,reconciled,2026-07-01
REC005354,TXN005354,reconciled,2026-03-23
REC005355,TXN005355,reconciled,2026-06-26
REC005356,TXN005356,reconciled,2026-02-17
REC005357,TXN005357,reconciled,2025-12-14
REC005358,TXN005358,reconciled,2025-09-11
REC005359,TXN005359,unreconciled,
REC005360,TXN005360,reconciled,2025-10-20
REC005361,TXN005361,unreconciled,
REC005362,TXN005362,unreconciled,
REC005363,TXN005363,reconciled,2026-06-02
REC005364,TXN005364,reconciled,2026-09-09
REC005365,TXN005365,reconciled,2025-12-08
REC005366,TXN005366,reconciled,2026-06-21
REC005367,TXN005367,reconciled,2026-02-27
REC005368,TXN005368,reconciled,2026-08-04
REC005369,TXN005369,reconciled,2026-01-31
REC005370,TXN005370,reconciled,2026-08-26
REC005371,TXN005371,reconciled,2025-09-03
REC005372,TXN005372,reconciled,2026-06-28
REC005373,TXN005373,reconciled,2025-09-25
REC005374,TXN005374,unreconciled,
REC005375,TXN005375,unreconciled,
REC005376,TXN005376,reconciled,2026-08-25
REC005377,TXN005377,pending,
REC005378,TXN005378,reconciled,2026-02-27
REC005379,TXN005379,reconciled,2026-07-02
REC005380,TXN005380,reconciled,2025-08-28
REC005381,TXN005381,reconciled,2026-01-15
REC005382,TXN005382,reconciled,2026-09-02
REC005383,TXN005383,reconciled,2026-08-13
REC005384,TXN005384,unreconciled,
REC005385,TXN005385,reconciled,2025-12-30
REC005386,TXN005386,reconciled,2026-03-29
REC005387,TXN005387,reconciled,2026-04-29
REC005388,TXN005388,pending,
REC005389,TXN005389,reconciled,2026-04-03
REC005390,TXN005390,pending,
REC005391,TXN005391,pending,
REC005392,TXN005392,reconciled,2026-05-09
REC005393,TXN005393,reconciled,2026-05-14
REC005394,TXN005394,reconciled,2026-08-28
REC005395,TXN005395,reconciled,2026-01-07
REC005396,TXN005396,reconciled,2026-03-11
REC005397,TXN005397,reconciled,2026-07-30
REC005398,TXN005398,pending,
REC005399,TXN005399,reconciled,2025-11-16
REC005400,TXN005400,reconciled,2025-11-13
REC005401,TXN005401,unreconciled,
REC005402,TXN005402,reconciled,2025-11-10
REC005403,TXN005403,reconciled,2025-11-18
REC005404,TXN005404,reconciled,2025-11-29
REC005405,TXN005405,pending,
REC005406,TXN005406,reconciled,2026-08-04
REC005407,TXN005407,reconciled,2026-03-28
REC005408,TXN005408,unreconciled,
REC005409,TXN005409,unreconciled,
REC005410,TXN005410,reconciled,2025-12-28
REC005411,TXN005411,reconciled,2026-09-02
REC005412,TXN005412,reconciled,2026-01-01
REC005413,TXN005413,reconciled,2026-07-10
REC005414,TXN005414,unreconciled,
REC005415,TXN005415,reconciled,2026-08-31
REC005416,TXN005416,reconciled,2026-05-27
REC005417,TXN005417,reconciled,2025-11-24
REC005418,TXN005418,reconciled,2025-12-07
REC005419,TXN005419,unreconciled,
REC005420,TXN005420,pending,
REC005421,TXN005421,reconciled,2026-03-27
REC005422,TXN005422,reconciled,2025-10-24
REC005423,TXN005423,reconciled,2026-02-01
REC005424,TXN005424,reconciled,2026-09-03
REC005425,TXN005425,unreconciled,
REC005426,TXN005426,reconciled,2025-09-28
REC005427,TXN005427,reconciled,2025-11-08
REC005428,TXN005428,reconciled,2025-09-14
REC005429,TXN005429,reconciled,2026-06-11
REC005430,TXN005430,reconciled,2026-05-05
REC005431,TXN005431,pending,
REC005432,TXN005432,pending,
REC005433,TXN005433,unreconciled,
REC005434,TXN005434,reconciled,2026-07-26
REC005435,TXN005435,unreconciled,
REC005436,TXN005436,reconciled,2026-03-29
REC005437,TXN005437,reconciled,2026-04-13
REC005438,TXN005438,reconciled,2025-08-19
REC005439,TXN005439,unreconciled,
REC005440,TXN005440,reconciled,2025-12-31
REC005441,TXN005441,reconciled,2026-03-04
REC005442,TXN005442,unreconciled,
REC005443,TXN005443,unreconciled,
REC005444,TXN005444,reconciled,2026-07-26
REC005445,TXN005445,reconciled,2026-03-29
REC005446,TXN005446,reconciled,2025-10-30
REC005447,TXN005447,reconciled,2026-04-20
REC005448,TXN005448,unreconciled,
REC005449,TXN005449,unreconciled,
REC005450,TXN005450,reconciled,2025-09-25
REC005451,TXN005451,reconciled,2026-07-05
REC005452,TXN005452,unreconciled,
REC005453,TXN005453,reconciled,2026-06-06
REC005454,TXN005454,pending,
REC005455,TXN005455,reconciled,2026-08-02
REC005456,TXN005456,pending,
REC005457,TXN005457,unreconciled,
REC005458,TXN005458,unreconciled,
REC005459,TXN005459,reconciled,2025-08-18
REC005460,TXN005460,unreconciled,
REC005461,TXN005461,reconciled,2026-07-04
REC005462,TXN005462,reconciled,2026-06-28
REC005463,TXN005463,pending,
REC005464,TXN005464,reconciled,2026-05-21
REC005465,TXN005465,reconciled,2026-01-20
REC005466,TXN005466,pending,
REC005467,TXN005467,reconciled,2026-07-31
REC005468,TXN005468,reconciled,2025-12-29
REC005469,TXN005469,reconciled,2026-08-19
REC005470,TXN005470,reconciled,2026-06-23
REC005471,TXN005471,reconciled,2026-07-14
REC005472,TXN005472,reconciled,2026-01-31
REC005473,TXN005473,reconciled,2026-06-21
REC005474,TXN005474,reconciled,2025-10-04
REC005475,TXN005475,reconciled,2025-10-01
REC005476,TXN005476,unreconciled,
REC005477,TXN005477,reconciled,2025-12-06
REC005478,TXN005478,reconciled,2026-02-12
REC005479,TXN005479,reconciled,2025-11-13
REC005480,TXN005480,reconciled,2026-05-18
REC005481,TXN005481,pending,
REC005482,TXN005482,reconciled,2025-11-16
REC005483,TXN005483,reconciled,2025-12-03
REC005484,TXN005484,pending,
REC005485,TXN005485,pending,
REC005486,TXN005486,reconciled,2026-08-11
REC005487,TXN005487,reconciled,2026-02-17
REC005488,TXN005488,reconciled,2025-11-28
REC005489,TXN005489,reconciled,2026-01-21
REC005490,TXN005490,reconciled,2026-09-09
REC005491,TXN005491,reconciled,2026-01-09
REC005492,TXN005492,unreconciled,
REC005493,TXN005493,reconciled,2026-08-15
REC005494,TXN005494,reconciled,2025-11-15
REC005495,TXN005495,reconciled,2026-07-01
REC005496,TXN005496,reconciled,2026-03-29
REC005497,TXN005497,reconciled,2026-08-25
REC005498,TXN005498,reconciled,2026-04-06
REC005499,TXN005499,reconciled,2026-09-11
REC005500,TXN005500,reconciled,2025-08-29
REC005501,TXN005501,pending,
REC005502,TXN005502,reconciled,2025-12-19
REC005503,TXN005503,unreconciled,
REC005504,TXN005504,unreconciled,
REC005505,TXN005505,reconciled,2026-07-11
REC005506,TXN005506,reconciled,2026-04-19
REC005507,TXN005507,reconciled,2026-04-30
REC005508,TXN005508,unreconciled,
REC005509,TXN005509,unreconciled,
REC005510,TXN005510,reconciled,2025-09-13
REC005511,TXN005511,reconciled,2026-02-22
REC005512,TXN005512,reconciled,2025-09-21
REC005513,TXN005513,reconciled,2026-02-18
REC005514,TXN005514,reconciled,2025-10-21
REC005515,TXN005515,reconciled,2025-10-30
REC005516,TXN005516,reconciled,2025-10-16
REC005517,TXN005517,pending,
REC005518,TXN005518,reconciled,2026-08-22
REC005519,TXN005519,reconciled,2026-05-02
REC005520,TXN005520,reconciled,2025-10-23
REC005521,TXN005521,reconciled,2025-11-06
REC005522,TXN005522,reconciled,2025-12-14
REC005523,TXN005523,unreconciled,
REC005524,TXN005524,reconciled,2025-08-25
REC005525,TXN005525,reconciled,2025-11-21
REC005526,TXN005526,unreconciled,
REC005527,TXN005527,reconciled,2025-10-12
REC005528,TXN005528,reconciled,2025-11-23
REC005529,TXN005529,unreconciled,
REC005530,TXN005530,reconciled,2026-02-02
REC005531,TXN005531,pending,
REC005532,TXN005532,pending,
REC005533,TXN005533,unreconciled,
REC005534,TXN005534,unreconciled,
REC005535,TXN005535,reconciled,2026-07-04
REC005536,TXN005536,reconciled,2026-04-22
REC005537,TXN005537,reconciled,2026-07-12
REC005538,TXN005538,reconciled,2026-05-22
REC005539,TXN005539,unreconciled,
REC005540,TXN005540,reconciled,2026-05-24
REC005541,TXN005541,unreconciled,
REC005542,TXN005542,reconciled,2025-11-24
REC005543,TXN005543,reconciled,2026-01-28
REC005544,TXN005544,pending,
REC005545,TXN005545,reconciled,2025-12-14
REC005546,TXN005546,reconciled,2025-09-30
REC005547,TXN005547,reconciled,2025-12-19
REC005548,TXN005548,reconciled,2026-03-01
REC005549,TXN005549,reconciled,2026-04-05
REC005550,TXN005550,reconciled,2026-06-04
REC005551,TXN005551,reconciled,2025-10-16
REC005552,TXN005552,reconciled,2026-06-28
REC005553,TXN005553,reconciled,2025-10-14
REC005554,TXN005554,reconciled,2026-07-12
REC005555,TXN005555,pending,
REC005556,TXN005556,reconciled,2026-06-27
REC005557,TXN005557,reconciled,2026-07-03
REC005558,TXN005558,reconciled,2026-07-27
REC005559,TXN005559,reconciled,2026-03-10
REC005560,TXN005560,reconciled,2025-10-02
REC005561,TXN005561,reconciled,2026-06-23
REC005562,TXN005562,reconciled,2026-04-11
REC005563,TXN005563,unreconciled,
REC005564,TXN005564,reconciled,2025-08-21
REC005565,TXN005565,reconciled,2026-05-28
REC005566,TXN005566,reconciled,2025-10-22
REC005567,TXN005567,reconciled,2025-12-09
REC005568,TXN005568,unreconciled,
REC005569,TXN005569,reconciled,2026-09-13
REC005570,TXN005570,reconciled,2025-12-04
REC005571,TXN005571,reconciled,2025-10-24
REC005572,TXN005572,reconciled,2025-09-11
REC005573,TXN005573,reconciled,2026-06-27
REC005574,TXN005574,unreconciled,
REC005575,TXN005575,reconciled,2026-04-28
REC005576,TXN005576,reconciled,2026-05-31
REC005577,TXN005577,reconciled,2025-10-03
REC005578,TXN005578,unreconciled,
REC005579,TXN005579,unreconciled,
REC005580,TXN005580,reconciled,2026-02-03
REC005581,TXN005581,unreconciled,
REC005582,TXN005582,unreconciled,
REC005583,TXN005583,reconciled,2025-08-11
REC005584,TXN005584,pending,
REC005585,TXN005585,reconciled,2025-09-01
REC005586,TXN005586,reconciled,2025-08-24
REC005587,TXN005587,pending,
REC005588,TXN005588,unreconciled,
REC005589,TXN005589,reconciled,2026-08-26
REC005590,TXN005590,unreconciled,
REC005591,TXN005591,reconciled,2025-09-07
REC005592,TXN005592,reconciled,2026-04-03
REC005593,TXN005593,reconciled,2026-04-30
REC005594,TXN005594,reconciled,2026-04-06
REC005595,TXN005595,unreconciled,
REC005596,TXN005596,pending,
REC005597,TXN005597,reconciled,2026-03-23
REC005598,TXN005598,unreconciled,
REC005599,TXN005599,reconciled,2026-07-04
REC005600,TXN005600,unreconciled,
REC005601,TXN005601,reconciled,2026-03-16
REC005602,TXN005602,unreconciled,
REC005603,TXN005603,reconciled,2026-07-28
REC005604,TXN005604,reconciled,2026-04-13
REC005605,TXN005605,reconciled,2026-08-13
REC005606,TXN005606,pending,
REC005607,TXN005607,reconciled,2026-01-23
REC005608,TXN005608,reconciled,2026-06-13
REC005609,TXN005609,unreconciled,
REC005610,TXN005610,reconciled,2026-09-16
REC005611,TXN005611,reconciled,2026-08-17
REC005612,TXN005612,reconciled,2026-01-01
REC005613,TXN005613,reconciled,2026-04-30
REC005614,TXN005614,reconciled,2025-09-04
REC005615,TXN005615,reconciled,2026-02-02
REC005616,TXN005616,pending,
REC005617,TXN005617,reconciled,2025-12-21
REC005618,TXN005618,unreconciled,
REC005619,TXN005619,reconciled,2026-03-21
REC005620,TXN005620,reconciled,2025-09-04
REC005621,TXN005621,unreconciled,
REC005622,TXN005622,reconciled,2026-08-29
REC005623,TXN005623,unreconciled,
REC005624,TXN005624,reconciled,2026-06-15
REC005625,TXN005625,pending,
REC005626,TXN005626,reconciled,2025-10-01
REC005627,TXN005627,unreconciled,
REC005628,TXN005628,reconciled,2026-08-23
REC005629,TXN005629,reconciled,2026-06-13
REC005630,TXN005630,reconciled,2025-11-10
REC005631,TXN005631,reconciled,2026-06-26
REC005632,TXN005632,reconciled,2026-07-22
REC005633,TXN005633,reconciled,2026-02-19
REC005634,TXN005634,reconciled,2026-03-18
REC005635,TXN005635,pending,
REC005636,TXN005636,reconciled,2026-05-13
REC005637,TXN005637,unreconciled,
REC005638,TXN005638,reconciled,2026-07-14
REC005639,TXN005639,reconciled,2026-09-03
REC005640,TXN005640,reconciled,2026-04-22
REC005641,TXN005641,reconciled,2026-04-11
REC005642,TXN005642,unreconciled,
REC005643,TXN005643,unreconciled,
REC005644,TXN005644,reconciled,2026-05-23
REC005645,TXN005645,reconciled,2025-10-07
REC005646,TXN005646,pending,
REC005647,TXN005647,unreconciled,
REC005648,TXN005648,reconciled,2025-09-08
REC005649,TXN005649,reconciled,2026-05-09
REC005650,TXN005650,reconciled,2026-05-23
REC005651,TXN005651,reconciled,2026-03-25
REC005652,TXN005652,reconciled,2026-01-29
REC005653,TXN005653,unreconciled,
REC005654,TXN005654,unreconciled,
REC005655,TXN005655,reconciled,2026-01-13
REC005656,TXN005656,reconciled,2026-08-23
REC005657,TXN005657,reconciled,2026-02-03
REC005658,TXN005658,reconciled,2026-06-10
REC005659,TXN005659,reconciled,2025-11-20
REC005660,TXN005660,reconciled,2026-05-29
REC005661,TXN005661,unreconciled,
REC005662,TXN005662,reconciled,2025-09-14
REC005663,TXN005663,reconciled,2025-12-04
REC005664,TXN005664,reconciled,2026-08-17
REC005665,TXN005665,reconciled,2026-06-05
REC005666,TXN005666,reconciled,2026-05-14
REC005667,TXN005667,reconciled,2026-08-03
REC005668,TXN005668,pending,
REC005669,TXN005669,reconciled,2026-04-28
REC005670,TXN005670,reconciled,2026-01-10
REC005671,TXN005671,reconciled,2025-12-14
REC005672,TXN005672,reconciled,2026-03-03
REC005673,TXN005673,unreconciled,
REC005674,TXN005674,reconciled,2026-07-06
REC005675,TXN005675,reconciled,2025-11-30
REC005676,TXN005676,reconciled,2026-08-20
REC005677,TXN005677,reconciled,2025-08-29
REC005678,TXN005678,unreconciled,
REC005679,TXN005679,unreconciled,
REC005680,TXN005680,reconciled,2026-06-27
REC005681,TXN005681,reconciled,2026-09-12
REC005682,TXN005682,reconciled,2026-01-15
REC005683,TXN005683,reconciled,2025-11-11
REC005684,TXN005684,reconciled,2026-01-30
REC005685,TXN005685,reconciled,2026-02-11
REC005686,TXN005686,reconciled,2025-10-22
REC005687,TXN005687,reconciled,2026-08-13
REC005688,TXN005688,reconciled,2026-08-05
REC005689,TXN005689,reconciled,2025-12-12
REC005690,TXN005690,reconciled,2026-02-13
REC005691,TXN005691,reconciled,2026-02-03
REC005692,TXN005692,reconciled,2026-08-05
REC005693,TXN005693,reconciled,2026-07-04
REC005694,TXN005694,reconciled,2026-04-01
REC005695,TXN005695,pending,
REC005696,TXN005696,reconciled,2026-04-25
REC005697,TXN005697,reconciled,2026-09-05
REC005698,TXN005698,unreconciled,
REC005699,TXN005699,reconciled,2026-04-27
REC005700,TXN005700,reconciled,2026-07-15
REC005701,TXN005701,reconciled,2026-01-20
REC005702,TXN005702,pending,
REC005703,TXN005703,reconciled,2026-02-20
REC005704,TXN005704,pending,
REC005705,TXN005705,reconciled,2026-07-06
REC005706,TXN005706,unreconciled,
REC005707,TXN005707,reconciled,2025-10-14
REC005708,TXN005708,unreconciled,
REC005709,TXN005709,unreconciled,
REC005710,TXN005710,reconciled,2026-07-19
REC005711,TXN005711,unreconciled,
REC005712,TXN005712,unreconciled,
REC005713,TXN005713,reconciled,2026-03-04
REC005714,TXN005714,unreconciled,
REC005715,TXN005715,reconciled,2026-06-06
REC005716,TXN005716,pending,
REC005717,TXN005717,unreconciled,
REC005718,TXN005718,reconciled,2026-03-16
REC005719,TXN005719,reconciled,2025-11-17
REC005720,TXN005720,reconciled,2026-06-09
REC005721,TXN005721,reconciled,2026-01-19
REC005722,TXN005722,reconciled,2025-09-09
REC005723,TXN005723,reconciled,2025-12-21
REC005724,TXN005724,pending,
REC005725,TXN005725,reconciled,2026-04-05
REC005726,TXN005726,reconciled,2025-10-20
REC005727,TXN005727,pending,
REC005728,TXN005728,reconciled,2025-10-05
REC005729,TXN005729,unreconciled,
REC005730,TXN005730,reconciled,2026-07-16
REC005731,TXN005731,reconciled,2026-01-29
REC005732,TXN005732,unreconciled,
REC005733,TXN005733,pending,
REC005734,TXN005734,pending,
REC005735,TXN005735,reconciled,2025-10-30
REC005736,TXN005736,reconciled,2026-01-24
REC005737,TXN005737,reconciled,2026-05-30
REC005738,TXN005738,pending,
REC005739,TXN005739,reconciled,2026-07-02
REC005740,TXN005740,reconciled,2025-10-24
REC005741,TXN005741,reconciled,2025-11-18
REC005742,TXN005742,unreconciled,
REC005743,TXN005743,reconciled,2026-05-25
REC005744,TXN005744,reconciled,2026-02-10
REC005745,TXN005745,unreconciled,
REC005746,TXN005746,unreconciled,
REC005747,TXN005747,reconciled,2026-03-23
REC005748,TXN005748,reconciled,2026-08-03
REC005749,TXN005749,reconciled,2026-05-01
REC005750,TXN005750,reconciled,2025-10-03
REC005751,TXN005751,unreconciled,
REC005752,TXN005752,unreconciled,
REC005753,TXN005753,pending,
REC005754,TXN005754,reconciled,2025-10-04
REC005755,TXN005755,reconciled,2026-02-20
REC005756,TXN005756,reconciled,2025-10-16
REC005757,TXN005757,unreconciled,
REC005758,TXN005758,reconciled,2026-04-23
REC005759,TXN005759,unreconciled,
REC005760,TXN005760,reconciled,2025-08-21
REC005761,TXN005761,reconciled,2026-08-04
REC005762,TXN005762,reconciled,2026-04-22
REC005763,TXN005763,reconciled,2026-04-06
REC005764,TXN005764,pending,
REC005765,TXN005765,pending,
REC005766,TXN005766,reconciled,2026-01-22
REC005767,TXN005767,unreconciled,
REC005768,TXN005768,reconciled,2026-07-12
REC005769,TXN005769,reconciled,2026-04-11
REC005770,TXN005770,reconciled,2025-09-04
REC005771,TXN005771,reconciled,2026-08-26
REC005772,TXN005772,reconciled,2026-06-24
REC005773,TXN005773,reconciled,2025-10-04
REC005774,TXN005774,unreconciled,
REC005775,TXN005775,reconciled,2026-08-12
REC005776,TXN005776,reconciled,2025-12-14
REC005777,TXN005777,reconciled,2026-08-25
REC005778,TXN005778,reconciled,2026-08-13
REC005779,TXN005779,reconciled,2025-12-19
REC005780,TXN005780,reconciled,2026-03-09
REC005781,TXN005781,reconciled,2025-11-05
REC005782,TXN005782,reconciled,2026-05-05
REC005783,TXN005783,reconciled,2026-06-24
REC005784,TXN005784,reconciled,2026-08-29
REC005785,TXN005785,unreconciled,
REC005786,TXN005786,unreconciled,
REC005787,TXN005787,unreconciled,
REC005788,TXN005788,unreconciled,
REC005789,TXN005789,reconciled,2026-01-11
REC005790,TXN005790,reconciled,2026-01-17
REC005791,TXN005791,reconciled,2025-10-20
REC005792,TXN005792,reconciled,2025-11-06
REC005793,TXN005793,reconciled,2025-11-08
REC005794,TXN005794,unreconciled,
REC005795,TXN005795,reconciled,2026-02-18
REC005796,TXN005796,reconciled,2026-01-09
REC005797,TXN005797,reconciled,2026-06-03
REC005798,TXN005798,reconciled,2025-08-31
REC005799,TXN005799,reconciled,2026-04-23
REC005800,TXN005800,reconciled,2026-08-02
REC005801,TXN005801,reconciled,2025-09-01
REC005802,TXN005802,reconciled,2026-06-23
REC005803,TXN005803,reconciled,2026-09-09
REC005804,TXN005804,pending,
REC005805,TXN005805,reconciled,2026-09-10
REC005806,TXN005806,unreconciled,
REC005807,TXN005807,reconciled,2025-09-04
REC005808,TXN005808,reconciled,2026-02-16
REC005809,TXN005809,unreconciled,
REC005810,TXN005810,pending,
REC005811,TXN005811,unreconciled,
REC005812,TXN005812,unreconciled,
REC005813,TXN005813,reconciled,2026-01-15
REC005814,TXN005814,reconciled,2026-06-02
REC005815,TXN005815,reconciled,2026-08-04
REC005816,TXN005816,reconciled,2025-09-29
REC005817,TXN005817,reconciled,2026-07-16
REC005818,TXN005818,reconciled,2025-09-30
REC005819,TXN005819,reconciled,2026-06-20
REC005820,TXN005820,reconciled,2026-01-05
REC005821,TXN005821,unreconciled,
REC005822,TXN005822,reconciled,2026-08-26
REC005823,TXN005823,reconciled,2025-09-06
REC005824,TXN005824,unreconciled,
REC005825,TXN005825,reconciled,2026-01-09
REC005826,TXN005826,reconciled,2026-05-21
REC005827,TXN005827,unreconciled,
REC005828,TXN005828,reconciled,2026-06-29
REC005829,TXN005829,pending,
REC005830,TXN005830,reconciled,2026-01-05
REC005831,TXN005831,reconciled,2025-10-23
REC005832,TXN005832,unreconciled,
REC005833,TXN005833,reconciled,2026-02-06
REC005834,TXN005834,reconciled,2025-10-22
REC005835,TXN005835,reconciled,2026-06-08
REC005836,TXN005836,reconciled,2025-09-21
REC005837,TXN005837,reconciled,2026-01-14
REC005838,TXN005838,reconciled,2026-03-05
REC005839,TXN005839,reconciled,2026-06-17
REC005840,TXN005840,reconciled,2026-02-13
REC005841,TXN005841,reconciled,2026-02-06
REC005842,TXN005842,pending,
REC005843,TXN005843,unreconciled,
REC005844,TXN005844,reconciled,2025-11-21
REC005845,TXN005845,reconciled,2025-10-14
REC005846,TXN005846,reconciled,2026-01-01
REC005847,TXN005847,reconciled,2026-08-09
REC005848,TXN005848,reconciled,2026-05-13
REC005849,TXN005849,reconciled,2026-08-04
REC005850,TXN005850,reconciled,2026-08-26
REC005851,TXN005851,reconciled,2026-03-30
REC005852,TXN005852,reconciled,2025-11-23
REC005853,TXN005853,reconciled,2026-07-28
REC005854,TXN005854,reconciled,2025-10-26
REC005855,TXN005855,reconciled,2026-02-17
REC005856,TXN005856,reconciled,2026-08-18
REC005857,TXN005857,reconciled,2025-12-21
REC005858,TXN005858,unreconciled,
REC005859,TXN005859,reconciled,2026-04-11
REC005860,TXN005860,reconciled,2026-08-30
REC005861,TXN005861,pending,
REC005862,TXN005862,reconciled,2025-09-07
REC005863,TXN005863,reconciled,2026-02-12
REC005864,TXN005864,reconciled,2026-07-06
REC005865,TXN005865,reconciled,2025-09-30
REC005866,TXN005866,reconciled,2026-03-12
REC005867,TXN005867,pending,
REC005868,TXN005868,reconciled,2026-06-27
REC005869,TXN005869,reconciled,2025-10-31
REC005870,TXN005870,reconciled,2025-11-25
REC005871,TXN005871,reconciled,2025-12-07
REC005872,TXN005872,unreconciled,
REC005873,TXN005873,reconciled,2026-04-12
REC005874,TXN005874,reconciled,2026-08-06
REC005875,TXN005875,pending,
REC005876,TXN005876,reconciled,2025-10-26
REC005877,TXN005877,unreconciled,
REC005878,TXN005878,reconciled,2026-08-13
REC005879,TXN005879,reconciled,2026-02-10
REC005880,TXN005880,reconciled,2026-06-22
REC005881,TXN005881,reconciled,2025-10-17
REC005882,TXN005882,reconciled,2026-06-01
REC005883,TXN005883,reconciled,2026-02-12
REC005884,TXN005884,reconciled,2026-03-11
REC005885,TXN005885,unreconciled,
REC005886,TXN005886,reconciled,2026-05-30
REC005887,TXN005887,pending,
REC005888,TXN005888,unreconciled,
REC005889,TXN005889,reconciled,2026-06-01
REC005890,TXN005890,reconciled,2025-09-17
REC005891,TXN005891,unreconciled,
REC005892,TXN005892,reconciled,2026-03-14
REC005893,TXN005893,reconciled,2026-08-25
REC005894,TXN005894,unreconciled,
REC005895,TXN005895,reconciled,2026-07-23
REC005896,TXN005896,reconciled,2026-07-30
REC005897,TXN005897,unreconciled,
REC005898,TXN005898,pending,
REC005899,TXN005899,reconciled,2026-02-13
REC005900,TXN005900,reconciled,2025-08-21
REC005901,TXN005901,unreconciled,
REC005902,TXN005902,reconciled,2026-03-19
REC005903,TXN005903,unreconciled,
REC005904,TXN005904,reconciled,2025-12-08
REC005905,TXN005905,reconciled,2026-03-31
REC005906,TXN005906,reconciled,2026-07-30
REC005907,TXN005907,pending,
REC005908,TXN005908,reconciled,2025-12-14
REC005909,TXN005909,pending,
REC005910,TXN005910,reconciled,2026-07-23
REC005911,TXN005911,reconciled,2026-02-16
REC005912,TXN005912,reconciled,2026-07-26
REC005913,TXN005913,reconciled,2026-01-02
REC005914,TXN005914,reconciled,2025-12-03
REC005915,TXN005915,reconciled,2026-01-21
REC005916,TXN005916,reconciled,2026-03-10
REC005917,TXN005917,pending,
REC005918,TXN005918,reconciled,2026-07-11
REC005919,TXN005919,pending,
REC005920,TXN005920,pending,
REC005921,TXN005921,reconciled,2026-05-15
REC005922,TXN005922,pending,
REC005923,TXN005923,unreconciled,
REC005924,TXN005924,reconciled,2026-01-01
REC005925,TXN005925,unreconciled,
REC005926,TXN005926,reconciled,2026-08-10
REC005927,TXN005927,reconciled,2025-09-01
REC005928,TXN005928,pending,
REC005929,TXN005929,reconciled,2026-02-19
REC005930,TXN005930,reconciled,2026-09-18
REC005931,TXN005931,reconciled,2026-04-30
REC005932,TXN005932,reconciled,2026-09-05
REC005933,TXN005933,reconciled,2026-05-11
REC005934,TXN005934,reconciled,2025-10-27
REC005935,TXN005935,pending,
REC005936,TXN005936,reconciled,2026-01-15
REC005937,TXN005937,reconciled,2025-11-18
REC005938,TXN005938,reconciled,2025-12-25
REC005939,TXN005939,reconciled,2026-07-09
REC005940,TXN005940,reconciled,2026-07-01
REC005941,TXN005941,reconciled,2026-05-11
REC005942,TXN005942,reconciled,2026-03-05
REC005943,TXN005943,reconciled,2025-12-02
REC005944,TXN005944,pending,
REC005945,TXN005945,reconciled,2025-11-24
REC005946,TXN005946,reconciled,2025-10-10
REC005947,TXN005947,reconciled,2025-12-28
REC005948,TXN005948,reconciled,2026-07-05
REC005949,TXN005949,unreconciled,
REC005950,TXN005950,reconciled,2025-10-05
REC005951,TXN005951,reconciled,2026-08-12
REC005952,TXN005952,reconciled,2025-12-08
REC005953,TXN005953,pending,
REC005954,TXN005954,reconciled,2026-07-02
REC005955,TXN005955,reconciled,2026-08-08
REC005956,TXN005956,reconciled,2026-04-11
REC005957,TXN005957,reconciled,2026-05-31
REC005958,TXN005958,reconciled,2026-07-25
REC005959,TXN005959,reconciled,2025-10-18
REC005960,TXN005960,reconciled,2026-03-10
REC005961,TXN005961,reconciled,2026-06-16
REC005962,TXN005962,reconciled,2025-09-16
REC005963,TXN005963,reconciled,2026-06-29
REC005964,TXN005964,reconciled,2026-06-30
REC005965,TXN005965,reconciled,2025-08-21
REC005966,TXN005966,reconciled,2026-02-08
REC005967,TXN005967,pending,
REC005968,TXN005968,reconciled,2025-11-18
REC005969,TXN005969,reconciled,2025-11-22
REC005970,TXN005970,reconciled,2026-02-02
REC005971,TXN005971,reconciled,2026-06-04
REC005972,TXN005972,unreconciled,
REC005973,TXN005973,reconciled,2025-10-11
REC005974,TXN005974,reconciled,2026-06-13
REC005975,TXN005975,reconciled,2025-08-22
REC005976,TXN005976,unreconciled,
REC005977,TXN005977,reconciled,2025-09-22
REC005978,TXN005978,reconciled,2025-10-18
REC005979,TXN005979,pending,
REC005980,TXN005980,unreconciled,
REC005981,TXN005981,reconciled,2026-01-14
REC005982,TXN005982,reconciled,2025-12-26
REC005983,TXN005983,reconciled,2026-04-29
REC005984,TXN005984,reconciled,2026-02-27
REC005985,TXN005985,unreconciled,
REC005986,TXN005986,pending,
REC005987,TXN005987,reconciled,2025-11-08
REC005988,TXN005988,pending,
REC005989,TXN005989,reconciled,2026-03-05
REC005990,TXN005990,reconciled,2026-09-12
REC005991,TXN005991,reconciled,2026-03-21
REC005992,TXN005992,reconciled,2026-04-04
REC005993,TXN005993,reconciled,2025-08-24
REC005994,TXN005994,reconciled,2025-11-16
REC005995,TXN005995,reconciled,2026-01-08
REC005996,TXN005996,reconciled,2026-01-05
REC005997,TXN005997,reconciled,2026-01-08
REC005998,TXN005998,reconciled,2026-07-20
REC005999,TXN005999,pending,
REC006000,TXN006000,reconciled,2026-08-02
REC006001,TXN006001,reconciled,2026-07-18
REC006002,TXN006002,reconciled,2025-10-19
REC006003,TXN006003,unreconciled,
REC006004,TXN006004,reconciled,2026-01-28
REC006005,TXN006005,reconciled,2025-08-19
REC006006,TXN006006,reconciled,2025-08-28
REC006007,TXN006007,reconciled,2026-02-09
REC006008,TXN006008,reconciled,2026-05-27
REC006009,TXN006009,reconciled,2026-08-22
REC006010,TXN006010,reconciled,2025-08-26
REC006011,TXN006011,reconciled,2025-10-20
REC006012,TXN006012,reconciled,2026-01-25
REC006013,TXN006013,unreconciled,
REC006014,TXN006014,unreconciled,
REC006015,TXN006015,reconciled,2025-11-07
REC006016,TXN006016,reconciled,2026-07-23
REC006017,TXN006017,reconciled,2025-08-20
REC006018,TXN006018,reconciled,2026-05-30
REC006019,TXN006019,reconciled,2026-08-20
REC006020,TXN006020,pending,
REC006021,TXN006021,reconciled,2026-04-20
REC006022,TXN006022,reconciled,2025-12-23
REC006023,TXN006023,reconciled,2025-12-03
REC006024,TXN006024,reconciled,2026-09-02
REC006025,TXN006025,unreconciled,
REC006026,TXN006026,reconciled,2025-11-11
REC006027,TXN006027,reconciled,2025-11-01
REC006028,TXN006028,unreconciled,
REC006029,TXN006029,reconciled,2026-03-09
REC006030,TXN006030,reconciled,2025-12-23
REC006031,TXN006031,reconciled,2026-07-05
REC006032,TXN006032,reconciled,2026-06-13
REC006033,TXN006033,reconciled,2026-01-13
REC006034,TXN006034,reconciled,2026-05-25
REC006035,TXN006035,reconciled,2026-01-29
REC006036,TXN006036,reconciled,2025-09-20
REC006037,TXN006037,reconciled,2026-04-25
REC006038,TXN006038,unreconciled,
REC006039,TXN006039,pending,
REC006040,TXN006040,reconciled,2025-10-09
REC006041,TXN006041,pending,
REC006042,TXN006042,pending,
REC006043,TXN006043,pending,
REC006044,TXN006044,reconciled,2026-08-03
REC006045,TXN006045,reconciled,2026-02-13
REC006046,TXN006046,unreconciled,
REC006047,TXN006047,pending,
REC006048,TXN006048,reconciled,2026-03-20
REC006049,TXN006049,unreconciled,
REC006050,TXN006050,unreconciled,
REC006051,TXN006051,reconciled,2026-02-28
REC006052,TXN006052,reconciled,2026-08-28
REC006053,TXN006053,reconciled,2025-09-06
REC006054,TXN006054,reconciled,2025-08-28
REC006055,TXN006055,reconciled,2026-02-26
REC006056,TXN006056,reconciled,2026-03-05
REC006057,TXN006057,unreconciled,
REC006058,TXN006058,pending,
REC006059,TXN006059,unreconciled,
REC006060,TXN006060,reconciled,2026-07-08
REC006061,TXN006061,reconciled,2025-12-07
REC006062,TXN006062,reconciled,2025-11-03
REC006063,TXN006063,unreconciled,
REC006064,TXN006064,reconciled,2026-09-08
REC006065,TXN006065,reconciled,2025-09-09
REC006066,TXN006066,unreconciled,
REC006067,TXN006067,reconciled,2026-04-11
REC006068,TXN006068,reconciled,2026-02-04
REC006069,TXN006069,unreconciled,
REC006070,TXN006070,pending,
REC006071,TXN006071,reconciled,2026-04-18
REC006072,TXN006072,reconciled,2025-11-10
REC006073,TXN006073,unreconciled,
REC006074,TXN006074,reconciled,2026-08-11
REC006075,TXN006075,unreconciled,
REC006076,TXN006076,reconciled,2025-10-26
REC006077,TXN006077,reconciled,2026-03-07
REC006078,TXN006078,reconciled,2026-02-03
REC006079,TXN006079,unreconciled,
REC006080,TXN006080,reconciled,2026-01-19
REC006081,TXN006081,reconciled,2026-07-20
REC006082,TXN006082,pending,
REC006083,TXN006083,reconciled,2026-06-14
REC006084,TXN006084,unreconciled,
REC006085,TXN006085,reconciled,2026-07-27
REC006086,TXN006086,pending,
REC006087,TXN006087,unreconciled,
REC006088,TXN006088,reconciled,2026-02-14
REC006089,TXN006089,reconciled,2026-08-21
REC006090,TXN006090,reconciled,2025-09-01
REC006091,TXN006091,reconciled,2025-11-22
REC006092,TXN006092,reconciled,2026-07-20
REC006093,TXN006093,reconciled,2026-07-08
REC006094,TXN006094,reconciled,2026-04-24
REC006095,TXN006095,unreconciled,
REC006096,TXN006096,pending,
REC006097,TXN006097,unreconciled,
REC006098,TXN006098,reconciled,2026-04-16
REC006099,TXN006099,reconciled,2025-10-16
REC006100,TXN006100,reconciled,2026-07-22
REC006101,TXN006101,reconciled,2026-04-25
REC006102,TXN006102,pending,
REC006103,TXN006103,unreconciled,
REC006104,TXN006104,reconciled,2026-06-30
REC006105,TXN006105,reconciled,2025-10-30
REC006106,TXN006106,reconciled,2026-02-15
REC006107,TXN006107,reconciled,2025-12-14
REC006108,TXN006108,reconciled,2025-09-29
REC006109,TXN006109,reconciled,2026-07-20
REC006110,TXN006110,reconciled,2025-09-25
REC006111,TXN006111,pending,
REC006112,TXN006112,reconciled,2026-09-04
REC006113,TXN006113,reconciled,2026-03-24
REC006114,TXN006114,reconciled,2026-09-06
REC006115,TXN006115,reconciled,2026-08-02
REC006116,TXN006116,unreconciled,
REC006117,TXN006117,unreconciled,
REC006118,TXN006118,reconciled,2026-08-25
REC006119,TXN006119,reconciled,2025-08-27
REC006120,TXN006120,unreconciled,
REC006121,TXN006121,pending,
REC006122,TXN006122,reconciled,2025-10-09
REC006123,TXN006123,reconciled,2026-01-10
REC006124,TXN006124,reconciled,2025-09-25
REC006125,TXN006125,reconciled,2026-07-25
REC006126,TXN006126,pending,
REC006127,TXN006127,reconciled,2026-06-21
REC006128,TXN006128,unreconciled,
REC006129,TXN006129,unreconciled,
REC006130,TXN006130,reconciled,2026-05-22
REC006131,TXN006131,reconciled,2026-04-05
REC006132,TXN006132,unreconciled,
REC006133,TXN006133,reconciled,2025-09-03
REC006134,TXN006134,reconciled,2025-11-07
REC006135,TXN006135,reconciled,2026-04-10
REC006136,TXN006136,pending,
REC006137,TXN006137,reconciled,2025-11-10
REC006138,TXN006138,reconciled,2025-11-18
REC006139,TXN006139,reconciled,2026-06-12
REC006140,TXN006140,pending,
REC006141,TXN006141,unreconciled,
REC006142,TXN006142,unreconciled,
REC006143,TXN006143,unreconciled,
REC006144,TXN006144,reconciled,2026-01-11
REC006145,TXN006145,reconciled,2026-05-04
REC006146,TXN006146,pending,
REC006147,TXN006147,pending,
REC006148,TXN006148,pending,
REC006149,TXN006149,reconciled,2026-08-17
REC006150,TXN006150,reconciled,2026-06-16
REC006151,TXN006151,unreconciled,
REC006152,TXN006152,reconciled,2025-11-11
REC006153,TXN006153,reconciled,2026-07-22
REC006154,TXN006154,reconciled,2026-07-13
REC006155,TXN006155,reconciled,2026-08-17
REC006156,TXN006156,reconciled,2026-01-21
REC006157,TXN006157,reconciled,2026-04-12
REC006158,TXN006158,reconciled,2026-05-16
REC006159,TXN006159,unreconciled,
REC006160,TXN006160,reconciled,2026-07-17
REC006161,TXN006161,reconciled,2026-02-26
REC006162,TXN006162,reconciled,2026-05-20
REC006163,TXN006163,unreconciled,
REC006164,TXN006164,pending,
REC006165,TXN006165,reconciled,2026-05-21
REC006166,TXN006166,reconciled,2026-06-13
REC006167,TXN006167,pending,
REC006168,TXN006168,reconciled,2025-12-12
REC006169,TXN006169,reconciled,2025-12-31
REC006170,TXN006170,reconciled,2026-04-09
REC006171,TXN006171,reconciled,2026-08-22
REC006172,TXN006172,reconciled,2026-05-28
REC006173,TXN006173,reconciled,2026-05-02
REC006174,TXN006174,reconciled,2025-12-22
REC006175,TXN006175,reconciled,2026-01-10
REC006176,TXN006176,unreconciled,
REC006177,TXN006177,reconciled,2026-07-07
REC006178,TXN006178,unreconciled,
REC006179,TXN006179,pending,
REC006180,TXN006180,reconciled,2026-01-07
REC006181,TXN006181,reconciled,2026-08-14
REC006182,TXN006182,unreconciled,
REC006183,TXN006183,reconciled,2025-09-17
REC006184,TXN006184,unreconciled,
REC006185,TXN006185,reconciled,2026-01-13
REC006186,TXN006186,reconciled,2026-04-08
REC006187,TXN006187,pending,
REC006188,TXN006188,reconciled,2025-10-16
REC006189,TXN006189,reconciled,2026-05-07
REC006190,TXN006190,reconciled,2025-12-25
REC006191,TXN006191,reconciled,2025-10-19
REC006192,TXN006192,reconciled,2026-07-11
REC006193,TXN006193,reconciled,2026-07-08
REC006194,TXN006194,unreconciled,
REC006195,TXN006195,reconciled,2026-08-05
REC006196,TXN006196,reconciled,2025-11-06
REC006197,TXN006197,unreconciled,
REC006198,TXN006198,unreconciled,
REC006199,TXN006199,reconciled,2026-01-29
REC006200,TXN006200,reconciled,2025-12-27
REC006201,TXN006201,reconciled,2026-03-07
REC006202,TXN006202,reconciled,2026-02-13
REC006203,TXN006203,reconciled,2025-10-12
REC006204,TXN006204,reconciled,2026-07-28
REC006205,TXN006205,unreconciled,
REC006206,TXN006206,reconciled,2025-12-26
REC006207,TXN006207,reconciled,2025-10-14
REC006208,TXN006208,pending,
REC006209,TXN006209,reconciled,2025-12-05
REC006210,TXN006210,reconciled,2026-06-15
REC006211,TXN006211,pending,
REC006212,TXN006212,reconciled,2026-02-08
REC006213,TXN006213,unreconciled,
REC006214,TXN006214,unreconciled,
REC006215,TXN006215,reconciled,2026-03-26
REC006216,TXN006216,reconciled,2026-02-04
REC006217,TXN006217,reconciled,2026-02-17
REC006218,TXN006218,reconciled,2026-03-02
REC006219,TXN006219,reconciled,2026-08-08
REC006220,TXN006220,reconciled,2026-07-13
REC006221,TXN006221,reconciled,2025-09-15
REC006222,TXN006222,reconciled,2025-12-07
REC006223,TXN006223,pending,
REC006224,TXN006224,reconciled,2026-05-12
REC006225,TXN006225,reconciled,2026-09-06
REC006226,TXN006226,reconciled,2025-12-28
REC006227,TXN006227,reconciled,2025-10-18
REC006228,TXN006228,reconciled,2026-04-27
REC006229,TXN006229,reconciled,2026-02-28
REC006230,TXN006230,pending,
REC006231,TXN006231,reconciled,2026-01-30
REC006232,TXN006232,reconciled,2025-11-19
REC006233,TXN006233,reconciled,2025-09-14
REC006234,TXN006234,reconciled,2026-08-21
REC006235,TXN006235,reconciled,2026-01-22
REC006236,TXN006236,reconciled,2026-07-07
REC006237,TXN006237,reconciled,2026-08-30
REC006238,TXN006238,reconciled,2026-07-06
REC006239,TXN006239,unreconciled,
REC006240,TXN006240,unreconciled,
REC006241,TXN006241,reconciled,2025-09-13
REC006242,TXN006242,pending,
REC006243,TXN006243,reconciled,2025-10-09
REC006244,TXN006244,reconciled,2026-02-22
REC006245,TXN006245,reconciled,2026-03-07
REC006246,TXN006246,reconciled,2026-07-31
REC006247,TXN006247,reconciled,2026-06-27
REC006248,TXN006248,pending,
REC006249,TXN006249,unreconciled,
REC006250,TXN006250,reconciled,2026-03-21
REC006251,TXN006251,reconciled,2025-11-30
REC006252,TXN006252,pending,
REC006253,TXN006253,reconciled,2026-01-02
REC006254,TXN006254,reconciled,2026-06-27
REC006255,TXN006255,reconciled,2026-07-25
REC006256,TXN006256,pending,
REC006257,TXN006257,reconciled,2025-09-29
REC006258,TXN006258,reconciled,2026-06-26
REC006259,TXN006259,pending,
REC006260,TXN006260,reconciled,2026-04-21
REC006261,TXN006261,reconciled,2025-08-19
REC006262,TXN006262,reconciled,2026-04-01
REC006263,TXN006263,reconciled,2026-06-08
REC006264,TXN006264,reconciled,2026-04-08
REC006265,TXN006265,unreconciled,
REC006266,TXN006266,reconciled,2025-11-27
REC006267,TXN006267,reconciled,2026-09-03
REC006268,TXN006268,pending,
REC006269,TXN006269,unreconciled,
REC006270,TXN006270,reconciled,2026-05-30
REC006271,TXN006271,reconciled,2026-04-24
REC006272,TXN006272,reconciled,2026-02-20
REC006273,TXN006273,reconciled,2026-08-15
REC006274,TXN006274,reconciled,2026-07-31
REC006275,TXN006275,reconciled,2026-03-15
REC006276,TXN006276,reconciled,2025-08-26
REC006277,TXN006277,reconciled,2025-09-30
REC006278,TXN006278,unreconciled,
REC006279,TXN006279,reconciled,2026-05-19
REC006280,TXN006280,reconciled,2025-10-29
REC006281,TXN006281,reconciled,2025-11-06
REC006282,TXN006282,reconciled,2025-10-03
REC006283,TXN006283,reconciled,2025-10-18
REC006284,TXN006284,unreconciled,
REC006285,TXN006285,unreconciled,
REC006286,TXN006286,unreconciled,
REC006287,TXN006287,reconciled,2026-05-14
REC006288,TXN006288,unreconciled,
REC006289,TXN006289,reconciled,2026-04-29
REC006290,TXN006290,reconciled,2025-11-29
REC006291,TXN006291,unreconciled,
REC006292,TXN006292,reconciled,2026-06-03
REC006293,TXN006293,unreconciled,
REC006294,TXN006294,reconciled,2026-01-14
REC006295,TXN006295,reconciled,2026-03-12
REC006296,TXN006296,reconciled,2025-10-20
REC006297,TXN006297,pending,
REC006298,TXN006298,pending,
REC006299,TXN006299,reconciled,2026-02-14
REC006300,TXN006300,reconciled,2026-04-07
REC006301,TXN006301,reconciled,2026-07-26
REC006302,TXN006302,reconciled,2026-04-12
REC006303,TXN006303,unreconciled,
REC006304,TXN006304,unreconciled,
REC006305,TXN006305,reconciled,2025-08-30
REC006306,TXN006306,pending,
REC006307,TXN006307,reconciled,2025-11-30
REC006308,TXN006308,reconciled,2026-05-03
REC006309,TXN006309,reconciled,2025-10-24
REC006310,TXN006310,reconciled,2026-07-12
REC006311,TXN006311,reconciled,2026-04-26
REC006312,TXN006312,pending,
REC006313,TXN006313,reconciled,2026-01-07
REC006314,TXN006314,unreconciled,
REC006315,TXN006315,reconciled,2026-07-14
REC006316,TXN006316,pending,
REC006317,TXN006317,reconciled,2026-07-04
REC006318,TXN006318,unreconciled,
REC006319,TXN006319,reconciled,2026-03-15
REC006320,TXN006320,reconciled,2026-01-22
REC006321,TXN006321,pending,
REC006322,TXN006322,reconciled,2026-01-15
REC006323,TXN006323,unreconciled,
REC006324,TXN006324,reconciled,2026-07-16
REC006325,TXN006325,unreconciled,
REC006326,TXN006326,reconciled,2026-03-19
REC006327,TXN006327,reconciled,2026-05-21
REC006328,TXN006328,reconciled,2026-08-08
REC006329,TXN006329,reconciled,2025-11-11
REC006330,TXN006330,reconciled,2026-06-16
REC006331,TXN006331,reconciled,2026-05-25
REC006332,TXN006332,unreconciled,
REC006333,TXN006333,reconciled,2026-05-09
REC006334,TXN006334,pending,
REC006335,TXN006335,reconciled,2026-04-23
REC006336,TXN006336,pending,
REC006337,TXN006337,reconciled,2026-03-15
REC006338,TXN006338,reconciled,2026-01-08
REC006339,TXN006339,reconciled,2026-08-19
REC006340,TXN006340,reconciled,2026-01-21
REC006341,TXN006341,reconciled,2025-11-14
REC006342,TXN006342,reconciled,2025-10-18
REC006343,TXN006343,reconciled,2026-04-08
REC006344,TXN006344,pending,
REC006345,TXN006345,reconciled,2025-11-13
REC006346,TXN006346,reconciled,2026-06-30
REC006347,TXN006347,unreconciled,
REC006348,TXN006348,reconciled,2026-04-17
REC006349,TXN006349,pending,
REC006350,TXN006350,reconciled,2025-10-12
REC006351,TXN006351,reconciled,2025-10-09
REC006352,TXN006352,reconciled,2026-01-05
REC006353,TXN006353,reconciled,2026-08-13
REC006354,TXN006354,reconciled,2026-04-07
REC006355,TXN006355,reconciled,2026-07-02
REC006356,TXN006356,reconciled,2025-09-18
REC006357,TXN006357,reconciled,2026-03-27
REC006358,TXN006358,reconciled,2026-03-02
REC006359,TXN006359,reconciled,2026-05-27
REC006360,TXN006360,reconciled,2026-08-31
REC006361,TXN006361,reconciled,2026-07-04
REC006362,TXN006362,pending,
REC006363,TXN006363,reconciled,2025-11-04
REC006364,TXN006364,reconciled,2026-02-10
REC006365,TXN006365,reconciled,2026-07-30
REC006366,TXN006366,reconciled,2025-09-05
REC006367,TXN006367,reconciled,2026-06-22
REC006368,TXN006368,reconciled,2026-02-19
REC006369,TXN006369,reconciled,2026-06-21
REC006370,TXN006370,reconciled,2025-09-25
REC006371,TXN006371,reconciled,2025-08-22
REC006372,TXN006372,unreconciled,
REC006373,TXN006373,unreconciled,
REC006374,TXN006374,reconciled,2025-11-09
REC006375,TXN006375,reconciled,2025-11-13
REC006376,TXN006376,reconciled,2026-04-25
REC006377,TXN006377,unreconciled,
REC006378,TXN006378,reconciled,2025-12-06
REC006379,TXN006379,unreconciled,
REC006380,TXN006380,reconciled,2026-04-13
REC006381,TXN006381,reconciled,2026-02-21
REC006382,TXN006382,reconciled,2026-03-25
REC006383,TXN006383,pending,
REC006384,TXN006384,reconciled,2026-02-22
REC006385,TXN006385,reconciled,2026-04-15
REC006386,TXN006386,reconciled,2026-05-05
REC006387,TXN006387,reconciled,2026-03-10
REC006388,TXN006388,reconciled,2026-05-16
REC006389,TXN006389,reconciled,2025-11-25
REC006390,TXN006390,reconciled,2026-08-10
REC006391,TXN006391,unreconciled,
REC006392,TXN006392,unreconciled,
REC006393,TXN006393,reconciled,2026-01-01
REC006394,TXN006394,reconciled,2026-07-29
REC006395,TXN006395,reconciled,2026-03-01
REC006396,TXN006396,reconciled,2025-08-31
REC006397,TXN006397,reconciled,2026-04-12
REC006398,TXN006398,reconciled,2026-08-10
REC006399,TXN006399,reconciled,2026-04-22
REC006400,TXN006400,reconciled,2026-06-06
REC006401,TXN006401,reconciled,2026-06-17
REC006402,TXN006402,reconciled,2026-06-03
REC006403,TXN006403,reconciled,2025-12-07
REC006404,TXN006404,reconciled,2026-02-09
REC006405,TXN006405,reconciled,2025-10-01
REC006406,TXN006406,reconciled,2026-03-05
REC006407,TXN006407,reconciled,2026-02-08
REC006408,TXN006408,reconciled,2025-12-13
REC006409,TXN006409,unreconciled,
REC006410,TXN006410,reconciled,2025-12-13
REC006411,TXN006411,pending,
REC006412,TXN006412,pending,
REC006413,TXN006413,pending,
REC006414,TXN006414,unreconciled,
REC006415,TXN006415,pending,
REC006416,TXN006416,reconciled,2026-08-14
REC006417,TXN006417,unreconciled,
REC006418,TXN006418,reconciled,2025-11-28
REC006419,TXN006419,reconciled,2026-01-07
REC006420,TXN006420,unreconciled,
REC006421,TXN006421,reconciled,2026-01-18
REC006422,TXN006422,reconciled,2026-09-16
REC006423,TXN006423,reconciled,2025-09-22
REC006424,TXN006424,reconciled,2026-07-29
REC006425,TXN006425,reconciled,2026-04-07
REC006426,TXN006426,reconciled,2025-10-24
REC006427,TXN006427,reconciled,2026-04-29
REC006428,TXN006428,reconciled,2025-11-04
REC006429,TXN006429,reconciled,2026-08-07
REC006430,TXN006430,unreconciled,
REC006431,TXN006431,unreconciled,
REC006432,TXN006432,reconciled,2025-08-15
REC006433,TXN006433,reconciled,2026-06-20
REC006434,TXN006434,reconciled,2026-03-09
REC006435,TXN006435,reconciled,2026-05-29
REC006436,TXN006436,pending,
REC006437,TXN006437,pending,
REC006438,TXN006438,pending,
REC006439,TXN006439,reconciled,2026-08-11
REC006440,TXN006440,reconciled,2025-10-23
REC006441,TXN006441,reconciled,2026-05-11
REC006442,TXN006442,reconciled,2025-10-08
REC006443,TXN006443,unreconciled,
REC006444,TXN006444,reconciled,2025-10-08
REC006445,TXN006445,pending,
REC006446,TXN006446,reconciled,2026-06-05
REC006447,TXN006447,pending,
REC006448,TXN006448,pending,
REC006449,TXN006449,reconciled,2025-11-16
REC006450,TXN006450,unreconciled,
REC006451,TXN006451,reconciled,2025-09-19
REC006452,TXN006452,reconciled,2025-08-13
REC006453,TXN006453,reconciled,2026-04-15
REC006454,TXN006454,reconciled,2026-03-15
REC006455,TXN006455,reconciled,2025-09-30
REC006456,TXN006456,reconciled,2026-01-25
REC006457,TXN006457,reconciled,2025-09-20
REC006458,TXN006458,unreconciled,
REC006459,TXN006459,reconciled,2025-10-27
REC006460,TXN006460,reconciled,2026-01-29
REC006461,TXN006461,unreconciled,
REC006462,TXN006462,unreconciled,
REC006463,TXN006463,reconciled,2025-12-12
REC006464,TXN006464,pending,
REC006465,TXN006465,unreconciled,
REC006466,TXN006466,reconciled,2026-01-14
REC006467,TXN006467,reconciled,2026-04-28
REC006468,TXN006468,reconciled,2026-07-15
REC006469,TXN006469,unreconciled,
REC006470,TXN006470,reconciled,2025-11-11
REC006471,TXN006471,reconciled,2026-04-07
REC006472,TXN006472,pending,
REC006473,TXN006473,unreconciled,
REC006474,TXN006474,unreconciled,
REC006475,TXN006475,reconciled,2026-09-04
REC006476,TXN006476,reconciled,2026-06-24
REC006477,TXN006477,reconciled,2026-07-17
REC006478,TXN006478,reconciled,2026-03-19
REC006479,TXN006479,reconciled,2025-09-12
REC006480,TXN006480,reconciled,2026-06-23
REC006481,TXN006481,reconciled,2026-05-30
REC006482,TXN006482,unreconciled,
REC006483,TXN006483,reconciled,2026-06-23
REC006484,TXN006484,unreconciled,
REC006485,TXN006485,reconciled,2026-01-10
REC006486,TXN006486,reconciled,2026-02-10
REC006487,TXN006487,reconciled,2026-03-31
REC006488,TXN006488,pending,
REC006489,TXN006489,pending,
REC006490,TXN006490,reconciled,2026-03-14
REC006491,TXN006491,reconciled,2025-12-21
REC006492,TXN006492,reconciled,2026-03-03
REC006493,TXN006493,reconciled,2026-01-14
REC006494,TXN006494,unreconciled,
REC006495,TXN006495,reconciled,2026-05-16
REC006496,TXN006496,unreconciled,
REC006497,TXN006497,reconciled,2025-12-04
REC006498,TXN006498,unreconciled,
REC006499,TXN006499,reconciled,2026-01-03
REC006500,TXN006500,reconciled,2026-07-09
REC006501,TXN006501,reconciled,2026-07-11
REC006502,TXN006502,reconciled,2026-08-13
REC006503,TXN006503,unreconciled,
REC006504,TXN006504,reconciled,2026-07-26
REC006505,TXN006505,reconciled,2026-07-24
REC006506,TXN006506,reconciled,2026-06-16
REC006507,TXN006507,reconciled,2026-05-12
REC006508,TXN006508,pending,
REC006509,TXN006509,reconciled,2026-04-15
REC006510,TXN006510,reconciled,2026-03-17
REC006511,TXN006511,reconciled,2026-02-27
REC006512,TXN006512,reconciled,2026-05-23
REC006513,TXN006513,unreconciled,
REC006514,TXN006514,reconciled,2026-06-21
REC006515,TXN006515,reconciled,2026-03-20
REC006516,TXN006516,reconciled,2026-04-07
REC006517,TXN006517,unreconciled,
REC006518,TXN006518,reconciled,2025-10-23
REC006519,TXN006519,reconciled,2026-09-10
REC006520,TXN006520,reconciled,2026-08-19
REC006521,TXN006521,unreconciled,
REC006522,TXN006522,unreconciled,
REC006523,TXN006523,reconciled,2025-10-06
REC006524,TXN006524,unreconciled,
REC006525,TXN006525,unreconciled,
REC006526,TXN006526,unreconciled,
REC006527,TXN006527,reconciled,2026-04-07
REC006528,TXN006528,reconciled,2026-01-26
REC006529,TXN006529,reconciled,2025-11-19
REC006530,TXN006530,reconciled,2026-06-04
REC006531,TXN006531,reconciled,2026-01-09
REC006532,TXN006532,unreconciled,
REC006533,TXN006533,reconciled,2026-04-10
REC006534,TXN006534,reconciled,2025-10-11
REC006535,TXN006535,reconciled,2025-09-25
REC006536,TXN006536,unreconciled,
REC006537,TXN006537,unreconciled,
REC006538,TXN006538,unreconciled,
REC006539,TXN006539,reconciled,2025-10-31
REC006540,TXN006540,reconciled,2026-04-30
REC006541,TXN006541,unreconciled,
REC006542,TXN006542,reconciled,2025-12-26
REC006543,TXN006543,unreconciled,
REC006544,TXN006544,reconciled,2025-08-20
REC006545,TXN006545,reconciled,2026-01-15
REC006546,TXN006546,reconciled,2026-04-23
REC006547,TXN006547,reconciled,2025-10-08
REC006548,TXN006548,reconciled,2026-06-04
REC006549,TXN006549,unreconciled,
REC006550,TXN006550,unreconciled,
REC006551,TXN006551,reconciled,2025-09-10
REC006552,TXN006552,reconciled,2026-07-25
REC006553,TXN006553,reconciled,2026-07-09
REC006554,TXN006554,reconciled,2026-03-14
REC006555,TXN006555,unreconciled,
REC006556,TXN006556,reconciled,2025-12-26
REC006557,TXN006557,reconciled,2026-03-01
REC006558,TXN006558,reconciled,2026-04-17
REC006559,TXN006559,reconciled,2026-06-02
REC006560,TXN006560,pending,
REC006561,TXN006561,reconciled,2026-08-13
REC006562,TXN006562,reconciled,2026-05-28
REC006563,TXN006563,reconciled,2026-01-06
REC006564,TXN006564,unreconciled,
REC006565,TXN006565,reconciled,2026-04-13
REC006566,TXN006566,unreconciled,
REC006567,TXN006567,reconciled,2026-04-14
REC006568,TXN006568,reconciled,2026-05-06
REC006569,TXN006569,reconciled,2025-11-29
REC006570,TXN006570,unreconciled,
REC006571,TXN006571,reconciled,2025-10-30
REC006572,TXN006572,unreconciled,
REC006573,TXN006573,reconciled,2026-02-22
REC006574,TXN006574,reconciled,2026-01-11
REC006575,TXN006575,reconciled,2026-04-15
REC006576,TXN006576,reconciled,2026-06-02
REC006577,TXN006577,reconciled,2025-09-22
REC006578,TXN006578,reconciled,2026-06-17
REC006579,TXN006579,reconciled,2026-07-15
REC006580,TXN006580,reconciled,2026-07-02
REC006581,TXN006581,reconciled,2025-11-28
REC006582,TXN006582,reconciled,2026-08-20
REC006583,TXN006583,reconciled,2026-06-16
REC006584,TXN006584,reconciled,2025-09-24
REC006585,TXN006585,reconciled,2026-08-05
REC006586,TXN006586,reconciled,2026-08-12
REC006587,TXN006587,reconciled,2025-10-19
REC006588,TXN006588,pending,
REC006589,TXN006589,reconciled,2025-09-30
REC006590,TXN006590,reconciled,2026-04-30
REC006591,TXN006591,unreconciled,
REC006592,TXN006592,reconciled,2025-11-22
REC006593,TXN006593,reconciled,2026-06-10
REC006594,TXN006594,reconciled,2025-11-15
REC006595,TXN006595,reconciled,2026-04-29
REC006596,TXN006596,reconciled,2026-03-10
REC006597,TXN006597,reconciled,2026-08-22
REC006598,TXN006598,reconciled,2025-08-17
REC006599,TXN006599,reconciled,2026-01-31
REC006600,TXN006600,unreconciled,
REC006601,TXN006601,pending,
REC006602,TXN006602,unreconciled,
REC006603,TXN006603,reconciled,2026-01-23
REC006604,TXN006604,unreconciled,
REC006605,TXN006605,reconciled,2026-03-20
REC006606,TXN006606,unreconciled,
REC006607,TXN006607,reconciled,2026-04-11
REC006608,TXN006608,reconciled,2025-08-29
REC006609,TXN006609,pending,
REC006610,TXN006610,pending,
REC006611,TXN006611,reconciled,2026-03-02
REC006612,TXN006612,reconciled,2026-07-14
REC006613,TXN006613,reconciled,2025-12-14
REC006614,TXN006614,reconciled,2025-09-15
REC006615,TXN006615,reconciled,2026-07-31
REC006616,TXN006616,reconciled,2026-08-08
REC006617,TXN006617,reconciled,2026-09-11
REC006618,TXN006618,reconciled,2026-03-24
REC006619,TXN006619,reconciled,2026-05-24
REC006620,TXN006620,reconciled,2026-01-16
REC006621,TXN006621,reconciled,2025-11-08
REC006622,TXN006622,reconciled,2025-08-25
REC006623,TXN006623,reconciled,2026-08-21
REC006624,TXN006624,unreconciled,
REC006625,TXN006625,reconciled,2026-05-18
REC006626,TXN006626,reconciled,2025-12-14
REC006627,TXN006627,reconciled,2025-12-16
REC006628,TXN006628,reconciled,2025-11-06
REC006629,TXN006629,reconciled,2025-12-11
REC006630,TXN006630,reconciled,2026-04-06
REC006631,TXN006631,reconciled,2025-12-21
REC006632,TXN006632,pending,
REC006633,TXN006633,reconciled,2025-09-20
REC006634,TXN006634,unreconciled,
REC006635,TXN006635,unreconciled,
REC006636,TXN006636,reconciled,2026-02-19
REC006637,TXN006637,reconciled,2025-12-10
REC006638,TXN006638,reconciled,2025-09-19
REC006639,TXN006639,reconciled,2026-05-29
REC006640,TXN006640,reconciled,2025-09-22
REC006641,TXN006641,reconciled,2026-03-31
REC006642,TXN006642,reconciled,2025-11-01
REC006643,TXN006643,pending,
REC006644,TXN006644,reconciled,2026-04-18
REC006645,TXN006645,pending,
REC006646,TXN006646,unreconciled,
REC006647,TXN006647,reconciled,2026-03-15
REC006648,TXN006648,reconciled,2026-06-08
REC006649,TXN006649,reconciled,2025-10-31
REC006650,TXN006650,reconciled,2026-02-25
REC006651,TXN006651,reconciled,2026-04-01
REC006652,TXN006652,reconciled,2026-04-28
REC006653,TXN006653,unreconciled,
REC006654,TXN006654,pending,
REC006655,TXN006655,reconciled,2026-09-09
REC006656,TXN006656,reconciled,2025-08-31
REC006657,TXN006657,reconciled,2025-10-05
REC006658,TXN006658,reconciled,2026-06-29
REC006659,TXN006659,pending,
REC006660,TXN006660,pending,
REC006661,TXN006661,reconciled,2026-04-25
REC006662,TXN006662,reconciled,2026-09-11
REC006663,TXN006663,reconciled,2026-05-10
REC006664,TXN006664,unreconciled,
REC006665,TXN006665,reconciled,2026-04-04
REC006666,TXN006666,reconciled,2026-08-14
REC006667,TXN006667,reconciled,2025-12-06
REC006668,TXN006668,reconciled,2025-09-06
REC006669,TXN006669,reconciled,2025-10-02
REC006670,TXN006670,unreconciled,
REC006671,TXN006671,reconciled,2026-08-21
REC006672,TXN006672,pending,
REC006673,TXN006673,unreconciled,
REC006674,TXN006674,reconciled,2025-08-28
REC006675,TXN006675,reconciled,2026-07-13
REC006676,TXN006676,unreconciled,
REC006677,TXN006677,reconciled,2025-12-07
REC006678,TXN006678,unreconciled,
REC006679,TXN006679,reconciled,2026-02-06
REC006680,TXN006680,reconciled,2026-01-12
REC006681,TXN006681,pending,
REC006682,TXN006682,pending,
REC006683,TXN006683,reconciled,2026-02-07
REC006684,TXN006684,unreconciled,
REC006685,TXN006685,reconciled,2026-03-19
REC006686,TXN006686,reconciled,2025-09-09
REC006687,TXN006687,unreconciled,
REC006688,TXN006688,pending,
REC006689,TXN006689,unreconciled,
REC006690,TXN006690,reconciled,2025-09-09
REC006691,TXN006691,reconciled,2026-06-09
REC006692,TXN006692,reconciled,2025-12-07
REC006693,TXN006693,reconciled,2026-07-28
REC006694,TXN006694,reconciled,2026-06-16
REC006695,TXN006695,reconciled,2026-08-22
REC006696,TXN006696,unreconciled,
REC006697,TXN006697,pending,
REC006698,TXN006698,unreconciled,
REC006699,TXN006699,unreconciled,
REC006700,TXN006700,pending,
REC006701,TXN006701,reconciled,2026-03-21
REC006702,TXN006702,pending,
REC006703,TXN006703,reconciled,2026-03-30
REC006704,TXN006704,reconciled,2026-05-27
REC006705,TXN006705,reconciled,2025-12-17
REC006706,TXN006706,reconciled,2026-02-21
REC006707,TXN006707,reconciled,2025-11-09
REC006708,TXN006708,reconciled,2026-06-01
REC006709,TXN006709,reconciled,2026-06-30
REC006710,TXN006710,unreconciled,
REC006711,TXN006711,unreconciled,
REC006712,TXN006712,reconciled,2026-04-11
REC006713,TXN006713,unreconciled,
REC006714,TXN006714,reconciled,2026-07-26
REC006715,TXN006715,reconciled,2026-04-27
REC006716,TXN006716,reconciled,2025-12-07
REC006717,TXN006717,reconciled,2026-03-16
REC006718,TXN006718,unreconciled,
REC006719,TXN006719,reconciled,2025-12-14
REC006720,TXN006720,unreconciled,
REC006721,TXN006721,reconciled,2026-02-01
REC006722,TXN006722,reconciled,2026-04-17
REC006723,TXN006723,unreconciled,
REC006724,TXN006724,unreconciled,
REC006725,TXN006725,reconciled,2026-04-26
REC006726,TXN006726,reconciled,2026-03-29
REC006727,TXN006727,reconciled,2025-08-12
REC006728,TXN006728,reconciled,2026-08-29
REC006729,TXN006729,reconciled,2026-06-08
REC006730,TXN006730,pending,
REC006731,TXN006731,reconciled,2026-06-26
REC006732,TXN006732,unreconciled,
REC006733,TXN006733,pending,
REC006734,TXN006734,reconciled,2026-01-12
REC006735,TXN006735,reconciled,2026-06-16
REC006736,TXN006736,reconciled,2026-04-22
REC006737,TXN006737,reconciled,2025-12-05
REC006738,TXN006738,reconciled,2026-08-03
REC006739,TXN006739,reconciled,2026-07-10
REC006740,TXN006740,reconciled,2026-03-09
REC006741,TXN006741,reconciled,2026-07-03
REC006742,TXN006742,reconciled,2026-08-29
REC006743,TXN006743,reconciled,2026-06-27
REC006744,TXN006744,unreconciled,
REC006745,TXN006745,reconciled,2026-02-27
REC006746,TXN006746,reconciled,2025-10-25
REC006747,TXN006747,reconciled,2025-10-18
REC006748,TXN006748,reconciled,2025-11-02
REC006749,TXN006749,reconciled,2025-09-15
REC006750,TXN006750,reconciled,2026-08-11
REC006751,TXN006751,pending,
REC006752,TXN006752,reconciled,2025-09-01
REC006753,TXN006753,reconciled,2026-05-19
REC006754,TXN006754,reconciled,2025-09-16
REC006755,TXN006755,reconciled,2026-08-06
REC006756,TXN006756,reconciled,2026-05-01
REC006757,TXN006757,reconciled,2025-12-19
REC006758,TXN006758,unreconciled,
REC006759,TXN006759,reconciled,2025-12-25
REC006760,TXN006760,unreconciled,
REC006761,TXN006761,reconciled,2025-10-21
REC006762,TXN006762,reconciled,2026-07-13
REC006763,TXN006763,reconciled,2026-05-12
REC006764,TXN006764,reconciled,2026-04-10
REC006765,TXN006765,reconciled,2026-08-06
REC006766,TXN006766,reconciled,2025-08-20
REC006767,TXN006767,reconciled,2025-11-21
REC006768,TXN006768,reconciled,2026-03-02
REC006769,TXN006769,reconciled,2025-09-07
REC006770,TXN006770,reconciled,2025-12-08
REC006771,TXN006771,reconciled,2025-12-22
REC006772,TXN006772,pending,
REC006773,TXN006773,reconciled,2026-07-29
REC006774,TXN006774,reconciled,2025-12-28
REC006775,TXN006775,reconciled,2026-07-16
REC006776,TXN006776,reconciled,2026-08-25
REC006777,TXN006777,reconciled,2026-02-19
REC006778,TXN006778,reconciled,2026-08-12
REC006779,TXN006779,reconciled,2026-01-13
REC006780,TXN006780,reconciled,2026-04-22
REC006781,TXN006781,unreconciled,
REC006782,TXN006782,reconciled,2025-08-17
REC006783,TXN006783,reconciled,2025-10-22
REC006784,TXN006784,reconciled,2026-02-28
REC006785,TXN006785,reconciled,2026-03-28
REC006786,TXN006786,pending,
REC006787,TXN006787,pending,
REC006788,TXN006788,pending,
REC006789,TXN006789,reconciled,2026-01-10
REC006790,TXN006790,reconciled,2025-12-19
REC006791,TXN006791,pending,
REC006792,TXN006792,reconciled,2026-07-13
REC006793,TXN006793,reconciled,2026-08-30
REC006794,TXN006794,pending,
REC006795,TXN006795,reconciled,2025-09-30
REC006796,TXN006796,reconciled,2026-01-27
REC006797,TXN006797,reconciled,2026-09-01
REC006798,TXN006798,reconciled,2026-05-22
REC006799,TXN006799,reconciled,2025-09-11
REC006800,TXN006800,reconciled,2026-07-05
REC006801,TXN006801,unreconciled,
REC006802,TXN006802,reconciled,2026-08-29
REC006803,TXN006803,reconciled,2026-09-11
REC006804,TXN006804,reconciled,2025-08-30
REC006805,TXN006805,unreconciled,
REC006806,TXN006806,reconciled,2026-08-28
REC006807,TXN006807,reconciled,2026-04-15
REC006808,TXN006808,reconciled,2026-07-31
REC006809,TXN006809,unreconciled,
REC006810,TXN006810,reconciled,2026-08-09
REC006811,TXN006811,pending,
REC006812,TXN006812,unreconciled,
REC006813,TXN006813,reconciled,2026-05-04
REC006814,TXN006814,reconciled,2025-10-02
REC006815,TXN006815,reconciled,2026-08-20
REC006816,TXN006816,unreconciled,
REC006817,TXN006817,reconciled,2026-08-17
REC006818,TXN006818,reconciled,2025-12-09
REC006819,TXN006819,reconciled,2026-04-27
REC006820,TXN006820,reconciled,2026-06-13
REC006821,TXN006821,reconciled,2025-10-11
REC006822,TXN006822,reconciled,2025-11-17
REC006823,TXN006823,unreconciled,
REC006824,TXN006824,reconciled,2026-01-25
REC006825,TXN006825,reconciled,2026-06-24
REC006826,TXN006826,reconciled,2026-08-04
REC006827,TXN006827,reconciled,2026-01-20
REC006828,TXN006828,reconciled,2026-01-26
REC006829,TXN006829,reconciled,2026-06-04
REC006830,TXN006830,reconciled,2025-08-31
REC006831,TXN006831,reconciled,2026-06-03
REC006832,TXN006832,reconciled,2026-07-01
REC006833,TXN006833,reconciled,2026-01-05
REC006834,TXN006834,reconciled,2026-06-18
REC006835,TXN006835,reconciled,2025-11-18
REC006836,TXN006836,pending,
REC006837,TXN006837,pending,
REC006838,TXN006838,reconciled,2026-09-04
REC006839,TXN006839,reconciled,2026-03-13
REC006840,TXN006840,reconciled,2025-09-25
REC006841,TXN006841,unreconciled,
REC006842,TXN006842,reconciled,2026-01-27
REC006843,TXN006843,reconciled,2025-12-20
REC006844,TXN006844,reconciled,2026-07-23
REC006845,TXN006845,reconciled,2026-08-19
REC006846,TXN006846,reconciled,2026-01-07
REC006847,TXN006847,reconciled,2026-03-03
REC006848,TXN006848,reconciled,2025-10-05
REC006849,TXN006849,unreconciled,
REC006850,TXN006850,reconciled,2025-12-14
REC006851,TXN006851,reconciled,2026-01-25
REC006852,TXN006852,reconciled,2026-01-11
REC006853,TXN006853,unreconciled,
REC006854,TXN006854,reconciled,2026-04-16
REC006855,TXN006855,pending,
REC006856,TXN006856,pending,
REC006857,TXN006857,reconciled,2026-02-14
REC006858,TXN006858,reconciled,2025-12-18
REC006859,TXN006859,reconciled,2026-04-08
REC006860,TXN006860,unreconciled,
REC006861,TXN006861,reconciled,2025-10-11
REC006862,TXN006862,reconciled,2026-01-25
REC006863,TXN006863,reconciled,2026-03-19
REC006864,TXN006864,reconciled,2026-05-15
REC006865,TXN006865,reconciled,2026-06-16
REC006866,TXN006866,reconciled,2026-07-15
REC006867,TXN006867,reconciled,2025-10-20
REC006868,TXN006868,unreconciled,
REC006869,TXN006869,reconciled,2026-01-04
REC006870,TXN006870,reconciled,2026-08-08
REC006871,TXN006871,reconciled,2025-11-25
REC006872,TXN006872,reconciled,2025-11-26
REC006873,TXN006873,pending,
REC006874,TXN006874,reconciled,2025-12-01
REC006875,TXN006875,reconciled,2026-08-19
REC006876,TXN006876,unreconciled,
REC006877,TXN006877,reconciled,2025-09-08
REC006878,TXN006878,pending,
REC006879,TXN006879,reconciled,2025-12-14
REC006880,TXN006880,unreconciled,
REC006881,TXN006881,reconciled,2026-01-30
REC006882,TXN006882,reconciled,2026-06-23
REC006883,TXN006883,reconciled,2026-07-07
REC006884,TXN006884,reconciled,2025-12-17
REC006885,TXN006885,reconciled,2026-03-28
REC006886,TXN006886,reconciled,2025-12-11
REC006887,TXN006887,reconciled,2026-04-30
REC006888,TXN006888,reconciled,2026-08-09
REC006889,TXN006889,reconciled,2026-03-02
REC006890,TXN006890,reconciled,2026-04-24
REC006891,TXN006891,reconciled,2026-03-28
REC006892,TXN006892,pending,
REC006893,TXN006893,reconciled,2025-10-21
REC006894,TXN006894,reconciled,2026-08-21
REC006895,TXN006895,reconciled,2025-10-06
REC006896,TXN006896,reconciled,2026-09-16
REC006897,TXN006897,reconciled,2026-01-17
REC006898,TXN006898,unreconciled,
REC006899,TXN006899,reconciled,2026-07-25
REC006900,TXN006900,reconciled,2025-08-19
REC006901,TXN006901,reconciled,2025-11-14
REC006902,TXN006902,unreconciled,
REC006903,TXN006903,unreconciled,
REC006904,TXN006904,reconciled,2026-06-01
REC006905,TXN006905,reconciled,2026-05-14
REC006906,TXN006906,reconciled,2025-11-20
REC006907,TXN006907,reconciled,2026-04-19
REC006908,TXN006908,reconciled,2025-09-09
REC006909,TXN006909,reconciled,2026-03-18
REC006910,TXN006910,reconciled,2026-01-07
REC006911,TXN006911,unreconciled,
REC006912,TXN006912,reconciled,2025-09-04
REC006913,TXN006913,pending,
REC006914,TXN006914,reconciled,2026-08-17
REC006915,TXN006915,unreconciled,
REC006916,TXN006916,reconciled,2026-03-31
REC006917,TXN006917,unreconciled,
REC006918,TXN006918,reconciled,2026-06-25
REC006919,TXN006919,reconciled,2026-01-25
REC006920,TXN006920,reconciled,2026-01-16
REC006921,TXN006921,reconciled,2026-08-18
REC006922,TXN006922,pending,
REC006923,TXN006923,pending,
REC006924,TXN006924,reconciled,2025-11-04
REC006925,TXN006925,reconciled,2025-09-12
REC006926,TXN006926,reconciled,2026-06-20
REC006927,TXN006927,pending,
REC006928,TXN006928,reconciled,2026-07-26
REC006929,TXN006929,unreconciled,
REC006930,TXN006930,reconciled,2026-05-28
REC006931,TXN006931,pending,
REC006932,TXN006932,reconciled,2026-06-21
REC006933,TXN006933,reconciled,2026-07-27
REC006934,TXN006934,unreconciled,
REC006935,TXN006935,reconciled,2025-08-29
REC006936,TXN006936,reconciled,2025-12-20
REC006937,TXN006937,reconciled,2025-09-06
REC006938,TXN006938,reconciled,2025-08-23
REC006939,TXN006939,reconciled,2026-01-29
REC006940,TXN006940,pending,
REC006941,TXN006941,unreconciled,
REC006942,TXN006942,reconciled,2025-09-20
REC006943,TXN006943,pending,
REC006944,TXN006944,reconciled,2025-09-12
REC006945,TXN006945,unreconciled,
REC006946,TXN006946,unreconciled,
REC006947,TXN006947,reconciled,2025-11-26
REC006948,TXN006948,pending,
REC006949,TXN006949,unreconciled,
REC006950,TXN006950,reconciled,2025-12-03
REC006951,TXN006951,reconciled,2025-09-20
REC006952,TXN006952,pending,
REC006953,TXN006953,unreconciled,
REC006954,TXN006954,unreconciled,
REC006955,TXN006955,reconciled,2026-01-09
REC006956,TXN006956,reconciled,2026-09-08
REC006957,TXN006957,reconciled,2026-05-15
REC006958,TXN006958,reconciled,2026-02-13
REC006959,TXN006959,reconciled,2025-12-09
REC006960,TXN006960,reconciled,2026-09-07
REC006961,TXN006961,reconciled,2026-02-03
REC006962,TXN006962,reconciled,2026-03-31
REC006963,TXN006963,unreconciled,
REC006964,TXN006964,reconciled,2026-07-13
REC006965,TXN006965,pending,
REC006966,TXN006966,unreconciled,
REC006967,TXN006967,reconciled,2025-08-16
REC006968,TXN006968,reconciled,2026-02-16
REC006969,TXN006969,reconciled,2025-12-01
REC006970,TXN006970,reconciled,2026-01-29
REC006971,TXN006971,reconciled,2025-10-03
REC006972,TXN006972,pending,
REC006973,TXN006973,reconciled,2026-08-03
REC006974,TXN006974,reconciled,2026-07-24
REC006975,TXN006975,reconciled,2026-08-14
REC006976,TXN006976,reconciled,2025-12-12
REC006977,TXN006977,unreconciled,
REC006978,TXN006978,reconciled,2026-08-16
REC006979,TXN006979,reconciled,2026-05-06
REC006980,TXN006980,reconciled,2026-03-15
REC006981,TXN006981,reconciled,2026-07-15
REC006982,TXN006982,reconciled,2025-10-13
REC006983,TXN006983,reconciled,2026-01-28
REC006984,TXN006984,reconciled,2026-07-07
REC006985,TXN006985,unreconciled,
REC006986,TXN006986,unreconciled,
REC006987,TXN006987,pending,
REC006988,TXN006988,reconciled,2025-12-25
REC006989,TXN006989,reconciled,2026-08-25
REC006990,TXN006990,reconciled,2026-02-06
REC006991,TXN006991,reconciled,2026-04-11
REC006992,TXN006992,pending,
REC006993,TXN006993,reconciled,2026-09-07
REC006994,TXN006994,reconciled,2026-07-04
REC006995,TXN006995,unreconciled,
REC006996,TXN006996,unreconciled,
REC006997,TXN006997,reconciled,2026-03-15
REC006998,TXN006998,reconciled,2026-01-10
REC006999,TXN006999,reconciled,2026-03-03
REC007000,TXN007000,reconciled,2026-04-10
REC007001,TXN007001,reconciled,2025-11-08
REC007002,TXN007002,reconciled,2026-01-10
REC007003,TXN007003,reconciled,2025-09-26
REC007004,TXN007004,reconciled,2025-11-11
REC007005,TXN007005,reconciled,2025-10-06
REC007006,TXN007006,reconciled,2025-11-24
REC007007,TXN007007,reconciled,2026-04-26
REC007008,TXN007008,reconciled,2026-07-29
REC007009,TXN007009,reconciled,2025-12-05
REC007010,TXN007010,reconciled,2026-09-11
REC007011,TXN007011,unreconciled,
REC007012,TXN007012,reconciled,2025-10-07
REC007013,TXN007013,reconciled,2025-08-25
REC007014,TXN007014,reconciled,2025-12-24
REC007015,TXN007015,reconciled,2026-05-25
REC007016,TXN007016,reconciled,2026-04-14
REC007017,TXN007017,reconciled,2026-07-05
REC007018,TXN007018,reconciled,2026-08-25
REC007019,TXN007019,reconciled,2026-05-02
REC007020,TXN007020,unreconciled,
REC007021,TXN007021,reconciled,2026-06-25
REC007022,TXN007022,reconciled,2026-01-14
REC007023,TXN007023,reconciled,2025-08-15
REC007024,TXN007024,pending,
REC007025,TXN007025,unreconciled,
REC007026,TXN007026,reconciled,2026-08-19
REC007027,TXN007027,reconciled,2026-03-18
REC007028,TXN007028,reconciled,2026-07-02
REC007029,TXN007029,reconciled,2026-02-05
REC007030,TXN007030,unreconciled,
REC007031,TXN007031,reconciled,2026-06-14
REC007032,TXN007032,reconciled,2026-07-26
REC007033,TXN007033,reconciled,2026-01-27
REC007034,TXN007034,reconciled,2025-10-19
REC007035,TXN007035,reconciled,2026-01-14
REC007036,TXN007036,reconciled,2025-11-08
REC007037,TXN007037,reconciled,2025-11-20
REC007038,TXN007038,reconciled,2026-08-22
REC007039,TXN007039,reconciled,2026-02-05
REC007040,TXN007040,pending,
REC007041,TXN007041,unreconciled,
REC007042,TXN007042,unreconciled,
REC007043,TXN007043,reconciled,2025-12-13
REC007044,TXN007044,reconciled,2025-12-13
REC007045,TXN007045,unreconciled,
REC007046,TXN007046,reconciled,2025-09-25
REC007047,TXN007047,unreconciled,
REC007048,TXN007048,pending,
REC007049,TXN007049,unreconciled,
REC007050,TXN007050,reconciled,2026-01-18
REC007051,TXN007051,reconciled,2026-01-18
REC007052,TXN007052,reconciled,2025-10-22
REC007053,TXN007053,reconciled,2025-08-19
REC007054,TXN007054,reconciled,2026-07-06
REC007055,TXN007055,reconciled,2026-08-03
REC007056,TXN007056,reconciled,2026-04-21
REC007057,TXN007057,pending,
REC007058,TXN007058,reconciled,2026-03-27
REC007059,TXN007059,reconciled,2026-02-01
REC007060,TXN007060,reconciled,2026-07-25
REC007061,TXN007061,reconciled,2026-04-01
REC007062,TXN007062,reconciled,2026-05-27
REC007063,TXN007063,unreconciled,
REC007064,TXN007064,reconciled,2025-10-29
REC007065,TXN007065,reconciled,2025-08-10
REC007066,TXN007066,pending,
REC007067,TXN007067,unreconciled,
REC007068,TXN007068,unreconciled,
REC007069,TXN007069,unreconciled,
REC007070,TXN007070,reconciled,2026-01-22
REC007071,TXN007071,reconciled,2025-10-19
REC007072,TXN007072,reconciled,2026-06-09
REC007073,TXN007073,reconciled,2025-12-02
REC007074,TXN007074,reconciled,2025-10-31
REC007075,TXN007075,reconciled,2026-03-08
REC007076,TXN007076,pending,
REC007077,TXN007077,reconciled,2026-06-04
REC007078,TXN007078,reconciled,2026-02-06
REC007079,TXN007079,unreconciled,
REC007080,TXN007080,reconciled,2025-09-10
REC007081,TXN007081,reconciled,2026-04-13
REC007082,TXN007082,unreconciled,
REC007083,TXN007083,reconciled,2025-12-22
REC007084,TXN007084,pending,
REC007085,TXN007085,reconciled,2025-08-19
REC007086,TXN007086,reconciled,2025-11-24
REC007087,TXN007087,reconciled,2025-09-13
REC007088,TXN007088,reconciled,2026-05-31
REC007089,TXN007089,pending,
REC007090,TXN007090,unreconciled,
REC007091,TXN007091,reconciled,2025-10-31
REC007092,TXN007092,reconciled,2025-10-02
REC007093,TXN007093,reconciled,2025-12-20
REC007094,TXN007094,reconciled,2025-10-09
REC007095,TXN007095,reconciled,2026-08-19
REC007096,TXN007096,unreconciled,
REC007097,TXN007097,unreconciled,
REC007098,TXN007098,reconciled,2026-03-10
REC007099,TXN007099,reconciled,2026-05-05
REC007100,TXN007100,reconciled,2026-05-31
REC007101,TXN007101,reconciled,2025-11-17
REC007102,TXN007102,unreconciled,
REC007103,TXN007103,unreconciled,
REC007104,TXN007104,reconciled,2026-01-06
REC007105,TXN007105,unreconciled,
REC007106,TXN007106,reconciled,2026-03-19
REC007107,TXN007107,pending,
REC007108,TXN007108,pending,
REC007109,TXN007109,reconciled,2026-03-08
REC007110,TXN007110,reconciled,2026-08-10
REC007111,TXN007111,reconciled,2025-08-22
REC007112,TXN007112,reconciled,2025-10-31
REC007113,TXN007113,reconciled,2026-01-02
REC007114,TXN007114,reconciled,2026-02-06
REC007115,TXN007115,pending,
REC007116,TXN007116,reconciled,2026-04-04
REC007117,TXN007117,reconciled,2026-08-11
REC007118,TXN007118,reconciled,2026-02-25
REC007119,TXN007119,reconciled,2026-03-09
REC007120,TXN007120,reconciled,2025-10-23
REC007121,TXN007121,reconciled,2026-04-15
REC007122,TXN007122,reconciled,2026-04-01
REC007123,TXN007123,reconciled,2026-02-28
REC007124,TXN007124,reconciled,2026-04-28
REC007125,TXN007125,unreconciled,
REC007126,TXN007126,reconciled,2026-07-08
REC007127,TXN007127,reconciled,2026-09-03
REC007128,TXN007128,reconciled,2025-09-01
REC007129,TXN007129,reconciled,2026-04-14
REC007130,TXN007130,pending,
REC007131,TXN007131,reconciled,2026-03-15
REC007132,TXN007132,reconciled,2025-11-06
REC007133,TXN007133,reconciled,2025-09-08
REC007134,TXN007134,reconciled,2025-09-28
REC007135,TXN007135,unreconciled,
REC007136,TXN007136,reconciled,2026-06-20
REC007137,TXN007137,reconciled,2026-08-19
REC007138,TXN007138,reconciled,2026-05-03
REC007139,TXN007139,reconciled,2025-12-17
REC007140,TXN007140,reconciled,2026-05-13
REC007141,TXN007141,reconciled,2026-05-07
REC007142,TXN007142,reconciled,2026-02-16
REC007143,TXN007143,reconciled,2026-03-02
REC007144,TXN007144,unreconciled,
REC007145,TXN007145,pending,
REC007146,TXN007146,pending,
REC007147,TXN007147,pending,
REC007148,TXN007148,reconciled,2025-10-05
REC007149,TXN007149,unreconciled,
REC007150,TXN007150,reconciled,2025-08-23
REC007151,TXN007151,reconciled,2025-12-09
REC007152,TXN007152,reconciled,2026-08-22
REC007153,TXN007153,reconciled,2026-03-22
REC007154,TXN007154,pending,
REC007155,TXN007155,unreconciled,
REC007156,TXN007156,unreconciled,
REC007157,TXN007157,reconciled,2026-03-17
REC007158,TXN007158,unreconciled,
REC007159,TXN007159,unreconciled,
REC007160,TXN007160,reconciled,2025-12-14
REC007161,TXN007161,reconciled,2026-06-02
REC007162,TXN007162,pending,
REC007163,TXN007163,reconciled,2025-08-25
REC007164,TXN007164,reconciled,2025-08-14
REC007165,TXN007165,pending,
REC007166,TXN007166,reconciled,2026-07-01
REC007167,TXN007167,unreconciled,
REC007168,TXN007168,reconciled,2025-11-02
REC007169,TXN007169,reconciled,2026-08-14
REC007170,TXN007170,pending,
REC007171,TXN007171,reconciled,2026-07-01
REC007172,TXN007172,reconciled,2026-07-21
REC007173,TXN007173,reconciled,2026-07-23
REC007174,TXN007174,reconciled,2026-09-04
REC007175,TXN007175,reconciled,2026-04-30
REC007176,TXN007176,reconciled,2026-01-22
REC007177,TXN007177,reconciled,2026-01-07
REC007178,TXN007178,reconciled,2025-09-13
REC007179,TXN007179,reconciled,2025-09-22
REC007180,TXN007180,reconciled,2025-08-12
REC007181,TXN007181,reconciled,2025-12-26
REC007182,TXN007182,reconciled,2026-06-11
REC007183,TXN007183,pending,
REC007184,TXN007184,reconciled,2025-11-16
REC007185,TXN007185,reconciled,2026-02-27
REC007186,TXN007186,reconciled,2026-06-16
REC007187,TXN007187,reconciled,2025-10-03
REC007188,TXN007188,reconciled,2026-08-13
REC007189,TXN007189,reconciled,2026-06-08
REC007190,TXN007190,unreconciled,
REC007191,TXN007191,reconciled,2025-11-19
REC007192,TXN007192,unreconciled,
REC007193,TXN007193,reconciled,2026-04-24
REC007194,TXN007194,reconciled,2026-05-15
REC007195,TXN007195,reconciled,2025-10-03
REC007196,TXN007196,unreconciled,
REC007197,TXN007197,reconciled,2025-08-31
REC007198,TXN007198,reconciled,2025-09-13
REC007199,TXN007199,pending,
REC007200,TXN007200,reconciled,2025-11-15
REC007201,TXN007201,unreconciled,
REC007202,TXN007202,reconciled,2026-06-11
REC007203,TXN007203,reconciled,2026-03-20
REC007204,TXN007204,reconciled,2026-07-02
REC007205,TXN007205,unreconciled,
REC007206,TXN007206,pending,
REC007207,TXN007207,reconciled,2026-07-30
REC007208,TXN007208,reconciled,2026-02-05
REC007209,TXN007209,unreconciled,
REC007210,TXN007210,reconciled,2026-05-05
REC007211,TXN007211,reconciled,2026-01-26
REC007212,TXN007212,reconciled,2026-03-04
REC007213,TXN007213,reconciled,2026-05-24
REC007214,TXN007214,reconciled,2026-05-30
REC007215,TXN007215,reconciled,2025-09-05
REC007216,TXN007216,unreconciled,
REC007217,TXN007217,reconciled,2026-06-23
REC007218,TXN007218,unreconciled,
REC007219,TXN007219,reconciled,2025-12-23
REC007220,TXN007220,reconciled,2026-03-22
REC007221,TXN007221,reconciled,2026-01-30
REC007222,TXN007222,reconciled,2026-03-08
REC007223,TXN007223,pending,
REC007224,TXN007224,pending,
REC007225,TXN007225,reconciled,2026-07-02
REC007226,TXN007226,reconciled,2026-04-17
REC007227,TXN007227,reconciled,2025-10-20
REC007228,TXN007228,reconciled,2026-02-03
REC007229,TXN007229,reconciled,2026-01-23
REC007230,TXN007230,unreconciled,
REC007231,TXN007231,reconciled,2026-02-09
REC007232,TXN007232,pending,
REC007233,TXN007233,pending,
REC007234,TXN007234,reconciled,2026-01-23
REC007235,TXN007235,pending,
REC007236,TXN007236,reconciled,2026-02-24
REC007237,TXN007237,reconciled,2026-04-30
REC007238,TXN007238,reconciled,2026-07-17
REC007239,TXN007239,reconciled,2026-07-28
REC007240,TXN007240,reconciled,2026-03-22
REC007241,TXN007241,reconciled,2026-02-03
REC007242,TXN007242,reconciled,2026-04-24
REC007243,TXN007243,reconciled,2026-02-10
REC007244,TXN007244,unreconciled,
REC007245,TXN007245,reconciled,2026-02-13
REC007246,TXN007246,reconciled,2026-07-14
REC007247,TXN007247,reconciled,2026-01-11
REC007248,TXN007248,reconciled,2026-02-17
REC007249,TXN007249,reconciled,2025-12-11
REC007250,TXN007250,pending,
REC007251,TXN007251,reconciled,2026-04-18
REC007252,TXN007252,reconciled,2025-10-23
REC007253,TXN007253,reconciled,2026-02-03
REC007254,TXN007254,reconciled,2026-07-22
REC007255,TXN007255,reconciled,2026-09-01
REC007256,TXN007256,reconciled,2025-08-16
REC007257,TXN007257,reconciled,2026-05-06
REC007258,TXN007258,reconciled,2025-12-14
REC007259,TXN007259,reconciled,2026-06-13
REC007260,TXN007260,reconciled,2026-03-09
REC007261,TXN007261,unreconciled,
REC007262,TXN007262,pending,
REC007263,TXN007263,reconciled,2026-02-16
REC007264,TXN007264,reconciled,2025-12-19
REC007265,TXN007265,reconciled,2026-05-04
REC007266,TXN007266,reconciled,2026-01-17
REC007267,TXN007267,reconciled,2026-05-13
REC007268,TXN007268,reconciled,2026-04-27
REC007269,TXN007269,reconciled,2025-10-17
REC007270,TXN007270,reconciled,2025-12-31
REC007271,TXN007271,unreconciled,
REC007272,TXN007272,reconciled,2025-10-12
REC007273,TXN007273,reconciled,2026-08-25
REC007274,TXN007274,reconciled,2026-04-10
REC007275,TXN007275,reconciled,2025-12-15
REC007276,TXN007276,reconciled,2026-06-28
REC007277,TXN007277,reconciled,2026-01-02
REC007278,TXN007278,reconciled,2026-06-25
REC007279,TXN007279,pending,
REC007280,TXN007280,reconciled,2026-06-09
REC007281,TXN007281,reconciled,2025-10-10
REC007282,TXN007282,reconciled,2026-06-24
REC007283,TXN007283,reconciled,2026-06-13
REC007284,TXN007284,unreconciled,
REC007285,TXN007285,reconciled,2026-05-24
REC007286,TXN007286,reconciled,2025-11-09
REC007287,TXN007287,reconciled,2026-08-11
REC007288,TXN007288,pending,
REC007289,TXN007289,reconciled,2026-08-12
REC007290,TXN007290,reconciled,2026-07-30
REC007291,TXN007291,unreconciled,
REC007292,TXN007292,reconciled,2025-12-09
REC007293,TXN007293,reconciled,2026-08-19
REC007294,TXN007294,reconciled,2026-08-19
REC007295,TXN007295,reconciled,2026-07-09
REC007296,TXN007296,reconciled,2026-07-20
REC007297,TXN007297,unreconciled,
REC007298,TXN007298,reconciled,2026-01-26
REC007299,TXN007299,unreconciled,
REC007300,TXN007300,reconciled,2026-02-17
REC007301,TXN007301,reconciled,2026-07-28
REC007302,TXN007302,reconciled,2025-09-19
REC007303,TXN007303,reconciled,2026-06-30
REC007304,TXN007304,unreconciled,
REC007305,TXN007305,reconciled,2026-05-21
REC007306,TXN007306,reconciled,2026-03-27
REC007307,TXN007307,pending,
REC007308,TXN007308,unreconciled,
REC007309,TXN007309,reconciled,2026-01-30
REC007310,TXN007310,reconciled,2026-07-21
REC007311,TXN007311,unreconciled,
REC007312,TXN007312,reconciled,2026-07-19
REC007313,TXN007313,reconciled,2026-03-27
REC007314,TXN007314,unreconciled,
REC007315,TXN007315,reconciled,2026-09-15
REC007316,TXN007316,unreconciled,
REC007317,TXN007317,reconciled,2026-07-16
REC007318,TXN007318,reconciled,2026-06-20
REC007319,TXN007319,unreconciled,
REC007320,TXN007320,unreconciled,
REC007321,TXN007321,reconciled,2025-12-20
REC007322,TXN007322,reconciled,2025-09-20
REC007323,TXN007323,reconciled,2025-12-04
REC007324,TXN007324,reconciled,2025-10-22
REC007325,TXN007325,unreconciled,
REC007326,TXN007326,reconciled,2026-04-13
REC007327,TXN007327,reconciled,2026-05-31
REC007328,TXN007328,pending,
REC007329,TXN007329,unreconciled,
REC007330,TXN007330,reconciled,2026-04-30
REC007331,TXN007331,reconciled,2025-11-19
REC007332,TXN007332,reconciled,2025-10-10
REC007333,TXN007333,reconciled,2026-06-27
REC007334,TXN007334,reconciled,2026-05-29
REC007335,TXN007335,unreconciled,
REC007336,TXN007336,unreconciled,
REC007337,TXN007337,reconciled,2026-04-11
REC007338,TXN007338,unreconciled,
REC007339,TXN007339,reconciled,2026-09-06
REC007340,TXN007340,reconciled,2025-08-28
REC007341,TXN007341,reconciled,2026-07-17
REC007342,TXN007342,reconciled,2026-04-27
REC007343,TXN007343,reconciled,2026-09-03
REC007344,TXN007344,reconciled,2025-08-18
REC007345,TXN007345,unreconciled,
REC007346,TXN007346,reconciled,2025-12-30
REC007347,TXN007347,reconciled,2026-03-26
REC007348,TXN007348,unreconciled,
REC007349,TXN007349,reconciled,2026-06-04
REC007350,TXN007350,pending,
REC007351,TXN007351,reconciled,2026-06-26
REC007352,TXN007352,reconciled,2025-10-09
REC007353,TXN007353,unreconciled,
REC007354,TXN007354,pending,
REC007355,TXN007355,reconciled,2026-05-18
REC007356,TXN007356,reconciled,2026-01-15
REC007357,TXN007357,pending,
REC007358,TXN007358,reconciled,2025-11-25
REC007359,TXN007359,reconciled,2025-09-19
REC007360,TXN007360,unreconciled,
REC007361,TXN007361,pending,
REC007362,TXN007362,pending,
REC007363,TXN007363,reconciled,2026-02-27
REC007364,TXN007364,reconciled,2026-04-17
REC007365,TXN007365,reconciled,2025-10-26
REC007366,TXN007366,reconciled,2026-07-10
REC007367,TXN007367,reconciled,2026-03-14
REC007368,TXN007368,pending,
REC007369,TXN007369,reconciled,2026-01-21
REC007370,TXN007370,unreconciled,
REC007371,TXN007371,reconciled,2026-06-14
REC007372,TXN007372,unreconciled,
REC007373,TXN007373,reconciled,2026-01-08
REC007374,TXN007374,unreconciled,
REC007375,TXN007375,reconciled,2026-07-17
REC007376,TXN007376,reconciled,2026-02-13
REC007377,TXN007377,pending,
REC007378,TXN007378,reconciled,2026-01-31
REC007379,TXN007379,reconciled,2026-03-05
REC007380,TXN007380,reconciled,2026-06-23
REC007381,TXN007381,reconciled,2025-09-01
REC007382,TXN007382,reconciled,2025-10-10
REC007383,TXN007383,reconciled,2026-04-18
REC007384,TXN007384,reconciled,2026-08-31
REC007385,TXN007385,reconciled,2026-05-10
REC007386,TXN007386,reconciled,2026-07-25
REC007387,TXN007387,reconciled,2025-08-24
REC007388,TXN007388,reconciled,2026-04-11
REC007389,TXN007389,reconciled,2026-08-11
REC007390,TXN007390,reconciled,2026-06-04
REC007391,TXN007391,reconciled,2025-11-30
REC007392,TXN007392,reconciled,2026-03-13
REC007393,TXN007393,reconciled,2026-06-14
REC007394,TXN007394,pending,
REC007395,TXN007395,pending,
REC007396,TXN007396,reconciled,2025-11-29
REC007397,TXN007397,reconciled,2026-06-22
REC007398,TXN007398,pending,
REC007399,TXN007399,reconciled,2025-09-17
REC007400,TXN007400,unreconciled,
REC007401,TXN007401,reconciled,2026-07-28
REC007402,TXN007402,reconciled,2026-03-04
REC007403,TXN007403,reconciled,2025-08-28
REC007404,TXN007404,reconciled,2025-09-16
REC007405,TXN007405,reconciled,2025-10-07
REC007406,TXN007406,reconciled,2026-04-30
REC007407,TXN007407,unreconciled,
REC007408,TXN007408,pending,
REC007409,TXN007409,reconciled,2026-04-09
REC007410,TXN007410,unreconciled,
REC007411,TXN007411,reconciled,2025-11-23
REC007412,TXN007412,reconciled,2025-09-19
REC007413,TXN007413,pending,
REC007414,TXN007414,reconciled,2026-01-26
REC007415,TXN007415,reconciled,2026-03-21
REC007416,TXN007416,pending,
REC007417,TXN007417,pending,
REC007418,TXN007418,reconciled,2026-03-20
REC007419,TXN007419,unreconciled,
REC007420,TXN007420,unreconciled,
REC007421,TXN007421,reconciled,2025-09-16
REC007422,TXN007422,reconciled,2025-09-09
REC007423,TXN007423,reconciled,2025-12-10
REC007424,TXN007424,pending,
REC007425,TXN007425,reconciled,2026-05-16
REC007426,TXN007426,reconciled,2026-05-11
REC007427,TXN007427,unreconciled,
REC007428,TXN007428,pending,
REC007429,TXN007429,pending,
REC007430,TXN007430,reconciled,2026-08-28
REC007431,TXN007431,reconciled,2026-08-23
REC007432,TXN007432,reconciled,2025-12-29
REC007433,TXN007433,reconciled,2026-03-13
REC007434,TXN007434,reconciled,2026-02-17
REC007435,TXN007435,reconciled,2026-04-01
REC007436,TXN007436,reconciled,2025-09-28
REC007437,TXN007437,reconciled,2026-02-23
REC007438,TXN007438,reconciled,2026-07-15
REC007439,TXN007439,pending,
REC007440,TXN007440,unreconciled,
REC007441,TXN007441,unreconciled,
REC007442,TXN007442,reconciled,2025-12-04
REC007443,TXN007443,reconciled,2026-04-03
REC007444,TXN007444,reconciled,2026-06-08
REC007445,TXN007445,unreconciled,
REC007446,TXN007446,reconciled,2025-08-11
REC007447,TXN007447,reconciled,2025-12-02
REC007448,TXN007448,unreconciled,
REC007449,TXN007449,reconciled,2026-03-13
REC007450,TXN007450,reconciled,2025-09-15
REC007451,TXN007451,reconciled,2026-08-03
REC007452,TXN007452,reconciled,2026-08-18
REC007453,TXN007453,pending,
REC007454,TXN007454,reconciled,2026-02-02
REC007455,TXN007455,reconciled,2026-07-29
REC007456,TXN007456,reconciled,2026-03-17
REC007457,TXN007457,reconciled,2025-12-31
REC007458,TXN007458,reconciled,2026-06-23
REC007459,TXN007459,pending,
REC007460,TXN007460,reconciled,2026-06-01
REC007461,TXN007461,reconciled,2025-10-04
REC007462,TXN007462,reconciled,2026-07-04
REC007463,TXN007463,pending,
REC007464,TXN007464,reconciled,2025-11-08
REC007465,TXN007465,reconciled,2025-10-23
REC007466,TXN007466,unreconciled,
REC007467,TXN007467,unreconciled,
REC007468,TXN007468,pending,
REC007469,TXN007469,reconciled,2026-07-23
REC007470,TXN007470,pending,
REC007471,TXN007471,reconciled,2025-11-13
REC007472,TXN007472,unreconciled,
REC007473,TXN007473,reconciled,2026-02-13
REC007474,TXN007474,pending,
REC007475,TXN007475,reconciled,2026-08-19
REC007476,TXN007476,reconciled,2025-11-01
REC007477,TXN007477,unreconciled,
REC007478,TXN007478,reconciled,2025-11-01
REC007479,TXN007479,reconciled,2026-04-19
REC007480,TXN007480,reconciled,2026-03-30
REC007481,TXN007481,reconciled,2026-02-28
REC007482,TXN007482,pending,
REC007483,TXN007483,unreconciled,
REC007484,TXN007484,reconciled,2026-09-03
REC007485,TXN007485,reconciled,2026-09-04
REC007486,TXN007486,reconciled,2025-12-12
REC007487,TXN007487,pending,
REC007488,TXN007488,reconciled,2026-01-30
REC007489,TXN007489,unreconciled,
REC007490,TXN007490,reconciled,2026-05-02
REC007491,TXN007491,reconciled,2025-08-09
REC007492,TXN007492,unreconciled,
REC007493,TXN007493,reconciled,2025-11-05
REC007494,TXN007494,reconciled,2026-01-06
REC007495,TXN007495,unreconciled,
REC007496,TXN007496,reconciled,2025-09-10
REC007497,TXN007497,reconciled,2025-11-28
REC007498,TXN007498,pending,
REC007499,TXN007499,reconciled,2025-10-28
REC007500,TXN007500,reconciled,2026-02-18
REC007501,TXN007501,reconciled,2025-08-26
REC007502,TXN007502,pending,
REC007503,TXN007503,reconciled,2025-12-26
REC007504,TXN007504,reconciled,2026-01-20
REC007505,TXN007505,reconciled,2026-07-11
REC007506,TXN007506,unreconciled,
REC007507,TXN007507,reconciled,2026-07-23
REC007508,TXN007508,reconciled,2025-10-31
REC007509,TXN007509,reconciled,2025-10-27
REC007510,TXN007510,unreconciled,
REC007511,TXN007511,pending,
REC007512,TXN007512,unreconciled,
REC007513,TXN007513,reconciled,2026-01-14
REC007514,TXN007514,reconciled,2025-10-31
REC007515,TXN007515,reconciled,2026-03-19
REC007516,TXN007516,reconciled,2026-07-01
REC007517,TXN007517,reconciled,2026-07-06
REC007518,TXN007518,unreconciled,
REC007519,TXN007519,unreconciled,
REC007520,TXN007520,reconciled,2026-08-19
REC007521,TXN007521,reconciled,2025-11-27
REC007522,TXN007522,reconciled,2026-06-10
REC007523,TXN007523,reconciled,2026-04-09
REC007524,TXN007524,reconciled,2026-07-03
REC007525,TXN007525,reconciled,2026-05-26
REC007526,TXN007526,reconciled,2026-06-09
REC007527,TXN007527,reconciled,2026-09-07
REC007528,TXN007528,reconciled,2026-07-24
REC007529,TXN007529,pending,
REC007530,TXN007530,reconciled,2026-08-10
REC007531,TXN007531,reconciled,2025-11-09
REC007532,TXN007532,reconciled,2025-08-14
REC007533,TXN007533,reconciled,2026-08-01
REC007534,TXN007534,reconciled,2025-09-05
REC007535,TXN007535,reconciled,2026-01-14
REC007536,TXN007536,reconciled,2026-03-09
REC007537,TXN007537,unreconciled,
REC007538,TXN007538,reconciled,2025-12-17
REC007539,TXN007539,reconciled,2026-01-29
REC007540,TXN007540,reconciled,2025-10-03
REC007541,TXN007541,unreconciled,
REC007542,TXN007542,reconciled,2025-12-05
REC007543,TXN007543,reconciled,2026-07-22
REC007544,TXN007544,pending,
REC007545,TXN007545,unreconciled,
REC007546,TXN007546,reconciled,2026-06-20
REC007547,TXN007547,reconciled,2025-10-08
REC007548,TXN007548,reconciled,2025-09-19
REC007549,TXN007549,reconciled,2025-12-24
REC007550,TXN007550,reconciled,2026-06-11
REC007551,TXN007551,pending,
REC007552,TXN007552,unreconciled,
REC007553,TXN007553,reconciled,2025-09-08
REC007554,TXN007554,reconciled,2026-06-20
REC007555,TXN007555,reconciled,2026-02-11
REC007556,TXN007556,reconciled,2026-04-26
REC007557,TXN007557,unreconciled,
REC007558,TXN007558,reconciled,2026-03-29
REC007559,TXN007559,unreconciled,
REC007560,TXN007560,reconciled,2026-07-30
REC007561,TXN007561,reconciled,2025-09-21
REC007562,TXN007562,reconciled,2025-12-30
REC007563,TXN007563,unreconciled,
REC007564,TXN007564,reconciled,2026-06-30
REC007565,TXN007565,reconciled,2026-08-26
REC007566,TXN007566,reconciled,2025-11-14
REC007567,TXN007567,reconciled,2025-11-22
REC007568,TXN007568,unreconciled,
REC007569,TXN007569,reconciled,2025-11-19
REC007570,TXN007570,reconciled,2026-04-06
REC007571,TXN007571,reconciled,2025-10-28
REC007572,TXN007572,unreconciled,
REC007573,TXN007573,unreconciled,
REC007574,TXN007574,reconciled,2025-09-04
REC007575,TXN007575,unreconciled,
REC007576,TXN007576,reconciled,2026-04-02
REC007577,TXN007577,reconciled,2026-08-18
REC007578,TXN007578,reconciled,2025-12-18
REC007579,TXN007579,reconciled,2026-06-20
REC007580,TXN007580,reconciled,2026-04-03
REC007581,TXN007581,unreconciled,
REC007582,TXN007582,reconciled,2026-04-16
REC007583,TXN007583,pending,
REC007584,TXN007584,reconciled,2026-04-22
REC007585,TXN007585,reconciled,2026-06-30
REC007586,TXN007586,reconciled,2025-11-12
REC007587,TXN007587,reconciled,2026-05-14
REC007588,TXN007588,reconciled,2026-08-10
REC007589,TXN007589,pending,
REC007590,TXN007590,reconciled,2026-08-30
REC007591,TXN007591,reconciled,2026-06-17
REC007592,TXN007592,unreconciled,
REC007593,TXN007593,reconciled,2026-08-27
REC007594,TXN007594,reconciled,2026-06-27
REC007595,TXN007595,reconciled,2026-01-13
REC007596,TXN007596,reconciled,2026-02-27
REC007597,TXN007597,reconciled,2025-09-19
REC007598,TXN007598,pending,
REC007599,TXN007599,reconciled,2026-07-09
REC007600,TXN007600,unreconciled,
REC007601,TXN007601,unreconciled,
REC007602,TXN007602,reconciled,2025-10-04
REC007603,TXN007603,reconciled,2025-08-17
REC007604,TXN007604,reconciled,2026-08-18
REC007605,TXN007605,unreconciled,
REC007606,TXN007606,reconciled,2026-04-09
REC007607,TXN007607,reconciled,2025-11-02
REC007608,TXN007608,reconciled,2026-01-25
REC007609,TXN007609,unreconciled,
REC007610,TXN007610,reconciled,2026-05-02
REC007611,TXN007611,unreconciled,
REC007612,TXN007612,reconciled,2026-01-23
REC007613,TXN007613,reconciled,2026-02-02
REC007614,TXN007614,reconciled,2026-04-25
REC007615,TXN007615,reconciled,2025-11-21
REC007616,TXN007616,reconciled,2026-09-03
REC007617,TXN007617,reconciled,2026-04-05
REC007618,TXN007618,reconciled,2026-08-18
REC007619,TXN007619,reconciled,2026-01-04
REC007620,TXN007620,reconciled,2026-01-09
REC007621,TXN007621,reconciled,2025-09-03
REC007622,TXN007622,reconciled,2026-05-14
REC007623,TXN007623,unreconciled,
REC007624,TXN007624,reconciled,2026-03-25
REC007625,TXN007625,pending,
REC007626,TXN007626,unreconciled,
REC007627,TXN007627,reconciled,2026-08-15
REC007628,TXN007628,reconciled,2026-08-20
REC007629,TXN007629,reconciled,2026-06-18
REC007630,TXN007630,reconciled,2026-01-09
REC007631,TXN007631,pending,
REC007632,TXN007632,reconciled,2026-07-01
REC007633,TXN007633,reconciled,2026-03-20
REC007634,TXN007634,reconciled,2026-05-31
REC007635,TXN007635,reconciled,2026-03-19
REC007636,TXN007636,reconciled,2026-06-01
REC007637,TXN007637,reconciled,2025-10-12
REC007638,TXN007638,reconciled,2025-11-25
REC007639,TXN007639,reconciled,2026-06-03
REC007640,TXN007640,reconciled,2025-10-25
REC007641,TXN007641,unreconciled,
REC007642,TXN007642,reconciled,2026-02-19
REC007643,TXN007643,reconciled,2025-08-07
REC007644,TXN007644,reconciled,2026-06-25
REC007645,TXN007645,reconciled,2025-08-15
REC007646,TXN007646,reconciled,2026-01-04
REC007647,TXN007647,pending,
REC007648,TXN007648,reconciled,2026-06-20
REC007649,TXN007649,reconciled,2025-10-26
REC007650,TXN007650,reconciled,2025-12-12
REC007651,TXN007651,reconciled,2025-11-15
REC007652,TXN007652,reconciled,2026-07-16
REC007653,TXN007653,reconciled,2026-01-14
REC007654,TXN007654,reconciled,2026-04-21
REC007655,TXN007655,reconciled,2026-04-18
REC007656,TXN007656,reconciled,2026-08-10
REC007657,TXN007657,pending,
REC007658,TXN007658,unreconciled,
REC007659,TXN007659,reconciled,2026-04-30
REC007660,TXN007660,reconciled,2025-09-26
REC007661,TXN007661,reconciled,2026-05-01
REC007662,TXN007662,reconciled,2026-04-12
REC007663,TXN007663,reconciled,2026-03-07
REC007664,TXN007664,reconciled,2026-03-15
REC007665,TXN007665,unreconciled,
REC007666,TXN007666,reconciled,2026-02-16
REC007667,TXN007667,reconciled,2026-05-05
REC007668,TXN007668,pending,
REC007669,TXN007669,reconciled,2025-08-24
REC007670,TXN007670,reconciled,2026-07-22
REC007671,TXN007671,reconciled,2026-04-06
REC007672,TXN007672,unreconciled,
REC007673,TXN007673,reconciled,2026-02-23
REC007674,TXN007674,reconciled,2026-04-18
REC007675,TXN007675,reconciled,2026-07-02
REC007676,TXN007676,reconciled,2026-05-29
REC007677,TXN007677,reconciled,2026-06-26
REC007678,TXN007678,reconciled,2025-12-19
REC007679,TXN007679,reconciled,2026-05-03
REC007680,TXN007680,reconciled,2025-10-06
REC007681,TXN007681,reconciled,2026-03-21
REC007682,TXN007682,unreconciled,
REC007683,TXN007683,reconciled,2025-11-26
REC007684,TXN007684,reconciled,2025-09-21
REC007685,TXN007685,unreconciled,
REC007686,TXN007686,reconciled,2026-06-20
REC007687,TXN007687,reconciled,2026-04-21
REC007688,TXN007688,reconciled,2025-09-09
REC007689,TXN007689,reconciled,2026-07-02
REC007690,TXN007690,reconciled,2026-07-21
REC007691,TXN007691,reconciled,2026-03-23
REC007692,TXN007692,reconciled,2025-11-09
REC007693,TXN007693,reconciled,2026-08-15
REC007694,TXN007694,reconciled,2026-08-29
REC007695,TXN007695,reconciled,2025-11-02
REC007696,TXN007696,pending,
REC007697,TXN007697,reconciled,2025-08-10
REC007698,TXN007698,unreconciled,
REC007699,TXN007699,reconciled,2026-02-27
REC007700,TXN007700,unreconciled,
REC007701,TXN007701,unreconciled,
REC007702,TXN007702,reconciled,2026-01-20
REC007703,TXN007703,reconciled,2026-05-19
REC007704,TXN007704,reconciled,2026-08-05
REC007705,TXN007705,reconciled,2026-05-16
REC007706,TXN007706,reconciled,2026-08-11
REC007707,TXN007707,pending,
REC007708,TXN007708,unreconciled,
REC007709,TXN007709,reconciled,2025-12-10
REC007710,TXN007710,reconciled,2025-11-16
REC007711,TXN007711,unreconciled,
REC007712,TXN007712,unreconciled,
REC007713,TXN007713,reconciled,2026-01-05
REC007714,TXN007714,unreconciled,
REC007715,TXN007715,reconciled,2025-11-13
REC007716,TXN007716,reconciled,2025-09-09
REC007717,TXN007717,reconciled,2026-07-28
REC007718,TXN007718,reconciled,2026-05-11
REC007719,TXN007719,unreconciled,
REC007720,TXN007720,reconciled,2025-11-05
REC007721,TXN007721,reconciled,2026-03-26
REC007722,TXN007722,reconciled,2026-01-03
REC007723,TXN007723,pending,
REC007724,TXN007724,reconciled,2025-12-29
REC007725,TXN007725,reconciled,2026-07-07
REC007726,TXN007726,reconciled,2025-10-15
REC007727,TXN007727,reconciled,2026-02-22
REC007728,TXN007728,reconciled,2025-12-12
REC007729,TXN007729,unreconciled,
REC007730,TXN007730,reconciled,2025-09-25
REC007731,TXN007731,reconciled,2026-06-23
REC007732,TXN007732,reconciled,2026-03-24
REC007733,TXN007733,reconciled,2026-07-01
REC007734,TXN007734,pending,
REC007735,TXN007735,reconciled,2025-10-09
REC007736,TXN007736,reconciled,2025-08-18
REC007737,TXN007737,reconciled,2026-04-05
REC007738,TXN007738,reconciled,2026-07-11
REC007739,TXN007739,reconciled,2026-01-25
REC007740,TXN007740,reconciled,2026-05-01
REC007741,TXN007741,reconciled,2026-06-06
REC007742,TXN007742,reconciled,2025-08-07
REC007743,TXN007743,reconciled,2025-09-23
REC007744,TXN007744,reconciled,2026-03-09
REC007745,TXN007745,reconciled,2026-05-08
REC007746,TXN007746,reconciled,2025-12-23
REC007747,TXN007747,reconciled,2025-11-05
REC007748,TXN007748,reconciled,2025-11-22
REC007749,TXN007749,reconciled,2026-06-12
REC007750,TXN007750,reconciled,2025-12-08
REC007751,TXN007751,pending,
REC007752,TXN007752,reconciled,2026-01-06
REC007753,TXN007753,reconciled,2026-06-02
REC007754,TXN007754,reconciled,2025-10-11
REC007755,TXN007755,unreconciled,
REC007756,TXN007756,reconciled,2026-01-06
REC007757,TXN007757,reconciled,2026-05-12
REC007758,TXN007758,reconciled,2026-07-15
REC007759,TXN007759,unreconciled,
REC007760,TXN007760,reconciled,2025-11-07
REC007761,TXN007761,reconciled,2026-08-26
REC007762,TXN007762,reconciled,2025-09-17
REC007763,TXN007763,reconciled,2026-06-07
REC007764,TXN007764,reconciled,2025-09-29
REC007765,TXN007765,reconciled,2026-08-10
REC007766,TXN007766,reconciled,2026-06-12
REC007767,TXN007767,reconciled,2025-11-09
REC007768,TXN007768,unreconciled,
REC007769,TXN007769,unreconciled,
REC007770,TXN007770,reconciled,2026-01-01
REC007771,TXN007771,reconciled,2026-03-21
REC007772,TXN007772,unreconciled,
REC007773,TXN007773,unreconciled,
REC007774,TXN007774,reconciled,2026-07-12
REC007775,TXN007775,unreconciled,
REC007776,TXN007776,reconciled,2026-07-24
REC007777,TXN007777,pending,
REC007778,TXN007778,reconciled,2026-04-16
REC007779,TXN007779,reconciled,2026-06-03
REC007780,TXN007780,unreconciled,
REC007781,TXN007781,reconciled,2026-02-28
REC007782,TXN007782,reconciled,2026-02-10
REC007783,TXN007783,pending,
REC007784,TXN007784,unreconciled,
REC007785,TXN007785,reconciled,2025-08-24
REC007786,TXN007786,reconciled,2026-03-28
REC007787,TXN007787,unreconciled,
REC007788,TXN007788,pending,
REC007789,TXN007789,reconciled,2026-07-17
REC007790,TXN007790,reconciled,2026-07-16
REC007791,TXN007791,reconciled,2026-08-06
REC007792,TXN007792,reconciled,2026-06-02
REC007793,TXN007793,reconciled,2026-07-31
REC007794,TXN007794,unreconciled,
REC007795,TXN007795,reconciled,2025-12-18
REC007796,TXN007796,reconciled,2026-03-12
REC007797,TXN007797,reconciled,2025-08-19
REC007798,TXN007798,reconciled,2025-10-10
REC007799,TXN007799,reconciled,2026-07-31
REC007800,TXN007800,reconciled,2026-05-19
REC007801,TXN007801,reconciled,2025-12-30
REC007802,TXN007802,unreconciled,
REC007803,TXN007803,reconciled,2026-04-30
REC007804,TXN007804,reconciled,2026-03-06
REC007805,TXN007805,reconciled,2025-11-06
REC007806,TXN007806,reconciled,2026-04-03
REC007807,TXN007807,reconciled,2025-11-06
REC007808,TXN007808,reconciled,2026-01-27
REC007809,TXN007809,unreconciled,
REC007810,TXN007810,reconciled,2025-11-01
REC007811,TXN007811,reconciled,2026-06-17
REC007812,TXN007812,unreconciled,
REC007813,TXN007813,reconciled,2026-07-01
REC007814,TXN007814,reconciled,2025-09-15
REC007815,TXN007815,reconciled,2025-11-20
REC007816,TXN007816,pending,
REC007817,TXN007817,reconciled,2025-10-18
REC007818,TXN007818,reconciled,2026-05-02
REC007819,TXN007819,reconciled,2026-02-20
REC007820,TXN007820,reconciled,2025-12-02
REC007821,TXN007821,unreconciled,
REC007822,TXN007822,unreconciled,
REC007823,TXN007823,reconciled,2026-07-02
REC007824,TXN007824,reconciled,2025-09-28
REC007825,TXN007825,unreconciled,
REC007826,TXN007826,reconciled,2026-06-05
REC007827,TXN007827,reconciled,2026-02-10
REC007828,TXN007828,reconciled,2026-03-22
REC007829,TXN007829,unreconciled,
REC007830,TXN007830,reconciled,2026-02-17
REC007831,TXN007831,reconciled,2025-10-24
REC007832,TXN007832,pending,
REC007833,TXN007833,unreconciled,
REC007834,TXN007834,reconciled,2025-09-30
REC007835,TXN007835,pending,
REC007836,TXN007836,reconciled,2025-11-19
REC007837,TXN007837,reconciled,2026-08-03
REC007838,TXN007838,reconciled,2026-05-11
REC007839,TXN007839,reconciled,2026-06-29
REC007840,TXN007840,unreconciled,
REC007841,TXN007841,reconciled,2025-10-12
REC007842,TXN007842,reconciled,2025-12-14
REC007843,TXN007843,reconciled,2026-06-28
REC007844,TXN007844,reconciled,2025-09-17
REC007845,TXN007845,pending,
REC007846,TXN007846,reconciled,2026-09-06
REC007847,TXN007847,reconciled,2025-12-05
REC007848,TXN007848,reconciled,2026-01-10
REC007849,TXN007849,reconciled,2026-09-04
REC007850,TXN007850,reconciled,2026-01-25
REC007851,TXN007851,reconciled,2026-02-15
REC007852,TXN007852,reconciled,2026-01-18
REC007853,TXN007853,reconciled,2026-09-01
REC007854,TXN007854,reconciled,2026-07-07
REC007855,TXN007855,reconciled,2026-03-08
REC007856,TXN007856,reconciled,2026-01-23
REC007857,TXN007857,reconciled,2025-08-19
REC007858,TXN007858,unreconciled,
REC007859,TXN007859,pending,
REC007860,TXN007860,reconciled,2026-05-24
REC007861,TXN007861,reconciled,2026-02-19
REC007862,TXN007862,unreconciled,
REC007863,TXN007863,reconciled,2025-11-22
REC007864,TXN007864,reconciled,2026-02-13
REC007865,TXN007865,reconciled,2025-10-13
REC007866,TXN007866,reconciled,2026-02-10
REC007867,TXN007867,reconciled,2026-04-08
REC007868,TXN007868,reconciled,2025-08-10
REC007869,TXN007869,reconciled,2026-07-09
REC007870,TXN007870,reconciled,2026-04-10
REC007871,TXN007871,pending,
REC007872,TXN007872,reconciled,2025-12-06
REC007873,TXN007873,reconciled,2025-09-19
REC007874,TXN007874,pending,
REC007875,TXN007875,reconciled,2026-08-04
REC007876,TXN007876,pending,
REC007877,TXN007877,reconciled,2026-03-18
REC007878,TXN007878,unreconciled,
REC007879,TXN007879,unreconciled,
REC007880,TXN007880,reconciled,2026-08-01
REC007881,TXN007881,reconciled,2026-02-07
REC007882,TXN007882,pending,
REC007883,TXN007883,pending,
REC007884,TXN007884,reconciled,2026-08-16
REC007885,TXN007885,reconciled,2026-06-17
REC007886,TXN007886,reconciled,2026-05-03
REC007887,TXN007887,reconciled,2026-03-29
REC007888,TXN007888,reconciled,2026-05-14
REC007889,TXN007889,reconciled,2026-08-04
REC007890,TXN007890,reconciled,2025-08-23
REC007891,TXN007891,reconciled,2026-04-07
REC007892,TXN007892,unreconciled,
REC007893,TXN007893,reconciled,2026-08-31
REC007894,TXN007894,reconciled,2026-09-01
REC007895,TXN007895,reconciled,2026-08-08
REC007896,TXN007896,reconciled,2025-09-16
REC007897,TXN007897,reconciled,2025-10-04
REC007898,TXN007898,reconciled,2025-12-31
REC007899,TXN007899,reconciled,2026-05-20
REC007900,TXN007900,reconciled,2026-05-17
REC007901,TXN007901,reconciled,2025-11-19
REC007902,TXN007902,reconciled,2026-04-06
REC007903,TXN007903,unreconciled,
REC007904,TXN007904,reconciled,2025-11-19
REC007905,TXN007905,unreconciled,
REC007906,TXN007906,unreconciled,
REC007907,TXN007907,reconciled,2025-12-11
REC007908,TXN007908,pending,
REC007909,TXN007909,pending,
REC007910,TXN007910,reconciled,2026-07-03
REC007911,TXN007911,reconciled,2025-11-09
REC007912,TXN007912,reconciled,2026-04-02
REC007913,TXN007913,pending,
REC007914,TXN007914,reconciled,2026-06-26
REC007915,TXN007915,reconciled,2026-05-27
REC007916,TXN007916,reconciled,2026-05-19
REC007917,TXN007917,reconciled,2026-04-08
REC007918,TXN007918,reconciled,2026-03-06
REC007919,TXN007919,reconciled,2025-08-19
REC007920,TXN007920,reconciled,2025-09-19
REC007921,TXN007921,unreconciled,
REC007922,TXN007922,reconciled,2026-06-12
REC007923,TXN007923,reconciled,2026-02-17
REC007924,TXN007924,reconciled,2026-04-10
REC007925,TXN007925,pending,
REC007926,TXN007926,reconciled,2025-11-21
REC007927,TXN007927,reconciled,2025-11-29
REC007928,TXN007928,reconciled,2026-04-29
REC007929,TXN007929,reconciled,2026-09-02
REC007930,TXN007930,reconciled,2025-10-11
REC007931,TXN007931,reconciled,2026-03-26
REC007932,TXN007932,reconciled,2026-07-17
REC007933,TXN007933,unreconciled,
REC007934,TXN007934,reconciled,2026-06-28
REC007935,TXN007935,unreconciled,
REC007936,TXN007936,reconciled,2025-11-27
REC007937,TXN007937,unreconciled,
REC007938,TXN007938,reconciled,2026-06-13
REC007939,TXN007939,reconciled,2026-08-24
REC007940,TXN007940,pending,
REC007941,TXN007941,reconciled,2026-07-03
REC007942,TXN007942,reconciled,2026-03-01
REC007943,TXN007943,reconciled,2026-07-04
REC007944,TXN007944,reconciled,2026-08-04
REC007945,TXN007945,reconciled,2026-01-25
REC007946,TXN007946,unreconciled,
REC007947,TXN007947,reconciled,2025-12-20
REC007948,TXN007948,reconciled,2026-03-26
REC007949,TXN007949,reconciled,2026-01-08
REC007950,TXN007950,reconciled,2026-08-07
REC007951,TXN007951,reconciled,2026-06-19
REC007952,TXN007952,pending,
REC007953,TXN007953,reconciled,2026-06-12
REC007954,TXN007954,reconciled,2025-11-18
REC007955,TXN007955,reconciled,2025-11-18
REC007956,TXN007956,reconciled,2026-06-16
REC007957,TXN007957,reconciled,2026-08-02
REC007958,TXN007958,reconciled,2026-05-19
REC007959,TXN007959,reconciled,2026-09-05
REC007960,TXN007960,reconciled,2026-04-05
REC007961,TXN007961,reconciled,2026-02-25
REC007962,TXN007962,reconciled,2026-07-13
REC007963,TXN007963,pending,
REC007964,TXN007964,reconciled,2026-01-13
REC007965,TXN007965,reconciled,2026-08-10
REC007966,TXN007966,unreconciled,
REC007967,TXN007967,reconciled,2026-08-13
REC007968,TXN007968,pending,
REC007969,TXN007969,reconciled,2026-05-25
REC007970,TXN007970,reconciled,2026-08-09
REC007971,TXN007971,reconciled,2025-10-17
REC007972,TXN007972,reconciled,2026-03-08
REC007973,TXN007973,reconciled,2026-06-16
REC007974,TXN007974,unreconciled,
REC007975,TXN007975,reconciled,2026-02-21
REC007976,TXN007976,reconciled,2026-03-07
REC007977,TXN007977,reconciled,2026-05-21
REC007978,TXN007978,reconciled,2025-09-15
REC007979,TXN007979,reconciled,2026-02-12
REC007980,TXN007980,unreconciled,
REC007981,TXN007981,reconciled,2025-12-20
REC007982,TXN007982,reconciled,2026-02-25
REC007983,TXN007983,unreconciled,
REC007984,TXN007984,reconciled,2025-08-06
REC007985,TXN007985,unreconciled,
REC007986,TXN007986,reconciled,2025-11-24
REC007987,TXN007987,reconciled,2026-07-18
REC007988,TXN007988,reconciled,2026-09-16
REC007989,TXN007989,reconciled,2026-08-09
REC007990,TXN007990,reconciled,2026-03-14
REC007991,TXN007991,reconciled,2026-09-07
REC007992,TXN007992,reconciled,2026-03-04
REC007993,TXN007993,reconciled,2025-11-18
REC007994,TXN007994,pending,
REC007995,TXN007995,pending,
REC007996,TXN007996,unreconciled,
REC007997,TXN007997,reconciled,2026-05-01
REC007998,TXN007998,reconciled,2026-07-22
REC007999,TXN007999,reconciled,2026-05-29
REC008000,TXN008000,reconciled,2026-05-25
