transaction_id,transaction_date,vendor_id,amount,category,account,transaction_type,reconciliation_status,description,currency
TXN000001,2025-08-24,V0034,67025.85,Packaging,Purchases,debit,reconciled,Repair and maintenance,INR
TXN000002,2025-11-16,V0032,36504.25,Utilities,Utilities,debit,reconciled,Utility bill,INR
TXN000003,2026-02-09,V0031,18231.04,Raw Materials,Purchases,debit,reconciled,Annual contract,INR
TXN000004,2026-03-16,V0007,61112.6,Professional Services,Admin & Professional,debit,unreconciled,Subscription renewal,INR
TXN000005,2026-02-21,V0040,8932.79,Professional Services,Admin & Professional,debit,unreconciled,Quarterly retainer,INR
TXN000006,2025-12-01,V0029,25187.48,Professional Services,Admin & Professional,debit,reconciled,Invoice payment,INR
TXN000007,2026-05-02,V0034,18972.04,Packaging,Purchases,debit,reconciled,Invoice payment,INR
TXN000008,2026-08-26,V0038,60805.36,Facilities,Operations,debit,reconciled,Annual contract,INR
TXN000009,2026-04-30,V0001,56358.34,Raw Materials,Purchases,debit,reconciled,Annual contract,INR
TXN000010,2026-02-08,V0006,24716.58,Logistics,Operations,debit,reconciled,Annual contract,INR
TXN000011,2026-05-04,V0031,46493.19,Raw Materials,Purchases,debit,reconciled,Repair and maintenance,INR
TXN000012,2026-03-20,V0012,14658.4,Raw Materials,Purchases,debit,reconciled,Bulk order advance,INR
TXN000013,2026-02-02,,1566.76,Bank Charges,Bank Charges,debit,reconciled,Utility bill,INR
TXN000014,2026-05-20,V0013,25074.92,Utilities,Utilities,debit,reconciled,Subscription renewal,INR
TXN000015,2026-03-28,,2036.43,Bank Charges,Bank Charges,debit,reconciled,Subscription renewal,INR
TXN000016,2025-09-25,V0009,23453.21,IT Services,Technology,debit,reconciled,Bulk order advance,INR
TXN000017,2026-05-09,V0031,28669.97,Raw Materials,Purchases,debit,reconciled,Bulk order advance,INR
TXN000018,2026-04-04,V0021,8979.46,Raw Materials,Purchases,debit,pending,Final settlement,INR
TXN000019,2026-03-21,V0032,139079.85,Utilities,Utilities,debit,reconciled,Freight charges,INR
TXN000020,2026-03-04,,9475.06,Office Supplies,Bank Charges,debit,unreconciled,Quarterly retainer,INR
TXN000021,2026-07-12,,239914.96,Rent,Bank Charges,debit,reconciled,Annual contract,INR
TXN000022,2026-03-03,V0026,18333.17,Manufacturing,Purchases,debit,reconciled,Repair and maintenance,INR
TXN000023,2025-12-20,,77.48,Bank Charges,Bank Charges,debit,reconciled,Quarterly retainer,INR
TXN000024,2026-04-17,V0039,21180.24,Facilities,Operations,debit,unreconciled,Final settlement,INR
TXN000025,2026-07-01,V0031,92534.88,Raw Materials,Purchases,debit,reconciled,Monthly service charge,INR
TXN000026,2026-02-04,V0032,7698.71,Utilities,Utilities,debit,reconciled,Freight charges,INR
TXN000027,2025-08-27,V0021,85266.07,Raw Materials,Purchases,debit,reconciled,Freight charges,INR
TXN000028,2026-05-15,V0005,41174.04,Raw Materials,Purchases,debit,reconciled,Monthly service charge,INR
TXN000029,2025-12-07,,307557.4,Salaries & Benefits,Bank Charges,debit,reconciled,Utility bill,INR
TXN000030,2026-08-19,V0039,51760.47,Facilities,Operations,debit,unreconciled,Quarterly retainer,INR
TXN000031,2025-08-20,,30736.35,Office Supplies,Bank Charges,debit,reconciled,Bulk order advance,INR
TXN000032,2025-10-16,,413359.6,Salaries & Benefits,Bank Charges,debit,reconciled,Utility bill,INR
TXN000033,2025-09-29,,283925.86,Salaries & Benefits,Bank Charges,debit,reconciled,Quarterly retainer,INR
TXN000034,2026-08-09,,604656.64,Rent,Bank Charges,debit,reconciled,Annual contract,INR
TXN000035,2026-05-11,V0005,39284.64,Raw Materials,Purchases,debit,reconciled,Quarterly retainer,INR
TXN000036,2026-07-08,V0021,18741.2,Raw Materials,Purchases,debit,reconciled,Subscription renewal,INR
TXN000037,2026-01-02,V0036,18335.69,Professional Services,Admin & Professional,debit,unreconciled,Annual contract,INR
TXN000038,2026-03-27,V0031,29250.21,Raw Materials,Purchases,debit,pending,Monthly service charge,INR
TXN000039,2025-12-24,V0030,6624.82,Manufacturing,Purchases,debit,unreconciled,Final settlement,INR
TXN000040,2025-11-04,V0021,34499.95,Raw Materials,Purchases,debit,reconciled,Freight charges,INR
TXN000041,2026-08-17,V0007,116641.36,Professional Services,Admin & Professional,debit,reconciled,Bulk order advance,INR
TXN000042,2026-03-26,V0040,513937.34,Professional Services,Admin & Professional,debit,unreconciled,Annual contract,INR
TXN000043,2026-04-16,V0038,24359.7,Facilities,Operations,debit,unreconciled,Freight charges,INR
TXN000044,2025-11-25,V0030,18448.78,Manufacturing,Purchases,debit,reconciled,Final settlement,INR
TXN000045,2026-07-05,V0032,8640.79,Utilities,Utilities,debit,reconciled,Subscription renewal,INR
TXN000046,2026-03-08,V0037,52146.49,Travel,Travel,debit,reconciled,Repair and maintenance,INR
TXN000047,2026-03-03,V0033,26239.06,Logistics,Operations,debit,reconciled,Subscription renewal,INR
TXN000048,2026-02-24,V0036,47386.06,Professional Services,Admin & Professional,debit,reconciled,Invoice payment,INR
TXN000049,2025-10-09,,8492.41,Office Supplies,Bank Charges,debit,reconciled,Repair and maintenance,INR
TXN000050,2026-02-11,V0039,12918.88,Facilities,Operations,debit,reconciled,Utility bill,INR
TXN000051,2026-01-27,V0005,107278.09,Raw Materials,Purchases,debit,reconciled,Freight charges,INR
TXN000052,2025-11-20,V0015,16096.82,Marketing,Marketing,debit,pending,Quarterly retainer,INR
TXN000053,2025-10-23,,1757.12,Bank Charges,Bank Charges,debit,reconciled,Subscription renewal,INR
TXN000054,2025-11-10,V0032,33481.56,Utilities,Utilities,debit,unreconciled,Annual contract,INR
TXN000055,2026-05-17,,549558.93,Salaries & Benefits,Bank Charges,debit,reconciled,Repair and maintenance,INR
TXN000056,2026-04-08,V0039,91319.42,Facilities,Operations,debit,reconciled,Subscription renewal,INR
TXN000057,2026-06-30,V0035,30155.11,Travel,Travel,debit,reconciled,Annual contract,INR
TXN000058,2026-04-14,V0033,37235.66,Logistics,Operations,debit,reconciled,Freight charges,INR
TXN000059,2026-03-09,,566843.27,Salaries & Benefits,Bank Charges,debit,reconciled,Bulk order advance,INR
TXN000060,2026-08-24,V0023,48665.35,Marketing,Marketing,debit,reconciled,Final settlement,INR
TXN000061,2025-12-03,V0029,24636.56,Professional Services,Admin & Professional,debit,reconciled,Utility bill,INR
TXN000062,2026-03-21,V0014,13024.69,Logistics,Operations,debit,reconciled,Utility bill,INR
TXN000063,2026-06-02,V0029,16444.97,Professional Services,Admin & Professional,debit,reconciled,Utility bill,INR
TXN000064,2026-07-07,V0039,22174.47,Facilities,Operations,debit,reconciled,Quarterly retainer,INR
TXN000065,2025-08-28,V0035,11161.73,Travel,Travel,debit,reconciled,Annual contract,INR
TXN000066,2026-05-12,,379035.18,Rent,Bank Charges,debit,reconciled,Quarterly retainer,INR
TXN000067,2025-12-14,V0007,33003.39,Professional Services,Admin & Professional,debit,reconciled,Final settlement,INR
TXN000068,2025-11-15,V0034,15882.09,Packaging,Purchases,debit,reconciled,Monthly service charge,INR
TXN000069,2025-09-06,V0034,62002.0,Packaging,Purchases,debit,pending,Freight charges,INR
TXN000070,2026-02-02,V0024,23043.5,IT Services,Technology,debit,reconciled,Quarterly retainer,INR
TXN000071,2026-05-22,V0001,265426.48,Raw Materials,Purchases,debit,reconciled,Monthly service charge,INR
TXN000072,2026-03-15,,149544.88,Office Supplies,Bank Charges,debit,unreconciled,Quarterly retainer,INR
TXN000073,2026-02-26,V0031,61336.66,Raw Materials,Purchases,debit,reconciled,Final settlement,INR
TXN000074,2026-05-09,V0005,17458.53,Raw Materials,Purchases,debit,unreconciled,Utility bill,INR
TXN000075,2025-08-01,V0025,22814.0,Logistics,Operations,debit,reconciled,Freight charges,INR
TXN000076,2025-11-13,V0006,26257.15,Logistics,Operations,debit,reconciled,Bulk order advance,INR
TXN000077,2025-10-13,,1411.27,Bank Charges,Bank Charges,debit,unreconciled,Freight charges,INR
TXN000078,2025-12-28,V0015,11139.44,Marketing,Marketing,debit,reconciled,Annual contract,INR
TXN000079,2025-10-09,,729506.35,Salaries & Benefits,Bank Charges,debit,reconciled,Utility bill,INR
TXN000080,2025-12-23,V0036,38672.23,Professional Services,Admin & Professional,debit,unreconciled,Freight charges,INR
TXN000081,2026-01-24,V0034,1598.15,Packaging,Purchases,debit,unreconciled,Bulk order advance,INR
TXN000082,2025-11-28,,182735.47,Rent,Bank Charges,debit,reconciled,Subscription renewal,INR
TXN000083,2026-06-30,,873618.33,Rent,Bank Charges,debit,pending,Repair and maintenance,INR
TXN000084,2026-03-14,V0038,10270.24,Facilities,Operations,debit,reconciled,Quarterly retainer,INR
TXN000085,2026-05-01,V0017,109486.99,Manufacturing,Purchases,debit,unreconciled,Invoice payment,INR
TXN000086,2025-11-29,V0038,24026.72,Facilities,Operations,debit,reconciled,Quarterly retainer,INR
TXN000087,2026-04-13,V0014,17557.84,Logistics,Operations,debit,reconciled,Monthly service charge,INR
TXN000088,2026-02-12,V0012,24824.73,Raw Materials,Purchases,debit,reconciled,Invoice payment,INR
TXN000089,2026-07-13,V0005,46211.18,Raw Materials,Purchases,debit,reconciled,Subscription renewal,INR
TXN000090,2026-05-18,V0001,62529.1,Raw Materials,Purchases,debit,reconciled,Invoice payment,INR
TXN000091,2025-12-25,V0012,48869.02,Raw Materials,Purchases,debit,reconciled,Final settlement,INR
TXN000092,2026-06-18,V0016,21648.23,IT Services,Technology,debit,unreconciled,Quarterly retainer,INR
TXN000093,2026-01-15,V0007,7839.61,Professional Services,Admin & Professional,debit,pending,Utility bill,INR
TXN000094,2025-12-18,,835536.72,Salaries & Benefits,Bank Charges,debit,pending,Final settlement,INR
TXN000095,2026-01-21,,872169.97,Rent,Bank Charges,debit,pending,Subscription renewal,INR
TXN000096,2026-05-13,V0034,21733.89,Packaging,Purchases,debit,reconciled,Annual contract,INR
TXN000097,2026-02-07,V0012,82355.24,Raw Materials,Purchases,debit,reconciled,Quarterly retainer,INR
TXN000098,2026-01-02,V0006,11098.74,Logistics,Operations,debit,reconciled,Repair and maintenance,INR
TXN000099,2026-08-16,V0037,113354.77,Travel,Travel,debit,reconciled,Final settlement,INR
TXN000100,2025-11-20,V0039,50480.36,Facilities,Operations,debit,pending,Repair and maintenance,INR
TXN000101,2025-10-13,,2005.17,Bank Charges,Bank Charges,debit,reconciled,Invoice payment,INR
TXN000102,2025-12-03,,11222.91,Office Supplies,Bank Charges,debit,reconciled,Bulk order advance,INR
TXN000103,2026-08-28,,148141.57,Office Supplies,Bank Charges,debit,unreconciled,Quarterly retainer,INR
TXN000104,2025-08-14,V0019,79470.65,Raw Materials,Purchases,debit,reconciled,Final settlement,INR
TXN000105,2026-08-08,V0019,35028.04,Raw Materials,Purchases,debit,reconciled,Annual contract,INR
TXN000106,2026-07-04,V0022,25483.03,Logistics,Operations,debit,reconciled,Freight charges,INR
TXN000107,2026-06-01,V0030,30050.65,Manufacturing,Purchases,debit,pending,Utility bill,INR
TXN000108,2026-02-04,V0031,98694.82,Raw Materials,Purchases,debit,unreconciled,Subscription renewal,INR
TXN000109,2025-11-25,V0036,15089.07,Professional Services,Admin & Professional,debit,reconciled,Repair and maintenance,INR
TXN000110,2025-10-18,V0023,17822.01,Marketing,Marketing,debit,reconciled,Monthly service charge,INR
TXN000111,2026-02-28,,801069.11,Rent,Bank Charges,debit,pending,Annual contract,INR
TXN000112,2026-04-04,V0036,15970.07,Professional Services,Admin & Professional,debit,reconciled,Final settlement,INR
TXN000113,2026-01-20,V0031,33659.49,Raw Materials,Purchases,debit,reconciled,Final settlement,INR
TXN000114,2026-07-08,V0037,31916.77,Travel,Travel,debit,reconciled,Invoice payment,INR
TXN000115,2025-11-19,V0022,12476.23,Logistics,Operations,debit,reconciled,Annual contract,INR
TXN000116,2025-09-27,V0015,43744.38,Marketing,Marketing,debit,reconciled,Final settlement,INR
TXN000117,2025-09-28,V0006,52907.57,Logistics,Operations,debit,reconciled,Final settlement,INR
TXN000118,2025-11-11,V0016,8371.89,IT Services,Technology,debit,reconciled,Monthly service charge,INR
TXN000119,2025-11-26,V0036,100494.38,Professional Services,Admin & Professional,debit,reconciled,Subscription renewal,INR
TXN000120,2025-08-19,V0036,54333.87,Professional Services,Admin & Professional,debit,reconciled,Utility bill,INR
TXN000121,2026-01-06,V0012,42898.36,Raw Materials,Purchases,debit,reconciled,Utility bill,INR
TXN000122,2026-06-09,V0005,23680.97,Raw Materials,Purchases,debit,reconciled,Annual contract,INR
TXN000123,2026-03-02,,1088.23,Bank Charges,Bank Charges,debit,reconciled,Invoice payment,INR
TXN000124,2025-12-25,V0037,111845.4,Travel,Travel,debit,reconciled,Freight charges,INR
TXN000125,2026-08-14,,831787.47,Rent,Bank Charges,debit,reconciled,Annual contract,INR
TXN000126,2025-09-01,V0035,4386.98,Travel,Travel,debit,reconciled,Freight charges,INR
TXN000127,2026-06-09,V0019,15260.69,Raw Materials,Purchases,debit,reconciled,Annual contract,INR
TXN000128,2026-06-28,V0018,31128.82,Professional Services,Admin & Professional,debit,reconciled,Annual contract,INR
TXN000129,2026-06-15,,246713.74,Rent,Bank Charges,debit,reconciled,Utility bill,INR
TXN000130,2026-01-16,,1955.77,Bank Charges,Bank Charges,debit,reconciled,Repair and maintenance,INR
TXN000131,2026-01-23,V0007,9171.92,Professional Services,Admin & Professional,debit,unreconciled,Monthly service charge,INR
TXN000132,2025-10-18,V0036,240856.96,Professional Services,Admin & Professional,debit,reconciled,Freight charges,INR
TXN000133,2026-07-13,V0039,53617.04,Facilities,Operations,debit,unreconciled,Bulk order advance,INR
TXN000134,2026-01-06,,827980.75,Rent,Bank Charges,debit,reconciled,Annual contract,INR
TXN000135,2025-12-23,V0025,23158.71,Logistics,Operations,debit,reconciled,Annual contract,INR
TXN000136,2025-08-27,V0037,29549.92,Travel,Travel,debit,unreconciled,Quarterly retainer,INR
TXN000137,2026-06-21,V0018,27012.5,Professional Services,Admin & Professional,debit,pending,Repair and maintenance,INR
TXN000138,2026-01-01,V0007,20914.23,Professional Services,Admin & Professional,debit,unreconciled,Freight charges,INR
TXN000139,2025-08-03,,804.98,Bank Charges,Bank Charges,debit,reconciled,Annual contract,INR
TXN000140,2025-12-26,V0006,8790.89,Logistics,Operations,debit,reconciled,Quarterly retainer,INR
TXN000141,2026-04-13,V0001,27759.03,Raw Materials,Purchases,debit,reconciled,Subscription renewal,INR
TXN000142,2025-12-02,V0009,46399.28,IT Services,Technology,debit,reconciled,Utility bill,INR
TXN000143,2026-04-17,V0019,23704.89,Raw Materials,Purchases,debit,pending,Final settlement,INR
TXN000144,2026-01-30,,330844.44,Salaries & Benefits,Bank Charges,debit,reconciled,Annual contract,INR
TXN000145,2026-01-31,,885614.39,Rent,Bank Charges,debit,reconciled,Monthly service charge,INR
TXN000146,2026-03-23,V0009,17806.58,IT Services,Technology,debit,reconciled,Utility bill,INR
TXN000147,2025-12-01,V0006,4256.09,Logistics,Operations,debit,unreconciled,Subscription renewal,INR
TXN000148,2026-02-16,,750861.07,Salaries & Benefits,Bank Charges,debit,reconciled,Annual contract,INR
TXN000149,2026-01-12,V0018,15222.71,Professional Services,Admin & Professional,debit,reconciled,Monthly service charge,INR
TXN000150,2025-08-22,V0038,36820.92,Facilities,Operations,debit,reconciled,Invoice payment,INR
TXN000151,2026-02-24,V0034,6598.14,Packaging,Purchases,debit,unreconciled,Invoice payment,INR
TXN000152,2026-03-12,,1835.03,Bank Charges,Bank Charges,debit,pending,Repair and maintenance,INR
TXN000153,2025-09-09,V0025,17167.2,Logistics,Operations,debit,reconciled,Quarterly retainer,INR
TXN000154,2026-04-13,V0038,40178.68,Facilities,Operations,debit,reconciled,Freight charges,INR
TXN000155,2025-09-15,V0018,6203.11,Professional Services,Admin & Professional,debit,unreconciled,Monthly service charge,INR
TXN000156,2026-07-25,V0034,27320.32,Packaging,Purchases,debit,reconciled,Monthly service charge,INR
TXN000157,2025-08-14,V0028,1390.82,Raw Materials,Purchases,debit,reconciled,Quarterly retainer,INR
TXN000158,2026-01-31,V0040,40117.11,Professional Services,Admin & Professional,debit,reconciled,Repair and maintenance,INR
TXN000159,2026-05-10,V0009,95684.57,IT Services,Technology,debit,pending,Invoice payment,INR
TXN000160,2026-04-23,V0007,10488.2,Professional Services,Admin & Professional,debit,reconciled,Utility bill,INR
TXN000161,2025-12-07,V0039,10628.55,Facilities,Operations,debit,reconciled,Quarterly retainer,INR
TXN000162,2026-05-31,,26508.89,Office Supplies,Bank Charges,debit,pending,Repair and maintenance,INR
TXN000163,2026-05-16,V0037,47527.12,Travel,Travel,debit,reconciled,Annual contract,INR
TXN000164,2025-08-16,V0030,23509.87,Manufacturing,Purchases,debit,reconciled,Final settlement,INR
TXN000165,2025-10-24,V0029,9629.15,Professional Services,Admin & Professional,debit,unreconciled,Repair and maintenance,INR
TXN000166,2025-10-06,V0025,12065.57,Logistics,Operations,debit,reconciled,Freight charges,INR
TXN000167,2025-08-29,V0039,15219.62,Facilities,Operations,debit,pending,Freight charges,INR
TXN000168,2026-01-05,V0005,19857.04,Raw Materials,Purchases,debit,reconciled,Annual contract,INR
TXN000169,2025-11-16,V0015,12476.2,Marketing,Marketing,debit,reconciled,Subscription renewal,INR
TXN000170,2025-11-11,V0019,22690.85,Raw Materials,Purchases,debit,unreconciled,Annual contract,INR
TXN000171,2025-09-30,V0005,30969.25,Raw Materials,Purchases,debit,reconciled,Annual contract,INR
TXN000172,2025-08-21,V0007,16484.25,Professional Services,Admin & Professional,debit,reconciled,Annual contract,INR
TXN000173,2025-12-18,V0025,27705.87,Logistics,Operations,debit,reconciled,Freight charges,INR
TXN000174,2026-07-11,V0021,126707.57,Raw Materials,Purchases,debit,reconciled,Final settlement,INR
TXN000175,2026-08-05,V0023,30766.72,Marketing,Marketing,debit,unreconciled,Subscription renewal,INR
TXN000176,2025-12-01,V0021,13773.93,Raw Materials,Purchases,debit,reconciled,Utility bill,INR
TXN000177,2026-02-18,V0034,70003.17,Packaging,Purchases,debit,reconciled,Annual contract,INR
TXN000178,2026-05-06,,728380.7,Salaries & Benefits,Bank Charges,debit,reconciled,Freight charges,INR
TXN000179,2026-05-14,,365842.03,Salaries & Benefits,Bank Charges,debit,reconciled,Subscription renewal,INR
TXN000180,2025-10-14,V0016,44615.19,IT Services,Technology,debit,reconciled,Final settlement,INR
TXN000181,2026-08-05,V0012,15489.12,Raw Materials,Purchases,debit,reconciled,Repair and maintenance,INR
TXN000182,2026-05-27,,508086.39,Rent,Bank Charges,debit,pending,Repair and maintenance,INR
TXN000183,2025-09-26,V0033,82280.54,Logistics,Operations,debit,unreconciled,Invoice payment,INR
TXN000184,2026-02-20,,140554.7,Office Supplies,Bank Charges,debit,pending,Invoice payment,INR
TXN000185,2025-11-26,V0040,30702.56,Professional Services,Admin & Professional,debit,pending,Utility bill,INR
TXN000186,2025-11-07,,271870.7,Salaries & Benefits,Bank Charges,debit,reconciled,Monthly service charge,INR
TXN000187,2025-12-30,V0034,27607.25,Packaging,Purchases,debit,reconciled,Monthly service charge,INR
TXN000188,2025-12-06,V0019,24047.97,Raw Materials,Purchases,debit,reconciled,Annual contract,INR
TXN000189,2026-08-20,V0016,20059.37,IT Services,Technology,debit,unreconciled,Final settlement,INR
TXN000190,2026-06-24,,425657.93,Salaries & Benefits,Bank Charges,debit,pending,Freight charges,INR
TXN000191,2026-07-04,V0022,31966.65,Logistics,Operations,debit,reconciled,Bulk order advance,INR
TXN000192,2025-09-11,V0025,2041.22,Logistics,Operations,debit,reconciled,Utility bill,INR
TXN000193,2026-01-24,V0031,51802.42,Raw Materials,Purchases,debit,unreconciled,Freight charges,INR
TXN000194,2026-03-21,V0021,33646.19,Raw Materials,Purchases,debit,reconciled,Final settlement,INR
TXN000195,2025-08-02,V0029,9218.07,Professional Services,Admin & Professional,debit,reconciled,Invoice payment,INR
TXN000196,2026-03-30,V0021,158485.94,Raw Materials,Purchases,debit,pending,Subscription renewal,INR
TXN000197,2026-02-12,V0038,21902.46,Facilities,Operations,debit,pending,Utility bill,INR
TXN000198,2025-10-01,V0040,21952.89,Professional Services,Admin & Professional,debit,reconciled,Subscription renewal,INR
TXN000199,2025-11-03,V0006,61252.61,Logistics,Operations,debit,unreconciled,Invoice payment,INR
TXN000200,2025-11-07,V0037,21921.82,Travel,Travel,debit,unreconciled,Invoice payment,INR
TXN000201,2026-02-17,V0037,22378.97,Travel,Travel,debit,reconciled,Annual contract,INR
TXN000202,2026-03-07,V0003,13718.76,Logistics,Operations,debit,reconciled,Utility bill,INR
TXN000203,2026-02-26,V0019,56732.84,Raw Materials,Purchases,debit,unreconciled,Final settlement,INR
TXN000204,2025-10-13,,1709.04,Bank Charges,Bank Charges,debit,reconciled,Monthly service charge,INR
TXN000205,2025-10-05,,1630.12,Bank Charges,Bank Charges,debit,reconciled,Subscription renewal,INR
TXN000206,2025-09-07,V0034,58985.31,Packaging,Purchases,debit,reconciled,Repair and maintenance,INR
TXN000207,2025-08-08,V0009,117352.78,IT Services,Technology,debit,unreconciled,Bulk order advance,INR
TXN000208,2026-07-27,V0038,38491.47,Facilities,Operations,debit,reconciled,Utility bill,INR
TXN000209,2026-03-22,,721221.73,Rent,Bank Charges,debit,reconciled,Repair and maintenance,INR
TXN000210,2025-08-28,V0016,14629.58,IT Services,Technology,debit,reconciled,Bulk order advance,INR
TXN000211,2026-07-17,V0034,25246.6,Packaging,Purchases,debit,unreconciled,Freight charges,INR
TXN000212,2026-02-27,V0030,80991.0,Manufacturing,Purchases,debit,reconciled,Bulk order advance,INR
TXN000213,2025-08-05,V0022,29274.99,Logistics,Operations,debit,reconciled,Final settlement,INR
TXN000214,2025-08-09,V0032,4545.91,Utilities,Utilities,debit,reconciled,Quarterly retainer,INR
TXN000215,2025-10-27,V0019,19341.53,Raw Materials,Purchases,debit,reconciled,Bulk order advance,INR
TXN000216,2025-09-11,V0037,41862.0,Travel,Travel,debit,reconciled,Utility bill,INR
TXN000217,2026-02-05,V0037,7157.59,Travel,Travel,debit,reconciled,Bulk order advance,INR
TXN000218,2025-08-24,,824483.74,Salaries & Benefits,Bank Charges,debit,reconciled,Repair and maintenance,INR
TXN000219,2026-05-28,V0035,13217.04,Travel,Travel,debit,reconciled,Subscription renewal,INR
TXN000220,2026-08-16,V0036,9269.79,Professional Services,Admin & Professional,debit,pending,Subscription renewal,INR
TXN000221,2026-01-15,V0015,19370.08,Marketing,Marketing,debit,reconciled,Quarterly retainer,INR
TXN000222,2025-11-28,V0019,21231.85,Raw Materials,Purchases,debit,pending,Freight charges,INR
TXN000223,2025-12-17,V0005,21151.22,Raw Materials,Purchases,debit,reconciled,Quarterly retainer,INR
TXN000224,2026-02-21,,910.95,Bank Charges,Bank Charges,debit,reconciled,Utility bill,INR
TXN000225,2025-10-26,V0007,16519.88,Professional Services,Admin & Professional,debit,reconciled,Monthly service charge,INR
TXN000226,2026-04-04,,595354.8,Rent,Bank Charges,debit,reconciled,Final settlement,INR
TXN000227,2026-01-18,,753057.35,Rent,Bank Charges,debit,reconciled,Annual contract,INR
TXN000228,2026-05-22,V0021,9383.77,Raw Materials,Purchases,debit,reconciled,Annual contract,INR
TXN000229,2026-03-27,,89241.83,Office Supplies,Bank Charges,debit,reconciled,Utility bill,INR
TXN000230,2026-03-25,,66329.79,Office Supplies,Bank Charges,debit,reconciled,Subscription renewal,INR
TXN000231,2026-06-20,V0019,22123.84,Raw Materials,Purchases,debit,reconciled,Utility bill,INR
TXN000232,2026-07-21,V0003,88177.39,Logistics,Operations,debit,pending,Quarterly retainer,INR
TXN000233,2026-07-03,V0007,40066.9,Professional Services,Admin & Professional,debit,reconciled,Subscription renewal,INR
TXN000234,2026-03-09,V0006,4936.69,Logistics,Operations,debit,reconciled,Annual contract,INR
TXN000235,2026-02-17,V0031,38033.46,Raw Materials,Purchases,debit,pending,Freight charges,INR
TXN000236,2026-07-21,,52900.97,Office Supplies,Bank Charges,debit,unreconciled,Utility bill,INR
TXN000237,2026-04-01,V0032,24866.89,Utilities,Utilities,debit,reconciled,Quarterly retainer,INR
TXN000238,2026-06-28,V0034,28427.43,Packaging,Purchases,debit,reconciled,Subscription renewal,INR
TXN000239,2026-02-17,V0001,33506.3,Raw Materials,Purchases,debit,reconciled,Subscription renewal,INR
TXN000240,2025-11-14,V0032,79327.19,Utilities,Utilities,debit,unreconciled,Utility bill,INR
TXN000241,2026-05-15,,597728.12,Salaries & Benefits,Bank Charges,debit,reconciled,Repair and maintenance,INR
TXN000242,2026-06-13,V0031,41133.85,Raw Materials,Purchases,debit,reconciled,Bulk order advance,INR
TXN000243,2026-04-18,V0028,21343.85,Raw Materials,Purchases,debit,reconciled,Monthly service charge,INR
TXN000244,2025-11-19,V0037,104151.17,Travel,Travel,debit,reconciled,Subscription renewal,INR
TXN000245,2026-04-11,V0024,48213.57,IT Services,Technology,debit,reconciled,Annual contract,INR
TXN000246,2025-11-21,V0015,28848.39,Marketing,Marketing,debit,reconciled,Freight charges,INR
TXN000247,2026-05-21,V0034,59181.22,Packaging,Purchases,debit,unreconciled,Invoice payment,INR
TXN000248,2026-03-14,V0040,46750.43,Professional Services,Admin & Professional,debit,pending,Freight charges,INR
TXN000249,2026-03-28,V0021,61915.76,Raw Materials,Purchases,debit,unreconciled,Invoice payment,INR
TXN000250,2026-04-30,V0025,10721.29,Logistics,Operations,debit,reconciled,Final settlement,INR
TXN000251,2026-07-14,,144453.03,Office Supplies,Bank Charges,debit,pending,Final settlement,INR
TXN000252,2025-10-04,V0007,12019.59,Professional Services,Admin & Professional,debit,reconciled,Subscription renewal,INR
TXN000253,2026-06-19,V0034,53918.06,Packaging,Purchases,debit,unreconciled,Repair and maintenance,INR
TXN000254,2026-04-07,V0001,131084.74,Raw Materials,Purchases,debit,unreconciled,Freight charges,INR
TXN000255,2026-07-24,V0005,28794.87,Raw Materials,Purchases,debit,reconciled,Bulk order advance,INR
TXN000256,2026-05-15,V0031,60540.82,Raw Materials,Purchases,debit,reconciled,Monthly service charge,INR
TXN000257,2026-03-08,V0031,5304.18,Raw Materials,Purchases,debit,reconciled,Final settlement,INR
TXN000258,2025-12-07,V0031,34285.31,Raw Materials,Purchases,debit,reconciled,Bulk order advance,INR
TXN000259,2026-07-27,V0011,5411.12,Marketing,Marketing,debit,reconciled,Freight charges,INR
TXN000260,2025-11-29,V0023,16991.16,Marketing,Marketing,debit,unreconciled,Quarterly retainer,INR
TXN000261,2026-08-15,,11193.33,Office Supplies,Bank Charges,debit,reconciled,Monthly service charge,INR
TXN000262,2025-11-18,V0007,17414.93,Professional Services,Admin & Professional,debit,unreconciled,Quarterly retainer,INR
TXN000263,2025-10-11,V0029,19284.18,Professional Services,Admin & Professional,debit,reconciled,Quarterly retainer,INR
TXN000264,2026-06-04,V0015,8459.14,Marketing,Marketing,debit,reconciled,Subscription renewal,INR
TXN000265,2025-12-01,V0006,26860.52,Logistics,Operations,debit,reconciled,Invoice payment,INR
TXN000266,2025-10-07,V0036,20550.89,Professional Services,Admin & Professional,debit,reconciled,Freight charges,INR
TXN000267,2026-06-24,V0034,27652.72,Packaging,Purchases,debit,reconciled,Subscription renewal,INR
TXN000268,2025-09-12,V0025,14089.68,Logistics,Operations,debit,unreconciled,Quarterly retainer,INR
TXN000269,2026-06-16,V0038,5829.69,Facilities,Operations,debit,reconciled,Monthly service charge,INR
TXN000270,2026-04-16,,275222.22,Salaries & Benefits,Bank Charges,debit,unreconciled,Final settlement,INR
TXN000271,2025-09-30,V0001,51601.74,Raw Materials,Purchases,debit,reconciled,Annual contract,INR
TXN000272,2026-04-19,V0025,31676.24,Logistics,Operations,debit,reconciled,Quarterly retainer,INR
TXN000273,2025-09-29,V0025,12750.83,Logistics,Operations,debit,reconciled,Monthly service charge,INR
TXN000274,2025-08-19,V0038,51019.48,Facilities,Operations,debit,reconciled,Subscription renewal,INR
TXN000275,2025-11-04,,34254.57,Office Supplies,Bank Charges,debit,reconciled,Subscription renewal,INR
TXN000276,2025-12-23,V0016,8303.82,IT Services,Technology,debit,reconciled,Final settlement,INR
TXN000277,2026-08-14,V0022,35576.0,Logistics,Operations,debit,unreconciled,Bulk order advance,INR
TXN000278,2026-05-07,V0014,7392.03,Logistics,Operations,debit,reconciled,Repair and maintenance,INR
TXN000279,2025-08-01,V0019,45744.61,Raw Materials,Purchases,debit,reconciled,Bulk order advance,INR
TXN000280,2025-08-31,,107036.22,Office Supplies,Bank Charges,debit,pending,Utility bill,INR
TXN000281,2026-02-07,V0033,34618.83,Logistics,Operations,debit,reconciled,Subscription renewal,INR
TXN000282,2025-09-01,V0039,15522.57,Facilities,Operations,debit,reconciled,Subscription renewal,INR
TXN000283,2026-05-23,V0029,14232.82,Professional Services,Admin & Professional,debit,reconciled,Subscription renewal,INR
TXN000284,2026-08-30,V0016,17814.05,IT Services,Technology,debit,reconciled,Final settlement,INR
TXN000285,2025-12-23,V0031,7977.97,Raw Materials,Purchases,debit,reconciled,Utility bill,INR
TXN000286,2026-04-27,V0034,15760.67,Packaging,Purchases,debit,reconciled,Quarterly retainer,INR
TXN000287,2025-09-08,V0005,82171.42,Raw Materials,Purchases,debit,reconciled,Repair and maintenance,INR
TXN000288,2026-03-23,,522094.79,Rent,Bank Charges,debit,reconciled,Repair and maintenance,INR
TXN000289,2025-12-19,V0037,15416.24,Travel,Travel,debit,reconciled,Utility bill,INR
TXN000290,2026-05-26,,94982.4,Office Supplies,Bank Charges,debit,unreconciled,Subscription renewal,INR
TXN000291,2026-01-31,V0034,15453.49,Packaging,Purchases,debit,reconciled,Final settlement,INR
TXN000292,2026-02-26,V0035,25133.64,Travel,Travel,debit,reconciled,Bulk order advance,INR
TXN000293,2026-03-15,,2303.95,Bank Charges,Bank Charges,debit,reconciled,Subscription renewal,INR
TXN000294,2025-10-28,V0029,128484.86,Professional Services,Admin & Professional,debit,pending,Invoice payment,INR
TXN000295,2026-01-28,,84903.22,Office Supplies,Bank Charges,debit,pending,Freight charges,INR
TXN000296,2025-10-29,V0005,15859.86,Raw Materials,Purchases,debit,reconciled,Invoice payment,INR
TXN000297,2025-11-12,,687703.22,Salaries & Benefits,Bank Charges,debit,unreconciled,Repair and maintenance,INR
TXN000298,2026-05-09,V0025,21484.34,Logistics,Operations,debit,reconciled,Subscription renewal,INR
TXN000299,2026-06-18,,636885.2,Rent,Bank Charges,debit,pending,Annual contract,INR
TXN000300,2025-11-23,V0035,13281.19,Travel,Travel,debit,reconciled,Monthly service charge,INR
TXN000301,2026-05-21,V0040,199197.35,Professional Services,Admin & Professional,debit,pending,Bulk order advance,INR
TXN000302,2025-09-23,,50344.1,Office Supplies,Bank Charges,debit,reconciled,Repair and maintenance,INR
TXN000303,2025-09-15,,484972.45,Salaries & Benefits,Bank Charges,debit,reconciled,Quarterly retainer,INR
TXN000304,2025-10-27,,811327.99,Rent,Bank Charges,debit,reconciled,Freight charges,INR
TXN000305,2026-07-18,V0022,10644.2,Logistics,Operations,debit,unreconciled,Monthly service charge,INR
TXN000306,2026-05-08,,1046.95,Bank Charges,Bank Charges,debit,unreconciled,Invoice payment,INR
TXN000307,2026-07-01,V0037,15348.12,Travel,Travel,debit,reconciled,Utility bill,INR
TXN000308,2025-12-31,V0004,53741.36,IT Services,Technology,debit,reconciled,Repair and maintenance,INR
TXN000309,2025-12-29,,299756.1,Rent,Bank Charges,credit,reconciled,Final settlement,INR
TXN000310,2025-09-29,V0021,25599.69,Raw Materials,Purchases,debit,reconciled,Utility bill,INR
TXN000311,2026-04-16,V0015,35696.42,Marketing,Marketing,debit,reconciled,Utility bill,INR
TXN000312,2026-05-29,V0005,18674.23,Raw Materials,Purchases,debit,pending,Freight charges,INR
TXN000313,2025-11-29,V0005,27794.53,Raw Materials,Purchases,debit,unreconciled,Annual contract,INR
TXN000314,2026-07-31,V0031,7026.57,Raw Materials,Purchases,debit,reconciled,Quarterly retainer,INR
TXN000315,2026-02-20,V0037,38830.35,Travel,Travel,debit,reconciled,Annual contract,INR
TXN000316,2026-03-03,V0007,34419.5,Professional Services,Admin & Professional,debit,pending,Quarterly retainer,INR
TXN000317,2026-05-16,V0034,59449.91,Packaging,Purchases,debit,reconciled,Annual contract,INR
TXN000318,2025-10-28,V0007,46519.76,Professional Services,Admin & Professional,debit,reconciled,Repair and maintenance,INR
TXN000319,2026-05-18,V0034,4199.19,Packaging,Purchases,debit,unreconciled,Quarterly retainer,INR
TXN000320,2025-11-25,V0040,16247.73,Professional Services,Admin & Professional,debit,reconciled,Subscription renewal,INR
TXN000321,2025-11-05,V0038,20373.44,Facilities,Operations,debit,reconciled,Repair and maintenance,INR
TXN000322,2025-10-21,V0032,13634.45,Utilities,Utilities,debit,reconciled,Annual contract,INR
TXN000323,2026-01-11,V0022,3400.06,Logistics,Operations,debit,reconciled,Bulk order advance,INR
TXN000324,2026-03-17,V0037,33067.11,Travel,Travel,debit,reconciled,Final settlement,INR
TXN000325,2026-03-01,,97459.6,Office Supplies,Bank Charges,debit,reconciled,Subscription renewal,INR
TXN000326,2026-08-30,,90570.15,Office Supplies,Bank Charges,credit,reconciled,Final settlement,INR
TXN000327,2026-02-09,,338999.03,Rent,Bank Charges,debit,reconciled,Annual contract,INR
TXN000328,2025-08-04,V0031,62754.85,Raw Materials,Purchases,debit,reconciled,Annual contract,INR
TXN000329,2026-07-16,V0034,86439.7,Packaging,Purchases,debit,reconciled,Monthly service charge,INR
TXN000330,2025-12-30,V0021,22498.04,Raw Materials,Purchases,debit,reconciled,Annual contract,INR
TXN000331,2026-05-16,V0039,19688.76,Facilities,Operations,debit,reconciled,Utility bill,INR
TXN000332,2026-02-13,V0038,36555.33,Facilities,Operations,debit,reconciled,Final settlement,INR
TXN000333,2026-01-17,V0029,25249.9,Professional Services,Admin & Professional,debit,reconciled,Annual contract,INR
TXN000334,2025-09-06,V0009,4279.68,IT Services,Technology,debit,reconciled,Subscription renewal,INR
TXN000335,2025-10-17,V0009,19426.48,IT Services,Technology,debit,pending,Freight charges,INR
TXN000336,2025-08-20,V0004,24498.47,IT Services,Technology,debit,unreconciled,Annual contract,INR
TXN000337,2026-04-08,,431.75,Bank Charges,Bank Charges,debit,reconciled,Subscription renewal,INR
TXN000338,2025-08-20,V0033,62668.77,Logistics,Operations,debit,reconciled,Invoice payment,INR
TXN000339,2026-01-18,V0003,96052.63,Logistics,Operations,debit,reconciled,Utility bill,INR
TXN000340,2026-07-18,,897104.19,Salaries & Benefits,Bank Charges,debit,unreconciled,Monthly service charge,INR
TXN000341,2026-02-23,V0012,6062.53,Raw Materials,Purchases,debit,reconciled,Invoice payment,INR
TXN000342,2025-12-09,V0030,31329.7,Manufacturing,Purchases,debit,reconciled,Invoice payment,INR
TXN000343,2026-03-02,V0006,7476.15,Logistics,Operations,debit,reconciled,Invoice payment,INR
TXN000344,2025-09-21,V0015,32500.93,Marketing,Marketing,debit,unreconciled,Quarterly retainer,INR
TXN000345,2026-06-13,V0006,12599.15,Logistics,Operations,debit,reconciled,Final settlement,INR
TXN000346,2026-01-31,V0016,6555.12,IT Services,Technology,debit,reconciled,Freight charges,INR
TXN000347,2025-11-28,,2184.51,Bank Charges,Bank Charges,debit,reconciled,Bulk order advance,INR
TXN000348,2025-12-30,V0004,62948.44,IT Services,Technology,debit,reconciled,Subscription renewal,INR
TXN000349,2026-01-17,V0037,11883.09,Travel,Travel,debit,pending,Final settlement,INR
TXN000350,2026-07-20,,636634.86,Rent,Bank Charges,debit,reconciled,Invoice payment,INR
TXN000351,2026-04-13,V0029,25564.58,Professional Services,Admin & Professional,debit,unreconciled,Freight charges,INR
TXN000352,2025-12-15,V0034,35315.0,Packaging,Purchases,debit,pending,Repair and maintenance,INR
TXN000353,2026-07-19,V0005,37506.81,Raw Materials,Purchases,debit,reconciled,Subscription renewal,INR
TXN000354,2026-05-13,,84.35,Bank Charges,Bank Charges,debit,reconciled,Freight charges,INR
TXN000355,2025-09-08,V0017,18737.74,Manufacturing,Purchases,debit,reconciled,Utility bill,INR
TXN000356,2025-11-29,V0022,30444.1,Logistics,Operations,debit,reconciled,Repair and maintenance,INR
TXN000357,2026-08-17,V0006,19818.79,Logistics,Operations,debit,reconciled,Quarterly retainer,INR
TXN000358,2026-06-23,V0025,6783.75,Logistics,Operations,debit,pending,Repair and maintenance,INR
TXN000359,2025-11-23,,570113.13,Salaries & Benefits,Bank Charges,debit,reconciled,Repair and maintenance,INR
TXN000360,2025-10-20,V0025,37309.41,Logistics,Operations,debit,reconciled,Monthly service charge,INR
TXN000361,2026-01-15,V0022,124767.51,Logistics,Operations,debit,reconciled,Subscription renewal,INR
TXN000362,2026-07-11,V0034,21509.54,Packaging,Purchases,debit,pending,Monthly service charge,INR
TXN000363,2025-08-03,V0004,25499.18,IT Services,Technology,debit,pending,Monthly service charge,INR
TXN000364,2025-10-28,V0006,17409.97,Logistics,Operations,debit,unreconciled,Utility bill,INR
TXN000365,2026-03-03,,41765.79,Office Supplies,Bank Charges,debit,pending,Freight charges,INR
TXN000366,2025-10-10,V0032,46495.01,Utilities,Utilities,debit,reconciled,Repair and maintenance,INR
TXN000367,2025-11-11,V0032,3795.79,Utilities,Utilities,debit,pending,Monthly service charge,INR
TXN000368,2026-07-22,V0032,67496.79,Utilities,Utilities,debit,reconciled,Subscription renewal,INR
TXN000369,2026-07-11,V0007,37367.07,Professional Services,Admin & Professional,debit,unreconciled,Monthly service charge,INR
TXN000370,2026-07-16,V0036,40843.08,Professional Services,Admin & Professional,debit,unreconciled,Invoice payment,INR
TXN000371,2026-03-20,V0037,63139.26,Travel,Travel,debit,reconciled,Final settlement,INR
TXN000372,2026-02-15,V0034,73075.51,Packaging,Purchases,debit,reconciled,Repair and maintenance,INR
TXN000373,2026-06-05,V0032,11400.68,Utilities,Utilities,debit,pending,Quarterly retainer,INR
TXN000374,2026-02-06,V0026,6816.12,Manufacturing,Purchases,debit,reconciled,Repair and maintenance,INR
TXN000375,2025-10-19,V0039,52097.41,Facilities,Operations,debit,reconciled,Final settlement,INR
TXN000376,2026-05-09,V0034,18759.91,Packaging,Purchases,debit,reconciled,Quarterly retainer,INR
TXN000377,2026-06-08,,398299.9,Salaries & Benefits,Bank Charges,debit,pending,Annual contract,INR
TXN000378,2026-05-15,,388.43,Bank Charges,Bank Charges,debit,reconciled,Annual contract,INR
TXN000379,2025-10-24,,1188.33,Bank Charges,Bank Charges,debit,reconciled,Utility bill,INR
TXN000380,2026-04-18,V0003,57615.3,Logistics,Operations,debit,reconciled,Quarterly retainer,INR
TXN000381,2026-08-31,V0001,23609.62,Raw Materials,Purchases,debit,reconciled,Subscription renewal,INR
TXN000382,2025-10-18,V0032,13841.31,Utilities,Utilities,debit,reconciled,Bulk order advance,INR
TXN000383,2026-03-19,V0021,31256.76,Raw Materials,Purchases,debit,reconciled,Annual contract,INR
TXN000384,2025-09-07,V0025,9575.86,Logistics,Operations,debit,reconciled,Final settlement,INR
TXN000385,2026-07-05,V0007,4876.07,Professional Services,Admin & Professional,debit,unreconciled,Utility bill,INR
TXN000386,2026-02-11,,868043.74,Salaries & Benefits,Bank Charges,credit,unreconciled,Monthly service charge,INR
TXN000387,2025-08-14,,307539.67,Salaries & Benefits,Bank Charges,debit,unreconciled,Bulk order advance,INR
TXN000388,2026-06-27,,24982.2,Office Supplies,Bank Charges,debit,unreconciled,Bulk order advance,INR
TXN000389,2026-08-21,V0040,33265.29,Professional Services,Admin & Professional,debit,reconciled,Quarterly retainer,INR
TXN000390,2026-07-13,V0031,5308.23,Raw Materials,Purchases,debit,pending,Repair and maintenance,INR
TXN000391,2026-01-16,V0016,36283.91,IT Services,Technology,debit,reconciled,Repair and maintenance,INR
TXN000392,2025-12-31,V0015,13669.46,Marketing,Marketing,debit,reconciled,Freight charges,INR
TXN000393,2026-01-04,V0006,34365.03,Logistics,Operations,debit,reconciled,Monthly service charge,INR
TXN000394,2026-05-02,,2447.3,Bank Charges,Bank Charges,debit,unreconciled,Bulk order advance,INR
TXN000395,2026-05-10,V0037,32112.69,Travel,Travel,debit,reconciled,Subscription renewal,INR
TXN000396,2026-05-29,V0016,24069.02,IT Services,Technology,debit,reconciled,Utility bill,INR
TXN000397,2026-06-11,V0034,13899.24,Packaging,Purchases,debit,reconciled,Annual contract,INR
TXN000398,2026-04-05,,695.52,Bank Charges,Bank Charges,debit,reconciled,Repair and maintenance,INR
TXN000399,2026-02-27,V0022,10755.24,Logistics,Operations,debit,reconciled,Final settlement,INR
TXN000400,2026-05-19,V0031,14765.62,Raw Materials,Purchases,debit,unreconciled,Utility bill,INR
TXN000401,2026-05-09,,1530.42,Bank Charges,Bank Charges,debit,reconciled,Quarterly retainer,INR
TXN000402,2025-11-17,V0007,63610.64,Professional Services,Admin & Professional,debit,reconciled,Subscription renewal,INR
TXN000403,2026-04-04,V0023,40030.59,Marketing,Marketing,debit,reconciled,Bulk order advance,INR
TXN000404,2026-05-12,,9330.89,Office Supplies,Bank Charges,debit,reconciled,Subscription renewal,INR
TXN000405,2026-06-23,V0032,38120.97,Utilities,Utilities,debit,reconciled,Freight charges,INR
TXN000406,2026-04-04,V0036,57414.7,Professional Services,Admin & Professional,debit,unreconciled,Monthly service charge,INR
TXN000407,2026-04-19,V0032,17249.5,Utilities,Utilities,debit,reconciled,Bulk order advance,INR
TXN000408,2025-09-25,V0025,96561.09,Logistics,Operations,debit,reconciled,Annual contract,INR
TXN000409,2026-08-17,V0006,67932.85,Logistics,Operations,debit,unreconciled,Subscription renewal,INR
TXN000410,2026-02-06,,322114.69,Rent,Bank Charges,debit,unreconciled,Subscription renewal,INR
TXN000411,2026-08-15,,1305.19,Bank Charges,Bank Charges,debit,unreconciled,Quarterly retainer,INR
TXN000412,2025-10-31,V0006,41100.68,Logistics,Operations,debit,reconciled,Monthly service charge,INR
TXN000413,2025-12-08,V0025,34796.23,Logistics,Operations,debit,pending,Subscription renewal,INR
TXN000414,2026-02-28,V0026,8733.6,Manufacturing,Purchases,debit,reconciled,Final settlement,INR
TXN000415,2026-03-18,V0033,20450.76,Logistics,Operations,debit,reconciled,Bulk order advance,INR
TXN000416,2026-01-21,,524.18,Bank Charges,Bank Charges,debit,reconciled,Quarterly retainer,INR
TXN000417,2026-06-04,V0005,16865.84,Raw Materials,Purchases,debit,reconciled,Subscription renewal,INR
TXN000418,2026-04-24,V0039,9980.83,Facilities,Operations,debit,reconciled,Utility bill,INR
TXN000419,2026-05-25,V0031,14360.85,Raw Materials,Purchases,debit,pending,Quarterly retainer,INR
TXN000420,2026-02-21,V0019,35439.8,Raw Materials,Purchases,debit,unreconciled,Quarterly retainer,INR
TXN000421,2026-05-09,V0036,71891.24,Professional Services,Admin & Professional,debit,pending,Final settlement,INR
TXN000422,2025-12-17,V0018,7982.91,Professional Services,Admin & Professional,debit,reconciled,Utility bill,INR
TXN000423,2026-04-11,V0018,102375.48,Professional Services,Admin & Professional,debit,unreconciled,Invoice payment,INR
TXN000424,2025-12-11,V0030,14626.91,Manufacturing,Purchases,debit,pending,Utility bill,INR
TXN000425,2026-07-25,,43806.15,Office Supplies,Bank Charges,debit,unreconciled,Repair and maintenance,INR
TXN000426,2026-05-20,,75350.9,Office Supplies,Bank Charges,debit,unreconciled,Final settlement,INR
TXN000427,2025-12-14,V0006,51709.3,Logistics,Operations,debit,unreconciled,Utility bill,INR
TXN000428,2026-04-04,V0017,31528.26,Manufacturing,Purchases,debit,reconciled,Utility bill,INR
TXN000429,2026-08-20,V0004,65233.32,IT Services,Technology,debit,reconciled,Utility bill,INR
TXN000430,2026-07-18,V0022,7969.84,Logistics,Operations,debit,reconciled,Invoice payment,INR
TXN000431,2026-02-11,V0017,34037.26,Manufacturing,Purchases,debit,reconciled,Bulk order advance,INR
TXN000432,2026-06-10,V0009,21979.16,IT Services,Technology,debit,unreconciled,Repair and maintenance,INR
TXN000433,2025-12-22,V0028,152904.6,Raw Materials,Purchases,debit,unreconciled,Utility bill,INR
TXN000434,2026-02-12,V0034,54114.09,Packaging,Purchases,debit,reconciled,Subscription renewal,INR
TXN000435,2026-05-04,V0037,13869.54,Travel,Travel,debit,reconciled,Quarterly retainer,INR
TXN000436,2025-12-12,V0026,66055.42,Manufacturing,Purchases,debit,reconciled,Quarterly retainer,INR
TXN000437,2026-06-07,V0029,35558.71,Professional Services,Admin & Professional,debit,unreconciled,Repair and maintenance,INR
TXN000438,2026-05-08,V0029,7410.32,Professional Services,Admin & Professional,debit,unreconciled,Repair and maintenance,INR
TXN000439,2026-06-10,V0036,14555.51,Professional Services,Admin & Professional,debit,reconciled,Final settlement,INR
TXN000440,2025-12-17,,710921.62,Salaries & Benefits,Bank Charges,debit,reconciled,Monthly service charge,INR
TXN000441,2025-10-04,V0031,98204.09,Raw Materials,Purchases,debit,reconciled,Subscription renewal,INR
TXN000442,2025-09-12,V0029,21575.38,Professional Services,Admin & Professional,debit,unreconciled,Freight charges,INR
TXN000443,2025-10-07,V0007,8813.92,Professional Services,Admin & Professional,debit,pending,Freight charges,INR
TXN000444,2026-05-04,,251336.18,Rent,Bank Charges,debit,reconciled,Annual contract,INR
TXN000445,2026-08-19,V0026,29746.99,Manufacturing,Purchases,debit,reconciled,Repair and maintenance,INR
TXN000446,2025-09-15,V0019,15795.71,Raw Materials,Purchases,debit,reconciled,Monthly service charge,INR
TXN000447,2026-05-03,V0016,205212.47,IT Services,Technology,debit,reconciled,Invoice payment,INR
TXN000448,2026-02-27,,446064.06,Rent,Bank Charges,debit,unreconciled,Subscription renewal,INR
TXN000449,2025-11-21,V0021,4876.82,Raw Materials,Purchases,debit,pending,Final settlement,INR
TXN000450,2026-07-03,,21356.98,Office Supplies,Bank Charges,debit,reconciled,Freight charges,INR
TXN000451,2026-04-09,V0001,6031.21,Raw Materials,Purchases,debit,reconciled,Quarterly retainer,INR
TXN000452,2026-07-27,V0024,18872.23,IT Services,Technology,debit,unreconciled,Repair and maintenance,INR
TXN000453,2025-08-17,V0036,42545.02,Professional Services,Admin & Professional,debit,reconciled,Bulk order advance,INR
TXN000454,2025-08-07,V0034,4943.23,Packaging,Purchases,debit,reconciled,Invoice payment,INR
TXN000455,2026-08-30,V0031,12875.84,Raw Materials,Purchases,debit,pending,Repair and maintenance,INR
TXN000456,2026-06-07,V0023,16552.97,Marketing,Marketing,debit,reconciled,Bulk order advance,INR
TXN000457,2026-01-14,V0019,40327.57,Raw Materials,Purchases,debit,reconciled,Monthly service charge,INR
TXN000458,2025-12-06,V0005,380425.33,Raw Materials,Purchases,debit,pending,Invoice payment,INR
TXN000459,2026-03-18,V0012,206483.48,Raw Materials,Purchases,debit,reconciled,Bulk order advance,INR
TXN000460,2026-01-31,V0014,32836.61,Logistics,Operations,debit,reconciled,Annual contract,INR
TXN000461,2026-01-13,V0015,29448.69,Marketing,Marketing,debit,reconciled,Final settlement,INR
TXN000462,2026-03-21,V0030,21390.54,Manufacturing,Purchases,debit,reconciled,Repair and maintenance,INR
TXN000463,2026-06-07,V0025,26677.17,Logistics,Operations,debit,reconciled,Repair and maintenance,INR
TXN000464,2025-09-26,V0031,12701.73,Raw Materials,Purchases,debit,reconciled,Subscription renewal,INR
TXN000465,2026-07-26,V0004,5835.83,IT Services,Technology,debit,reconciled,Bulk order advance,INR
TXN000466,2025-09-10,V0030,11648.5,Manufacturing,Purchases,debit,unreconciled,Repair and maintenance,INR
TXN000467,2025-08-30,,546765.62,Salaries & Benefits,Bank Charges,debit,unreconciled,Quarterly retainer,INR
TXN000468,2026-04-23,V0032,28575.65,Utilities,Utilities,debit,reconciled,Bulk order advance,INR
TXN000469,2025-10-31,V0026,136740.12,Manufacturing,Purchases,debit,reconciled,Freight charges,INR
TXN000470,2025-10-25,,528519.59,Rent,Bank Charges,debit,reconciled,Annual contract,INR
TXN000471,2026-01-09,V0040,66572.67,Professional Services,Admin & Professional,debit,reconciled,Repair and maintenance,INR
TXN000472,2026-04-21,V0019,4319.23,Raw Materials,Purchases,debit,reconciled,Invoice payment,INR
TXN000473,2026-04-23,V0037,14147.69,Travel,Travel,debit,unreconciled,Final settlement,INR
TXN000474,2026-04-19,V0038,20771.45,Facilities,Operations,debit,reconciled,Annual contract,INR
TXN000475,2026-01-21,V0034,53679.15,Packaging,Purchases,debit,pending,Annual contract,INR
TXN000476,2025-08-20,V0029,51095.02,Professional Services,Admin & Professional,debit,unreconciled,Subscription renewal,INR
TXN000477,2025-10-01,,112404.12,Office Supplies,Bank Charges,debit,pending,Subscription renewal,INR
TXN000478,2026-04-12,V0032,5215.23,Utilities,Utilities,debit,pending,Freight charges,INR
TXN000479,2026-05-22,V0012,15742.53,Raw Materials,Purchases,debit,reconciled,Quarterly retainer,INR
TXN000480,2025-08-26,V0015,20393.15,Marketing,Marketing,debit,reconciled,Monthly service charge,INR
TXN000481,2026-04-07,V0028,28265.89,Raw Materials,Purchases,debit,reconciled,Subscription renewal,INR
TXN000482,2026-05-22,V0031,22445.69,Raw Materials,Purchases,debit,reconciled,Annual contract,INR
TXN000483,2025-10-26,,617386.62,Rent,Bank Charges,debit,pending,Bulk order advance,INR
TXN000484,2025-12-10,V0004,9033.06,IT Services,Technology,debit,reconciled,Bulk order advance,INR
TXN000485,2026-04-22,V0040,66695.73,Professional Services,Admin & Professional,debit,reconciled,Utility bill,INR
TXN000486,2025-09-21,V0022,56089.99,Logistics,Operations,debit,pending,Repair and maintenance,INR
TXN000487,2025-08-10,V0037,28153.32,Travel,Travel,debit,pending,Freight charges,INR
TXN000488,2026-04-30,V0009,37859.14,IT Services,Technology,debit,pending,Final settlement,INR
TXN000489,2026-05-06,V0030,27180.96,Manufacturing,Purchases,debit,reconciled,Subscription renewal,INR
TXN000490,2025-12-22,V0018,22208.63,Professional Services,Admin & Professional,debit,unreconciled,Utility bill,INR
TXN000491,2026-06-10,,63182.67,Office Supplies,Bank Charges,debit,reconciled,Final settlement,INR
TXN000492,2026-07-28,V0034,60485.95,Packaging,Purchases,debit,reconciled,Utility bill,INR
TXN000493,2026-08-30,V0039,69120.05,Facilities,Operations,debit,reconciled,Quarterly retainer,INR
TXN000494,2026-07-08,V0022,67584.15,Logistics,Operations,debit,unreconciled,Quarterly retainer,INR
TXN000495,2025-09-05,V0029,32645.03,Professional Services,Admin & Professional,debit,reconciled,Quarterly retainer,INR
TXN000496,2026-06-20,V0007,13165.97,Professional Services,Admin & Professional,debit,pending,Final settlement,INR
TXN000497,2025-11-22,V0040,41199.73,Professional Services,Admin & Professional,debit,pending,Freight charges,INR
TXN000498,2026-04-08,V0037,76525.91,Travel,Travel,debit,unreconciled,Annual contract,INR
TXN000499,2026-02-11,V0019,131126.26,Raw Materials,Purchases,debit,reconciled,Invoice payment,INR
TXN000500,2025-12-24,V0025,12831.88,Logistics,Operations,debit,pending,Bulk order advance,INR
TXN000501,2025-12-24,V0021,32362.45,Raw Materials,Purchases,debit,reconciled,Monthly service charge,INR
TXN000502,2026-03-20,V0025,8162.68,Logistics,Operations,debit,unreconciled,Utility bill,INR
TXN000503,2026-06-30,V0032,11568.83,Utilities,Utilities,debit,reconciled,Monthly service charge,INR
TXN000504,2026-08-18,V0032,8368.24,Utilities,Utilities,debit,reconciled,Monthly service charge,INR
TXN000505,2026-07-04,,130453.96,Office Supplies,Bank Charges,debit,reconciled,Subscription renewal,INR
TXN000506,2026-06-03,V0006,7978.21,Logistics,Operations,debit,reconciled,Freight charges,INR
TXN000507,2026-05-06,,328408.77,Rent,Bank Charges,debit,reconciled,Subscription renewal,INR
TXN000508,2026-05-06,V0026,5617.64,Manufacturing,Purchases,debit,reconciled,Invoice payment,INR
TXN000509,2025-12-31,V0005,12956.05,Raw Materials,Purchases,debit,reconciled,Annual contract,INR
TXN000510,2025-10-30,,848609.86,Salaries & Benefits,Bank Charges,debit,reconciled,Repair and maintenance,INR
TXN000511,2026-08-24,V0026,18590.62,Manufacturing,Purchases,debit,reconciled,Final settlement,INR
TXN000512,2026-04-26,V0011,5478.25,Marketing,Marketing,debit,pending,Utility bill,INR
TXN000513,2026-04-05,V0029,122711.91,Professional Services,Admin & Professional,debit,reconciled,Repair and maintenance,INR
TXN000514,2026-06-16,V0006,32903.92,Logistics,Operations,debit,reconciled,Freight charges,INR
TXN000515,2025-11-28,V0040,33510.21,Professional Services,Admin & Professional,debit,unreconciled,Annual contract,INR
TXN000516,2026-02-28,V0018,49016.21,Professional Services,Admin & Professional,debit,reconciled,Final settlement,INR
TXN000517,2026-01-05,V0026,42841.17,Manufacturing,Purchases,debit,reconciled,Subscription renewal,INR
TXN000518,2025-08-15,,50246.71,Office Supplies,Bank Charges,debit,reconciled,Freight charges,INR
TXN000519,2026-04-04,V0022,19696.32,Logistics,Operations,debit,pending,Invoice payment,INR
TXN000520,2026-01-01,V0031,29343.24,Raw Materials,Purchases,debit,reconciled,Repair and maintenance,INR
TXN000521,2026-02-06,V0025,7273.99,Logistics,Operations,debit,reconciled,Quarterly retainer,INR
TXN000522,2026-01-09,V0015,8411.93,Marketing,Marketing,debit,reconciled,Utility bill,INR
TXN000523,2026-06-16,V0025,11975.55,Logistics,Operations,debit,reconciled,Utility bill,INR
TXN000524,2025-10-13,V0006,8363.1,Logistics,Operations,debit,unreconciled,Quarterly retainer,INR
TXN000525,2026-05-23,V0025,38446.93,Logistics,Operations,debit,reconciled,Final settlement,INR
TXN000526,2026-03-08,V0006,12766.6,Logistics,Operations,debit,reconciled,Annual contract,INR
TXN000527,2025-11-14,V0026,80985.76,Manufacturing,Purchases,debit,reconciled,Final settlement,INR
TXN000528,2026-05-04,V0006,23406.32,Logistics,Operations,debit,reconciled,Invoice payment,INR
TXN000529,2025-10-31,V0037,51282.1,Travel,Travel,debit,reconciled,Repair and maintenance,INR
TXN000530,2025-10-30,V0038,69189.91,Facilities,Operations,debit,reconciled,Freight charges,INR
TXN000531,2026-07-17,V0034,11323.49,Packaging,Purchases,debit,reconciled,Annual contract,INR
TXN000532,2026-02-17,V0038,4097.57,Facilities,Operations,debit,reconciled,Freight charges,INR
TXN000533,2025-09-24,V0018,34007.23,Professional Services,Admin & Professional,debit,reconciled,Quarterly retainer,INR
TXN000534,2025-09-06,,450612.36,Rent,Bank Charges,debit,reconciled,Utility bill,INR
TXN000535,2026-02-13,V0011,45556.87,Marketing,Marketing,debit,pending,Annual contract,INR
TXN000536,2026-05-06,V0007,73477.29,Professional Services,Admin & Professional,debit,reconciled,Freight charges,INR
TXN000537,2026-03-26,V0006,23807.63,Logistics,Operations,debit,reconciled,Annual contract,INR
TXN000538,2026-06-02,V0019,26214.84,Raw Materials,Purchases,debit,reconciled,Monthly service charge,INR
TXN000539,2026-06-22,,99471.33,Office Supplies,Bank Charges,debit,reconciled,Annual contract,INR
TXN000540,2025-11-14,V0017,93912.54,Manufacturing,Purchases,debit,reconciled,Subscription renewal,INR
TXN000541,2026-05-26,V0040,22707.65,Professional Services,Admin & Professional,debit,reconciled,Repair and maintenance,INR
TXN000542,2025-08-01,V0035,5618.02,Travel,Travel,debit,unreconciled,Bulk order advance,INR
TXN000543,2026-05-30,V0017,20077.89,Manufacturing,Purchases,debit,reconciled,Monthly service charge,INR
TXN000544,2026-06-07,V0016,51954.37,IT Services,Technology,debit,reconciled,Invoice payment,INR
TXN000545,2026-04-07,V0040,14019.55,Professional Services,Admin & Professional,debit,unreconciled,Freight charges,INR
TXN000546,2026-07-23,V0021,9820.77,Raw Materials,Purchases,debit,reconciled,Freight charges,INR
TXN000547,2025-11-04,V0001,26620.18,Raw Materials,Purchases,debit,reconciled,Final settlement,INR
TXN000548,2026-05-23,V0040,38427.95,Professional Services,Admin & Professional,debit,reconciled,Freight charges,INR
TXN000549,2026-01-13,V0022,8066.76,Logistics,Operations,debit,unreconciled,Quarterly retainer,INR
TXN000550,2026-05-04,,609779.34,Salaries & Benefits,Bank Charges,debit,reconciled,Invoice payment,INR
TXN000551,2026-03-29,V0018,18381.31,Professional Services,Admin & Professional,debit,reconciled,Annual contract,INR
TXN000552,2026-05-16,V0030,35683.91,Manufacturing,Purchases,debit,reconciled,Final settlement,INR
TXN000553,2026-08-08,,249404.07,Salaries & Benefits,Bank Charges,debit,unreconciled,Invoice payment,INR
TXN000554,2026-06-06,V0029,10163.74,Professional Services,Admin & Professional,debit,unreconciled,Final settlement,INR
TXN000555,2025-11-29,V0034,62978.64,Packaging,Purchases,debit,reconciled,Monthly service charge,INR
TXN000556,2025-10-18,,727775.84,Rent,Bank Charges,debit,reconciled,Monthly service charge,INR
TXN000557,2026-01-24,V0015,24195.51,Marketing,Marketing,debit,reconciled,Utility bill,INR
TXN000558,2026-07-28,V0015,29235.82,Marketing,Marketing,debit,reconciled,Freight charges,INR
TXN000559,2026-04-29,V0003,159335.07,Logistics,Operations,debit,pending,Subscription renewal,INR
TXN000560,2026-06-30,,352744.59,Salaries & Benefits,Bank Charges,debit,reconciled,Annual contract,INR
TXN000561,2026-07-12,V0033,31893.45,Logistics,Operations,debit,reconciled,Monthly service charge,INR
TXN000562,2026-07-11,V0005,20157.99,Raw Materials,Purchases,debit,reconciled,Repair and maintenance,INR
TXN000563,2025-12-07,V0001,116951.36,Raw Materials,Purchases,debit,pending,Quarterly retainer,INR
TXN000564,2025-10-01,V0029,11955.85,Professional Services,Admin & Professional,debit,reconciled,Monthly service charge,INR
TXN000565,2025-12-08,V0031,8114.67,Raw Materials,Purchases,debit,pending,Subscription renewal,INR
TXN000566,2026-07-08,V0017,53809.29,Manufacturing,Purchases,debit,reconciled,Invoice payment,INR
TXN000567,2025-12-14,V0005,16855.07,Raw Materials,Purchases,debit,reconciled,Utility bill,INR
TXN000568,2026-04-08,V0005,31163.07,Raw Materials,Purchases,debit,reconciled,Freight charges,INR
TXN000569,2025-08-01,,349827.36,Rent,Bank Charges,debit,pending,Annual contract,INR
TXN000570,2026-06-15,V0032,13526.08,Utilities,Utilities,debit,reconciled,Freight charges,INR
TXN000571,2026-01-31,V0016,38476.59,IT Services,Technology,debit,unreconciled,Repair and maintenance,INR
TXN000572,2026-03-03,V0003,21567.13,Logistics,Operations,debit,reconciled,Quarterly retainer,INR
TXN000573,2026-06-20,V0009,11747.33,IT Services,Technology,debit,reconciled,Freight charges,INR
TXN000574,2026-03-19,,159.28,Bank Charges,Bank Charges,debit,unreconciled,Invoice payment,INR
TXN000575,2025-11-17,,855067.34,Rent,Bank Charges,debit,reconciled,Annual contract,INR
TXN000576,2025-08-19,V0023,34246.17,Marketing,Marketing,debit,reconciled,Invoice payment,INR
TXN000577,2026-01-05,,1395.74,Bank Charges,Bank Charges,debit,reconciled,Quarterly retainer,INR
TXN000578,2026-06-12,V0034,14699.1,Packaging,Purchases,debit,pending,Subscription renewal,INR
TXN000579,2025-10-12,V0029,20153.71,Professional Services,Admin & Professional,debit,reconciled,Subscription renewal,INR
TXN000580,2026-05-11,V0014,31134.28,Logistics,Operations,debit,unreconciled,Annual contract,INR
TXN000581,2025-10-20,V0023,4352.12,Marketing,Marketing,debit,unreconciled,Subscription renewal,INR
TXN000582,2026-08-31,V0006,12633.85,Logistics,Operations,debit,reconciled,Bulk order advance,INR
TXN000583,2025-08-20,V0032,32522.9,Utilities,Utilities,debit,unreconciled,Final settlement,INR
TXN000584,2025-10-06,V0005,11019.08,Raw Materials,Purchases,debit,reconciled,Bulk order advance,INR
TXN000585,2026-07-04,V0004,13321.06,IT Services,Technology,debit,unreconciled,Freight charges,INR
TXN000586,2025-10-21,V0003,36784.86,Logistics,Operations,debit,reconciled,Repair and maintenance,INR
TXN000587,2026-08-24,V0006,6041.48,Logistics,Operations,debit,reconciled,Invoice payment,INR
TXN000588,2025-09-06,,594530.0,Rent,Bank Charges,debit,reconciled,Repair and maintenance,INR
TXN000589,2026-01-14,V0012,22727.28,Raw Materials,Purchases,debit,unreconciled,Quarterly retainer,INR
TXN000590,2026-04-06,V0021,8760.02,Raw Materials,Purchases,debit,reconciled,Repair and maintenance,INR
TXN000591,2025-11-08,V0040,15886.21,Professional Services,Admin & Professional,debit,reconciled,Invoice payment,INR
TXN000592,2025-10-05,V0034,46559.0,Packaging,Purchases,debit,reconciled,Utility bill,INR
TXN000593,2026-07-27,V0029,118412.11,Professional Services,Admin & Professional,debit,reconciled,Annual contract,INR
TXN000594,2025-08-23,V0022,29503.86,Logistics,Operations,debit,unreconciled,Quarterly retainer,INR
TXN000595,2025-12-02,V0033,44471.35,Logistics,Operations,debit,reconciled,Repair and maintenance,INR
TXN000596,2026-06-10,V0029,106058.01,Professional Services,Admin & Professional,debit,reconciled,Subscription renewal,INR
TXN000597,2026-02-06,V0032,15142.22,Utilities,Utilities,debit,reconciled,Final settlement,INR
TXN000598,2026-07-24,,118366.08,Office Supplies,Bank Charges,debit,unreconciled,Invoice payment,INR
TXN000599,2026-07-12,V0004,19187.09,IT Services,Technology,debit,reconciled,Repair and maintenance,INR
TXN000600,2026-07-27,V0032,17064.56,Utilities,Utilities,debit,reconciled,Annual contract,INR
TXN000601,2026-08-25,V0018,8749.26,Professional Services,Admin & Professional,debit,reconciled,Quarterly retainer,INR
TXN000602,2026-07-26,V0031,28902.3,Raw Materials,Purchases,debit,reconciled,Quarterly retainer,INR
TXN000603,2026-03-23,V0019,13319.14,Raw Materials,Purchases,debit,reconciled,Bulk order advance,INR
TXN000604,2025-08-12,V0039,28961.01,Facilities,Operations,debit,reconciled,Freight charges,INR
TXN000605,2026-01-11,,458768.8,Salaries & Benefits,Bank Charges,debit,reconciled,Repair and maintenance,INR
TXN000606,2026-07-23,V0026,23159.87,Manufacturing,Purchases,debit,unreconciled,Final settlement,INR
TXN000607,2025-09-30,V0003,17733.05,Logistics,Operations,debit,reconciled,Monthly service charge,INR
TXN000608,2026-08-06,V0003,19455.45,Logistics,Operations,debit,reconciled,Monthly service charge,INR
TXN000609,2025-08-18,V0040,10041.82,Professional Services,Admin & Professional,debit,pending,Utility bill,INR
TXN000610,2026-05-02,V0001,11110.0,Raw Materials,Purchases,debit,reconciled,Final settlement,INR
TXN000611,2026-05-17,V0038,20321.18,Facilities,Operations,debit,reconciled,Invoice payment,INR
TXN000612,2025-09-29,V0021,69561.25,Raw Materials,Purchases,debit,reconciled,Invoice payment,INR
TXN000613,2026-05-26,V0034,44924.53,Packaging,Purchases,debit,reconciled,Freight charges,INR
TXN000614,2026-02-18,V0017,472832.77,Manufacturing,Purchases,debit,pending,Repair and maintenance,INR
TXN000615,2026-08-02,,439584.46,Salaries & Benefits,Bank Charges,credit,reconciled,Final settlement,INR
TXN000616,2025-09-14,V0037,50925.69,Travel,Travel,debit,reconciled,Monthly service charge,INR
TXN000617,2026-03-01,V0029,12007.59,Professional Services,Admin & Professional,debit,reconciled,Utility bill,INR
TXN000618,2025-09-05,V0026,101344.74,Manufacturing,Purchases,debit,reconciled,Monthly service charge,INR
TXN000619,2026-06-09,V0024,43371.24,IT Services,Technology,debit,unreconciled,Monthly service charge,INR
TXN000620,2025-12-23,V0024,39498.28,IT Services,Technology,debit,reconciled,Final settlement,INR
TXN000621,2025-09-04,V0019,25503.55,Raw Materials,Purchases,debit,reconciled,Freight charges,INR
TXN000622,2026-08-11,V0036,2729.9,Professional Services,Admin & Professional,debit,reconciled,Monthly service charge,INR
TXN000623,2026-05-10,V0025,107554.86,Logistics,Operations,debit,unreconciled,Monthly service charge,INR
TXN000624,2026-06-03,V0025,40481.65,Logistics,Operations,debit,reconciled,Repair and maintenance,INR
TXN000625,2026-01-28,,454.0,Bank Charges,Bank Charges,debit,unreconciled,Subscription renewal,INR
TXN000626,2026-04-16,,1281.17,Bank Charges,Bank Charges,debit,reconciled,Monthly service charge,INR
TXN000627,2026-01-07,V0007,88821.54,Professional Services,Admin & Professional,debit,reconciled,Final settlement,INR
TXN000628,2025-09-30,V0037,13174.63,Travel,Travel,debit,reconciled,Monthly service charge,INR
TXN000629,2026-08-26,,105.48,Bank Charges,Bank Charges,debit,reconciled,Bulk order advance,INR
TXN000630,2026-06-06,,245.43,Bank Charges,Bank Charges,debit,unreconciled,Quarterly retainer,INR
TXN000631,2025-11-14,V0009,35289.56,IT Services,Technology,debit,reconciled,Final settlement,INR
TXN000632,2025-11-03,V0027,6202.95,Facilities,Operations,debit,reconciled,Bulk order advance,INR
TXN000633,2025-10-27,,2922.06,Bank Charges,Bank Charges,debit,reconciled,Utility bill,INR
TXN000634,2026-05-29,V0031,97766.7,Raw Materials,Purchases,debit,reconciled,Subscription renewal,INR
TXN000635,2026-01-08,V0006,54926.74,Logistics,Operations,debit,reconciled,Repair and maintenance,INR
TXN000636,2026-04-15,,319405.07,Rent,Bank Charges,debit,pending,Subscription renewal,INR
TXN000637,2025-11-03,V0008,9092.28,Facilities,Operations,debit,reconciled,Quarterly retainer,INR
TXN000638,2026-07-24,,10641.85,Office Supplies,Bank Charges,debit,reconciled,Annual contract,INR
TXN000639,2026-08-05,V0029,5089.11,Professional Services,Admin & Professional,debit,reconciled,Subscription renewal,INR
TXN000640,2026-06-05,,533560.89,Rent,Bank Charges,debit,reconciled,Quarterly retainer,INR
TXN000641,2025-11-27,V0007,87606.25,Professional Services,Admin & Professional,debit,reconciled,Monthly service charge,INR
TXN000642,2025-09-19,V0031,28585.46,Raw Materials,Purchases,debit,reconciled,Final settlement,INR
TXN000643,2025-12-12,V0035,28672.72,Travel,Travel,debit,unreconciled,Subscription renewal,INR
TXN000644,2025-09-30,V0017,18894.85,Manufacturing,Purchases,debit,reconciled,Utility bill,INR
TXN000645,2025-10-24,V0007,51525.8,Professional Services,Admin & Professional,debit,reconciled,Freight charges,INR
TXN000646,2026-05-20,V0026,11011.58,Manufacturing,Purchases,debit,reconciled,Repair and maintenance,INR
TXN000647,2025-12-27,V0031,8890.16,Raw Materials,Purchases,debit,reconciled,Quarterly retainer,INR
TXN000648,2026-07-29,V0021,27983.51,Raw Materials,Purchases,debit,reconciled,Freight charges,INR
TXN000649,2026-04-22,V0023,38991.63,Marketing,Marketing,debit,reconciled,Repair and maintenance,INR
TXN000650,2026-02-03,,75045.81,Office Supplies,Bank Charges,debit,unreconciled,Utility bill,INR
TXN000651,2026-01-19,,2167.24,Bank Charges,Bank Charges,debit,reconciled,Final settlement,INR
TXN000652,2026-04-29,V0011,99705.63,Marketing,Marketing,debit,reconciled,Final settlement,INR
TXN000653,2026-01-08,V0021,38287.3,Raw Materials,Purchases,debit,unreconciled,Monthly service charge,INR
TXN000654,2026-06-18,V0037,31280.37,Travel,Travel,debit,pending,Freight charges,INR
TXN000655,2026-02-25,,1590.7,Bank Charges,Bank Charges,debit,reconciled,Monthly service charge,INR
TXN000656,2026-02-27,V0036,11563.44,Professional Services,Admin & Professional,debit,reconciled,Final settlement,INR
TXN000657,2026-08-07,V0014,69070.3,Logistics,Operations,debit,reconciled,Subscription renewal,INR
TXN000658,2025-08-19,V0015,12535.56,Marketing,Marketing,debit,reconciled,Invoice payment,INR
TXN000659,2025-08-29,,976.02,Bank Charges,Bank Charges,debit,reconciled,Subscription renewal,INR
TXN000660,2025-09-16,V0036,53782.57,Professional Services,Admin & Professional,debit,reconciled,Utility bill,INR
TXN000661,2026-05-25,,522338.33,Salaries & Benefits,Bank Charges,debit,reconciled,Repair and maintenance,INR
TXN000662,2026-08-13,V0033,13274.05,Logistics,Operations,debit,reconciled,Monthly service charge,INR
TXN000663,2026-03-14,V0037,6187.84,Travel,Travel,debit,reconciled,Quarterly retainer,INR
TXN000664,2026-04-01,V0039,12785.23,Facilities,Operations,debit,unreconciled,Invoice payment,INR
TXN000665,2026-06-07,V0033,14474.86,Logistics,Operations,debit,reconciled,Repair and maintenance,INR
TXN000666,2025-11-30,,155899.58,Rent,Bank Charges,debit,pending,Final settlement,INR
TXN000667,2026-06-16,V0017,104386.64,Manufacturing,Purchases,debit,unreconciled,Final settlement,INR
TXN000668,2026-04-09,V0021,173484.26,Raw Materials,Purchases,debit,unreconciled,Quarterly retainer,INR
TXN000669,2026-07-24,V0005,17133.45,Raw Materials,Purchases,debit,reconciled,Repair and maintenance,INR
TXN000670,2026-08-26,V0030,70376.25,Manufacturing,Purchases,debit,reconciled,Subscription renewal,INR
TXN000671,2026-01-08,V0006,6976.41,Logistics,Operations,debit,unreconciled,Monthly service charge,INR
TXN000672,2026-07-18,V0039,14881.74,Facilities,Operations,debit,reconciled,Monthly service charge,INR
TXN000673,2025-12-23,V0021,219421.44,Raw Materials,Purchases,debit,pending,Bulk order advance,INR
TXN000674,2026-08-01,,142139.28,Office Supplies,Bank Charges,debit,reconciled,Subscription renewal,INR
TXN000675,2026-04-11,V0032,49600.19,Utilities,Utilities,debit,reconciled,Monthly service charge,INR
TXN000676,2026-06-04,V0035,41431.56,Travel,Travel,debit,reconciled,Monthly service charge,INR
TXN000677,2025-10-24,V0031,25203.37,Raw Materials,Purchases,debit,reconciled,Repair and maintenance,INR
TXN000678,2026-08-01,V0021,31631.08,Raw Materials,Purchases,debit,reconciled,Invoice payment,INR
TXN000679,2026-03-30,,65.81,Bank Charges,Bank Charges,debit,reconciled,Subscription renewal,INR
TXN000680,2026-01-05,V0022,23388.13,Logistics,Operations,debit,reconciled,Monthly service charge,INR
TXN000681,2025-12-22,V0038,55897.78,Facilities,Operations,debit,reconciled,Repair and maintenance,INR
TXN000682,2026-01-09,V0023,128523.89,Marketing,Marketing,debit,pending,Freight charges,INR
TXN000683,2026-07-27,V0032,12564.8,Utilities,Utilities,debit,reconciled,Freight charges,INR
TXN000684,2025-10-15,V0005,53840.75,Raw Materials,Purchases,debit,reconciled,Utility bill,INR
TXN000685,2026-07-06,V0029,125028.43,Professional Services,Admin & Professional,debit,reconciled,Subscription renewal,INR
TXN000686,2026-06-04,V0040,10597.05,Professional Services,Admin & Professional,debit,pending,Quarterly retainer,INR
TXN000687,2025-10-18,V0022,49838.71,Logistics,Operations,debit,reconciled,Final settlement,INR
TXN000688,2026-01-16,,393686.6,Rent,Bank Charges,debit,unreconciled,Annual contract,INR
TXN000689,2026-08-08,,1664.11,Bank Charges,Bank Charges,debit,reconciled,Final settlement,INR
TXN000690,2026-08-28,V0019,17551.43,Raw Materials,Purchases,debit,pending,Monthly service charge,INR
TXN000691,2026-01-27,V0031,4904.95,Raw Materials,Purchases,debit,unreconciled,Utility bill,INR
TXN000692,2026-06-09,V0005,22263.1,Raw Materials,Purchases,debit,reconciled,Subscription renewal,INR
TXN000693,2026-06-01,V0007,26383.75,Professional Services,Admin & Professional,debit,reconciled,Final settlement,INR
TXN000694,2026-04-02,V0040,40407.66,Professional Services,Admin & Professional,debit,reconciled,Subscription renewal,INR
TXN000695,2026-05-10,V0003,9382.32,Logistics,Operations,debit,reconciled,Annual contract,INR
TXN000696,2026-05-27,V0025,4622.38,Logistics,Operations,debit,reconciled,Monthly service charge,INR
TXN000697,2026-05-21,V0034,17995.05,Packaging,Purchases,debit,reconciled,Monthly service charge,INR
TXN000698,2026-03-27,V0025,10205.59,Logistics,Operations,debit,reconciled,Annual contract,INR
TXN000699,2026-06-05,,753480.55,Rent,Bank Charges,debit,reconciled,Bulk order advance,INR
TXN000700,2026-07-23,,667.23,Bank Charges,Bank Charges,debit,reconciled,Subscription renewal,INR
TXN000701,2026-03-01,V0007,4427.25,Professional Services,Admin & Professional,debit,pending,Freight charges,INR
TXN000702,2026-06-03,,188191.64,Rent,Bank Charges,credit,reconciled,Subscription renewal,INR
TXN000703,2026-08-13,V0033,19569.28,Logistics,Operations,debit,unreconciled,Freight charges,INR
TXN000704,2026-07-02,V0037,5610.93,Travel,Travel,debit,reconciled,Freight charges,INR
TXN000705,2026-04-06,V0012,69963.87,Raw Materials,Purchases,debit,reconciled,Freight charges,INR
TXN000706,2026-08-06,V0039,129728.91,Facilities,Operations,debit,unreconciled,Freight charges,INR
TXN000707,2025-10-22,V0015,85466.42,Marketing,Marketing,debit,reconciled,Bulk order advance,INR
TXN000708,2025-09-21,,377738.92,Rent,Bank Charges,debit,reconciled,Invoice payment,INR
TXN000709,2026-01-30,V0007,82271.24,Professional Services,Admin & Professional,debit,unreconciled,Repair and maintenance,INR
TXN000710,2026-06-13,V0026,970.75,Manufacturing,Purchases,debit,unreconciled,Invoice payment,INR
TXN000711,2026-05-13,V0007,49304.55,Professional Services,Admin & Professional,debit,reconciled,Invoice payment,INR
TXN000712,2026-08-22,V0006,58905.32,Logistics,Operations,debit,pending,Utility bill,INR
TXN000713,2025-09-18,,109524.04,Office Supplies,Bank Charges,debit,unreconciled,Freight charges,INR
TXN000714,2025-09-20,V0019,47187.2,Raw Materials,Purchases,debit,reconciled,Subscription renewal,INR
TXN000715,2026-05-25,V0019,36325.43,Raw Materials,Purchases,debit,unreconciled,Subscription renewal,INR
TXN000716,2025-10-10,,838515.04,Rent,Bank Charges,debit,pending,Utility bill,INR
TXN000717,2026-02-02,,259188.23,Rent,Bank Charges,credit,unreconciled,Quarterly retainer,INR
TXN000718,2026-06-18,V0034,53625.24,Packaging,Purchases,debit,pending,Invoice payment,INR
TXN000719,2026-08-01,,464478.97,Salaries & Benefits,Bank Charges,debit,reconciled,Final settlement,INR
TXN000720,2025-08-05,,105343.96,Office Supplies,Bank Charges,debit,reconciled,Utility bill,INR
TXN000721,2026-06-30,V0018,105950.81,Professional Services,Admin & Professional,debit,unreconciled,Final settlement,INR
TXN000722,2026-03-07,,310300.89,Salaries & Benefits,Bank Charges,debit,reconciled,Repair and maintenance,INR
TXN000723,2026-04-10,V0025,258075.2,Logistics,Operations,debit,reconciled,Utility bill,INR
TXN000724,2026-06-30,V0001,19429.59,Raw Materials,Purchases,debit,unreconciled,Annual contract,INR
TXN000725,2026-06-18,V0036,14966.97,Professional Services,Admin & Professional,debit,reconciled,Annual contract,INR
TXN000726,2026-04-24,V0006,27762.98,Logistics,Operations,debit,unreconciled,Freight charges,INR
TXN000727,2026-08-19,V0037,25179.83,Travel,Travel,debit,reconciled,Utility bill,INR
TXN000728,2026-04-23,V0037,38485.78,Travel,Travel,debit,pending,Freight charges,INR
TXN000729,2026-03-02,,76362.1,Office Supplies,Bank Charges,debit,reconciled,Utility bill,INR
TXN000730,2025-11-18,,841273.02,Salaries & Benefits,Bank Charges,debit,unreconciled,Quarterly retainer,INR
TXN000731,2026-07-27,V0040,14899.9,Professional Services,Admin & Professional,debit,unreconciled,Monthly service charge,INR
TXN000732,2026-03-04,V0037,57860.1,Travel,Travel,debit,unreconciled,Freight charges,INR
TXN000733,2026-08-20,V0016,24075.57,IT Services,Technology,debit,reconciled,Annual contract,INR
TXN000734,2026-04-16,V0034,36438.58,Packaging,Purchases,debit,unreconciled,Quarterly retainer,INR
TXN000735,2026-07-07,V0019,68520.94,Raw Materials,Purchases,debit,reconciled,Freight charges,INR
TXN000736,2025-10-24,V0028,128379.71,Raw Materials,Purchases,debit,reconciled,Quarterly retainer,INR
TXN000737,2026-06-19,V0025,99453.09,Logistics,Operations,debit,reconciled,Bulk order advance,INR
TXN000738,2026-05-24,V0035,35447.04,Travel,Travel,debit,reconciled,Invoice payment,INR
TXN000739,2026-03-01,V0025,22017.33,Logistics,Operations,debit,pending,Utility bill,INR
TXN000740,2026-06-12,V0021,7152.05,Raw Materials,Purchases,debit,reconciled,Invoice payment,INR
TXN000741,2025-09-12,V0039,9921.22,Facilities,Operations,debit,reconciled,Utility bill,INR
TXN000742,2025-09-28,V0017,29370.98,Manufacturing,Purchases,debit,reconciled,Bulk order advance,INR
TXN000743,2025-11-20,V0021,4610.27,Raw Materials,Purchases,debit,reconciled,Monthly service charge,INR
TXN000744,2025-10-26,,871014.08,Rent,Bank Charges,debit,reconciled,Freight charges,INR
TXN000745,2026-06-11,V0030,35189.88,Manufacturing,Purchases,debit,reconciled,Utility bill,INR
TXN000746,2025-09-18,V0040,56393.27,Professional Services,Admin & Professional,debit,reconciled,Repair and maintenance,INR
TXN000747,2026-08-21,V0015,38923.29,Marketing,Marketing,debit,reconciled,Annual contract,INR
TXN000748,2026-08-30,V0038,42378.34,Facilities,Operations,debit,unreconciled,Freight charges,INR
TXN000749,2026-05-03,V0037,44633.26,Travel,Travel,debit,unreconciled,Freight charges,INR
TXN000750,2026-01-28,,770600.13,Rent,Bank Charges,debit,reconciled,Invoice payment,INR
TXN000751,2025-11-07,V0012,9591.09,Raw Materials,Purchases,debit,pending,Repair and maintenance,INR
TXN000752,2026-05-12,V0040,25916.51,Professional Services,Admin & Professional,debit,reconciled,Invoice payment,INR
TXN000753,2026-06-23,V0037,33218.38,Travel,Travel,debit,reconciled,Annual contract,INR
TXN000754,2025-09-03,V0033,43783.68,Logistics,Operations,debit,unreconciled,Invoice payment,INR
TXN000755,2026-07-21,V0029,292553.69,Professional Services,Admin & Professional,debit,reconciled,Subscription renewal,INR
TXN000756,2026-01-13,V0040,9037.59,Professional Services,Admin & Professional,debit,reconciled,Repair and maintenance,INR
TXN000757,2026-08-05,V0015,21505.41,Marketing,Marketing,debit,reconciled,Bulk order advance,INR
TXN000758,2026-03-12,,868331.76,Rent,Bank Charges,debit,reconciled,Repair and maintenance,INR
TXN000759,2026-01-12,,335365.17,Salaries & Benefits,Bank Charges,debit,pending,Invoice payment,INR
TXN000760,2026-04-24,,2338.46,Bank Charges,Bank Charges,debit,unreconciled,Freight charges,INR
TXN000761,2025-09-13,,1163.32,Bank Charges,Bank Charges,debit,reconciled,Monthly service charge,INR
TXN000762,2026-03-15,V0029,23928.61,Professional Services,Admin & Professional,debit,reconciled,Invoice payment,INR
TXN000763,2026-02-22,V0033,9613.47,Logistics,Operations,debit,reconciled,Invoice payment,INR
TXN000764,2026-03-08,,1051.87,Bank Charges,Bank Charges,debit,unreconciled,Freight charges,INR
TXN000765,2026-05-28,V0006,31495.26,Logistics,Operations,debit,unreconciled,Bulk order advance,INR
TXN000766,2025-10-04,V0015,17276.54,Marketing,Marketing,debit,reconciled,Bulk order advance,INR
TXN000767,2025-08-31,V0029,28515.01,Professional Services,Admin & Professional,debit,reconciled,Annual contract,INR
TXN000768,2025-10-15,V0029,29136.43,Professional Services,Admin & Professional,debit,reconciled,Bulk order advance,INR
TXN000769,2026-05-14,,407862.08,Rent,Bank Charges,debit,reconciled,Bulk order advance,INR
TXN000770,2025-12-25,V0018,36620.95,Professional Services,Admin & Professional,debit,reconciled,Freight charges,INR
TXN000771,2025-08-02,V0032,25193.43,Utilities,Utilities,debit,reconciled,Repair and maintenance,INR
TXN000772,2026-02-16,V0001,11643.53,Raw Materials,Purchases,debit,reconciled,Annual contract,INR
TXN000773,2025-12-18,,51632.81,Office Supplies,Bank Charges,debit,reconciled,Invoice payment,INR
TXN000774,2025-09-21,V0031,11166.09,Raw Materials,Purchases,debit,reconciled,Bulk order advance,INR
TXN000775,2026-02-06,,141233.1,Office Supplies,Bank Charges,debit,pending,Subscription renewal,INR
TXN000776,2025-09-03,V0037,13313.77,Travel,Travel,debit,reconciled,Repair and maintenance,INR
TXN000777,2026-06-22,V0003,33554.32,Logistics,Operations,debit,reconciled,Monthly service charge,INR
TXN000778,2026-08-06,V0029,25277.44,Professional Services,Admin & Professional,debit,unreconciled,Annual contract,INR
TXN000779,2026-03-18,V0024,24801.24,IT Services,Technology,debit,reconciled,Freight charges,INR
TXN000780,2026-05-25,V0038,30779.18,Facilities,Operations,debit,reconciled,Bulk order advance,INR
TXN000781,2026-02-19,V0021,21478.73,Raw Materials,Purchases,debit,unreconciled,Final settlement,INR
TXN000782,2025-10-08,V0016,27938.12,IT Services,Technology,debit,reconciled,Utility bill,INR
TXN000783,2026-05-14,V0015,7227.43,Marketing,Marketing,debit,reconciled,Quarterly retainer,INR
TXN000784,2025-12-29,,2368.33,Bank Charges,Bank Charges,debit,reconciled,Quarterly retainer,INR
TXN000785,2026-03-08,V0035,39758.57,Travel,Travel,debit,reconciled,Monthly service charge,INR
TXN000786,2025-08-05,V0015,5882.29,Marketing,Marketing,debit,reconciled,Bulk order advance,INR
TXN000787,2026-05-10,V0032,20203.27,Utilities,Utilities,debit,reconciled,Bulk order advance,INR
TXN000788,2026-07-24,V0022,8561.93,Logistics,Operations,debit,reconciled,Repair and maintenance,INR
TXN000789,2026-01-20,V0016,36697.91,IT Services,Technology,debit,reconciled,Monthly service charge,INR
TXN000790,2026-01-17,V0034,120470.22,Packaging,Purchases,debit,reconciled,Subscription renewal,INR
TXN000791,2025-09-02,V0009,6610.04,IT Services,Technology,debit,reconciled,Final settlement,INR
TXN000792,2026-03-17,V0001,21550.3,Raw Materials,Purchases,debit,reconciled,Utility bill,INR
TXN000793,2026-02-05,V0007,69057.63,Professional Services,Admin & Professional,debit,reconciled,Quarterly retainer,INR
TXN000794,2026-04-02,V0019,58998.76,Raw Materials,Purchases,debit,unreconciled,Final settlement,INR
TXN000795,2026-07-30,V0007,31828.08,Professional Services,Admin & Professional,debit,reconciled,Freight charges,INR
TXN000796,2026-08-07,V0027,26213.22,Facilities,Operations,debit,reconciled,Quarterly retainer,INR
TXN000797,2026-03-22,V0036,56459.9,Professional Services,Admin & Professional,debit,unreconciled,Monthly service charge,INR
TXN000798,2025-10-31,,493371.11,Rent,Bank Charges,debit,reconciled,Annual contract,INR
TXN000799,2025-08-23,V0037,10518.12,Travel,Travel,debit,reconciled,Quarterly retainer,INR
TXN000800,2026-02-27,,2986.18,Bank Charges,Bank Charges,debit,reconciled,Repair and maintenance,INR
TXN000801,2025-12-08,V0003,44529.97,Logistics,Operations,debit,reconciled,Subscription renewal,INR
TXN000802,2025-08-06,V0032,4903.34,Utilities,Utilities,debit,reconciled,Freight charges,INR
TXN000803,2026-06-12,V0015,32885.0,Marketing,Marketing,debit,reconciled,Subscription renewal,INR
TXN000804,2026-08-12,V0012,6341.81,Raw Materials,Purchases,debit,unreconciled,Utility bill,INR
TXN000805,2026-08-02,V0006,45641.26,Logistics,Operations,debit,reconciled,Invoice payment,INR
TXN000806,2025-12-06,V0012,9037.11,Raw Materials,Purchases,debit,pending,Repair and maintenance,INR
TXN000807,2026-07-15,V0012,49669.38,Raw Materials,Purchases,debit,reconciled,Subscription renewal,INR
TXN000808,2026-06-11,V0025,13536.97,Logistics,Operations,debit,reconciled,Subscription renewal,INR
TXN000809,2025-12-09,V0030,14905.74,Manufacturing,Purchases,debit,reconciled,Quarterly retainer,INR
TXN000810,2026-05-19,V0039,68942.79,Facilities,Operations,debit,pending,Monthly service charge,INR
TXN000811,2026-07-01,,200635.11,Rent,Bank Charges,credit,pending,Freight charges,INR
TXN000812,2026-06-24,V0025,12579.92,Logistics,Operations,debit,reconciled,Bulk order advance,INR
TXN000813,2026-03-30,V0030,6171.65,Manufacturing,Purchases,debit,pending,Freight charges,INR
TXN000814,2026-01-16,V0017,58101.47,Manufacturing,Purchases,debit,unreconciled,Invoice payment,INR
TXN000815,2026-08-02,V0038,39725.35,Facilities,Operations,debit,unreconciled,Utility bill,INR
TXN000816,2026-05-27,V0005,62779.02,Raw Materials,Purchases,debit,pending,Bulk order advance,INR
TXN000817,2026-03-07,V0016,42331.12,IT Services,Technology,debit,reconciled,Bulk order advance,INR
TXN000818,2026-06-09,,2855.49,Bank Charges,Bank Charges,debit,reconciled,Freight charges,INR
TXN000819,2026-06-09,V0034,8114.84,Packaging,Purchases,debit,unreconciled,Final settlement,INR
TXN000820,2025-10-18,V0007,20621.52,Professional Services,Admin & Professional,debit,reconciled,Utility bill,INR
TXN000821,2026-01-18,V0022,13935.01,Logistics,Operations,debit,reconciled,Utility bill,INR
TXN000822,2026-03-01,,438028.07,Salaries & Benefits,Bank Charges,debit,pending,Quarterly retainer,INR
TXN000823,2025-08-20,,1185.24,Bank Charges,Bank Charges,debit,reconciled,Subscription renewal,INR
TXN000824,2026-08-20,V0025,25427.97,Logistics,Operations,debit,reconciled,Subscription renewal,INR
TXN000825,2025-12-03,V0038,12975.46,Facilities,Operations,debit,reconciled,Monthly service charge,INR
TXN000826,2026-07-15,V0014,38503.51,Logistics,Operations,debit,reconciled,Quarterly retainer,INR
TXN000827,2026-02-13,V0029,97336.48,Professional Services,Admin & Professional,debit,reconciled,Subscription renewal,INR
TXN000828,2025-12-08,V0025,42287.58,Logistics,Operations,debit,reconciled,Subscription renewal,INR
TXN000829,2026-02-17,V0011,96147.54,Marketing,Marketing,debit,reconciled,Monthly service charge,INR
TXN000830,2025-10-24,V0033,11929.88,Logistics,Operations,debit,reconciled,Bulk order advance,INR
TXN000831,2025-09-13,V0038,18446.41,Facilities,Operations,debit,reconciled,Monthly service charge,INR
TXN000832,2026-05-03,V0023,36196.5,Marketing,Marketing,debit,reconciled,Invoice payment,INR
TXN000833,2025-08-22,V0025,95471.45,Logistics,Operations,debit,reconciled,Subscription renewal,INR
TXN000834,2026-01-23,,141207.67,Office Supplies,Bank Charges,debit,reconciled,Invoice payment,INR
TXN000835,2025-09-21,V0037,10708.87,Travel,Travel,debit,pending,Invoice payment,INR
TXN000836,2026-04-29,V0032,58115.92,Utilities,Utilities,debit,reconciled,Freight charges,INR
TXN000837,2025-11-05,V0030,73620.21,Manufacturing,Purchases,debit,reconciled,Invoice payment,INR
TXN000838,2025-11-28,V0021,32507.88,Raw Materials,Purchases,debit,reconciled,Freight charges,INR
TXN000839,2025-12-29,V0032,127045.33,Utilities,Utilities,debit,reconciled,Freight charges,INR
TXN000840,2026-02-28,V0022,4633.6,Logistics,Operations,debit,reconciled,Bulk order advance,INR
TXN000841,2026-07-04,V0006,71932.0,Logistics,Operations,debit,reconciled,Final settlement,INR
TXN000842,2026-07-07,V0038,13720.73,Facilities,Operations,debit,reconciled,Freight charges,INR
TXN000843,2026-01-18,,1949.76,Bank Charges,Bank Charges,debit,reconciled,Subscription renewal,INR
TXN000844,2026-03-12,,39605.0,Office Supplies,Bank Charges,debit,reconciled,Repair and maintenance,INR
TXN000845,2026-08-17,,245563.1,Salaries & Benefits,Bank Charges,debit,reconciled,Invoice payment,INR
TXN000846,2025-11-21,V0019,104906.03,Raw Materials,Purchases,debit,reconciled,Annual contract,INR
TXN000847,2026-04-04,V0039,76188.04,Facilities,Operations,debit,reconciled,Annual contract,INR
TXN000848,2026-04-17,V0016,22120.74,IT Services,Technology,debit,reconciled,Subscription renewal,INR
TXN000849,2026-01-18,V0032,5397.99,Utilities,Utilities,debit,pending,Monthly service charge,INR
TXN000850,2026-08-08,V0040,136373.93,Professional Services,Admin & Professional,debit,pending,Utility bill,INR
TXN000851,2026-03-05,V0040,51711.78,Professional Services,Admin & Professional,debit,reconciled,Final settlement,INR
TXN000852,2025-11-08,V0025,10732.95,Logistics,Operations,debit,unreconciled,Invoice payment,INR
TXN000853,2026-07-30,V0031,33304.53,Raw Materials,Purchases,debit,reconciled,Monthly service charge,INR
TXN000854,2026-08-29,V0029,13217.0,Professional Services,Admin & Professional,debit,pending,Quarterly retainer,INR
TXN000855,2026-03-31,V0004,37381.34,IT Services,Technology,debit,reconciled,Bulk order advance,INR
TXN000856,2026-07-19,V0007,145651.25,Professional Services,Admin & Professional,debit,pending,Quarterly retainer,INR
TXN000857,2026-06-29,V0030,24692.86,Manufacturing,Purchases,debit,reconciled,Quarterly retainer,INR
TXN000858,2026-04-18,V0029,114191.78,Professional Services,Admin & Professional,debit,reconciled,Quarterly retainer,INR
TXN000859,2026-05-05,V0006,47061.59,Logistics,Operations,debit,unreconciled,Invoice payment,INR
TXN000860,2026-05-02,,197948.75,Rent,Bank Charges,debit,reconciled,Quarterly retainer,INR
TXN000861,2025-09-30,V0029,8867.99,Professional Services,Admin & Professional,debit,unreconciled,Quarterly retainer,INR
TXN000862,2026-08-11,V0033,37230.06,Logistics,Operations,debit,reconciled,Utility bill,INR
TXN000863,2026-03-16,V0023,28350.39,Marketing,Marketing,debit,reconciled,Invoice payment,INR
TXN000864,2026-03-26,V0026,32732.09,Manufacturing,Purchases,debit,unreconciled,Subscription renewal,INR
TXN000865,2025-10-23,V0005,13898.48,Raw Materials,Purchases,debit,reconciled,Utility bill,INR
TXN000866,2026-05-09,V0019,104113.63,Raw Materials,Purchases,debit,reconciled,Subscription renewal,INR
TXN000867,2025-12-23,V0018,44485.91,Professional Services,Admin & Professional,debit,unreconciled,Final settlement,INR
TXN000868,2026-04-22,V0038,4260.37,Facilities,Operations,debit,reconciled,Freight charges,INR
TXN000869,2026-07-25,V0015,18172.12,Marketing,Marketing,debit,reconciled,Repair and maintenance,INR
TXN000870,2026-05-13,V0037,18607.64,Travel,Travel,debit,reconciled,Utility bill,INR
TXN000871,2025-10-13,V0033,9997.07,Logistics,Operations,debit,reconciled,Monthly service charge,INR
TXN000872,2026-03-28,V0015,3974.83,Marketing,Marketing,debit,unreconciled,Bulk order advance,INR
TXN000873,2026-07-26,V0005,31725.78,Raw Materials,Purchases,debit,unreconciled,Subscription renewal,INR
TXN000874,2026-08-10,V0024,65139.36,IT Services,Technology,debit,reconciled,Quarterly retainer,INR
TXN000875,2026-08-25,V0025,36198.85,Logistics,Operations,debit,reconciled,Monthly service charge,INR
TXN000876,2025-10-29,V0036,41967.76,Professional Services,Admin & Professional,debit,reconciled,Subscription renewal,INR
TXN000877,2025-09-27,V0031,58580.71,Raw Materials,Purchases,debit,reconciled,Final settlement,INR
TXN000878,2026-01-25,,2809.47,Bank Charges,Bank Charges,debit,unreconciled,Invoice payment,INR
TXN000879,2026-06-12,V0016,10585.9,IT Services,Technology,debit,unreconciled,Subscription renewal,INR
TXN000880,2025-09-21,V0009,41883.53,IT Services,Technology,debit,reconciled,Freight charges,INR
TXN000881,2026-06-20,V0021,9171.7,Raw Materials,Purchases,debit,unreconciled,Monthly service charge,INR
TXN000882,2026-04-24,V0018,26017.86,Professional Services,Admin & Professional,debit,reconciled,Monthly service charge,INR
TXN000883,2026-02-21,V0038,64003.48,Facilities,Operations,debit,reconciled,Quarterly retainer,INR
TXN000884,2026-08-06,V0029,41576.61,Professional Services,Admin & Professional,debit,reconciled,Quarterly retainer,INR
TXN000885,2025-12-05,V0021,22347.89,Raw Materials,Purchases,debit,reconciled,Utility bill,INR
TXN000886,2026-08-06,V0040,85376.02,Professional Services,Admin & Professional,debit,reconciled,Quarterly retainer,INR
TXN000887,2026-04-26,V0030,14405.01,Manufacturing,Purchases,debit,reconciled,Utility bill,INR
TXN000888,2026-01-03,V0019,38760.1,Raw Materials,Purchases,debit,reconciled,Final settlement,INR
TXN000889,2026-02-16,V0005,62047.74,Raw Materials,Purchases,debit,unreconciled,Repair and maintenance,INR
TXN000890,2026-05-29,V0019,36085.9,Raw Materials,Purchases,debit,reconciled,Quarterly retainer,INR
TXN000891,2026-06-05,V0029,169595.16,Professional Services,Admin & Professional,debit,reconciled,Freight charges,INR
TXN000892,2026-03-08,,80500.08,Office Supplies,Bank Charges,debit,reconciled,Subscription renewal,INR
TXN000893,2026-08-24,,821184.77,Salaries & Benefits,Bank Charges,debit,reconciled,Subscription renewal,INR
TXN000894,2026-04-26,,542.46,Bank Charges,Bank Charges,debit,pending,Final settlement,INR
TXN000895,2026-03-22,V0021,242289.27,Raw Materials,Purchases,debit,pending,Monthly service charge,INR
TXN000896,2026-04-18,V0034,21804.29,Packaging,Purchases,debit,reconciled,Monthly service charge,INR
TXN000897,2026-04-04,V0032,28440.63,Utilities,Utilities,debit,reconciled,Final settlement,INR
TXN000898,2026-04-01,V0039,18110.3,Facilities,Operations,debit,unreconciled,Invoice payment,INR
TXN000899,2025-12-06,,80654.64,Office Supplies,Bank Charges,credit,reconciled,Annual contract,INR
TXN000900,2025-10-27,V0040,11756.12,Professional Services,Admin & Professional,debit,reconciled,Final settlement,INR
TXN000901,2026-05-26,V0033,15892.84,Logistics,Operations,debit,unreconciled,Annual contract,INR
TXN000902,2026-03-15,V0015,51833.42,Marketing,Marketing,debit,unreconciled,Monthly service charge,INR
TXN000903,2026-08-09,V0019,14715.01,Raw Materials,Purchases,debit,unreconciled,Bulk order advance,INR
TXN000904,2026-08-09,V0015,2091.46,Marketing,Marketing,debit,unreconciled,Annual contract,INR
TXN000905,2025-12-28,V0021,40192.6,Raw Materials,Purchases,debit,unreconciled,Invoice payment,INR
TXN000906,2026-02-10,V0006,47547.28,Logistics,Operations,debit,pending,Annual contract,INR
TXN000907,2026-01-09,V0009,25106.05,IT Services,Technology,debit,reconciled,Monthly service charge,INR
TXN000908,2026-08-11,,1656.69,Bank Charges,Bank Charges,debit,unreconciled,Subscription renewal,INR
TXN000909,2026-02-19,V0037,5784.62,Travel,Travel,debit,unreconciled,Quarterly retainer,INR
TXN000910,2025-09-26,V0039,18681.78,Facilities,Operations,debit,reconciled,Repair and maintenance,INR
TXN000911,2026-06-06,V0021,19702.68,Raw Materials,Purchases,debit,reconciled,Final settlement,INR
TXN000912,2026-01-26,,837175.77,Salaries & Benefits,Bank Charges,debit,pending,Quarterly retainer,INR
TXN000913,2025-10-16,V0007,10068.27,Professional Services,Admin & Professional,debit,unreconciled,Freight charges,INR
TXN000914,2025-09-27,V0039,18471.07,Facilities,Operations,debit,pending,Monthly service charge,INR
TXN000915,2026-01-28,V0021,44782.42,Raw Materials,Purchases,debit,unreconciled,Repair and maintenance,INR
TXN000916,2026-03-09,V0025,17073.47,Logistics,Operations,debit,reconciled,Utility bill,INR
TXN000917,2026-08-19,V0005,20578.56,Raw Materials,Purchases,debit,unreconciled,Repair and maintenance,INR
TXN000918,2025-10-08,,2738.52,Bank Charges,Bank Charges,debit,unreconciled,Monthly service charge,INR
TXN000919,2025-09-07,,32399.87,Office Supplies,Bank Charges,debit,unreconciled,Quarterly retainer,INR
TXN000920,2026-07-27,V0033,45540.46,Logistics,Operations,debit,reconciled,Quarterly retainer,INR
TXN000921,2026-08-28,V0005,5909.24,Raw Materials,Purchases,debit,unreconciled,Monthly service charge,INR
TXN000922,2026-03-29,V0033,41675.15,Logistics,Operations,debit,reconciled,Repair and maintenance,INR
TXN000923,2026-07-22,V0006,32683.46,Logistics,Operations,debit,reconciled,Subscription renewal,INR
TXN000924,2026-03-21,V0036,98634.88,Professional Services,Admin & Professional,debit,reconciled,Subscription renewal,INR
TXN000925,2025-08-31,V0021,8707.54,Raw Materials,Purchases,debit,unreconciled,Utility bill,INR
TXN000926,2025-09-09,,508062.2,Rent,Bank Charges,debit,reconciled,Subscription renewal,INR
TXN000927,2026-05-24,V0019,51418.93,Raw Materials,Purchases,debit,reconciled,Monthly service charge,INR
TXN000928,2026-04-13,V0027,26205.81,Facilities,Operations,debit,reconciled,Final settlement,INR
TXN000929,2026-08-20,V0021,4030.49,Raw Materials,Purchases,debit,unreconciled,Monthly service charge,INR
TXN000930,2025-09-19,V0038,27203.43,Facilities,Operations,debit,unreconciled,Invoice payment,INR
TXN000931,2026-02-12,V0037,36521.33,Travel,Travel,debit,reconciled,Bulk order advance,INR
TXN000932,2026-07-01,V0032,31426.39,Utilities,Utilities,debit,reconciled,Monthly service charge,INR
TXN000933,2026-08-23,V0031,48802.1,Raw Materials,Purchases,debit,unreconciled,Quarterly retainer,INR
TXN000934,2026-03-21,V0039,13016.07,Facilities,Operations,debit,reconciled,Quarterly retainer,INR
TXN000935,2025-12-29,V0007,7000.69,Professional Services,Admin & Professional,debit,reconciled,Final settlement,INR
TXN000936,2026-06-14,,66683.32,Office Supplies,Bank Charges,debit,reconciled,Repair and maintenance,INR
TXN000937,2025-12-13,,1880.81,Bank Charges,Bank Charges,debit,unreconciled,Bulk order advance,INR
TXN000938,2026-05-15,V0037,18325.35,Travel,Travel,debit,reconciled,Quarterly retainer,INR
TXN000939,2026-03-25,V0018,24229.95,Professional Services,Admin & Professional,debit,unreconciled,Quarterly retainer,INR
TXN000940,2026-02-28,V0009,18263.28,IT Services,Technology,debit,pending,Freight charges,INR
TXN000941,2025-11-24,V0011,42257.74,Marketing,Marketing,debit,unreconciled,Subscription renewal,INR
TXN000942,2025-11-18,V0037,10143.67,Travel,Travel,debit,reconciled,Quarterly retainer,INR
TXN000943,2025-12-31,,803466.85,Rent,Bank Charges,debit,reconciled,Final settlement,INR
TXN000944,2025-09-17,,406514.36,Rent,Bank Charges,debit,reconciled,Repair and maintenance,INR
TXN000945,2026-05-02,V0007,43070.96,Professional Services,Admin & Professional,debit,reconciled,Subscription renewal,INR
TXN000946,2026-06-02,V0032,30997.88,Utilities,Utilities,debit,reconciled,Repair and maintenance,INR
TXN000947,2025-12-30,V0039,19899.45,Facilities,Operations,debit,reconciled,Freight charges,INR
TXN000948,2026-06-24,,157.63,Bank Charges,Bank Charges,debit,reconciled,Utility bill,INR
TXN000949,2025-11-19,V0039,27566.2,Facilities,Operations,debit,reconciled,Freight charges,INR
TXN000950,2026-01-28,,542377.37,Rent,Bank Charges,debit,reconciled,Monthly service charge,INR
TXN000951,2025-10-30,V0007,23424.21,Professional Services,Admin & Professional,debit,reconciled,Subscription renewal,INR
TXN000952,2025-09-20,,314.43,Bank Charges,Bank Charges,credit,pending,Quarterly retainer,INR
TXN000953,2026-08-20,V0025,40745.87,Logistics,Operations,debit,unreconciled,Final settlement,INR
TXN000954,2025-11-17,V0022,21413.02,Logistics,Operations,debit,reconciled,Quarterly retainer,INR
TXN000955,2026-03-26,V0035,90747.71,Travel,Travel,debit,reconciled,Repair and maintenance,INR
TXN000956,2025-12-16,,380547.51,Salaries & Benefits,Bank Charges,debit,pending,Bulk order advance,INR
TXN000957,2025-08-20,V0033,19154.43,Logistics,Operations,debit,reconciled,Subscription renewal,INR
TXN000958,2026-02-17,V0030,30883.78,Manufacturing,Purchases,debit,reconciled,Monthly service charge,INR
TXN000959,2026-04-22,V0012,38993.96,Raw Materials,Purchases,debit,reconciled,Annual contract,INR
TXN000960,2026-06-18,,142356.35,Office Supplies,Bank Charges,debit,reconciled,Subscription renewal,INR
TXN000961,2026-05-31,V0029,309612.76,Professional Services,Admin & Professional,debit,reconciled,Invoice payment,INR
TXN000962,2026-06-21,V0019,13699.31,Raw Materials,Purchases,debit,reconciled,Subscription renewal,INR
TXN000963,2025-12-19,V0007,12716.89,Professional Services,Admin & Professional,debit,reconciled,Quarterly retainer,INR
TXN000964,2025-11-15,V0023,42743.69,Marketing,Marketing,debit,reconciled,Freight charges,INR
TXN000965,2026-08-23,,512933.24,Salaries & Benefits,Bank Charges,debit,reconciled,Monthly service charge,INR
TXN000966,2025-10-02,V0001,5953.52,Raw Materials,Purchases,debit,reconciled,Repair and maintenance,INR
TXN000967,2025-08-16,V0012,13464.85,Raw Materials,Purchases,debit,pending,Repair and maintenance,INR
TXN000968,2026-06-30,V0033,26547.72,Logistics,Operations,debit,reconciled,Bulk order advance,INR
TXN000969,2026-07-16,V0029,48902.84,Professional Services,Admin & Professional,debit,unreconciled,Freight charges,INR
TXN000970,2026-03-17,V0033,98067.09,Logistics,Operations,debit,reconciled,Subscription renewal,INR
TXN000971,2026-02-08,,1375.74,Bank Charges,Bank Charges,debit,pending,Final settlement,INR
TXN000972,2025-12-29,V0037,118312.64,Travel,Travel,debit,reconciled,Quarterly retainer,INR
TXN000973,2026-03-08,,333988.61,Salaries & Benefits,Bank Charges,debit,reconciled,Monthly service charge,INR
TXN000974,2025-12-13,,1187.49,Bank Charges,Bank Charges,debit,reconciled,Quarterly retainer,INR
TXN000975,2026-02-13,V0037,16390.29,Travel,Travel,debit,reconciled,Repair and maintenance,INR
TXN000976,2026-01-30,V0006,12653.38,Logistics,Operations,debit,reconciled,Annual contract,INR
TXN000977,2025-12-09,,248293.54,Salaries & Benefits,Bank Charges,debit,reconciled,Utility bill,INR
TXN000978,2025-10-06,V0033,19017.28,Logistics,Operations,debit,reconciled,Annual contract,INR
TXN000979,2026-07-23,,786504.23,Rent,Bank Charges,debit,reconciled,Repair and maintenance,INR
TXN000980,2026-06-08,,319755.94,Rent,Bank Charges,debit,unreconciled,Repair and maintenance,INR
TXN000981,2026-05-03,,816.08,Bank Charges,Bank Charges,debit,reconciled,Final settlement,INR
TXN000982,2026-06-29,V0038,31144.83,Facilities,Operations,debit,reconciled,Monthly service charge,INR
TXN000983,2026-02-28,V0031,28120.23,Raw Materials,Purchases,debit,reconciled,Freight charges,INR
TXN000984,2026-07-15,V0037,68195.09,Travel,Travel,debit,reconciled,Quarterly retainer,INR
TXN000985,2025-08-31,V0031,24835.59,Raw Materials,Purchases,debit,reconciled,Repair and maintenance,INR
TXN000986,2026-08-25,V0037,48263.25,Travel,Travel,debit,reconciled,Monthly service charge,INR
TXN000987,2026-01-10,V0030,12525.54,Manufacturing,Purchases,debit,reconciled,Subscription renewal,INR
TXN000988,2026-05-23,V0007,42473.77,Professional Services,Admin & Professional,debit,reconciled,Utility bill,INR
TXN000989,2025-11-17,V0025,27253.19,Logistics,Operations,debit,reconciled,Quarterly retainer,INR
TXN000990,2026-08-10,,44806.88,Office Supplies,Bank Charges,debit,reconciled,Utility bill,INR
TXN000991,2026-03-10,V0004,17394.98,IT Services,Technology,debit,reconciled,Invoice payment,INR
TXN000992,2025-11-30,V0006,17146.51,Logistics,Operations,debit,unreconciled,Repair and maintenance,INR
TXN000993,2026-07-28,V0033,7622.57,Logistics,Operations,debit,reconciled,Freight charges,INR
TXN000994,2026-07-19,V0017,11872.75,Manufacturing,Purchases,debit,unreconciled,Monthly service charge,INR
TXN000995,2026-07-08,V0018,13679.42,Professional Services,Admin & Professional,debit,reconciled,Invoice payment,INR
TXN000996,2026-03-31,V0023,17366.22,Marketing,Marketing,debit,unreconciled,Annual contract,INR
TXN000997,2025-12-27,,113493.88,Office Supplies,Bank Charges,debit,reconciled,Repair and maintenance,INR
TXN000998,2026-01-27,,647556.39,Salaries & Benefits,Bank Charges,debit,reconciled,Repair and maintenance,INR
TXN000999,2026-04-23,V0037,124990.63,Travel,Travel,debit,reconciled,Utility bill,INR
TXN001000,2025-10-08,V0001,39886.31,Raw Materials,Purchases,debit,reconciled,Bulk order advance,INR
TXN001001,2026-06-14,,40531.09,Office Supplies,Bank Charges,debit,unreconciled,Subscription renewal,INR
TXN001002,2025-12-20,V0003,28203.55,Logistics,Operations,debit,reconciled,Subscription renewal,INR
TXN001003,2026-01-25,V0039,26761.83,Facilities,Operations,debit,reconciled,Monthly service charge,INR
TXN001004,2026-06-16,V0007,26324.43,Professional Services,Admin & Professional,debit,reconciled,Freight charges,INR
TXN001005,2026-05-26,,791.73,Bank Charges,Bank Charges,debit,reconciled,Utility bill,INR
TXN001006,2025-08-17,V0029,11745.95,Professional Services,Admin & Professional,debit,reconciled,Repair and maintenance,INR
TXN001007,2026-06-23,V0021,134592.12,Raw Materials,Purchases,debit,reconciled,Subscription renewal,INR
TXN001008,2025-10-11,V0009,7616.11,IT Services,Technology,debit,reconciled,Quarterly retainer,INR
TXN001009,2026-06-18,V0009,7205.41,IT Services,Technology,debit,reconciled,Utility bill,INR
TXN001010,2026-03-07,V0039,13580.41,Facilities,Operations,debit,reconciled,Subscription renewal,INR
TXN001011,2026-06-11,,87468.04,Office Supplies,Bank Charges,debit,reconciled,Annual contract,INR
TXN001012,2026-04-03,V0036,11173.83,Professional Services,Admin & Professional,debit,pending,Quarterly retainer,INR
TXN001013,2025-11-22,V0005,84149.75,Raw Materials,Purchases,debit,unreconciled,Invoice payment,INR
TXN001014,2026-04-22,V0033,26653.17,Logistics,Operations,debit,reconciled,Monthly service charge,INR
TXN001015,2026-08-04,,2426.57,Bank Charges,Bank Charges,debit,reconciled,Quarterly retainer,INR
TXN001016,2026-08-15,V0019,68845.13,Raw Materials,Purchases,debit,reconciled,Monthly service charge,INR
TXN001017,2026-05-07,V0029,20436.36,Professional Services,Admin & Professional,debit,reconciled,Monthly service charge,INR
TXN001018,2026-08-14,V0025,25543.83,Logistics,Operations,debit,reconciled,Annual contract,INR
TXN001019,2025-12-19,V0032,9511.73,Utilities,Utilities,debit,reconciled,Invoice payment,INR
TXN001020,2026-05-16,V0029,41642.93,Professional Services,Admin & Professional,debit,pending,Repair and maintenance,INR
TXN001021,2026-03-28,,357678.03,Rent,Bank Charges,debit,reconciled,Utility bill,INR
TXN001022,2026-08-21,V0018,44902.91,Professional Services,Admin & Professional,debit,reconciled,Monthly service charge,INR
TXN001023,2026-07-04,V0019,164498.58,Raw Materials,Purchases,debit,reconciled,Freight charges,INR
TXN001024,2026-05-22,V0025,37466.47,Logistics,Operations,debit,reconciled,Annual contract,INR
TXN001025,2026-08-22,,35523.94,Office Supplies,Bank Charges,debit,reconciled,Freight charges,INR
TXN001026,2026-08-31,,16709.34,Office Supplies,Bank Charges,debit,unreconciled,Subscription renewal,INR
TXN001027,2026-03-04,,1855.12,Bank Charges,Bank Charges,debit,unreconciled,Quarterly retainer,INR
TXN001028,2026-02-08,V0036,70497.76,Professional Services,Admin & Professional,debit,reconciled,Subscription renewal,INR
TXN001029,2026-05-21,V0009,25776.71,IT Services,Technology,debit,reconciled,Monthly service charge,INR
TXN001030,2025-11-07,V0001,58579.91,Raw Materials,Purchases,debit,reconciled,Utility bill,INR
TXN001031,2026-01-16,V0038,20910.95,Facilities,Operations,debit,unreconciled,Annual contract,INR
TXN001032,2025-11-09,V0012,7378.69,Raw Materials,Purchases,debit,reconciled,Monthly service charge,INR
TXN001033,2026-01-04,V0021,8641.38,Raw Materials,Purchases,debit,pending,Final settlement,INR
TXN001034,2025-08-17,V0015,9082.81,Marketing,Marketing,debit,reconciled,Utility bill,INR
TXN001035,2026-07-06,,745.07,Bank Charges,Bank Charges,debit,pending,Annual contract,INR
TXN001036,2026-08-27,,885792.03,Salaries & Benefits,Bank Charges,debit,reconciled,Annual contract,INR
TXN001037,2026-04-03,,692497.33,Salaries & Benefits,Bank Charges,debit,reconciled,Bulk order advance,INR
TXN001038,2026-01-03,,4195.05,Office Supplies,Bank Charges,debit,unreconciled,Bulk order advance,INR
TXN001039,2026-02-11,V0033,29304.93,Logistics,Operations,debit,unreconciled,Monthly service charge,INR
TXN001040,2026-03-07,V0006,5798.89,Logistics,Operations,debit,pending,Repair and maintenance,INR
TXN001041,2026-06-18,V0012,76722.55,Raw Materials,Purchases,debit,pending,Invoice payment,INR
TXN001042,2025-12-06,,217.13,Bank Charges,Bank Charges,debit,reconciled,Repair and maintenance,INR
TXN001043,2025-12-04,,91312.45,Office Supplies,Bank Charges,debit,reconciled,Quarterly retainer,INR
TXN001044,2026-03-04,V0038,5970.14,Facilities,Operations,debit,pending,Utility bill,INR
TXN001045,2026-07-13,V0025,62261.93,Logistics,Operations,debit,reconciled,Bulk order advance,INR
TXN001046,2026-04-24,V0033,13206.55,Logistics,Operations,debit,unreconciled,Monthly service charge,INR
TXN001047,2025-11-22,,1521.78,Bank Charges,Bank Charges,credit,reconciled,Subscription renewal,INR
TXN001048,2025-09-13,V0037,22412.14,Travel,Travel,debit,reconciled,Freight charges,INR
TXN001049,2026-03-10,V0001,6176.14,Raw Materials,Purchases,debit,reconciled,Annual contract,INR
TXN001050,2026-01-22,V0030,77844.83,Manufacturing,Purchases,debit,pending,Final settlement,INR
TXN001051,2026-05-01,V0028,33496.9,Raw Materials,Purchases,debit,reconciled,Subscription renewal,INR
TXN001052,2025-11-30,V0001,11462.65,Raw Materials,Purchases,debit,reconciled,Repair and maintenance,INR
TXN001053,2026-06-12,V0015,8864.5,Marketing,Marketing,debit,unreconciled,Invoice payment,INR
TXN001054,2026-07-02,V0022,22609.25,Logistics,Operations,debit,pending,Freight charges,INR
TXN001055,2026-05-12,V0004,68625.38,IT Services,Technology,debit,reconciled,Repair and maintenance,INR
TXN001056,2025-12-11,V0015,51682.39,Marketing,Marketing,debit,reconciled,Monthly service charge,INR
TXN001057,2025-11-28,V0003,207401.46,Logistics,Operations,debit,reconciled,Invoice payment,INR
TXN001058,2025-09-01,,881461.75,Salaries & Benefits,Bank Charges,credit,unreconciled,Repair and maintenance,INR
TXN001059,2025-08-23,V0018,8325.54,Professional Services,Admin & Professional,debit,reconciled,Bulk order advance,INR
TXN001060,2026-04-09,V0037,11869.45,Travel,Travel,debit,unreconciled,Repair and maintenance,INR
TXN001061,2026-06-30,V0039,20196.31,Facilities,Operations,debit,reconciled,Annual contract,INR
TXN001062,2025-11-25,V0034,17183.96,Packaging,Purchases,debit,reconciled,Monthly service charge,INR
TXN001063,2026-06-29,V0005,64034.75,Raw Materials,Purchases,debit,reconciled,Annual contract,INR
TXN001064,2026-05-03,V0036,28146.51,Professional Services,Admin & Professional,debit,reconciled,Utility bill,INR
TXN001065,2025-12-16,V0029,69246.57,Professional Services,Admin & Professional,debit,unreconciled,Repair and maintenance,INR
TXN001066,2026-01-05,V0039,23129.99,Facilities,Operations,debit,reconciled,Quarterly retainer,INR
TXN001067,2026-06-06,V0034,60150.06,Packaging,Purchases,debit,reconciled,Final settlement,INR
TXN001068,2025-08-22,V0030,12151.01,Manufacturing,Purchases,debit,reconciled,Freight charges,INR
TXN001069,2025-09-05,,77719.67,Office Supplies,Bank Charges,debit,reconciled,Subscription renewal,INR
TXN001070,2026-07-15,V0036,14119.73,Professional Services,Admin & Professional,debit,reconciled,Invoice payment,INR
TXN001071,2026-01-29,,623124.0,Rent,Bank Charges,debit,reconciled,Freight charges,INR
TXN001072,2026-08-06,V0038,120905.95,Facilities,Operations,debit,reconciled,Freight charges,INR
TXN001073,2026-03-16,V0012,26612.06,Raw Materials,Purchases,debit,reconciled,Utility bill,INR
TXN001074,2026-03-07,V0019,23188.32,Raw Materials,Purchases,debit,unreconciled,Repair and maintenance,INR
TXN001075,2026-04-29,V0037,13375.36,Travel,Travel,debit,unreconciled,Monthly service charge,INR
TXN001076,2026-07-24,,1490.68,Bank Charges,Bank Charges,debit,reconciled,Final settlement,INR
TXN001077,2026-03-16,V0036,18852.82,Professional Services,Admin & Professional,debit,reconciled,Quarterly retainer,INR
TXN001078,2026-04-10,V0037,10761.39,Travel,Travel,debit,reconciled,Bulk order advance,INR
TXN001079,2026-03-21,V0034,42873.77,Packaging,Purchases,debit,pending,Subscription renewal,INR
TXN001080,2026-08-02,V0036,34912.96,Professional Services,Admin & Professional,debit,reconciled,Bulk order advance,INR
TXN001081,2025-10-29,V0009,30110.65,IT Services,Technology,debit,reconciled,Subscription renewal,INR
TXN001082,2026-06-20,V0030,25060.27,Manufacturing,Purchases,debit,reconciled,Final settlement,INR
TXN001083,2026-07-09,V0034,20767.05,Packaging,Purchases,debit,reconciled,Quarterly retainer,INR
TXN001084,2026-04-12,V0006,24836.25,Logistics,Operations,debit,reconciled,Subscription renewal,INR
TXN001085,2026-04-05,,600794.09,Rent,Bank Charges,debit,reconciled,Final settlement,INR
TXN001086,2026-03-26,V0035,23012.3,Travel,Travel,debit,reconciled,Freight charges,INR
TXN001087,2026-07-04,V0030,13826.4,Manufacturing,Purchases,debit,reconciled,Invoice payment,INR
TXN001088,2026-04-13,V0031,28145.36,Raw Materials,Purchases,debit,reconciled,Monthly service charge,INR
TXN001089,2026-08-03,V0034,69456.33,Packaging,Purchases,debit,reconciled,Bulk order advance,INR
TXN001090,2026-01-12,V0023,12603.67,Marketing,Marketing,debit,reconciled,Bulk order advance,INR
TXN001091,2025-11-01,V0033,18250.18,Logistics,Operations,debit,reconciled,Subscription renewal,INR
TXN001092,2025-10-18,V0029,17522.08,Professional Services,Admin & Professional,debit,reconciled,Invoice payment,INR
TXN001093,2025-12-05,V0016,32282.58,IT Services,Technology,debit,pending,Utility bill,INR
TXN001094,2026-02-12,V0024,20706.71,IT Services,Technology,debit,reconciled,Quarterly retainer,INR
TXN001095,2026-01-09,V0018,12682.93,Professional Services,Admin & Professional,debit,unreconciled,Freight charges,INR
TXN001096,2025-09-12,V0029,23210.4,Professional Services,Admin & Professional,debit,reconciled,Bulk order advance,INR
TXN001097,2025-12-08,V0033,55670.75,Logistics,Operations,debit,unreconciled,Final settlement,INR
TXN001098,2026-08-22,V0023,26714.7,Marketing,Marketing,debit,reconciled,Freight charges,INR
TXN001099,2026-08-14,,2767.63,Bank Charges,Bank Charges,debit,reconciled,Monthly service charge,INR
TXN001100,2026-08-17,V0007,67019.9,Professional Services,Admin & Professional,debit,unreconciled,Utility bill,INR
TXN001101,2025-08-05,V0021,47632.63,Raw Materials,Purchases,debit,reconciled,Repair and maintenance,INR
TXN001102,2025-10-12,V0031,16274.73,Raw Materials,Purchases,debit,reconciled,Bulk order advance,INR
TXN001103,2026-08-04,,25471.49,Office Supplies,Bank Charges,debit,reconciled,Repair and maintenance,INR
TXN001104,2026-08-29,V0009,8448.47,IT Services,Technology,debit,reconciled,Annual contract,INR
TXN001105,2025-09-04,V0026,8607.39,Manufacturing,Purchases,debit,pending,Final settlement,INR
TXN001106,2026-04-21,,12543.94,Office Supplies,Bank Charges,debit,unreconciled,Final settlement,INR
TXN001107,2026-05-03,V0019,59682.78,Raw Materials,Purchases,debit,reconciled,Annual contract,INR
TXN001108,2025-08-26,,22356.67,Office Supplies,Bank Charges,debit,reconciled,Quarterly retainer,INR
TXN001109,2026-02-04,V0019,113518.19,Raw Materials,Purchases,debit,reconciled,Utility bill,INR
TXN001110,2026-06-06,,141878.0,Office Supplies,Bank Charges,debit,reconciled,Subscription renewal,INR
TXN001111,2026-07-22,,1695.82,Bank Charges,Bank Charges,debit,reconciled,Invoice payment,INR
TXN001112,2026-08-30,V0033,9858.74,Logistics,Operations,debit,pending,Bulk order advance,INR
TXN001113,2025-10-31,,627.72,Bank Charges,Bank Charges,debit,reconciled,Annual contract,INR
TXN001114,2026-06-19,V0030,41544.1,Manufacturing,Purchases,debit,reconciled,Annual contract,INR
TXN001115,2026-03-30,,517725.36,Rent,Bank Charges,debit,unreconciled,Utility bill,INR
TXN001116,2025-08-20,V0029,82359.81,Professional Services,Admin & Professional,debit,reconciled,Monthly service charge,INR
TXN001117,2025-10-01,V0030,7916.76,Manufacturing,Purchases,debit,reconciled,Repair and maintenance,INR
TXN001118,2026-05-28,V0019,18241.27,Raw Materials,Purchases,debit,reconciled,Bulk order advance,INR
TXN001119,2026-08-05,V0031,18321.16,Raw Materials,Purchases,debit,unreconciled,Invoice payment,INR
TXN001120,2026-05-15,,1720.26,Bank Charges,Bank Charges,debit,reconciled,Quarterly retainer,INR
TXN001121,2025-11-04,V0030,16341.65,Manufacturing,Purchases,debit,pending,Final settlement,INR
TXN001122,2026-06-25,,112363.86,Office Supplies,Bank Charges,debit,reconciled,Subscription renewal,INR
TXN001123,2026-03-20,V0037,13265.63,Travel,Travel,debit,reconciled,Final settlement,INR
TXN001124,2026-05-24,V0034,33145.6,Packaging,Purchases,debit,reconciled,Monthly service charge,INR
TXN001125,2026-05-27,V0025,6002.7,Logistics,Operations,debit,reconciled,Final settlement,INR
TXN001126,2026-06-17,V0012,28890.8,Raw Materials,Purchases,debit,reconciled,Freight charges,INR
TXN001127,2026-01-14,V0006,2976.98,Logistics,Operations,debit,reconciled,Freight charges,INR
TXN001128,2026-02-27,V0022,41898.29,Logistics,Operations,debit,reconciled,Subscription renewal,INR
TXN001129,2025-12-08,V0029,25720.13,Professional Services,Admin & Professional,debit,reconciled,Bulk order advance,INR
TXN001130,2026-03-12,V0007,12881.39,Professional Services,Admin & Professional,debit,reconciled,Utility bill,INR
TXN001131,2026-05-18,V0006,76980.99,Logistics,Operations,debit,unreconciled,Repair and maintenance,INR
TXN001132,2025-10-24,V0031,15387.34,Raw Materials,Purchases,debit,reconciled,Monthly service charge,INR
TXN001133,2026-03-12,V0014,170744.65,Logistics,Operations,debit,reconciled,Freight charges,INR
TXN001134,2026-02-21,,773510.24,Rent,Bank Charges,debit,unreconciled,Quarterly retainer,INR
TXN001135,2026-01-10,V0007,167917.04,Professional Services,Admin & Professional,debit,reconciled,Subscription renewal,INR
TXN001136,2026-03-27,V0029,51819.25,Professional Services,Admin & Professional,debit,reconciled,Invoice payment,INR
TXN001137,2026-02-20,,21573.91,Office Supplies,Bank Charges,debit,reconciled,Subscription renewal,INR
TXN001138,2026-07-10,V0035,23284.38,Travel,Travel,debit,reconciled,Quarterly retainer,INR
TXN001139,2026-01-25,V0006,8902.3,Logistics,Operations,debit,reconciled,Subscription renewal,INR
TXN001140,2026-06-14,V0021,41059.01,Raw Materials,Purchases,debit,unreconciled,Freight charges,INR
TXN001141,2026-03-31,V0036,11373.35,Professional Services,Admin & Professional,debit,unreconciled,Quarterly retainer,INR
TXN001142,2026-02-09,V0035,51269.72,Travel,Travel,debit,reconciled,Final settlement,INR
TXN001143,2025-12-29,V0014,18834.71,Logistics,Operations,debit,unreconciled,Utility bill,INR
TXN001144,2026-03-06,V0003,29142.67,Logistics,Operations,debit,reconciled,Utility bill,INR
TXN001145,2025-09-26,V0022,249844.87,Logistics,Operations,debit,pending,Utility bill,INR
TXN001146,2025-08-21,V0019,163374.79,Raw Materials,Purchases,debit,reconciled,Quarterly retainer,INR
TXN001147,2026-08-19,V0021,3916.31,Raw Materials,Purchases,debit,unreconciled,Quarterly retainer,INR
TXN001148,2026-03-10,,86063.37,Office Supplies,Bank Charges,debit,reconciled,Utility bill,INR
TXN001149,2025-08-26,V0022,54991.21,Logistics,Operations,debit,unreconciled,Monthly service charge,INR
TXN001150,2026-02-13,V0015,23247.64,Marketing,Marketing,debit,reconciled,Monthly service charge,INR
TXN001151,2026-06-25,V0001,20146.18,Raw Materials,Purchases,debit,reconciled,Annual contract,INR
TXN001152,2026-06-22,V0025,24707.03,Logistics,Operations,debit,reconciled,Repair and maintenance,INR
TXN001153,2025-10-17,V0033,6136.3,Logistics,Operations,debit,reconciled,Final settlement,INR
TXN001154,2026-06-28,V0018,20227.73,Professional Services,Admin & Professional,debit,reconciled,Freight charges,INR
TXN001155,2026-04-28,V0034,46258.77,Packaging,Purchases,debit,unreconciled,Bulk order advance,INR
TXN001156,2026-05-03,V0029,30729.62,Professional Services,Admin & Professional,debit,reconciled,Subscription renewal,INR
TXN001157,2026-08-20,V0038,6077.83,Facilities,Operations,debit,reconciled,Repair and maintenance,INR
TXN001158,2026-02-17,V0021,46891.58,Raw Materials,Purchases,debit,pending,Monthly service charge,INR
TXN001159,2025-10-30,V0001,230585.61,Raw Materials,Purchases,debit,reconciled,Quarterly retainer,INR
TXN001160,2026-03-03,,291656.22,Rent,Bank Charges,credit,reconciled,Annual contract,INR
TXN001161,2025-09-11,V0033,74535.37,Logistics,Operations,debit,reconciled,Annual contract,INR
TXN001162,2026-02-06,V0029,55989.7,Professional Services,Admin & Professional,debit,reconciled,Bulk order advance,INR
TXN001163,2026-08-06,,71353.16,Office Supplies,Bank Charges,debit,reconciled,Monthly service charge,INR
TXN001164,2025-09-28,V0022,16578.09,Logistics,Operations,debit,reconciled,Quarterly retainer,INR
TXN001165,2025-10-21,V0032,43191.86,Utilities,Utilities,debit,reconciled,Freight charges,INR
TXN001166,2026-01-31,V0034,43805.85,Packaging,Purchases,debit,reconciled,Freight charges,INR
TXN001167,2026-01-11,V0032,28309.14,Utilities,Utilities,debit,reconciled,Quarterly retainer,INR
TXN001168,2025-12-03,V0007,21944.61,Professional Services,Admin & Professional,debit,pending,Freight charges,INR
TXN001169,2026-06-03,,714376.85,Rent,Bank Charges,debit,reconciled,Freight charges,INR
TXN001170,2026-07-25,V0015,27848.16,Marketing,Marketing,debit,unreconciled,Annual contract,INR
TXN001171,2025-12-28,V0032,31263.59,Utilities,Utilities,debit,reconciled,Final settlement,INR
TXN001172,2026-07-22,V0029,56762.22,Professional Services,Admin & Professional,debit,reconciled,Bulk order advance,INR
TXN001173,2026-03-20,V0040,18379.33,Professional Services,Admin & Professional,debit,reconciled,Repair and maintenance,INR
TXN001174,2026-04-14,V0019,80500.76,Raw Materials,Purchases,debit,reconciled,Utility bill,INR
TXN001175,2026-05-05,V0034,38557.03,Packaging,Purchases,debit,reconciled,Invoice payment,INR
TXN001176,2026-08-15,V0031,22608.54,Raw Materials,Purchases,debit,reconciled,Quarterly retainer,INR
TXN001177,2026-05-01,,2912.79,Bank Charges,Bank Charges,debit,reconciled,Bulk order advance,INR
TXN001178,2026-05-21,V0031,25067.4,Raw Materials,Purchases,debit,reconciled,Utility bill,INR
TXN001179,2026-07-13,,195648.83,Salaries & Benefits,Bank Charges,debit,reconciled,Annual contract,INR
TXN001180,2026-05-02,,990.63,Bank Charges,Bank Charges,debit,reconciled,Quarterly retainer,INR
TXN001181,2026-04-22,V0027,66740.12,Facilities,Operations,debit,reconciled,Freight charges,INR
TXN001182,2026-06-22,V0022,36622.39,Logistics,Operations,debit,reconciled,Utility bill,INR
TXN001183,2026-06-27,V0037,15761.09,Travel,Travel,debit,reconciled,Final settlement,INR
TXN001184,2025-08-18,V0008,92005.44,Facilities,Operations,debit,reconciled,Freight charges,INR
TXN001185,2026-05-03,,117039.98,Office Supplies,Bank Charges,debit,reconciled,Utility bill,INR
TXN001186,2026-06-17,V0028,14297.59,Raw Materials,Purchases,debit,unreconciled,Monthly service charge,INR
TXN001187,2026-06-09,V0018,28234.87,Professional Services,Admin & Professional,debit,reconciled,Subscription renewal,INR
TXN001188,2025-11-13,V0016,208930.09,IT Services,Technology,debit,reconciled,Final settlement,INR
TXN001189,2026-08-26,V0034,8422.97,Packaging,Purchases,debit,pending,Final settlement,INR
TXN001190,2026-04-26,V0019,7218.48,Raw Materials,Purchases,debit,reconciled,Utility bill,INR
TXN001191,2026-06-13,V0037,12063.68,Travel,Travel,debit,reconciled,Freight charges,INR
TXN001192,2025-08-24,,665850.72,Rent,Bank Charges,debit,reconciled,Final settlement,INR
TXN001193,2025-08-31,V0030,15547.02,Manufacturing,Purchases,debit,pending,Quarterly retainer,INR
TXN001194,2026-08-19,V0040,207478.92,Professional Services,Admin & Professional,debit,unreconciled,Annual contract,INR
TXN001195,2025-11-26,V0025,42225.13,Logistics,Operations,debit,unreconciled,Repair and maintenance,INR
TXN001196,2026-02-01,,710454.9,Rent,Bank Charges,debit,reconciled,Bulk order advance,INR
TXN001197,2025-11-10,V0032,6022.05,Utilities,Utilities,debit,reconciled,Quarterly retainer,INR
TXN001198,2026-04-07,,2743.3,Bank Charges,Bank Charges,debit,reconciled,Subscription renewal,INR
TXN001199,2026-01-15,,361984.82,Rent,Bank Charges,debit,reconciled,Quarterly retainer,INR
TXN001200,2026-07-25,V0036,33347.12,Professional Services,Admin & Professional,debit,reconciled,Bulk order advance,INR
TXN001201,2026-03-09,,488466.44,Rent,Bank Charges,debit,unreconciled,Repair and maintenance,INR
TXN001202,2026-05-22,V0035,24181.21,Travel,Travel,debit,reconciled,Invoice payment,INR
TXN001203,2025-08-10,V0017,47145.61,Manufacturing,Purchases,debit,reconciled,Bulk order advance,INR
TXN001204,2026-08-02,,29138.26,Office Supplies,Bank Charges,debit,reconciled,Quarterly retainer,INR
TXN001205,2025-08-21,V0025,76403.42,Logistics,Operations,debit,reconciled,Bulk order advance,INR
TXN001206,2026-03-29,,170472.33,Salaries & Benefits,Bank Charges,debit,pending,Quarterly retainer,INR
TXN001207,2026-02-09,V0037,53690.24,Travel,Travel,debit,reconciled,Freight charges,INR
TXN001208,2026-08-16,,530.5,Bank Charges,Bank Charges,debit,pending,Annual contract,INR
TXN001209,2026-01-10,V0011,7470.18,Marketing,Marketing,debit,reconciled,Utility bill,INR
TXN001210,2025-08-09,V0034,9135.31,Packaging,Purchases,debit,reconciled,Final settlement,INR
TXN001211,2026-06-30,V0040,4446.52,Professional Services,Admin & Professional,debit,reconciled,Freight charges,INR
TXN001212,2025-12-19,V0038,27818.07,Facilities,Operations,debit,reconciled,Invoice payment,INR
TXN001213,2025-11-16,,428778.03,Salaries & Benefits,Bank Charges,debit,reconciled,Monthly service charge,INR
TXN001214,2025-10-17,V0035,13095.21,Travel,Travel,debit,reconciled,Final settlement,INR
TXN001215,2025-12-14,V0001,22655.75,Raw Materials,Purchases,debit,reconciled,Subscription renewal,INR
TXN001216,2026-08-26,V0025,2816.07,Logistics,Operations,debit,unreconciled,Utility bill,INR
TXN001217,2026-06-05,,968.72,Bank Charges,Bank Charges,debit,pending,Monthly service charge,INR
TXN001218,2026-03-21,V0024,88632.99,IT Services,Technology,debit,reconciled,Utility bill,INR
TXN001219,2025-10-13,V0005,9419.72,Raw Materials,Purchases,debit,unreconciled,Quarterly retainer,INR
TXN001220,2026-04-08,V0022,35959.48,Logistics,Operations,debit,pending,Final settlement,INR
TXN001221,2025-10-07,V0019,3367.36,Raw Materials,Purchases,debit,unreconciled,Subscription renewal,INR
TXN001222,2025-11-10,,471.72,Bank Charges,Bank Charges,credit,unreconciled,Monthly service charge,INR
TXN001223,2025-08-06,V0023,14056.99,Marketing,Marketing,debit,unreconciled,Annual contract,INR
TXN001224,2025-11-18,V0015,18693.64,Marketing,Marketing,debit,reconciled,Utility bill,INR
TXN001225,2026-03-24,V0025,9293.15,Logistics,Operations,debit,reconciled,Utility bill,INR
TXN001226,2026-05-05,V0022,104954.91,Logistics,Operations,debit,pending,Utility bill,INR
TXN001227,2026-07-06,V0031,45780.85,Raw Materials,Purchases,debit,unreconciled,Utility bill,INR
TXN001228,2025-10-17,V0025,6013.69,Logistics,Operations,debit,reconciled,Utility bill,INR
TXN001229,2025-09-21,V0030,55064.1,Manufacturing,Purchases,debit,pending,Monthly service charge,INR
TXN001230,2026-06-09,V0009,20935.3,IT Services,Technology,debit,reconciled,Subscription renewal,INR
TXN001231,2025-10-09,V0016,37348.83,IT Services,Technology,debit,unreconciled,Annual contract,INR
TXN001232,2025-08-31,V0007,25976.34,Professional Services,Admin & Professional,debit,pending,Bulk order advance,INR
TXN001233,2025-10-21,V0019,20605.0,Raw Materials,Purchases,debit,unreconciled,Invoice payment,INR
TXN001234,2026-04-24,V0006,39154.08,Logistics,Operations,debit,reconciled,Final settlement,INR
TXN001235,2026-06-09,V0005,19216.76,Raw Materials,Purchases,debit,pending,Subscription renewal,INR
TXN001236,2025-12-09,V0022,77666.16,Logistics,Operations,debit,reconciled,Freight charges,INR
TXN001237,2025-10-31,V0019,147544.92,Raw Materials,Purchases,debit,unreconciled,Subscription renewal,INR
TXN001238,2026-06-23,V0034,193964.7,Packaging,Purchases,debit,pending,Utility bill,INR
TXN001239,2026-06-29,V0032,25492.35,Utilities,Utilities,debit,reconciled,Subscription renewal,INR
TXN001240,2026-06-18,,604970.87,Rent,Bank Charges,debit,reconciled,Invoice payment,INR
TXN001241,2026-04-17,,1074.55,Bank Charges,Bank Charges,debit,unreconciled,Annual contract,INR
TXN001242,2025-08-20,,651801.27,Rent,Bank Charges,credit,reconciled,Invoice payment,INR
TXN001243,2026-07-26,,414283.84,Salaries & Benefits,Bank Charges,debit,reconciled,Invoice payment,INR
TXN001244,2026-06-22,V0034,3797.92,Packaging,Purchases,debit,reconciled,Repair and maintenance,INR
TXN001245,2025-10-28,,1034.6,Bank Charges,Bank Charges,debit,unreconciled,Bulk order advance,INR
TXN001246,2026-07-18,V0030,65160.7,Manufacturing,Purchases,debit,reconciled,Freight charges,INR
TXN001247,2026-07-10,V0001,13431.1,Raw Materials,Purchases,debit,reconciled,Utility bill,INR
TXN001248,2026-05-03,V0029,147982.35,Professional Services,Admin & Professional,debit,reconciled,Repair and maintenance,INR
TXN001249,2025-10-08,,2542.78,Bank Charges,Bank Charges,debit,unreconciled,Final settlement,INR
TXN001250,2025-09-12,V0012,52456.7,Raw Materials,Purchases,debit,reconciled,Final settlement,INR
TXN001251,2026-07-22,,131395.26,Office Supplies,Bank Charges,debit,unreconciled,Monthly service charge,INR
TXN001252,2026-06-07,V0027,11047.55,Facilities,Operations,debit,reconciled,Annual contract,INR
TXN001253,2026-07-28,,752569.56,Salaries & Benefits,Bank Charges,debit,reconciled,Bulk order advance,INR
TXN001254,2025-09-09,,48927.72,Office Supplies,Bank Charges,debit,reconciled,Utility bill,INR
TXN001255,2026-06-09,,108295.83,Office Supplies,Bank Charges,debit,reconciled,Utility bill,INR
TXN001256,2026-05-22,,614104.46,Rent,Bank Charges,debit,reconciled,Monthly service charge,INR
TXN001257,2026-05-14,V0038,23792.41,Facilities,Operations,debit,reconciled,Repair and maintenance,INR
TXN001258,2025-12-20,V0039,91849.19,Facilities,Operations,debit,reconciled,Monthly service charge,INR
TXN001259,2026-02-22,V0027,8159.06,Facilities,Operations,debit,reconciled,Repair and maintenance,INR
TXN001260,2025-08-28,V0019,39097.88,Raw Materials,Purchases,debit,unreconciled,Bulk order advance,INR
TXN001261,2026-07-24,V0031,26667.17,Raw Materials,Purchases,debit,reconciled,Subscription renewal,INR
TXN001262,2026-07-17,V0021,38254.55,Raw Materials,Purchases,debit,reconciled,Quarterly retainer,INR
TXN001263,2026-07-29,V0014,11447.23,Logistics,Operations,debit,reconciled,Repair and maintenance,INR
TXN001264,2026-08-28,V0040,9082.93,Professional Services,Admin & Professional,debit,reconciled,Utility bill,INR
TXN001265,2025-11-25,V0037,33795.64,Travel,Travel,debit,reconciled,Repair and maintenance,INR
TXN001266,2025-10-19,V0028,54868.96,Raw Materials,Purchases,debit,reconciled,Freight charges,INR
TXN001267,2026-05-03,,2431.25,Bank Charges,Bank Charges,debit,reconciled,Repair and maintenance,INR
TXN001268,2025-10-25,,294869.77,Rent,Bank Charges,debit,reconciled,Repair and maintenance,INR
TXN001269,2026-05-08,,858008.33,Rent,Bank Charges,debit,reconciled,Bulk order advance,INR
TXN001270,2025-10-23,,2550.93,Bank Charges,Bank Charges,debit,reconciled,Utility bill,INR
TXN001271,2026-04-30,V0034,36613.51,Packaging,Purchases,debit,reconciled,Bulk order advance,INR
TXN001272,2026-03-07,V0019,26135.88,Raw Materials,Purchases,debit,reconciled,Freight charges,INR
TXN001273,2026-04-12,,728132.05,Salaries & Benefits,Bank Charges,debit,reconciled,Invoice payment,INR
TXN001274,2026-01-05,,96498.93,Office Supplies,Bank Charges,debit,reconciled,Invoice payment,INR
TXN001275,2026-01-28,,2480.05,Bank Charges,Bank Charges,debit,reconciled,Utility bill,INR
TXN001276,2026-04-18,V0032,38321.59,Utilities,Utilities,debit,reconciled,Bulk order advance,INR
TXN001277,2025-08-08,V0019,19583.85,Raw Materials,Purchases,debit,reconciled,Bulk order advance,INR
TXN001278,2026-02-22,V0007,8247.57,Professional Services,Admin & Professional,debit,unreconciled,Subscription renewal,INR
TXN001279,2026-07-30,,303657.21,Salaries & Benefits,Bank Charges,debit,unreconciled,Final settlement,INR
TXN001280,2025-08-06,V0021,69948.27,Raw Materials,Purchases,debit,reconciled,Subscription renewal,INR
TXN001281,2026-03-18,V0031,6339.71,Raw Materials,Purchases,debit,reconciled,Final settlement,INR
TXN001282,2026-05-04,V0019,56736.8,Raw Materials,Purchases,debit,reconciled,Freight charges,INR
TXN001283,2025-09-25,V0034,50207.64,Packaging,Purchases,debit,reconciled,Freight charges,INR
TXN001284,2026-08-29,V0039,44707.38,Facilities,Operations,debit,reconciled,Repair and maintenance,INR
TXN001285,2025-10-18,V0039,73291.23,Facilities,Operations,debit,reconciled,Invoice payment,INR
TXN001286,2025-12-28,V0012,36161.69,Raw Materials,Purchases,debit,unreconciled,Invoice payment,INR
TXN001287,2025-09-05,,567639.85,Salaries & Benefits,Bank Charges,debit,pending,Invoice payment,INR
TXN001288,2026-07-28,V0032,20204.02,Utilities,Utilities,debit,pending,Bulk order advance,INR
TXN001289,2025-12-12,V0003,28905.85,Logistics,Operations,debit,unreconciled,Freight charges,INR
TXN001290,2026-06-27,V0031,3836.21,Raw Materials,Purchases,debit,reconciled,Freight charges,INR
TXN001291,2026-04-28,,22516.7,Office Supplies,Bank Charges,debit,reconciled,Subscription renewal,INR
TXN001292,2026-02-05,V0021,19482.09,Raw Materials,Purchases,debit,reconciled,Utility bill,INR
TXN001293,2025-10-04,,306075.69,Salaries & Benefits,Bank Charges,debit,unreconciled,Freight charges,INR
TXN001294,2026-03-16,,422670.2,Rent,Bank Charges,debit,reconciled,Utility bill,INR
TXN001295,2026-02-07,V0034,18160.74,Packaging,Purchases,debit,unreconciled,Subscription renewal,INR
TXN001296,2026-01-05,V0007,4733.92,Professional Services,Admin & Professional,debit,reconciled,Annual contract,INR
TXN001297,2026-05-28,V0025,11090.92,Logistics,Operations,debit,reconciled,Subscription renewal,INR
TXN001298,2025-12-18,,96544.48,Office Supplies,Bank Charges,debit,unreconciled,Monthly service charge,INR
TXN001299,2026-03-28,V0033,59273.8,Logistics,Operations,debit,reconciled,Annual contract,INR
TXN001300,2025-08-19,V0034,59443.42,Packaging,Purchases,debit,pending,Bulk order advance,INR
TXN001301,2025-11-18,V0005,35524.02,Raw Materials,Purchases,debit,pending,Freight charges,INR
TXN001302,2026-07-27,V0016,46891.38,IT Services,Technology,debit,unreconciled,Monthly service charge,INR
TXN001303,2026-04-30,,268710.32,Rent,Bank Charges,debit,reconciled,Final settlement,INR
TXN001304,2026-07-06,,222801.7,Rent,Bank Charges,credit,unreconciled,Freight charges,INR
TXN001305,2025-10-27,V0029,87652.34,Professional Services,Admin & Professional,debit,reconciled,Annual contract,INR
TXN001306,2025-08-11,,814202.9,Salaries & Benefits,Bank Charges,debit,unreconciled,Quarterly retainer,INR
TXN001307,2026-01-26,V0039,36056.83,Facilities,Operations,debit,unreconciled,Quarterly retainer,INR
TXN001308,2026-04-11,V0037,23089.88,Travel,Travel,debit,unreconciled,Bulk order advance,INR
TXN001309,2026-04-24,,1494.35,Bank Charges,Bank Charges,debit,reconciled,Bulk order advance,INR
TXN001310,2025-12-31,V0018,31668.74,Professional Services,Admin & Professional,debit,reconciled,Freight charges,INR
TXN001311,2026-07-22,V0032,7411.91,Utilities,Utilities,debit,unreconciled,Subscription renewal,INR
TXN001312,2026-01-23,V0018,17050.21,Professional Services,Admin & Professional,debit,reconciled,Quarterly retainer,INR
TXN001313,2025-09-13,,796109.35,Salaries & Benefits,Bank Charges,debit,reconciled,Monthly service charge,INR
TXN001314,2026-08-11,V0032,46827.17,Utilities,Utilities,debit,pending,Quarterly retainer,INR
TXN001315,2026-05-31,,1857.07,Bank Charges,Bank Charges,debit,reconciled,Quarterly retainer,INR
TXN001316,2026-03-07,V0040,32861.13,Professional Services,Admin & Professional,debit,reconciled,Annual contract,INR
TXN001317,2026-04-17,V0007,15597.16,Professional Services,Admin & Professional,debit,reconciled,Bulk order advance,INR
TXN001318,2025-09-08,V0036,44908.19,Professional Services,Admin & Professional,debit,reconciled,Annual contract,INR
TXN001319,2026-04-17,V0012,14960.24,Raw Materials,Purchases,debit,reconciled,Invoice payment,INR
TXN001320,2026-08-13,V0021,381167.95,Raw Materials,Purchases,debit,reconciled,Quarterly retainer,INR
TXN001321,2026-02-02,V0029,139540.27,Professional Services,Admin & Professional,debit,unreconciled,Repair and maintenance,INR
TXN001322,2026-08-16,,524771.2,Salaries & Benefits,Bank Charges,debit,reconciled,Bulk order advance,INR
TXN001323,2025-08-22,V0021,64108.32,Raw Materials,Purchases,debit,unreconciled,Subscription renewal,INR
TXN001324,2026-03-26,V0007,52392.21,Professional Services,Admin & Professional,debit,reconciled,Monthly service charge,INR
TXN001325,2026-06-20,V0019,15446.63,Raw Materials,Purchases,debit,pending,Monthly service charge,INR
TXN001326,2025-11-03,V0001,25369.86,Raw Materials,Purchases,debit,reconciled,Freight charges,INR
TXN001327,2026-08-04,V0029,26839.79,Professional Services,Admin & Professional,debit,unreconciled,Freight charges,INR
TXN001328,2025-08-31,V0006,32659.8,Logistics,Operations,debit,reconciled,Freight charges,INR
TXN001329,2025-08-07,,51448.5,Office Supplies,Bank Charges,debit,reconciled,Annual contract,INR
TXN001330,2026-04-29,V0032,7943.21,Utilities,Utilities,debit,reconciled,Bulk order advance,INR
TXN001331,2026-01-08,V0038,25562.94,Facilities,Operations,debit,reconciled,Repair and maintenance,INR
TXN001332,2026-01-12,,106507.63,Office Supplies,Bank Charges,debit,unreconciled,Bulk order advance,INR
TXN001333,2026-03-29,,533220.35,Salaries & Benefits,Bank Charges,debit,unreconciled,Annual contract,INR
TXN001334,2026-01-05,,200194.09,Salaries & Benefits,Bank Charges,debit,reconciled,Final settlement,INR
TXN001335,2025-08-31,V0012,8170.37,Raw Materials,Purchases,debit,reconciled,Utility bill,INR
TXN001336,2026-01-11,V0016,56367.27,IT Services,Technology,debit,unreconciled,Bulk order advance,INR
TXN001337,2026-06-02,V0016,28945.73,IT Services,Technology,debit,reconciled,Subscription renewal,INR
TXN001338,2025-08-06,V0010,39507.4,Packaging,Purchases,debit,reconciled,Monthly service charge,INR
TXN001339,2026-05-12,V0022,24716.02,Logistics,Operations,debit,reconciled,Final settlement,INR
TXN001340,2026-01-13,,204.65,Bank Charges,Bank Charges,debit,reconciled,Monthly service charge,INR
TXN001341,2026-02-09,V0030,39095.62,Manufacturing,Purchases,debit,reconciled,Invoice payment,INR
TXN001342,2026-03-01,V0039,4375.12,Facilities,Operations,debit,reconciled,Repair and maintenance,INR
TXN001343,2026-03-31,V0025,38658.35,Logistics,Operations,debit,reconciled,Quarterly retainer,INR
TXN001344,2025-09-29,V0037,55763.25,Travel,Travel,debit,reconciled,Invoice payment,INR
TXN001345,2025-10-18,,75587.0,Office Supplies,Bank Charges,debit,unreconciled,Subscription renewal,INR
TXN001346,2026-05-25,V0026,9160.16,Manufacturing,Purchases,debit,reconciled,Quarterly retainer,INR
TXN001347,2026-04-18,,60180.04,Office Supplies,Bank Charges,debit,reconciled,Annual contract,INR
TXN001348,2025-12-15,V0015,16743.02,Marketing,Marketing,debit,reconciled,Freight charges,INR
TXN001349,2026-07-10,V0021,167515.0,Raw Materials,Purchases,debit,unreconciled,Bulk order advance,INR
TXN001350,2026-08-12,V0036,288647.87,Professional Services,Admin & Professional,debit,unreconciled,Repair and maintenance,INR
TXN001351,2026-06-28,V0027,59502.11,Facilities,Operations,debit,reconciled,Final settlement,INR
TXN001352,2026-01-04,V0032,24179.7,Utilities,Utilities,debit,unreconciled,Freight charges,INR
TXN001353,2026-06-02,V0040,56062.41,Professional Services,Admin & Professional,debit,reconciled,Invoice payment,INR
TXN001354,2025-08-06,,945.17,Bank Charges,Bank Charges,debit,reconciled,Monthly service charge,INR
TXN001355,2026-02-11,,875.94,Bank Charges,Bank Charges,debit,reconciled,Invoice payment,INR
TXN001356,2025-10-30,,18928.43,Office Supplies,Bank Charges,debit,pending,Invoice payment,INR
TXN001357,2026-04-01,V0006,50876.98,Logistics,Operations,debit,unreconciled,Utility bill,INR
TXN001358,2026-03-11,V0011,20866.46,Marketing,Marketing,debit,reconciled,Subscription renewal,INR
TXN001359,2025-08-07,V0003,16797.21,Logistics,Operations,debit,reconciled,Final settlement,INR
TXN001360,2025-11-05,V0022,3340.64,Logistics,Operations,debit,reconciled,Bulk order advance,INR
TXN001361,2025-09-19,V0019,29515.2,Raw Materials,Purchases,debit,reconciled,Subscription renewal,INR
TXN001362,2026-02-07,V0018,4793.55,Professional Services,Admin & Professional,debit,unreconciled,Freight charges,INR
TXN001363,2026-02-25,V0021,105743.16,Raw Materials,Purchases,debit,reconciled,Repair and maintenance,INR
TXN001364,2026-05-04,,133571.4,Office Supplies,Bank Charges,debit,pending,Monthly service charge,INR
TXN001365,2026-05-04,V0033,95950.29,Logistics,Operations,debit,pending,Bulk order advance,INR
TXN001366,2026-02-19,V0021,8088.34,Raw Materials,Purchases,debit,reconciled,Quarterly retainer,INR
TXN001367,2025-11-08,V0006,156793.06,Logistics,Operations,debit,reconciled,Subscription renewal,INR
TXN001368,2026-02-18,V0018,15187.49,Professional Services,Admin & Professional,debit,reconciled,Freight charges,INR
TXN001369,2026-08-21,V0001,67161.64,Raw Materials,Purchases,debit,reconciled,Monthly service charge,INR
TXN001370,2026-01-04,V0021,80524.61,Raw Materials,Purchases,debit,reconciled,Bulk order advance,INR
TXN001371,2025-11-25,V0005,24758.73,Raw Materials,Purchases,debit,pending,Subscription renewal,INR
TXN001372,2026-06-13,V0030,158866.21,Manufacturing,Purchases,debit,reconciled,Freight charges,INR
TXN001373,2026-01-27,V0032,66496.75,Utilities,Utilities,debit,reconciled,Quarterly retainer,INR
TXN001374,2026-06-14,,895978.74,Rent,Bank Charges,debit,pending,Quarterly retainer,INR
TXN001375,2026-05-06,V0014,107425.0,Logistics,Operations,debit,reconciled,Subscription renewal,INR
TXN001376,2025-11-21,V0021,90255.21,Raw Materials,Purchases,debit,reconciled,Freight charges,INR
TXN001377,2026-02-15,,796.95,Bank Charges,Bank Charges,debit,reconciled,Monthly service charge,INR
TXN001378,2026-02-17,V0007,51555.24,Professional Services,Admin & Professional,debit,reconciled,Invoice payment,INR
TXN001379,2026-07-01,,182906.01,Rent,Bank Charges,debit,reconciled,Annual contract,INR
TXN001380,2025-12-08,V0007,31967.63,Professional Services,Admin & Professional,debit,reconciled,Subscription renewal,INR
TXN001381,2026-07-22,V0025,23623.53,Logistics,Operations,debit,reconciled,Subscription renewal,INR
TXN001382,2026-03-23,V0038,13382.92,Facilities,Operations,debit,reconciled,Bulk order advance,INR
TXN001383,2026-05-07,V0015,11759.81,Marketing,Marketing,debit,reconciled,Bulk order advance,INR
TXN001384,2026-08-18,V0034,4493.36,Packaging,Purchases,debit,reconciled,Invoice payment,INR
TXN001385,2025-10-10,V0014,25887.07,Logistics,Operations,debit,reconciled,Freight charges,INR
TXN001386,2025-11-29,,481.03,Bank Charges,Bank Charges,debit,reconciled,Quarterly retainer,INR
TXN001387,2025-09-07,V0014,20422.62,Logistics,Operations,debit,reconciled,Invoice payment,INR
TXN001388,2026-06-08,V0019,16757.22,Raw Materials,Purchases,debit,reconciled,Monthly service charge,INR
TXN001389,2026-04-18,,36959.75,Office Supplies,Bank Charges,debit,reconciled,Quarterly retainer,INR
TXN001390,2026-03-02,V0005,54596.03,Raw Materials,Purchases,debit,reconciled,Repair and maintenance,INR
TXN001391,2026-03-26,V0040,6031.09,Professional Services,Admin & Professional,debit,reconciled,Final settlement,INR
TXN001392,2026-02-14,V0036,36842.49,Professional Services,Admin & Professional,debit,reconciled,Annual contract,INR
TXN001393,2025-10-13,V0029,32494.5,Professional Services,Admin & Professional,debit,pending,Repair and maintenance,INR
TXN001394,2026-05-17,V0040,13154.79,Professional Services,Admin & Professional,debit,reconciled,Final settlement,INR
TXN001395,2026-07-09,V0034,48587.58,Packaging,Purchases,debit,reconciled,Repair and maintenance,INR
TXN001396,2025-11-13,,18464.4,Office Supplies,Bank Charges,debit,reconciled,Bulk order advance,INR
TXN001397,2026-06-21,,133203.72,Office Supplies,Bank Charges,debit,reconciled,Subscription renewal,INR
TXN001398,2026-05-18,V0018,17888.24,Professional Services,Admin & Professional,debit,reconciled,Subscription renewal,INR
TXN001399,2025-08-02,V0035,12711.75,Travel,Travel,debit,pending,Utility bill,INR
TXN001400,2025-12-20,V0021,39636.83,Raw Materials,Purchases,debit,reconciled,Subscription renewal,INR
TXN001401,2025-10-19,,2549.17,Bank Charges,Bank Charges,debit,reconciled,Final settlement,INR
TXN001402,2026-08-16,V0011,108437.69,Marketing,Marketing,debit,reconciled,Repair and maintenance,INR
TXN001403,2025-12-24,V0012,41168.39,Raw Materials,Purchases,debit,reconciled,Utility bill,INR
TXN001404,2025-10-17,V0029,43875.63,Professional Services,Admin & Professional,debit,pending,Subscription renewal,INR
TXN001405,2026-08-12,V0040,13466.45,Professional Services,Admin & Professional,debit,reconciled,Subscription renewal,INR
TXN001406,2026-01-21,V0001,42954.35,Raw Materials,Purchases,debit,unreconciled,Subscription renewal,INR
TXN001407,2025-11-27,V0005,48452.15,Raw Materials,Purchases,debit,unreconciled,Subscription renewal,INR
TXN001408,2026-08-20,V0025,25280.12,Logistics,Operations,debit,reconciled,Repair and maintenance,INR
TXN001409,2026-06-12,V0022,15810.55,Logistics,Operations,debit,reconciled,Subscription renewal,INR
TXN001410,2025-11-15,V0018,7916.52,Professional Services,Admin & Professional,debit,unreconciled,Subscription renewal,INR
TXN001411,2026-03-29,,97176.11,Office Supplies,Bank Charges,debit,reconciled,Invoice payment,INR
TXN001412,2026-02-01,V0023,11490.35,Marketing,Marketing,debit,reconciled,Repair and maintenance,INR
TXN001413,2025-10-26,V0029,28467.44,Professional Services,Admin & Professional,debit,reconciled,Invoice payment,INR
TXN001414,2026-08-25,V0032,6835.54,Utilities,Utilities,debit,reconciled,Final settlement,INR
TXN001415,2025-12-09,V0016,57941.4,IT Services,Technology,debit,pending,Bulk order advance,INR
TXN001416,2025-10-25,V0012,81355.98,Raw Materials,Purchases,debit,pending,Monthly service charge,INR
TXN001417,2026-07-12,V0039,31942.52,Facilities,Operations,debit,unreconciled,Final settlement,INR
TXN001418,2025-10-31,V0034,30660.89,Packaging,Purchases,debit,reconciled,Utility bill,INR
TXN001419,2025-08-11,V0001,27102.54,Raw Materials,Purchases,debit,reconciled,Invoice payment,INR
TXN001420,2025-10-03,V0015,16716.71,Marketing,Marketing,debit,reconciled,Bulk order advance,INR
TXN001421,2026-08-22,V0040,12226.25,Professional Services,Admin & Professional,debit,reconciled,Freight charges,INR
TXN001422,2026-08-07,V0025,15188.82,Logistics,Operations,debit,reconciled,Subscription renewal,INR
TXN001423,2026-02-25,V0037,48870.16,Travel,Travel,debit,pending,Subscription renewal,INR
TXN001424,2026-02-08,V0023,44032.45,Marketing,Marketing,debit,unreconciled,Monthly service charge,INR
TXN001425,2026-05-30,,97711.63,Office Supplies,Bank Charges,debit,reconciled,Invoice payment,INR
TXN001426,2025-12-08,V0022,17038.58,Logistics,Operations,debit,reconciled,Subscription renewal,INR
TXN001427,2026-06-04,V0018,4544.97,Professional Services,Admin & Professional,debit,reconciled,Invoice payment,INR
TXN001428,2026-03-02,V0006,63608.29,Logistics,Operations,debit,reconciled,Utility bill,INR
TXN001429,2026-02-07,V0021,63194.16,Raw Materials,Purchases,debit,reconciled,Final settlement,INR
TXN001430,2026-05-11,V0034,60726.89,Packaging,Purchases,debit,reconciled,Monthly service charge,INR
TXN001431,2026-05-17,V0034,7912.85,Packaging,Purchases,debit,reconciled,Bulk order advance,INR
TXN001432,2026-01-08,,560291.98,Rent,Bank Charges,debit,pending,Invoice payment,INR
TXN001433,2025-10-23,,695428.45,Salaries & Benefits,Bank Charges,debit,reconciled,Monthly service charge,INR
TXN001434,2026-07-02,V0019,8923.8,Raw Materials,Purchases,debit,reconciled,Utility bill,INR
TXN001435,2026-01-15,V0031,95055.16,Raw Materials,Purchases,debit,reconciled,Annual contract,INR
TXN001436,2025-10-08,V0024,48131.64,IT Services,Technology,debit,pending,Final settlement,INR
TXN001437,2025-12-10,V0007,3748.99,Professional Services,Admin & Professional,debit,unreconciled,Bulk order advance,INR
TXN001438,2025-10-18,,459483.77,Salaries & Benefits,Bank Charges,debit,reconciled,Final settlement,INR
TXN001439,2026-04-15,V0038,8505.01,Facilities,Operations,debit,reconciled,Subscription renewal,INR
TXN001440,2026-01-18,,958.62,Bank Charges,Bank Charges,debit,pending,Subscription renewal,INR
TXN001441,2026-02-24,V0012,3540.0,Raw Materials,Purchases,debit,reconciled,Annual contract,INR
TXN001442,2025-09-12,V0005,41410.99,Raw Materials,Purchases,debit,reconciled,Quarterly retainer,INR
TXN001443,2025-08-02,V0002,3433.04,Manufacturing,Purchases,debit,reconciled,Repair and maintenance,INR
TXN001444,2026-06-12,,2965.14,Bank Charges,Bank Charges,debit,unreconciled,Bulk order advance,INR
TXN001445,2026-02-17,,230653.85,Rent,Bank Charges,debit,reconciled,Utility bill,INR
TXN001446,2025-12-24,V0022,51314.19,Logistics,Operations,debit,unreconciled,Utility bill,INR
TXN001447,2026-08-24,,104541.41,Office Supplies,Bank Charges,debit,reconciled,Utility bill,INR
TXN001448,2026-04-02,V0040,17375.49,Professional Services,Admin & Professional,debit,reconciled,Monthly service charge,INR
TXN001449,2026-02-24,,23249.7,Office Supplies,Bank Charges,debit,unreconciled,Repair and maintenance,INR
TXN001450,2026-08-03,V0021,71629.88,Raw Materials,Purchases,debit,reconciled,Bulk order advance,INR
TXN001451,2026-02-03,V0009,55768.11,IT Services,Technology,debit,reconciled,Freight charges,INR
TXN001452,2026-02-20,,487209.18,Salaries & Benefits,Bank Charges,debit,unreconciled,Subscription renewal,INR
TXN001453,2026-08-20,V0032,89378.77,Utilities,Utilities,debit,reconciled,Repair and maintenance,INR
TXN001454,2025-12-15,V0009,8222.89,IT Services,Technology,debit,reconciled,Annual contract,INR
TXN001455,2025-08-30,V0007,190594.63,Professional Services,Admin & Professional,debit,unreconciled,Final settlement,INR
TXN001456,2026-04-28,,65805.71,Office Supplies,Bank Charges,debit,unreconciled,Freight charges,INR
TXN001457,2026-05-30,V0025,17394.56,Logistics,Operations,debit,reconciled,Quarterly retainer,INR
TXN001458,2026-03-02,,138540.34,Office Supplies,Bank Charges,debit,reconciled,Final settlement,INR
TXN001459,2025-08-20,,446109.43,Salaries & Benefits,Bank Charges,credit,reconciled,Bulk order advance,INR
TXN001460,2025-10-27,,162257.55,Rent,Bank Charges,debit,unreconciled,Final settlement,INR
TXN001461,2026-07-06,V0040,7285.45,Professional Services,Admin & Professional,debit,reconciled,Quarterly retainer,INR
TXN001462,2026-02-16,V0018,29348.56,Professional Services,Admin & Professional,debit,reconciled,Quarterly retainer,INR
TXN001463,2026-04-03,V0006,45211.88,Logistics,Operations,debit,reconciled,Final settlement,INR
TXN001464,2026-05-10,V0016,33940.33,IT Services,Technology,debit,reconciled,Quarterly retainer,INR
TXN001465,2025-09-03,V0034,9064.21,Packaging,Purchases,debit,reconciled,Utility bill,INR
TXN001466,2026-04-04,V0015,18579.63,Marketing,Marketing,debit,reconciled,Final settlement,INR
TXN001467,2026-06-14,,2976.76,Bank Charges,Bank Charges,debit,reconciled,Utility bill,INR
TXN001468,2026-04-11,V0006,29789.03,Logistics,Operations,debit,reconciled,Bulk order advance,INR
TXN001469,2026-05-28,V0005,434938.44,Raw Materials,Purchases,debit,reconciled,Freight charges,INR
TXN001470,2026-08-15,V0028,19978.15,Raw Materials,Purchases,debit,unreconciled,Invoice payment,INR
TXN001471,2026-03-26,V0036,37541.2,Professional Services,Admin & Professional,debit,reconciled,Monthly service charge,INR
TXN001472,2026-05-10,V0018,32839.61,Professional Services,Admin & Professional,debit,unreconciled,Repair and maintenance,INR
TXN001473,2026-08-21,V0039,138850.3,Facilities,Operations,debit,pending,Final settlement,INR
TXN001474,2026-03-20,V0016,81252.37,IT Services,Technology,debit,reconciled,Monthly service charge,INR
TXN001475,2025-09-21,V0005,15576.6,Raw Materials,Purchases,debit,unreconciled,Monthly service charge,INR
TXN001476,2026-05-26,,8312.73,Office Supplies,Bank Charges,debit,unreconciled,Utility bill,INR
TXN001477,2025-09-10,,829739.56,Salaries & Benefits,Bank Charges,debit,reconciled,Subscription renewal,INR
TXN001478,2026-07-02,V0039,22867.61,Facilities,Operations,debit,reconciled,Utility bill,INR
TXN001479,2025-12-11,,1437.43,Bank Charges,Bank Charges,debit,reconciled,Utility bill,INR
TXN001480,2025-08-03,V0037,41702.19,Travel,Travel,debit,unreconciled,Freight charges,INR
TXN001481,2025-08-31,V0029,10052.79,Professional Services,Admin & Professional,debit,reconciled,Monthly service charge,INR
TXN001482,2026-02-27,,352020.18,Salaries & Benefits,Bank Charges,debit,unreconciled,Subscription renewal,INR
TXN001483,2025-10-11,V0029,85520.17,Professional Services,Admin & Professional,debit,pending,Bulk order advance,INR
TXN001484,2025-09-04,V0031,13032.44,Raw Materials,Purchases,debit,pending,Annual contract,INR
TXN001485,2025-11-29,V0018,24445.55,Professional Services,Admin & Professional,debit,reconciled,Quarterly retainer,INR
TXN001486,2026-02-08,V0009,34991.96,IT Services,Technology,debit,reconciled,Bulk order advance,INR
TXN001487,2025-12-19,V0014,23803.6,Logistics,Operations,debit,unreconciled,Invoice payment,INR
TXN001488,2026-04-26,V0021,53376.36,Raw Materials,Purchases,debit,reconciled,Subscription renewal,INR
TXN001489,2026-08-26,V0029,13899.8,Professional Services,Admin & Professional,debit,reconciled,Final settlement,INR
TXN001490,2025-12-17,V0012,12117.35,Raw Materials,Purchases,debit,reconciled,Utility bill,INR
TXN001491,2025-10-14,V0032,30021.84,Utilities,Utilities,debit,reconciled,Utility bill,INR
TXN001492,2025-08-11,V0039,16212.14,Facilities,Operations,debit,pending,Utility bill,INR
TXN001493,2026-05-22,,94500.38,Office Supplies,Bank Charges,debit,reconciled,Invoice payment,INR
TXN001494,2026-08-30,V0027,11254.37,Facilities,Operations,debit,unreconciled,Final settlement,INR
TXN001495,2025-12-18,V0030,31463.04,Manufacturing,Purchases,debit,reconciled,Annual contract,INR
TXN001496,2026-01-14,V0018,25381.49,Professional Services,Admin & Professional,debit,reconciled,Bulk order advance,INR
TXN001497,2025-08-09,V0006,59589.92,Logistics,Operations,debit,unreconciled,Bulk order advance,INR
TXN001498,2026-05-01,,352.71,Bank Charges,Bank Charges,debit,reconciled,Monthly service charge,INR
TXN001499,2025-11-20,V0003,11911.44,Logistics,Operations,debit,reconciled,Freight charges,INR
TXN001500,2025-10-26,V0039,12549.71,Facilities,Operations,debit,reconciled,Monthly service charge,INR
TXN001501,2026-04-08,,119562.62,Office Supplies,Bank Charges,debit,reconciled,Utility bill,INR
TXN001502,2026-04-14,V0007,37524.88,Professional Services,Admin & Professional,debit,reconciled,Monthly service charge,INR
TXN001503,2026-08-11,V0036,13874.82,Professional Services,Admin & Professional,debit,reconciled,Freight charges,INR
TXN001504,2025-08-17,V0038,7903.04,Facilities,Operations,debit,unreconciled,Final settlement,INR
TXN001505,2026-03-10,V0005,87283.45,Raw Materials,Purchases,debit,reconciled,Repair and maintenance,INR
TXN001506,2026-07-17,,231393.31,Rent,Bank Charges,debit,reconciled,Monthly service charge,INR
TXN001507,2026-04-13,V0026,54612.22,Manufacturing,Purchases,debit,pending,Utility bill,INR
TXN001508,2025-11-19,,279101.26,Rent,Bank Charges,debit,reconciled,Repair and maintenance,INR
TXN001509,2026-08-11,,629.0,Bank Charges,Bank Charges,debit,unreconciled,Freight charges,INR
TXN001510,2026-05-25,V0032,60081.52,Utilities,Utilities,debit,reconciled,Quarterly retainer,INR
TXN001511,2026-06-29,V0033,8363.37,Logistics,Operations,debit,reconciled,Bulk order advance,INR
TXN001512,2025-10-06,V0025,6947.81,Logistics,Operations,debit,reconciled,Final settlement,INR
TXN001513,2025-10-31,V0023,49337.43,Marketing,Marketing,debit,unreconciled,Quarterly retainer,INR
TXN001514,2026-06-16,V0021,33680.6,Raw Materials,Purchases,debit,unreconciled,Freight charges,INR
TXN001515,2026-08-14,V0034,106413.72,Packaging,Purchases,debit,unreconciled,Invoice payment,INR
TXN001516,2025-11-24,V0031,23098.59,Raw Materials,Purchases,debit,reconciled,Utility bill,INR
TXN001517,2026-08-26,V0018,21784.28,Professional Services,Admin & Professional,debit,pending,Final settlement,INR
TXN001518,2025-12-12,V0025,5229.36,Logistics,Operations,debit,reconciled,Final settlement,INR
TXN001519,2026-08-29,V0007,60787.81,Professional Services,Admin & Professional,debit,unreconciled,Repair and maintenance,INR
TXN001520,2025-08-21,V0022,240527.65,Logistics,Operations,debit,reconciled,Repair and maintenance,INR
TXN001521,2026-04-22,V0007,21692.89,Professional Services,Admin & Professional,debit,reconciled,Final settlement,INR
TXN001522,2026-04-09,,697199.76,Rent,Bank Charges,debit,reconciled,Freight charges,INR
TXN001523,2025-12-02,V0037,34048.53,Travel,Travel,debit,unreconciled,Invoice payment,INR
TXN001524,2026-06-22,,19739.24,Office Supplies,Bank Charges,debit,unreconciled,Quarterly retainer,INR
TXN001525,2025-12-08,,2676.1,Bank Charges,Bank Charges,debit,unreconciled,Final settlement,INR
TXN001526,2025-12-11,,82574.17,Office Supplies,Bank Charges,debit,unreconciled,Bulk order advance,INR
TXN001527,2026-02-10,V0009,39340.12,IT Services,Technology,debit,reconciled,Quarterly retainer,INR
TXN001528,2026-06-13,V0032,29570.42,Utilities,Utilities,debit,reconciled,Final settlement,INR
TXN001529,2025-08-21,V0032,68602.1,Utilities,Utilities,debit,reconciled,Final settlement,INR
TXN001530,2025-08-21,,859089.63,Salaries & Benefits,Bank Charges,debit,reconciled,Repair and maintenance,INR
TXN001531,2025-08-22,V0034,46216.99,Packaging,Purchases,debit,reconciled,Monthly service charge,INR
TXN001532,2026-07-08,,534735.11,Salaries & Benefits,Bank Charges,debit,reconciled,Invoice payment,INR
TXN001533,2026-02-05,V0032,31910.19,Utilities,Utilities,debit,reconciled,Monthly service charge,INR
TXN001534,2026-07-23,V0031,3973.13,Raw Materials,Purchases,debit,reconciled,Utility bill,INR
TXN001535,2026-07-29,V0033,23600.87,Logistics,Operations,debit,unreconciled,Quarterly retainer,INR
TXN001536,2026-06-07,,89404.34,Office Supplies,Bank Charges,debit,reconciled,Bulk order advance,INR
TXN001537,2026-01-13,,2653.03,Bank Charges,Bank Charges,debit,unreconciled,Quarterly retainer,INR
TXN001538,2026-06-10,V0024,55008.45,IT Services,Technology,debit,reconciled,Monthly service charge,INR
TXN001539,2025-08-16,V0018,20102.64,Professional Services,Admin & Professional,debit,unreconciled,Utility bill,INR
TXN001540,2025-12-04,V0018,40958.25,Professional Services,Admin & Professional,debit,unreconciled,Annual contract,INR
TXN001541,2026-08-30,V0011,10087.72,Marketing,Marketing,debit,reconciled,Invoice payment,INR
TXN001542,2026-06-19,V0012,19845.51,Raw Materials,Purchases,debit,unreconciled,Annual contract,INR
TXN001543,2026-06-01,V0015,20508.08,Marketing,Marketing,debit,reconciled,Invoice payment,INR
TXN001544,2026-08-20,V0001,48603.31,Raw Materials,Purchases,debit,pending,Subscription renewal,INR
TXN001545,2026-08-16,V0032,12682.72,Utilities,Utilities,debit,unreconciled,Quarterly retainer,INR
TXN001546,2026-08-26,V0007,24323.46,Professional Services,Admin & Professional,debit,unreconciled,Quarterly retainer,INR
TXN001547,2026-08-29,V0038,7948.13,Facilities,Operations,debit,reconciled,Monthly service charge,INR
TXN001548,2026-04-06,V0023,84233.04,Marketing,Marketing,debit,reconciled,Bulk order advance,INR
TXN001549,2025-12-27,V0003,24325.69,Logistics,Operations,debit,reconciled,Freight charges,INR
TXN001550,2026-04-28,V0003,13946.63,Logistics,Operations,debit,unreconciled,Invoice payment,INR
TXN001551,2026-08-23,,894892.88,Salaries & Benefits,Bank Charges,debit,reconciled,Final settlement,INR
TXN001552,2025-08-09,V0022,3784.55,Logistics,Operations,debit,reconciled,Annual contract,INR
TXN001553,2026-06-17,V0030,111993.45,Manufacturing,Purchases,debit,reconciled,Annual contract,INR
TXN001554,2026-02-12,V0030,30468.59,Manufacturing,Purchases,debit,reconciled,Final settlement,INR
TXN001555,2026-01-06,V0034,3833.42,Packaging,Purchases,debit,unreconciled,Subscription renewal,INR
TXN001556,2026-05-14,,1253.07,Bank Charges,Bank Charges,debit,pending,Freight charges,INR
TXN001557,2026-06-12,,280435.97,Rent,Bank Charges,debit,reconciled,Bulk order advance,INR
TXN001558,2026-01-14,V0029,20287.75,Professional Services,Admin & Professional,debit,pending,Monthly service charge,INR
TXN001559,2026-05-15,V0036,4399.24,Professional Services,Admin & Professional,debit,reconciled,Repair and maintenance,INR
TXN001560,2025-10-15,V0034,29158.78,Packaging,Purchases,debit,reconciled,Quarterly retainer,INR
TXN001561,2026-02-10,V0030,61983.23,Manufacturing,Purchases,debit,reconciled,Subscription renewal,INR
TXN001562,2026-07-18,,121277.64,Office Supplies,Bank Charges,debit,reconciled,Quarterly retainer,INR
TXN001563,2025-12-15,V0007,48838.85,Professional Services,Admin & Professional,debit,unreconciled,Final settlement,INR
TXN001564,2025-08-21,,72284.18,Office Supplies,Bank Charges,debit,reconciled,Utility bill,INR
TXN001565,2026-02-16,V0004,27078.87,IT Services,Technology,debit,reconciled,Annual contract,INR
TXN001566,2025-08-14,V0005,30052.27,Raw Materials,Purchases,debit,reconciled,Final settlement,INR
TXN001567,2026-02-20,V0029,23187.56,Professional Services,Admin & Professional,debit,reconciled,Repair and maintenance,INR
TXN001568,2025-12-17,V0024,23786.13,IT Services,Technology,debit,reconciled,Freight charges,INR
TXN001569,2026-08-26,,89850.49,Office Supplies,Bank Charges,debit,reconciled,Quarterly retainer,INR
TXN001570,2026-03-31,,2946.85,Bank Charges,Bank Charges,debit,pending,Quarterly retainer,INR
TXN001571,2025-12-13,V0039,38783.33,Facilities,Operations,debit,pending,Bulk order advance,INR
TXN001572,2025-10-01,V0032,12398.97,Utilities,Utilities,debit,pending,Quarterly retainer,INR
TXN001573,2025-09-10,V0011,36254.72,Marketing,Marketing,debit,reconciled,Subscription renewal,INR
TXN001574,2025-10-27,V0022,551865.63,Logistics,Operations,debit,reconciled,Bulk order advance,INR
TXN001575,2026-07-08,V0016,45320.61,IT Services,Technology,debit,reconciled,Annual contract,INR
TXN001576,2025-10-17,V0004,21282.54,IT Services,Technology,debit,unreconciled,Subscription renewal,INR
TXN001577,2025-09-25,,705687.34,Rent,Bank Charges,debit,reconciled,Monthly service charge,INR
TXN001578,2026-04-10,V0030,20142.31,Manufacturing,Purchases,debit,reconciled,Freight charges,INR
TXN001579,2026-08-24,V0036,94469.48,Professional Services,Admin & Professional,debit,unreconciled,Utility bill,INR
TXN001580,2026-08-26,V0033,78582.9,Logistics,Operations,debit,reconciled,Subscription renewal,INR
TXN001581,2025-09-30,V0032,2364.49,Utilities,Utilities,debit,reconciled,Subscription renewal,INR
TXN001582,2025-10-15,,1127.0,Bank Charges,Bank Charges,credit,reconciled,Quarterly retainer,INR
TXN001583,2026-07-31,,161124.11,Salaries & Benefits,Bank Charges,debit,pending,Quarterly retainer,INR
TXN001584,2026-02-24,V0033,31362.45,Logistics,Operations,debit,reconciled,Annual contract,INR
TXN001585,2026-02-27,V0029,47826.17,Professional Services,Admin & Professional,debit,reconciled,Annual contract,INR
TXN001586,2026-07-23,,2560.07,Bank Charges,Bank Charges,debit,pending,Bulk order advance,INR
TXN001587,2026-05-05,V0032,42052.34,Utilities,Utilities,debit,pending,Monthly service charge,INR
TXN001588,2026-04-23,V0005,10064.42,Raw Materials,Purchases,debit,reconciled,Utility bill,INR
TXN001589,2026-08-20,,218749.28,Rent,Bank Charges,debit,reconciled,Utility bill,INR
TXN001590,2026-04-02,V0034,34492.5,Packaging,Purchases,debit,reconciled,Final settlement,INR
TXN001591,2026-06-11,V0030,114340.95,Manufacturing,Purchases,debit,reconciled,Subscription renewal,INR
TXN001592,2026-05-21,V0007,57451.36,Professional Services,Admin & Professional,debit,reconciled,Freight charges,INR
TXN001593,2026-04-30,V0025,22194.48,Logistics,Operations,debit,reconciled,Bulk order advance,INR
TXN001594,2026-05-06,V0006,12802.13,Logistics,Operations,debit,unreconciled,Repair and maintenance,INR
TXN001595,2025-12-16,V0039,17928.64,Facilities,Operations,debit,reconciled,Repair and maintenance,INR
TXN001596,2026-08-06,V0029,14982.29,Professional Services,Admin & Professional,debit,unreconciled,Bulk order advance,INR
TXN001597,2026-05-21,,453675.79,Salaries & Benefits,Bank Charges,debit,reconciled,Repair and maintenance,INR
TXN001598,2026-01-20,V0039,6586.65,Facilities,Operations,debit,reconciled,Annual contract,INR
TXN001599,2026-08-23,V0019,52489.54,Raw Materials,Purchases,debit,pending,Utility bill,INR
TXN001600,2026-03-13,V0015,127481.32,Marketing,Marketing,debit,unreconciled,Annual contract,INR
TXN001601,2026-06-26,V0009,58197.55,IT Services,Technology,debit,reconciled,Invoice payment,INR
TXN001602,2025-11-16,V0005,18826.43,Raw Materials,Purchases,debit,unreconciled,Bulk order advance,INR
TXN001603,2026-03-15,,695881.25,Rent,Bank Charges,debit,reconciled,Subscription renewal,INR
TXN001604,2025-08-24,V0030,6298.25,Manufacturing,Purchases,debit,reconciled,Repair and maintenance,INR
TXN001605,2026-06-12,V0040,50799.29,Professional Services,Admin & Professional,debit,reconciled,Annual contract,INR
TXN001606,2025-08-04,V0006,82840.08,Logistics,Operations,debit,unreconciled,Repair and maintenance,INR
TXN001607,2025-10-10,,462062.33,Rent,Bank Charges,debit,unreconciled,Annual contract,INR
TXN001608,2026-08-22,V0022,18518.61,Logistics,Operations,debit,reconciled,Repair and maintenance,INR
TXN001609,2026-06-11,V0029,10080.75,Professional Services,Admin & Professional,debit,reconciled,Monthly service charge,INR
TXN001610,2026-07-16,,176.48,Bank Charges,Bank Charges,debit,reconciled,Bulk order advance,INR
TXN001611,2025-11-27,V0012,95270.08,Raw Materials,Purchases,debit,pending,Quarterly retainer,INR
TXN001612,2026-01-10,V0001,20831.32,Raw Materials,Purchases,debit,reconciled,Subscription renewal,INR
TXN001613,2026-07-16,V0016,84188.48,IT Services,Technology,debit,reconciled,Annual contract,INR
TXN001614,2026-04-09,V0039,8312.72,Facilities,Operations,debit,unreconciled,Final settlement,INR
TXN001615,2025-10-16,V0006,11495.73,Logistics,Operations,debit,unreconciled,Utility bill,INR
TXN001616,2025-09-24,V0009,11570.91,IT Services,Technology,debit,reconciled,Invoice payment,INR
TXN001617,2025-08-31,V0001,11632.11,Raw Materials,Purchases,debit,reconciled,Monthly service charge,INR
TXN001618,2026-03-26,V0025,53720.03,Logistics,Operations,debit,reconciled,Freight charges,INR
TXN001619,2026-01-27,V0017,48944.39,Manufacturing,Purchases,debit,reconciled,Freight charges,INR
TXN001620,2026-05-20,,256834.33,Salaries & Benefits,Bank Charges,debit,unreconciled,Freight charges,INR
TXN001621,2026-07-03,V0033,18613.8,Logistics,Operations,debit,reconciled,Freight charges,INR
TXN001622,2025-10-29,V0031,3014.06,Raw Materials,Purchases,debit,unreconciled,Annual contract,INR
TXN001623,2025-11-04,,1011.18,Bank Charges,Bank Charges,debit,reconciled,Annual contract,INR
TXN001624,2026-07-26,V0018,13629.94,Professional Services,Admin & Professional,debit,reconciled,Monthly service charge,INR
TXN001625,2026-07-26,,48710.35,Office Supplies,Bank Charges,debit,reconciled,Quarterly retainer,INR
TXN001626,2026-03-26,V0037,2797.27,Travel,Travel,debit,reconciled,Invoice payment,INR
TXN001627,2025-08-12,V0018,50868.28,Professional Services,Admin & Professional,debit,unreconciled,Freight charges,INR
TXN001628,2025-11-18,V0038,14245.76,Facilities,Operations,debit,reconciled,Utility bill,INR
TXN001629,2025-08-11,V0019,97935.3,Raw Materials,Purchases,debit,reconciled,Bulk order advance,INR
TXN001630,2025-10-09,,538968.0,Rent,Bank Charges,debit,reconciled,Repair and maintenance,INR
TXN001631,2026-08-05,V0019,27643.46,Raw Materials,Purchases,debit,reconciled,Subscription renewal,INR
TXN001632,2026-08-20,,645.89,Bank Charges,Bank Charges,debit,reconciled,Subscription renewal,INR
TXN001633,2026-05-21,V0022,4254.06,Logistics,Operations,debit,pending,Annual contract,INR
TXN001634,2025-09-17,V0007,46156.87,Professional Services,Admin & Professional,debit,unreconciled,Annual contract,INR
TXN001635,2026-07-06,V0016,24385.85,IT Services,Technology,debit,unreconciled,Bulk order advance,INR
TXN001636,2026-06-27,,670.73,Bank Charges,Bank Charges,debit,reconciled,Quarterly retainer,INR
TXN001637,2026-06-21,V0007,16114.52,Professional Services,Admin & Professional,debit,reconciled,Freight charges,INR
TXN001638,2026-07-05,V0006,97057.65,Logistics,Operations,debit,reconciled,Subscription renewal,INR
TXN001639,2025-10-21,V0021,43686.85,Raw Materials,Purchases,debit,reconciled,Bulk order advance,INR
TXN001640,2025-11-15,V0031,15367.65,Raw Materials,Purchases,debit,unreconciled,Utility bill,INR
TXN001641,2025-09-28,V0030,11647.76,Manufacturing,Purchases,debit,reconciled,Repair and maintenance,INR
TXN001642,2025-11-19,V0032,227166.17,Utilities,Utilities,debit,reconciled,Invoice payment,INR
TXN001643,2026-05-19,V0006,48858.61,Logistics,Operations,debit,reconciled,Quarterly retainer,INR
TXN001644,2025-09-30,V0009,119620.21,IT Services,Technology,debit,reconciled,Subscription renewal,INR
TXN001645,2025-10-06,V0001,22301.36,Raw Materials,Purchases,debit,reconciled,Bulk order advance,INR
TXN001646,2025-08-31,V0030,19625.39,Manufacturing,Purchases,debit,reconciled,Subscription renewal,INR
TXN001647,2026-04-07,V0038,19354.54,Facilities,Operations,debit,unreconciled,Invoice payment,INR
TXN001648,2026-07-24,V0029,77624.38,Professional Services,Admin & Professional,debit,reconciled,Freight charges,INR
TXN001649,2026-01-05,V0019,50406.04,Raw Materials,Purchases,debit,reconciled,Final settlement,INR
TXN001650,2025-12-05,V0036,25356.1,Professional Services,Admin & Professional,debit,reconciled,Invoice payment,INR
TXN001651,2026-04-21,V0011,161913.42,Marketing,Marketing,debit,reconciled,Bulk order advance,INR
TXN001652,2025-12-20,V0005,9143.01,Raw Materials,Purchases,debit,reconciled,Utility bill,INR
TXN001653,2026-07-10,V0006,79890.53,Logistics,Operations,debit,reconciled,Repair and maintenance,INR
TXN001654,2025-11-09,V0021,43982.3,Raw Materials,Purchases,debit,pending,Final settlement,INR
TXN001655,2026-04-29,,375177.43,Rent,Bank Charges,debit,reconciled,Bulk order advance,INR
TXN001656,2025-12-25,V0022,58552.33,Logistics,Operations,debit,reconciled,Bulk order advance,INR
TXN001657,2026-01-18,V0031,55193.54,Raw Materials,Purchases,debit,reconciled,Freight charges,INR
TXN001658,2026-02-18,V0007,21118.04,Professional Services,Admin & Professional,debit,reconciled,Monthly service charge,INR
TXN001659,2025-11-05,V0039,32887.3,Facilities,Operations,debit,reconciled,Quarterly retainer,INR
TXN001660,2026-04-06,V0006,47946.23,Logistics,Operations,debit,reconciled,Utility bill,INR
TXN001661,2026-05-16,V0037,35491.87,Travel,Travel,debit,reconciled,Bulk order advance,INR
TXN001662,2025-12-03,V0029,47235.31,Professional Services,Admin & Professional,debit,reconciled,Subscription renewal,INR
TXN001663,2026-04-10,V0030,8641.68,Manufacturing,Purchases,debit,reconciled,Subscription renewal,INR
TXN001664,2026-08-19,V0021,21975.2,Raw Materials,Purchases,debit,reconciled,Final settlement,INR
TXN001665,2026-05-20,V0012,12806.55,Raw Materials,Purchases,debit,reconciled,Utility bill,INR
TXN001666,2026-05-26,V0006,65147.97,Logistics,Operations,debit,reconciled,Final settlement,INR
TXN001667,2026-07-05,V0011,7438.26,Marketing,Marketing,debit,pending,Monthly service charge,INR
TXN001668,2026-02-13,V0030,37591.03,Manufacturing,Purchases,debit,unreconciled,Utility bill,INR
TXN001669,2025-09-12,V0031,66454.28,Raw Materials,Purchases,debit,reconciled,Annual contract,INR
TXN001670,2025-09-27,V0022,27273.34,Logistics,Operations,debit,reconciled,Utility bill,INR
TXN001671,2025-09-06,,820622.69,Rent,Bank Charges,debit,reconciled,Quarterly retainer,INR
TXN001672,2026-01-30,V0033,86254.21,Logistics,Operations,debit,pending,Utility bill,INR
TXN001673,2025-10-14,V0036,63089.89,Professional Services,Admin & Professional,debit,reconciled,Annual contract,INR
TXN001674,2026-08-02,,743597.47,Salaries & Benefits,Bank Charges,debit,reconciled,Utility bill,INR
TXN001675,2026-08-21,V0039,151577.18,Facilities,Operations,debit,reconciled,Invoice payment,INR
TXN001676,2026-05-24,,234369.75,Rent,Bank Charges,debit,reconciled,Utility bill,INR
TXN001677,2025-12-26,V0018,21763.79,Professional Services,Admin & Professional,debit,pending,Annual contract,INR
TXN001678,2026-07-04,V0021,19245.56,Raw Materials,Purchases,debit,reconciled,Subscription renewal,INR
TXN001679,2026-02-09,V0014,10558.24,Logistics,Operations,debit,reconciled,Freight charges,INR
TXN001680,2026-07-28,,584998.05,Salaries & Benefits,Bank Charges,debit,reconciled,Final settlement,INR
TXN001681,2025-08-01,V0028,47773.1,Raw Materials,Purchases,debit,reconciled,Utility bill,INR
TXN001682,2025-08-13,V0007,31853.66,Professional Services,Admin & Professional,debit,reconciled,Quarterly retainer,INR
TXN001683,2025-12-27,V0032,10956.97,Utilities,Utilities,debit,reconciled,Monthly service charge,INR
TXN001684,2025-09-25,V0023,14128.71,Marketing,Marketing,debit,pending,Repair and maintenance,INR
TXN001685,2025-09-18,V0034,57913.14,Packaging,Purchases,debit,reconciled,Annual contract,INR
TXN001686,2026-06-29,V0009,32002.59,IT Services,Technology,debit,reconciled,Freight charges,INR
TXN001687,2025-10-04,V0029,34523.63,Professional Services,Admin & Professional,debit,reconciled,Utility bill,INR
TXN001688,2026-03-25,,15437.82,Office Supplies,Bank Charges,debit,reconciled,Utility bill,INR
TXN001689,2026-01-15,V0038,32365.2,Facilities,Operations,debit,reconciled,Bulk order advance,INR
TXN001690,2026-06-13,V0016,27556.27,IT Services,Technology,debit,reconciled,Quarterly retainer,INR
TXN001691,2025-12-26,V0029,78541.07,Professional Services,Admin & Professional,debit,reconciled,Freight charges,INR
TXN001692,2026-02-14,V0029,64683.63,Professional Services,Admin & Professional,debit,reconciled,Subscription renewal,INR
TXN001693,2026-01-08,V0019,47264.49,Raw Materials,Purchases,debit,unreconciled,Final settlement,INR
TXN001694,2026-05-25,V0003,39652.55,Logistics,Operations,debit,pending,Utility bill,INR
TXN001695,2026-03-09,V0004,49271.37,IT Services,Technology,debit,reconciled,Final settlement,INR
TXN001696,2026-02-03,V0022,28557.31,Logistics,Operations,debit,reconciled,Final settlement,INR
TXN001697,2025-11-07,,1304.2,Bank Charges,Bank Charges,debit,unreconciled,Final settlement,INR
TXN001698,2026-02-12,,115793.28,Office Supplies,Bank Charges,debit,reconciled,Quarterly retainer,INR
TXN001699,2026-06-06,V0012,37132.75,Raw Materials,Purchases,debit,reconciled,Monthly service charge,INR
TXN001700,2026-02-09,V0021,77129.05,Raw Materials,Purchases,debit,reconciled,Quarterly retainer,INR
TXN001701,2026-03-16,,895030.13,Rent,Bank Charges,credit,pending,Utility bill,INR
TXN001702,2026-05-12,V0040,7718.26,Professional Services,Admin & Professional,debit,pending,Freight charges,INR
TXN001703,2025-08-07,,484586.53,Salaries & Benefits,Bank Charges,debit,reconciled,Final settlement,INR
TXN001704,2026-03-06,V0033,28497.83,Logistics,Operations,debit,unreconciled,Freight charges,INR
TXN001705,2026-01-31,,1410.55,Bank Charges,Bank Charges,debit,unreconciled,Monthly service charge,INR
TXN001706,2025-12-14,,47154.68,Office Supplies,Bank Charges,debit,reconciled,Bulk order advance,INR
TXN001707,2025-09-24,V0001,67554.71,Raw Materials,Purchases,debit,reconciled,Final settlement,INR
TXN001708,2025-09-29,V0039,4188.04,Facilities,Operations,debit,reconciled,Utility bill,INR
TXN001709,2026-08-10,,1379.71,Bank Charges,Bank Charges,debit,reconciled,Bulk order advance,INR
TXN001710,2026-06-27,V0033,26447.91,Logistics,Operations,debit,unreconciled,Utility bill,INR
TXN001711,2026-07-17,V0005,23470.3,Raw Materials,Purchases,debit,reconciled,Invoice payment,INR
TXN001712,2026-02-15,,802.04,Bank Charges,Bank Charges,debit,reconciled,Subscription renewal,INR
TXN001713,2025-11-26,V0025,53870.71,Logistics,Operations,debit,unreconciled,Repair and maintenance,INR
TXN001714,2026-01-04,V0037,57787.89,Travel,Travel,debit,reconciled,Subscription renewal,INR
TXN001715,2025-12-25,V0005,17018.55,Raw Materials,Purchases,debit,reconciled,Repair and maintenance,INR
TXN001716,2025-09-04,,1451.58,Bank Charges,Bank Charges,debit,reconciled,Utility bill,INR
TXN001717,2026-03-29,V0012,31995.2,Raw Materials,Purchases,debit,reconciled,Utility bill,INR
TXN001718,2026-05-03,V0034,32289.75,Packaging,Purchases,debit,reconciled,Utility bill,INR
TXN001719,2026-08-27,V0005,30954.07,Raw Materials,Purchases,debit,reconciled,Final settlement,INR
TXN001720,2025-12-08,V0003,49072.23,Logistics,Operations,debit,reconciled,Final settlement,INR
TXN001721,2026-08-01,V0027,26901.08,Facilities,Operations,debit,unreconciled,Annual contract,INR
TXN001722,2025-09-26,V0026,15989.05,Manufacturing,Purchases,debit,reconciled,Quarterly retainer,INR
TXN001723,2025-10-31,V0003,83417.85,Logistics,Operations,debit,pending,Freight charges,INR
TXN001724,2025-10-02,V0005,16262.5,Raw Materials,Purchases,debit,unreconciled,Final settlement,INR
TXN001725,2026-07-20,V0014,142668.32,Logistics,Operations,debit,unreconciled,Freight charges,INR
TXN001726,2026-06-20,V0017,11206.89,Manufacturing,Purchases,debit,reconciled,Invoice payment,INR
TXN001727,2025-08-09,V0033,53081.17,Logistics,Operations,debit,reconciled,Annual contract,INR
TXN001728,2025-09-08,V0038,7818.64,Facilities,Operations,debit,unreconciled,Subscription renewal,INR
TXN001729,2025-09-17,V0038,20688.53,Facilities,Operations,debit,unreconciled,Quarterly retainer,INR
TXN001730,2025-11-24,,2432.9,Bank Charges,Bank Charges,debit,reconciled,Annual contract,INR
TXN001731,2026-05-07,V0021,9599.93,Raw Materials,Purchases,debit,reconciled,Annual contract,INR
TXN001732,2025-10-21,V0022,21351.47,Logistics,Operations,debit,unreconciled,Annual contract,INR
TXN001733,2026-03-25,,1124.05,Bank Charges,Bank Charges,debit,reconciled,Monthly service charge,INR
TXN001734,2025-09-09,V0038,50787.64,Facilities,Operations,debit,unreconciled,Utility bill,INR
TXN001735,2025-11-04,V0016,145703.28,IT Services,Technology,debit,pending,Freight charges,INR
TXN001736,2026-04-19,V0039,24050.3,Facilities,Operations,debit,reconciled,Monthly service charge,INR
TXN001737,2026-08-11,V0036,30041.31,Professional Services,Admin & Professional,debit,reconciled,Annual contract,INR
TXN001738,2026-03-12,V0007,36491.96,Professional Services,Admin & Professional,debit,reconciled,Quarterly retainer,INR
TXN001739,2026-03-08,V0019,34863.9,Raw Materials,Purchases,debit,reconciled,Invoice payment,INR
TXN001740,2026-04-16,V0036,8022.53,Professional Services,Admin & Professional,debit,reconciled,Invoice payment,INR
TXN001741,2025-12-01,V0039,24845.74,Facilities,Operations,debit,reconciled,Freight charges,INR
TXN001742,2026-05-14,V0037,61489.57,Travel,Travel,debit,reconciled,Freight charges,INR
TXN001743,2026-04-22,V0031,41823.62,Raw Materials,Purchases,debit,reconciled,Subscription renewal,INR
TXN001744,2026-05-05,,154685.25,Salaries & Benefits,Bank Charges,debit,unreconciled,Utility bill,INR
TXN001745,2026-08-21,,392.7,Bank Charges,Bank Charges,debit,reconciled,Monthly service charge,INR
TXN001746,2025-09-25,,979.2,Bank Charges,Bank Charges,debit,unreconciled,Invoice payment,INR
TXN001747,2025-11-25,,189930.08,Rent,Bank Charges,debit,reconciled,Invoice payment,INR
TXN001748,2026-08-25,,829538.22,Salaries & Benefits,Bank Charges,debit,reconciled,Utility bill,INR
TXN001749,2026-05-15,V0032,8182.83,Utilities,Utilities,debit,unreconciled,Utility bill,INR
TXN001750,2026-05-31,V0011,62449.95,Marketing,Marketing,debit,reconciled,Final settlement,INR
TXN001751,2026-02-28,,2880.04,Bank Charges,Bank Charges,debit,reconciled,Monthly service charge,INR
TXN001752,2026-05-29,V0034,9190.87,Packaging,Purchases,debit,reconciled,Utility bill,INR
TXN001753,2026-07-17,V0022,134919.37,Logistics,Operations,debit,reconciled,Utility bill,INR
TXN001754,2025-08-18,V0033,22120.53,Logistics,Operations,debit,reconciled,Final settlement,INR
TXN001755,2026-04-15,V0016,29517.48,IT Services,Technology,debit,reconciled,Freight charges,INR
TXN001756,2026-02-18,V0030,18800.74,Manufacturing,Purchases,debit,reconciled,Bulk order advance,INR
TXN001757,2026-07-03,V0034,8125.07,Packaging,Purchases,debit,reconciled,Invoice payment,INR
TXN001758,2025-09-06,V0025,17434.18,Logistics,Operations,debit,reconciled,Monthly service charge,INR
TXN001759,2026-07-27,,190487.56,Rent,Bank Charges,debit,reconciled,Invoice payment,INR
TXN001760,2026-02-06,,763179.48,Salaries & Benefits,Bank Charges,debit,reconciled,Quarterly retainer,INR
TXN001761,2025-09-12,V0009,70349.56,IT Services,Technology,debit,pending,Invoice payment,INR
TXN001762,2025-11-28,V0006,5592.55,Logistics,Operations,debit,reconciled,Repair and maintenance,INR
TXN001763,2026-08-24,V0039,25578.23,Facilities,Operations,debit,reconciled,Monthly service charge,INR
TXN001764,2025-08-26,,632934.97,Salaries & Benefits,Bank Charges,debit,reconciled,Quarterly retainer,INR
TXN001765,2026-02-18,,649.63,Bank Charges,Bank Charges,debit,reconciled,Final settlement,INR
TXN001766,2026-05-04,V0040,18788.02,Professional Services,Admin & Professional,debit,reconciled,Annual contract,INR
TXN001767,2026-07-01,V0029,10874.4,Professional Services,Admin & Professional,debit,reconciled,Repair and maintenance,INR
TXN001768,2026-06-17,V0023,29119.68,Marketing,Marketing,debit,reconciled,Freight charges,INR
TXN001769,2026-01-02,V0032,15670.39,Utilities,Utilities,debit,unreconciled,Final settlement,INR
TXN001770,2026-02-08,,58.2,Bank Charges,Bank Charges,debit,reconciled,Monthly service charge,INR
TXN001771,2025-11-01,V0011,20956.41,Marketing,Marketing,debit,unreconciled,Monthly service charge,INR
TXN001772,2026-03-20,V0031,44712.41,Raw Materials,Purchases,debit,reconciled,Bulk order advance,INR
TXN001773,2026-06-06,,1100.7,Bank Charges,Bank Charges,credit,unreconciled,Utility bill,INR
TXN001774,2026-02-28,V0013,9449.65,Utilities,Utilities,debit,reconciled,Monthly service charge,INR
TXN001775,2025-12-23,,868265.83,Salaries & Benefits,Bank Charges,debit,reconciled,Annual contract,INR
TXN001776,2026-05-06,V0037,38365.36,Travel,Travel,debit,reconciled,Monthly service charge,INR
TXN001777,2026-03-25,,69178.4,Office Supplies,Bank Charges,debit,reconciled,Final settlement,INR
TXN001778,2025-08-13,V0006,4877.7,Logistics,Operations,debit,reconciled,Bulk order advance,INR
TXN001779,2025-10-26,V0034,40947.57,Packaging,Purchases,debit,reconciled,Utility bill,INR
TXN001780,2026-04-08,V0031,32167.45,Raw Materials,Purchases,debit,unreconciled,Utility bill,INR
TXN001781,2026-05-02,V0026,5595.97,Manufacturing,Purchases,debit,reconciled,Freight charges,INR
TXN001782,2026-06-04,V0033,23389.36,Logistics,Operations,debit,reconciled,Bulk order advance,INR
TXN001783,2026-02-09,V0007,90427.23,Professional Services,Admin & Professional,debit,reconciled,Utility bill,INR
TXN001784,2026-07-04,,26050.08,Office Supplies,Bank Charges,debit,reconciled,Invoice payment,INR
TXN001785,2026-06-11,V0006,65458.18,Logistics,Operations,debit,pending,Utility bill,INR
TXN001786,2025-09-03,V0039,15613.72,Facilities,Operations,debit,reconciled,Invoice payment,INR
TXN001787,2026-08-12,V0003,16328.31,Logistics,Operations,debit,reconciled,Freight charges,INR
TXN001788,2025-10-05,V0006,21090.9,Logistics,Operations,debit,unreconciled,Monthly service charge,INR
TXN001789,2026-03-02,V0003,16746.58,Logistics,Operations,debit,reconciled,Invoice payment,INR
TXN001790,2026-06-01,V0036,24263.65,Professional Services,Admin & Professional,debit,pending,Quarterly retainer,INR
TXN001791,2025-11-23,V0005,34875.2,Raw Materials,Purchases,debit,unreconciled,Quarterly retainer,INR
TXN001792,2026-02-10,,2588.77,Bank Charges,Bank Charges,debit,unreconciled,Utility bill,INR
TXN001793,2026-01-21,V0030,22101.86,Manufacturing,Purchases,debit,reconciled,Bulk order advance,INR
TXN001794,2025-08-08,V0019,30940.39,Raw Materials,Purchases,debit,unreconciled,Subscription renewal,INR
TXN001795,2026-08-21,,1180.34,Bank Charges,Bank Charges,debit,pending,Quarterly retainer,INR
TXN001796,2026-02-18,V0005,47423.71,Raw Materials,Purchases,debit,unreconciled,Final settlement,INR
TXN001797,2026-03-14,,884772.42,Rent,Bank Charges,debit,reconciled,Bulk order advance,INR
TXN001798,2026-01-24,V0030,19000.59,Manufacturing,Purchases,debit,reconciled,Monthly service charge,INR
TXN001799,2026-05-24,V0007,58290.06,Professional Services,Admin & Professional,debit,reconciled,Repair and maintenance,INR
TXN001800,2025-09-21,V0036,29819.95,Professional Services,Admin & Professional,debit,pending,Annual contract,INR
TXN001801,2026-04-21,V0038,69813.69,Facilities,Operations,debit,reconciled,Subscription renewal,INR
TXN001802,2026-01-19,V0039,14398.07,Facilities,Operations,debit,pending,Repair and maintenance,INR
TXN001803,2026-02-03,V0012,16931.05,Raw Materials,Purchases,debit,unreconciled,Bulk order advance,INR
TXN001804,2026-05-08,V0001,15591.05,Raw Materials,Purchases,debit,reconciled,Freight charges,INR
TXN001805,2026-02-22,V0038,50397.3,Facilities,Operations,debit,unreconciled,Repair and maintenance,INR
TXN001806,2026-02-01,,428039.12,Rent,Bank Charges,debit,unreconciled,Subscription renewal,INR
TXN001807,2026-08-08,V0025,14398.16,Logistics,Operations,debit,reconciled,Repair and maintenance,INR
TXN001808,2026-05-02,V0001,5386.03,Raw Materials,Purchases,debit,reconciled,Final settlement,INR
TXN001809,2026-02-09,V0039,32659.65,Facilities,Operations,debit,unreconciled,Monthly service charge,INR
TXN001810,2026-01-05,V0008,12121.45,Facilities,Operations,debit,reconciled,Monthly service charge,INR
TXN001811,2026-01-02,V0037,23764.27,Travel,Travel,debit,reconciled,Freight charges,INR
TXN001812,2025-08-30,V0025,20611.14,Logistics,Operations,debit,pending,Quarterly retainer,INR
TXN001813,2026-05-09,V0038,30609.43,Facilities,Operations,debit,reconciled,Final settlement,INR
TXN001814,2026-04-16,,350294.47,Salaries & Benefits,Bank Charges,debit,unreconciled,Freight charges,INR
TXN001815,2026-07-16,V0035,5674.99,Travel,Travel,debit,unreconciled,Monthly service charge,INR
TXN001816,2026-03-17,V0017,10887.06,Manufacturing,Purchases,debit,reconciled,Invoice payment,INR
TXN001817,2026-06-19,V0035,15017.6,Travel,Travel,debit,reconciled,Invoice payment,INR
TXN001818,2026-04-20,V0016,11794.79,IT Services,Technology,debit,pending,Quarterly retainer,INR
TXN001819,2026-06-06,V0039,37748.79,Facilities,Operations,debit,pending,Subscription renewal,INR
TXN001820,2026-06-18,V0024,10515.85,IT Services,Technology,debit,reconciled,Monthly service charge,INR
TXN001821,2025-10-30,,1822.75,Bank Charges,Bank Charges,debit,unreconciled,Freight charges,INR
TXN001822,2026-01-24,V0019,75441.91,Raw Materials,Purchases,debit,unreconciled,Bulk order advance,INR
TXN001823,2025-10-15,V0030,56976.35,Manufacturing,Purchases,debit,reconciled,Bulk order advance,INR
TXN001824,2025-10-29,V0019,23562.81,Raw Materials,Purchases,debit,unreconciled,Bulk order advance,INR
TXN001825,2025-11-24,V0021,10089.25,Raw Materials,Purchases,debit,reconciled,Subscription renewal,INR
TXN001826,2026-05-10,,1558.78,Bank Charges,Bank Charges,debit,reconciled,Quarterly retainer,INR
TXN001827,2025-11-11,V0006,26482.88,Logistics,Operations,debit,reconciled,Utility bill,INR
TXN001828,2026-05-13,V0030,15711.86,Manufacturing,Purchases,debit,unreconciled,Subscription renewal,INR
TXN001829,2026-08-26,V0037,61514.0,Travel,Travel,debit,reconciled,Final settlement,INR
TXN001830,2025-10-29,V0006,33599.57,Logistics,Operations,debit,reconciled,Utility bill,INR
TXN001831,2026-06-16,V0033,21173.08,Logistics,Operations,debit,reconciled,Annual contract,INR
TXN001832,2026-07-18,,798369.94,Rent,Bank Charges,debit,unreconciled,Quarterly retainer,INR
TXN001833,2025-12-18,V0034,3608.62,Packaging,Purchases,debit,reconciled,Repair and maintenance,INR
TXN001834,2026-01-04,V0031,36923.18,Raw Materials,Purchases,debit,reconciled,Subscription renewal,INR
TXN001835,2025-12-25,V0012,70433.29,Raw Materials,Purchases,debit,reconciled,Quarterly retainer,INR
TXN001836,2026-04-01,V0017,45628.21,Manufacturing,Purchases,debit,pending,Quarterly retainer,INR
TXN001837,2026-03-08,,204015.66,Salaries & Benefits,Bank Charges,debit,pending,Repair and maintenance,INR
TXN001838,2025-12-27,V0019,23138.79,Raw Materials,Purchases,debit,unreconciled,Invoice payment,INR
TXN001839,2025-08-01,,798.18,Bank Charges,Bank Charges,debit,reconciled,Invoice payment,INR
TXN001840,2026-06-30,V0007,36079.57,Professional Services,Admin & Professional,debit,reconciled,Bulk order advance,INR
TXN001841,2026-05-21,V0027,24987.83,Facilities,Operations,debit,pending,Freight charges,INR
TXN001842,2025-12-31,V0029,43523.67,Professional Services,Admin & Professional,debit,reconciled,Invoice payment,INR
TXN001843,2026-07-23,V0025,45920.83,Logistics,Operations,debit,reconciled,Bulk order advance,INR
TXN001844,2026-07-17,V0038,39098.25,Facilities,Operations,debit,reconciled,Subscription renewal,INR
TXN001845,2025-08-31,V0018,16619.19,Professional Services,Admin & Professional,debit,reconciled,Annual contract,INR
TXN001846,2025-08-13,V0023,32175.21,Marketing,Marketing,debit,pending,Freight charges,INR
TXN001847,2025-12-15,V0016,23236.95,IT Services,Technology,debit,reconciled,Quarterly retainer,INR
TXN001848,2026-02-14,,667969.66,Rent,Bank Charges,credit,unreconciled,Invoice payment,INR
TXN001849,2026-05-07,V0029,21127.85,Professional Services,Admin & Professional,debit,reconciled,Monthly service charge,INR
TXN001850,2025-09-26,,253014.89,Salaries & Benefits,Bank Charges,debit,reconciled,Bulk order advance,INR
TXN001851,2026-05-31,V0001,21396.58,Raw Materials,Purchases,debit,reconciled,Freight charges,INR
TXN001852,2026-03-07,V0040,110589.13,Professional Services,Admin & Professional,debit,pending,Annual contract,INR
TXN001853,2026-05-19,V0029,19433.33,Professional Services,Admin & Professional,debit,reconciled,Bulk order advance,INR
TXN001854,2026-08-21,V0038,18025.45,Facilities,Operations,debit,reconciled,Final settlement,INR
TXN001855,2026-07-06,V0036,67917.3,Professional Services,Admin & Professional,debit,reconciled,Final settlement,INR
TXN001856,2025-12-17,,162882.15,Salaries & Benefits,Bank Charges,debit,unreconciled,Utility bill,INR
TXN001857,2026-01-23,V0032,41842.38,Utilities,Utilities,debit,reconciled,Utility bill,INR
TXN001858,2025-12-17,V0007,55531.46,Professional Services,Admin & Professional,debit,reconciled,Monthly service charge,INR
TXN001859,2026-08-25,V0018,96798.35,Professional Services,Admin & Professional,debit,reconciled,Subscription renewal,INR
TXN001860,2025-08-21,,846675.29,Rent,Bank Charges,debit,reconciled,Annual contract,INR
TXN001861,2025-10-12,,229977.06,Salaries & Benefits,Bank Charges,debit,reconciled,Freight charges,INR
TXN001862,2026-01-30,V0029,8562.52,Professional Services,Admin & Professional,debit,reconciled,Freight charges,INR
TXN001863,2026-03-09,,2771.96,Bank Charges,Bank Charges,debit,pending,Final settlement,INR
TXN001864,2026-05-10,V0015,17400.89,Marketing,Marketing,debit,reconciled,Bulk order advance,INR
TXN001865,2025-08-25,,817686.6,Salaries & Benefits,Bank Charges,debit,reconciled,Monthly service charge,INR
TXN001866,2025-11-08,V0016,17020.38,IT Services,Technology,debit,reconciled,Final settlement,INR
TXN001867,2026-08-01,V0025,120394.71,Logistics,Operations,debit,reconciled,Utility bill,INR
TXN001868,2026-06-05,V0038,31202.61,Facilities,Operations,debit,unreconciled,Invoice payment,INR
TXN001869,2026-02-19,V0015,3515.05,Marketing,Marketing,debit,unreconciled,Invoice payment,INR
TXN001870,2026-08-02,V0008,113312.18,Facilities,Operations,debit,unreconciled,Monthly service charge,INR
TXN001871,2025-11-12,V0007,10480.94,Professional Services,Admin & Professional,debit,pending,Bulk order advance,INR
TXN001872,2026-01-28,V0006,8692.28,Logistics,Operations,debit,reconciled,Subscription renewal,INR
TXN001873,2026-06-09,V0033,10424.88,Logistics,Operations,debit,reconciled,Invoice payment,INR
TXN001874,2025-10-28,,762048.55,Salaries & Benefits,Bank Charges,debit,reconciled,Final settlement,INR
TXN001875,2025-12-17,,318.06,Bank Charges,Bank Charges,debit,pending,Monthly service charge,INR
TXN001876,2026-04-06,V0037,20780.86,Travel,Travel,debit,reconciled,Freight charges,INR
TXN001877,2025-11-25,V0037,16774.65,Travel,Travel,debit,reconciled,Freight charges,INR
TXN001878,2026-03-29,V0018,7146.93,Professional Services,Admin & Professional,debit,unreconciled,Annual contract,INR
TXN001879,2026-01-23,V0034,17117.4,Packaging,Purchases,debit,reconciled,Monthly service charge,INR
TXN001880,2026-06-18,V0028,23537.57,Raw Materials,Purchases,debit,reconciled,Repair and maintenance,INR
TXN001881,2026-08-16,V0031,24983.06,Raw Materials,Purchases,debit,unreconciled,Final settlement,INR
TXN001882,2026-06-19,,53525.74,Office Supplies,Bank Charges,debit,reconciled,Final settlement,INR
TXN001883,2025-12-19,V0007,9061.13,Professional Services,Admin & Professional,debit,reconciled,Final settlement,INR
TXN001884,2026-05-17,V0007,19770.72,Professional Services,Admin & Professional,debit,reconciled,Final settlement,INR
TXN001885,2026-02-12,,136406.97,Office Supplies,Bank Charges,debit,reconciled,Utility bill,INR
TXN001886,2025-11-09,,526652.51,Salaries & Benefits,Bank Charges,debit,reconciled,Annual contract,INR
TXN001887,2026-08-27,V0031,98806.31,Raw Materials,Purchases,debit,reconciled,Repair and maintenance,INR
TXN001888,2026-03-18,V0030,75682.78,Manufacturing,Purchases,debit,reconciled,Bulk order advance,INR
TXN001889,2026-06-03,V0021,13987.91,Raw Materials,Purchases,debit,reconciled,Repair and maintenance,INR
TXN001890,2026-04-05,,557052.71,Salaries & Benefits,Bank Charges,debit,reconciled,Invoice payment,INR
TXN001891,2025-10-20,V0015,16113.99,Marketing,Marketing,debit,reconciled,Annual contract,INR
TXN001892,2025-11-13,V0007,35197.95,Professional Services,Admin & Professional,debit,unreconciled,Monthly service charge,INR
TXN001893,2026-05-29,V0030,29366.06,Manufacturing,Purchases,debit,reconciled,Quarterly retainer,INR
TXN001894,2026-08-25,,854.2,Bank Charges,Bank Charges,debit,unreconciled,Monthly service charge,INR
TXN001895,2026-08-03,,117534.53,Office Supplies,Bank Charges,debit,reconciled,Quarterly retainer,INR
TXN001896,2026-03-11,V0025,10993.33,Logistics,Operations,debit,reconciled,Invoice payment,INR
TXN001897,2025-11-25,V0034,96538.54,Packaging,Purchases,debit,reconciled,Freight charges,INR
TXN001898,2026-04-24,V0033,20135.28,Logistics,Operations,debit,pending,Subscription renewal,INR
TXN001899,2026-08-17,V0021,11929.61,Raw Materials,Purchases,debit,reconciled,Annual contract,INR
TXN001900,2026-03-12,,12190.45,Office Supplies,Bank Charges,debit,reconciled,Quarterly retainer,INR
TXN001901,2026-03-07,V0033,57758.75,Logistics,Operations,debit,unreconciled,Quarterly retainer,INR
TXN001902,2026-06-11,V0036,18572.13,Professional Services,Admin & Professional,debit,pending,Final settlement,INR
TXN001903,2026-04-27,V0007,37963.21,Professional Services,Admin & Professional,debit,reconciled,Invoice payment,INR
TXN001904,2026-03-05,V0033,97569.21,Logistics,Operations,debit,reconciled,Repair and maintenance,INR
TXN001905,2026-05-04,V0025,15801.4,Logistics,Operations,debit,reconciled,Invoice payment,INR
TXN001906,2025-12-17,V0025,6567.4,Logistics,Operations,debit,pending,Utility bill,INR
TXN001907,2026-03-02,,99337.73,Office Supplies,Bank Charges,debit,reconciled,Invoice payment,INR
TXN001908,2026-07-24,V0035,52653.48,Travel,Travel,debit,reconciled,Bulk order advance,INR
TXN001909,2026-02-14,V0037,15299.79,Travel,Travel,debit,reconciled,Quarterly retainer,INR
TXN001910,2026-08-20,,282774.85,Rent,Bank Charges,debit,reconciled,Utility bill,INR
TXN001911,2025-09-25,V0005,9156.58,Raw Materials,Purchases,debit,reconciled,Bulk order advance,INR
TXN001912,2026-04-13,V0038,23150.33,Facilities,Operations,debit,unreconciled,Utility bill,INR
TXN001913,2026-07-29,,1247.88,Bank Charges,Bank Charges,debit,reconciled,Quarterly retainer,INR
TXN001914,2026-06-19,V0036,6583.66,Professional Services,Admin & Professional,debit,pending,Utility bill,INR
TXN001915,2026-03-27,V0022,23273.5,Logistics,Operations,debit,reconciled,Utility bill,INR
TXN001916,2026-05-31,V0037,43559.59,Travel,Travel,debit,reconciled,Freight charges,INR
TXN001917,2025-08-09,,105522.79,Office Supplies,Bank Charges,debit,reconciled,Subscription renewal,INR
TXN001918,2025-10-27,V0018,48548.37,Professional Services,Admin & Professional,debit,reconciled,Final settlement,INR
TXN001919,2026-05-17,,52170.86,Office Supplies,Bank Charges,debit,reconciled,Subscription renewal,INR
TXN001920,2026-08-13,V0007,13599.95,Professional Services,Admin & Professional,debit,unreconciled,Subscription renewal,INR
TXN001921,2026-01-03,V0021,38391.01,Raw Materials,Purchases,debit,reconciled,Utility bill,INR
TXN001922,2026-07-18,V0015,14792.62,Marketing,Marketing,debit,reconciled,Subscription renewal,INR
TXN001923,2026-02-02,,1262.31,Bank Charges,Bank Charges,debit,unreconciled,Utility bill,INR
TXN001924,2026-01-23,V0033,30348.9,Logistics,Operations,debit,pending,Final settlement,INR
TXN001925,2026-05-01,V0016,45174.09,IT Services,Technology,debit,reconciled,Invoice payment,INR
TXN001926,2025-09-30,,533.88,Bank Charges,Bank Charges,debit,reconciled,Subscription renewal,INR
TXN001927,2026-02-18,V0025,12140.14,Logistics,Operations,debit,unreconciled,Invoice payment,INR
TXN001928,2026-05-04,V0009,35131.62,IT Services,Technology,debit,reconciled,Utility bill,INR
TXN001929,2026-02-18,V0006,16677.76,Logistics,Operations,debit,pending,Repair and maintenance,INR
TXN001930,2025-08-25,V0003,18164.35,Logistics,Operations,debit,reconciled,Quarterly retainer,INR
TXN001931,2026-06-02,V0010,22191.36,Packaging,Purchases,debit,reconciled,Annual contract,INR
TXN001932,2026-05-05,V0038,15115.48,Facilities,Operations,debit,reconciled,Freight charges,INR
TXN001933,2026-04-29,V0021,33804.86,Raw Materials,Purchases,debit,reconciled,Bulk order advance,INR
TXN001934,2026-07-19,V0012,68052.34,Raw Materials,Purchases,debit,pending,Monthly service charge,INR
TXN001935,2025-08-23,V0015,17685.68,Marketing,Marketing,debit,pending,Subscription renewal,INR
TXN001936,2026-02-08,V0039,11078.58,Facilities,Operations,debit,reconciled,Repair and maintenance,INR
TXN001937,2026-03-12,,47998.53,Office Supplies,Bank Charges,debit,reconciled,Monthly service charge,INR
TXN001938,2026-01-17,V0039,37161.1,Facilities,Operations,debit,unreconciled,Final settlement,INR
TXN001939,2026-04-03,,555887.89,Salaries & Benefits,Bank Charges,debit,reconciled,Annual contract,INR
TXN001940,2026-01-15,V0036,77168.18,Professional Services,Admin & Professional,debit,reconciled,Freight charges,INR
TXN001941,2025-12-26,V0018,107223.15,Professional Services,Admin & Professional,debit,reconciled,Bulk order advance,INR
TXN001942,2026-06-09,V0034,26519.32,Packaging,Purchases,debit,reconciled,Utility bill,INR
TXN001943,2026-05-12,V0031,29757.51,Raw Materials,Purchases,debit,reconciled,Final settlement,INR
TXN001944,2026-01-25,V0037,27095.57,Travel,Travel,debit,reconciled,Freight charges,INR
TXN001945,2026-05-04,V0022,16934.46,Logistics,Operations,debit,reconciled,Bulk order advance,INR
TXN001946,2025-12-31,V0025,109454.63,Logistics,Operations,debit,reconciled,Freight charges,INR
TXN001947,2026-01-01,V0040,24721.41,Professional Services,Admin & Professional,debit,unreconciled,Annual contract,INR
TXN001948,2026-02-23,V0006,16726.21,Logistics,Operations,debit,unreconciled,Bulk order advance,INR
TXN001949,2025-12-19,V0003,24713.91,Logistics,Operations,debit,reconciled,Utility bill,INR
TXN001950,2025-10-29,V0023,23221.2,Marketing,Marketing,debit,reconciled,Monthly service charge,INR
TXN001951,2026-01-04,V0036,13911.52,Professional Services,Admin & Professional,debit,reconciled,Utility bill,INR
TXN001952,2026-05-25,V0016,83514.05,IT Services,Technology,debit,unreconciled,Freight charges,INR
TXN001953,2025-10-23,V0021,2744.81,Raw Materials,Purchases,debit,reconciled,Annual contract,INR
TXN001954,2026-05-28,,1848.29,Bank Charges,Bank Charges,debit,unreconciled,Invoice payment,INR
TXN001955,2026-05-05,V0025,39562.13,Logistics,Operations,debit,reconciled,Utility bill,INR
TXN001956,2026-04-25,V0016,39378.49,IT Services,Technology,debit,unreconciled,Utility bill,INR
TXN001957,2025-12-31,V0039,104951.03,Facilities,Operations,debit,reconciled,Repair and maintenance,INR
TXN001958,2026-06-04,V0033,8123.7,Logistics,Operations,debit,reconciled,Annual contract,INR
TXN001959,2025-11-07,V0031,53136.32,Raw Materials,Purchases,debit,reconciled,Monthly service charge,INR
TXN001960,2025-11-05,V0038,24810.62,Facilities,Operations,debit,reconciled,Repair and maintenance,INR
TXN001961,2025-12-13,,2380.23,Bank Charges,Bank Charges,debit,reconciled,Freight charges,INR
TXN001962,2026-02-17,,294.85,Bank Charges,Bank Charges,debit,reconciled,Bulk order advance,INR
TXN001963,2026-08-21,V0025,73699.88,Logistics,Operations,debit,reconciled,Freight charges,INR
TXN001964,2025-08-15,V0038,34250.08,Facilities,Operations,debit,reconciled,Freight charges,INR
TXN001965,2026-03-20,V0011,59665.43,Marketing,Marketing,debit,reconciled,Repair and maintenance,INR
TXN001966,2025-08-11,V0022,141899.73,Logistics,Operations,debit,reconciled,Bulk order advance,INR
TXN001967,2025-08-11,V0006,46593.5,Logistics,Operations,debit,reconciled,Bulk order advance,INR
TXN001968,2026-07-31,,240946.94,Salaries & Benefits,Bank Charges,debit,reconciled,Invoice payment,INR
TXN001969,2026-04-30,V0015,11795.44,Marketing,Marketing,debit,reconciled,Repair and maintenance,INR
TXN001970,2026-02-11,V0007,23895.08,Professional Services,Admin & Professional,debit,reconciled,Annual contract,INR
TXN001971,2025-11-16,V0034,18431.22,Packaging,Purchases,debit,unreconciled,Subscription renewal,INR
TXN001972,2026-04-17,V0018,20286.48,Professional Services,Admin & Professional,debit,reconciled,Annual contract,INR
TXN001973,2025-09-29,V0016,16075.51,IT Services,Technology,debit,reconciled,Monthly service charge,INR
TXN001974,2026-03-30,V0022,89745.65,Logistics,Operations,debit,reconciled,Subscription renewal,INR
TXN001975,2026-06-26,V0032,23377.79,Utilities,Utilities,debit,reconciled,Freight charges,INR
TXN001976,2025-11-13,V0037,36213.63,Travel,Travel,debit,unreconciled,Invoice payment,INR
TXN001977,2025-10-03,V0031,29251.42,Raw Materials,Purchases,debit,pending,Invoice payment,INR
TXN001978,2026-07-23,,826.73,Bank Charges,Bank Charges,debit,reconciled,Quarterly retainer,INR
TXN001979,2025-11-26,V0034,126869.91,Packaging,Purchases,debit,reconciled,Invoice payment,INR
TXN001980,2025-12-12,V0037,50284.17,Travel,Travel,debit,pending,Invoice payment,INR
TXN001981,2025-10-28,V0034,11088.45,Packaging,Purchases,debit,reconciled,Final settlement,INR
TXN001982,2026-01-27,V0032,46252.26,Utilities,Utilities,debit,reconciled,Freight charges,INR
TXN001983,2025-11-09,V0039,18395.44,Facilities,Operations,debit,reconciled,Utility bill,INR
TXN001984,2025-11-14,V0022,15375.39,Logistics,Operations,debit,reconciled,Freight charges,INR
TXN001985,2026-08-25,V0038,76776.26,Facilities,Operations,debit,reconciled,Subscription renewal,INR
TXN001986,2026-02-22,V0003,9265.79,Logistics,Operations,debit,reconciled,Bulk order advance,INR
TXN001987,2026-08-06,V0022,12423.53,Logistics,Operations,debit,reconciled,Invoice payment,INR
TXN001988,2026-04-11,V0036,11981.16,Professional Services,Admin & Professional,debit,reconciled,Repair and maintenance,INR
TXN001989,2026-06-26,V0030,43471.81,Manufacturing,Purchases,debit,pending,Monthly service charge,INR
TXN001990,2026-08-15,V0026,11125.88,Manufacturing,Purchases,debit,reconciled,Annual contract,INR
TXN001991,2026-07-22,V0015,147237.89,Marketing,Marketing,debit,reconciled,Subscription renewal,INR
TXN001992,2026-01-29,V0011,25704.68,Marketing,Marketing,debit,reconciled,Monthly service charge,INR
TXN001993,2025-10-17,V0001,7898.0,Raw Materials,Purchases,debit,reconciled,Subscription renewal,INR
TXN001994,2026-03-01,V0018,25478.87,Professional Services,Admin & Professional,debit,reconciled,Freight charges,INR
TXN001995,2025-10-10,V0009,93421.63,IT Services,Technology,debit,reconciled,Quarterly retainer,INR
TXN001996,2026-05-26,V0005,22062.98,Raw Materials,Purchases,debit,reconciled,Final settlement,INR
TXN001997,2026-07-30,V0033,13078.82,Logistics,Operations,debit,unreconciled,Quarterly retainer,INR
TXN001998,2025-08-04,V0016,13248.36,IT Services,Technology,debit,reconciled,Monthly service charge,INR
TXN001999,2025-09-17,V0001,19732.04,Raw Materials,Purchases,debit,reconciled,Quarterly retainer,INR
TXN002000,2026-07-07,V0029,4899.98,Professional Services,Admin & Professional,debit,unreconciled,Freight charges,INR
TXN002001,2026-02-09,V0011,6856.6,Marketing,Marketing,debit,reconciled,Quarterly retainer,INR
TXN002002,2026-03-29,V0031,33742.36,Raw Materials,Purchases,debit,reconciled,Monthly service charge,INR
TXN002003,2026-07-21,V0025,6424.65,Logistics,Operations,debit,reconciled,Utility bill,INR
TXN002004,2025-09-16,V0021,86890.54,Raw Materials,Purchases,debit,unreconciled,Subscription renewal,INR
TXN002005,2026-01-09,V0021,13203.53,Raw Materials,Purchases,debit,reconciled,Invoice payment,INR
TXN002006,2026-01-07,V0001,53370.86,Raw Materials,Purchases,debit,reconciled,Quarterly retainer,INR
TXN002007,2025-08-23,V0021,8253.27,Raw Materials,Purchases,debit,unreconciled,Utility bill,INR
TXN002008,2026-08-29,,59562.68,Office Supplies,Bank Charges,debit,reconciled,Bulk order advance,INR
TXN002009,2025-12-21,V0025,22225.11,Logistics,Operations,debit,reconciled,Invoice payment,INR
TXN002010,2025-12-30,,130066.77,Office Supplies,Bank Charges,debit,reconciled,Bulk order advance,INR
TXN002011,2025-09-26,,490077.77,Rent,Bank Charges,debit,reconciled,Invoice payment,INR
TXN002012,2026-08-29,V0040,13069.1,Professional Services,Admin & Professional,debit,reconciled,Bulk order advance,INR
TXN002013,2025-11-12,,705009.48,Rent,Bank Charges,debit,reconciled,Utility bill,INR
TXN002014,2026-06-30,V0004,121072.95,IT Services,Technology,debit,reconciled,Bulk order advance,INR
TXN002015,2025-09-01,V0005,63965.63,Raw Materials,Purchases,debit,reconciled,Utility bill,INR
TXN002016,2026-01-16,V0034,75680.06,Packaging,Purchases,debit,pending,Bulk order advance,INR
TXN002017,2026-07-07,V0019,18820.81,Raw Materials,Purchases,debit,reconciled,Invoice payment,INR
TXN002018,2025-12-12,,481212.56,Rent,Bank Charges,debit,reconciled,Utility bill,INR
TXN002019,2025-09-21,V0007,13104.21,Professional Services,Admin & Professional,debit,reconciled,Final settlement,INR
TXN002020,2026-08-13,V0017,12996.85,Manufacturing,Purchases,debit,pending,Bulk order advance,INR
TXN002021,2025-10-21,,52321.68,Office Supplies,Bank Charges,debit,reconciled,Quarterly retainer,INR
TXN002022,2026-08-31,V0007,38100.2,Professional Services,Admin & Professional,debit,reconciled,Subscription renewal,INR
TXN002023,2026-06-20,,573345.61,Salaries & Benefits,Bank Charges,debit,unreconciled,Subscription renewal,INR
TXN002024,2025-12-23,V0021,32826.46,Raw Materials,Purchases,debit,reconciled,Invoice payment,INR
TXN002025,2026-08-17,,147557.77,Office Supplies,Bank Charges,debit,unreconciled,Subscription renewal,INR
TXN002026,2026-07-05,V0033,23197.87,Logistics,Operations,debit,pending,Final settlement,INR
TXN002027,2026-07-17,V0007,58484.38,Professional Services,Admin & Professional,debit,unreconciled,Invoice payment,INR
TXN002028,2025-12-17,V0034,4001.65,Packaging,Purchases,debit,reconciled,Repair and maintenance,INR
TXN002029,2025-09-12,V0021,130992.33,Raw Materials,Purchases,debit,reconciled,Freight charges,INR
TXN002030,2025-08-02,V0036,44942.96,Professional Services,Admin & Professional,debit,reconciled,Subscription renewal,INR
TXN002031,2025-12-20,,812905.6,Rent,Bank Charges,debit,reconciled,Utility bill,INR
TXN002032,2025-12-29,V0036,48746.96,Professional Services,Admin & Professional,debit,reconciled,Repair and maintenance,INR
TXN002033,2026-04-29,V0007,53908.57,Professional Services,Admin & Professional,debit,reconciled,Subscription renewal,INR
TXN002034,2025-09-26,V0018,104125.08,Professional Services,Admin & Professional,debit,reconciled,Repair and maintenance,INR
TXN002035,2026-05-22,,2911.19,Bank Charges,Bank Charges,debit,reconciled,Final settlement,INR
TXN002036,2025-09-21,V0029,68435.31,Professional Services,Admin & Professional,debit,reconciled,Monthly service charge,INR
TXN002037,2026-01-30,V0037,27039.6,Travel,Travel,debit,reconciled,Utility bill,INR
TXN002038,2026-03-03,V0040,9006.83,Professional Services,Admin & Professional,debit,reconciled,Quarterly retainer,INR
TXN002039,2025-11-02,V0035,21002.24,Travel,Travel,debit,unreconciled,Quarterly retainer,INR
TXN002040,2025-11-04,V0001,37751.09,Raw Materials,Purchases,debit,reconciled,Utility bill,INR
TXN002041,2025-09-16,V0040,37914.23,Professional Services,Admin & Professional,debit,reconciled,Annual contract,INR
TXN002042,2025-08-26,V0035,50871.3,Travel,Travel,debit,unreconciled,Freight charges,INR
TXN002043,2026-05-29,,184190.39,Rent,Bank Charges,debit,unreconciled,Subscription renewal,INR
TXN002044,2025-10-19,V0039,56410.21,Facilities,Operations,debit,unreconciled,Invoice payment,INR
TXN002045,2025-12-11,V0030,116496.61,Manufacturing,Purchases,debit,unreconciled,Repair and maintenance,INR
TXN002046,2025-08-05,V0005,78675.25,Raw Materials,Purchases,debit,reconciled,Monthly service charge,INR
TXN002047,2026-05-30,V0007,21886.64,Professional Services,Admin & Professional,debit,reconciled,Freight charges,INR
TXN002048,2025-09-24,V0026,29255.14,Manufacturing,Purchases,debit,reconciled,Monthly service charge,INR
TXN002049,2026-07-13,V0034,37621.41,Packaging,Purchases,debit,reconciled,Quarterly retainer,INR
TXN002050,2026-03-21,V0037,74359.51,Travel,Travel,debit,reconciled,Utility bill,INR
TXN002051,2026-03-27,,93.45,Bank Charges,Bank Charges,debit,reconciled,Final settlement,INR
TXN002052,2025-10-09,V0019,6579.43,Raw Materials,Purchases,debit,unreconciled,Subscription renewal,INR
TXN002053,2026-08-26,V0018,24023.78,Professional Services,Admin & Professional,debit,reconciled,Subscription renewal,INR
TXN002054,2026-01-30,V0030,6658.19,Manufacturing,Purchases,debit,pending,Repair and maintenance,INR
TXN002055,2025-10-12,V0004,9891.74,IT Services,Technology,debit,reconciled,Monthly service charge,INR
TXN002056,2026-07-05,V0039,74135.83,Facilities,Operations,debit,reconciled,Monthly service charge,INR
TXN002057,2026-07-26,V0006,29022.01,Logistics,Operations,debit,reconciled,Utility bill,INR
TXN002058,2025-11-21,V0016,9366.88,IT Services,Technology,debit,unreconciled,Quarterly retainer,INR
TXN002059,2026-01-09,,484.71,Bank Charges,Bank Charges,debit,reconciled,Freight charges,INR
TXN002060,2026-08-01,V0019,8733.38,Raw Materials,Purchases,debit,reconciled,Annual contract,INR
TXN002061,2026-06-14,,834062.98,Salaries & Benefits,Bank Charges,debit,unreconciled,Monthly service charge,INR
TXN002062,2026-05-27,,994.17,Bank Charges,Bank Charges,debit,reconciled,Quarterly retainer,INR
TXN002063,2025-09-09,,397136.85,Rent,Bank Charges,debit,reconciled,Repair and maintenance,INR
TXN002064,2025-09-20,V0015,32251.62,Marketing,Marketing,debit,unreconciled,Invoice payment,INR
TXN002065,2026-05-18,,467138.63,Salaries & Benefits,Bank Charges,debit,reconciled,Repair and maintenance,INR
TXN002066,2025-08-14,V0005,26905.09,Raw Materials,Purchases,debit,reconciled,Final settlement,INR
TXN002067,2026-06-25,V0023,41722.01,Marketing,Marketing,debit,reconciled,Final settlement,INR
TXN002068,2025-11-04,,766003.46,Salaries & Benefits,Bank Charges,debit,reconciled,Repair and maintenance,INR
TXN002069,2026-02-13,V0026,8704.65,Manufacturing,Purchases,debit,reconciled,Utility bill,INR
TXN002070,2026-03-19,V0025,19474.01,Logistics,Operations,debit,reconciled,Final settlement,INR
TXN002071,2026-07-24,V0005,51613.4,Raw Materials,Purchases,debit,reconciled,Utility bill,INR
TXN002072,2026-07-21,V0029,10669.96,Professional Services,Admin & Professional,debit,unreconciled,Freight charges,INR
TXN002073,2026-02-25,,2402.13,Bank Charges,Bank Charges,debit,pending,Subscription renewal,INR
TXN002074,2025-11-28,V0032,187865.58,Utilities,Utilities,debit,reconciled,Repair and maintenance,INR
TXN002075,2026-06-06,V0023,42848.17,Marketing,Marketing,debit,pending,Repair and maintenance,INR
TXN002076,2026-03-19,V0015,38392.54,Marketing,Marketing,debit,reconciled,Freight charges,INR
TXN002077,2026-03-26,V0018,13739.88,Professional Services,Admin & Professional,debit,reconciled,Invoice payment,INR
TXN002078,2026-04-27,V0036,20830.97,Professional Services,Admin & Professional,debit,unreconciled,Monthly service charge,INR
TXN002079,2025-11-14,V0032,6597.84,Utilities,Utilities,debit,reconciled,Quarterly retainer,INR
TXN002080,2026-02-06,V0023,13005.51,Marketing,Marketing,debit,unreconciled,Monthly service charge,INR
TXN002081,2026-05-06,V0016,64448.69,IT Services,Technology,debit,reconciled,Invoice payment,INR
TXN002082,2025-11-05,V0037,11596.89,Travel,Travel,debit,pending,Annual contract,INR
TXN002083,2025-08-08,V0040,8747.6,Professional Services,Admin & Professional,debit,reconciled,Quarterly retainer,INR
TXN002084,2025-08-13,,498414.84,Rent,Bank Charges,debit,reconciled,Bulk order advance,INR
TXN002085,2025-11-08,V0034,180619.15,Packaging,Purchases,debit,pending,Final settlement,INR
TXN002086,2025-11-15,V0036,21052.7,Professional Services,Admin & Professional,debit,reconciled,Freight charges,INR
TXN002087,2026-03-16,V0012,32379.24,Raw Materials,Purchases,debit,pending,Invoice payment,INR
TXN002088,2026-08-23,,195649.18,Salaries & Benefits,Bank Charges,debit,reconciled,Annual contract,INR
TXN002089,2026-05-19,V0032,28830.73,Utilities,Utilities,debit,unreconciled,Quarterly retainer,INR
TXN002090,2025-11-22,V0003,23743.75,Logistics,Operations,debit,reconciled,Subscription renewal,INR
TXN002091,2026-01-17,,797259.48,Rent,Bank Charges,debit,reconciled,Bulk order advance,INR
TXN002092,2026-06-16,V0029,27426.72,Professional Services,Admin & Professional,debit,reconciled,Invoice payment,INR
TXN002093,2026-02-03,V0036,100025.76,Professional Services,Admin & Professional,debit,reconciled,Quarterly retainer,INR
TXN002094,2026-01-01,,93334.78,Office Supplies,Bank Charges,debit,reconciled,Invoice payment,INR
TXN002095,2026-08-25,V0019,14212.26,Raw Materials,Purchases,debit,reconciled,Invoice payment,INR
TXN002096,2026-05-25,V0026,36504.93,Manufacturing,Purchases,debit,reconciled,Bulk order advance,INR
TXN002097,2026-01-26,V0021,10578.61,Raw Materials,Purchases,debit,reconciled,Bulk order advance,INR
TXN002098,2026-01-19,V0018,33565.82,Professional Services,Admin & Professional,debit,unreconciled,Annual contract,INR
TXN002099,2025-08-29,V0013,26718.02,Utilities,Utilities,debit,reconciled,Final settlement,INR
TXN002100,2025-10-21,V0001,3043.61,Raw Materials,Purchases,debit,reconciled,Quarterly retainer,INR
TXN002101,2026-01-17,V0008,20354.27,Facilities,Operations,debit,reconciled,Repair and maintenance,INR
TXN002102,2025-10-05,,505089.41,Salaries & Benefits,Bank Charges,debit,unreconciled,Subscription renewal,INR
TXN002103,2025-10-14,,240349.15,Rent,Bank Charges,debit,reconciled,Invoice payment,INR
TXN002104,2026-07-04,V0025,17360.23,Logistics,Operations,debit,reconciled,Quarterly retainer,INR
TXN002105,2026-01-17,V0017,7613.3,Manufacturing,Purchases,debit,reconciled,Annual contract,INR
TXN002106,2026-07-06,V0006,40007.87,Logistics,Operations,debit,reconciled,Quarterly retainer,INR
TXN002107,2026-07-29,,675308.98,Salaries & Benefits,Bank Charges,debit,reconciled,Monthly service charge,INR
TXN002108,2026-05-19,V0036,14929.22,Professional Services,Admin & Professional,debit,reconciled,Monthly service charge,INR
TXN002109,2026-05-13,V0005,10216.77,Raw Materials,Purchases,debit,reconciled,Final settlement,INR
TXN002110,2026-02-20,V0036,280094.22,Professional Services,Admin & Professional,debit,reconciled,Subscription renewal,INR
TXN002111,2026-07-28,V0007,18323.0,Professional Services,Admin & Professional,debit,unreconciled,Repair and maintenance,INR
TXN002112,2025-09-11,,276579.76,Rent,Bank Charges,debit,reconciled,Repair and maintenance,INR
TXN002113,2026-05-01,V0033,53831.21,Logistics,Operations,debit,reconciled,Final settlement,INR
TXN002114,2026-06-07,V0001,51674.2,Raw Materials,Purchases,debit,reconciled,Final settlement,INR
TXN002115,2026-02-26,V0031,10226.09,Raw Materials,Purchases,debit,reconciled,Monthly service charge,INR
TXN002116,2025-12-13,,771023.42,Salaries & Benefits,Bank Charges,debit,reconciled,Subscription renewal,INR
TXN002117,2026-08-19,V0029,31361.52,Professional Services,Admin & Professional,debit,unreconciled,Utility bill,INR
TXN002118,2025-10-08,V0036,45185.08,Professional Services,Admin & Professional,debit,reconciled,Utility bill,INR
TXN002119,2026-07-04,V0021,3594.86,Raw Materials,Purchases,debit,unreconciled,Invoice payment,INR
TXN002120,2026-03-12,,361035.14,Rent,Bank Charges,debit,reconciled,Repair and maintenance,INR
TXN002121,2026-06-07,V0022,23515.44,Logistics,Operations,debit,reconciled,Quarterly retainer,INR
TXN002122,2025-11-10,,86.67,Bank Charges,Bank Charges,debit,reconciled,Final settlement,INR
TXN002123,2026-01-01,V0009,10397.65,IT Services,Technology,debit,unreconciled,Final settlement,INR
TXN002124,2026-06-26,V0019,18183.09,Raw Materials,Purchases,debit,unreconciled,Annual contract,INR
TXN002125,2026-07-24,V0018,27779.49,Professional Services,Admin & Professional,debit,pending,Freight charges,INR
TXN002126,2026-05-17,V0016,17656.75,IT Services,Technology,debit,reconciled,Final settlement,INR
TXN002127,2025-10-26,V0018,225796.84,Professional Services,Admin & Professional,debit,reconciled,Subscription renewal,INR
TXN002128,2026-07-24,,709017.96,Salaries & Benefits,Bank Charges,debit,unreconciled,Subscription renewal,INR
TXN002129,2025-08-22,V0022,11801.54,Logistics,Operations,debit,reconciled,Quarterly retainer,INR
TXN002130,2025-08-02,V0012,126105.74,Raw Materials,Purchases,debit,reconciled,Final settlement,INR
TXN002131,2026-04-17,V0036,25885.14,Professional Services,Admin & Professional,debit,reconciled,Invoice payment,INR
TXN002132,2026-06-28,V0033,14982.18,Logistics,Operations,debit,pending,Utility bill,INR
TXN002133,2026-02-11,V0021,52093.08,Raw Materials,Purchases,debit,pending,Quarterly retainer,INR
TXN002134,2025-12-31,,1582.43,Bank Charges,Bank Charges,debit,unreconciled,Annual contract,INR
TXN002135,2025-08-26,V0036,11560.83,Professional Services,Admin & Professional,debit,reconciled,Utility bill,INR
TXN002136,2026-07-17,V0032,9782.75,Utilities,Utilities,debit,reconciled,Bulk order advance,INR
TXN002137,2026-07-02,,675632.28,Rent,Bank Charges,debit,reconciled,Monthly service charge,INR
TXN002138,2026-03-04,V0037,158795.25,Travel,Travel,debit,unreconciled,Annual contract,INR
TXN002139,2026-04-23,V0025,13980.97,Logistics,Operations,debit,unreconciled,Subscription renewal,INR
TXN002140,2025-11-14,V0010,37571.88,Packaging,Purchases,debit,reconciled,Annual contract,INR
TXN002141,2026-02-21,V0036,96122.65,Professional Services,Admin & Professional,debit,unreconciled,Final settlement,INR
TXN002142,2025-10-11,,194012.03,Rent,Bank Charges,debit,reconciled,Quarterly retainer,INR
TXN002143,2026-07-16,V0001,21863.56,Raw Materials,Purchases,debit,reconciled,Quarterly retainer,INR
TXN002144,2026-05-23,,1449.97,Bank Charges,Bank Charges,debit,reconciled,Monthly service charge,INR
TXN002145,2025-09-11,V0027,28769.84,Facilities,Operations,debit,reconciled,Monthly service charge,INR
TXN002146,2026-08-29,V0034,24258.94,Packaging,Purchases,debit,pending,Invoice payment,INR
TXN002147,2026-01-05,V0007,31572.89,Professional Services,Admin & Professional,debit,reconciled,Annual contract,INR
TXN002148,2026-07-07,V0037,38309.15,Travel,Travel,debit,reconciled,Annual contract,INR
TXN002149,2025-10-15,V0040,31663.3,Professional Services,Admin & Professional,debit,reconciled,Utility bill,INR
TXN002150,2026-03-07,,324000.19,Salaries & Benefits,Bank Charges,debit,unreconciled,Final settlement,INR
TXN002151,2025-12-04,,117638.69,Office Supplies,Bank Charges,debit,unreconciled,Quarterly retainer,INR
TXN002152,2026-05-03,V0022,17082.62,Logistics,Operations,debit,reconciled,Utility bill,INR
TXN002153,2026-08-24,,353.72,Bank Charges,Bank Charges,debit,reconciled,Annual contract,INR
TXN002154,2026-07-01,V0018,11601.74,Professional Services,Admin & Professional,debit,reconciled,Freight charges,INR
TXN002155,2025-10-19,V0016,24658.1,IT Services,Technology,debit,reconciled,Utility bill,INR
TXN002156,2025-09-03,V0021,30059.28,Raw Materials,Purchases,debit,reconciled,Monthly service charge,INR
TXN002157,2026-04-27,V0039,8901.64,Facilities,Operations,debit,reconciled,Repair and maintenance,INR
TXN002158,2026-08-14,V0001,22031.9,Raw Materials,Purchases,debit,unreconciled,Subscription renewal,INR
TXN002159,2025-08-08,V0025,53754.83,Logistics,Operations,debit,reconciled,Invoice payment,INR
TXN002160,2026-03-04,V0038,16358.5,Facilities,Operations,debit,reconciled,Annual contract,INR
TXN002161,2025-11-03,V0018,32513.7,Professional Services,Admin & Professional,debit,reconciled,Invoice payment,INR
TXN002162,2026-05-18,V0016,39685.42,IT Services,Technology,debit,reconciled,Invoice payment,INR
TXN002163,2026-07-06,,453801.79,Rent,Bank Charges,debit,reconciled,Bulk order advance,INR
TXN002164,2026-08-25,V0007,45161.68,Professional Services,Admin & Professional,debit,reconciled,Final settlement,INR
TXN002165,2025-11-22,V0021,26958.82,Raw Materials,Purchases,debit,reconciled,Freight charges,INR
TXN002166,2025-12-21,V0040,27395.54,Professional Services,Admin & Professional,debit,reconciled,Annual contract,INR
TXN002167,2025-12-06,V0015,46939.77,Marketing,Marketing,debit,pending,Monthly service charge,INR
TXN002168,2025-10-06,V0039,19082.88,Facilities,Operations,debit,reconciled,Annual contract,INR
TXN002169,2026-04-06,,21098.38,Office Supplies,Bank Charges,debit,reconciled,Annual contract,INR
TXN002170,2025-10-24,,2650.87,Office Supplies,Bank Charges,debit,reconciled,Freight charges,INR
TXN002171,2025-10-30,V0018,40752.53,Professional Services,Admin & Professional,debit,unreconciled,Annual contract,INR
TXN002172,2025-10-19,V0033,145789.02,Logistics,Operations,debit,reconciled,Repair and maintenance,INR
TXN002173,2026-02-21,V0022,26419.93,Logistics,Operations,debit,reconciled,Subscription renewal,INR
TXN002174,2026-08-01,,821409.6,Salaries & Benefits,Bank Charges,debit,reconciled,Bulk order advance,INR
TXN002175,2025-11-06,,506.54,Bank Charges,Bank Charges,debit,reconciled,Invoice payment,INR
TXN002176,2025-09-15,,126171.29,Office Supplies,Bank Charges,debit,pending,Final settlement,INR
TXN002177,2026-07-05,V0002,10429.95,Manufacturing,Purchases,debit,reconciled,Utility bill,INR
TXN002178,2025-10-17,,249296.45,Rent,Bank Charges,debit,reconciled,Repair and maintenance,INR
TXN002179,2026-05-12,V0001,51193.95,Raw Materials,Purchases,debit,reconciled,Utility bill,INR
TXN002180,2026-08-09,,1886.04,Bank Charges,Bank Charges,debit,pending,Subscription renewal,INR
TXN002181,2026-06-17,V0001,25247.63,Raw Materials,Purchases,debit,reconciled,Invoice payment,INR
TXN002182,2026-02-26,V0025,161312.29,Logistics,Operations,debit,unreconciled,Invoice payment,INR
TXN002183,2026-04-04,,72842.12,Office Supplies,Bank Charges,debit,unreconciled,Quarterly retainer,INR
TXN002184,2026-03-15,V0040,19932.37,Professional Services,Admin & Professional,debit,reconciled,Annual contract,INR
TXN002185,2025-10-15,V0036,66570.05,Professional Services,Admin & Professional,debit,unreconciled,Annual contract,INR
TXN002186,2026-08-19,V0009,14331.32,IT Services,Technology,debit,reconciled,Invoice payment,INR
TXN002187,2025-08-14,V0039,23181.82,Facilities,Operations,debit,reconciled,Quarterly retainer,INR
TXN002188,2026-03-29,V0005,41247.86,Raw Materials,Purchases,debit,reconciled,Invoice payment,INR
TXN002189,2026-01-30,V0032,29447.6,Utilities,Utilities,debit,reconciled,Subscription renewal,INR
TXN002190,2025-08-19,V0005,67965.09,Raw Materials,Purchases,debit,reconciled,Utility bill,INR
TXN002191,2025-09-18,V0036,7242.0,Professional Services,Admin & Professional,debit,reconciled,Repair and maintenance,INR
TXN002192,2025-09-29,,1957.51,Bank Charges,Bank Charges,debit,reconciled,Final settlement,INR
TXN002193,2025-08-07,V0017,14310.58,Manufacturing,Purchases,debit,pending,Bulk order advance,INR
TXN002194,2026-07-31,V0008,12994.34,Facilities,Operations,debit,unreconciled,Invoice payment,INR
TXN002195,2026-03-02,V0015,45732.29,Marketing,Marketing,debit,reconciled,Subscription renewal,INR
TXN002196,2025-12-23,V0018,22943.86,Professional Services,Admin & Professional,debit,pending,Annual contract,INR
TXN002197,2026-01-01,V0001,25863.7,Raw Materials,Purchases,debit,pending,Utility bill,INR
TXN002198,2025-08-22,V0003,36828.83,Logistics,Operations,debit,reconciled,Quarterly retainer,INR
TXN002199,2026-07-21,V0040,10964.43,Professional Services,Admin & Professional,debit,reconciled,Repair and maintenance,INR
TXN002200,2026-06-23,V0009,6324.95,IT Services,Technology,debit,reconciled,Final settlement,INR
TXN002201,2026-07-11,,3695.33,Office Supplies,Bank Charges,debit,pending,Invoice payment,INR
TXN002202,2025-12-18,V0015,24317.25,Marketing,Marketing,debit,unreconciled,Utility bill,INR
TXN002203,2026-07-14,V0038,46381.33,Facilities,Operations,debit,unreconciled,Annual contract,INR
TXN002204,2026-08-09,V0015,83321.57,Marketing,Marketing,debit,reconciled,Subscription renewal,INR
TXN002205,2025-11-01,V0032,123661.79,Utilities,Utilities,debit,reconciled,Invoice payment,INR
TXN002206,2025-09-07,V0016,8843.58,IT Services,Technology,debit,reconciled,Freight charges,INR
TXN002207,2026-05-09,,327378.03,Rent,Bank Charges,debit,reconciled,Invoice payment,INR
TXN002208,2026-08-19,V0015,37352.97,Marketing,Marketing,debit,pending,Invoice payment,INR
TXN002209,2025-11-30,V0007,6388.4,Professional Services,Admin & Professional,debit,reconciled,Bulk order advance,INR
TXN002210,2026-05-19,V0029,16859.81,Professional Services,Admin & Professional,debit,reconciled,Monthly service charge,INR
TXN002211,2026-08-22,,411612.66,Rent,Bank Charges,debit,reconciled,Final settlement,INR
TXN002212,2025-10-11,V0015,33595.57,Marketing,Marketing,debit,reconciled,Repair and maintenance,INR
TXN002213,2025-10-03,V0030,7365.4,Manufacturing,Purchases,debit,reconciled,Repair and maintenance,INR
TXN002214,2026-07-08,,262056.04,Salaries & Benefits,Bank Charges,debit,reconciled,Repair and maintenance,INR
TXN002215,2025-11-29,,226911.69,Rent,Bank Charges,debit,reconciled,Utility bill,INR
TXN002216,2025-08-18,V0038,22769.08,Facilities,Operations,debit,reconciled,Quarterly retainer,INR
TXN002217,2025-08-14,V0039,36301.99,Facilities,Operations,debit,reconciled,Quarterly retainer,INR
TXN002218,2025-09-18,V0004,29608.86,IT Services,Technology,debit,reconciled,Monthly service charge,INR
TXN002219,2026-03-20,V0004,20712.42,IT Services,Technology,debit,unreconciled,Bulk order advance,INR
TXN002220,2026-02-09,V0004,39818.39,IT Services,Technology,debit,pending,Quarterly retainer,INR
TXN002221,2026-04-26,V0025,18159.57,Logistics,Operations,debit,reconciled,Subscription renewal,INR
TXN002222,2026-02-16,V0017,33691.1,Manufacturing,Purchases,debit,reconciled,Freight charges,INR
TXN002223,2025-08-04,V0022,11334.27,Logistics,Operations,debit,unreconciled,Quarterly retainer,INR
TXN002224,2025-10-23,V0019,26319.11,Raw Materials,Purchases,debit,unreconciled,Monthly service charge,INR
TXN002225,2026-06-06,V0011,38447.46,Marketing,Marketing,debit,pending,Subscription renewal,INR
TXN002226,2025-08-20,V0034,83448.61,Packaging,Purchases,debit,reconciled,Annual contract,INR
TXN002227,2026-03-04,V0012,29186.33,Raw Materials,Purchases,debit,reconciled,Monthly service charge,INR
TXN002228,2025-08-12,V0014,33985.07,Logistics,Operations,debit,unreconciled,Utility bill,INR
TXN002229,2025-12-14,V0029,6758.21,Professional Services,Admin & Professional,debit,unreconciled,Freight charges,INR
TXN002230,2025-11-28,V0006,3596.23,Logistics,Operations,debit,reconciled,Subscription renewal,INR
TXN002231,2026-06-15,V0026,46691.45,Manufacturing,Purchases,debit,reconciled,Bulk order advance,INR
TXN002232,2025-11-03,V0021,64636.12,Raw Materials,Purchases,debit,pending,Freight charges,INR
TXN002233,2026-03-28,V0039,16587.09,Facilities,Operations,debit,reconciled,Invoice payment,INR
TXN002234,2025-12-31,V0001,29594.16,Raw Materials,Purchases,debit,reconciled,Invoice payment,INR
TXN002235,2025-10-26,V0034,12203.27,Packaging,Purchases,debit,unreconciled,Invoice payment,INR
TXN002236,2026-07-29,V0004,62421.3,IT Services,Technology,debit,reconciled,Subscription renewal,INR
TXN002237,2026-02-04,V0021,22118.26,Raw Materials,Purchases,debit,pending,Subscription renewal,INR
TXN002238,2025-08-08,,106281.69,Office Supplies,Bank Charges,debit,reconciled,Repair and maintenance,INR
TXN002239,2025-12-13,,884.04,Bank Charges,Bank Charges,debit,reconciled,Freight charges,INR
TXN002240,2026-04-06,V0031,290223.52,Raw Materials,Purchases,debit,reconciled,Annual contract,INR
TXN002241,2025-08-20,,2606.99,Bank Charges,Bank Charges,debit,unreconciled,Bulk order advance,INR
TXN002242,2026-05-26,V0033,21777.62,Logistics,Operations,debit,reconciled,Utility bill,INR
TXN002243,2026-05-01,,1998.57,Bank Charges,Bank Charges,debit,reconciled,Final settlement,INR
TXN002244,2025-11-25,V0001,19467.63,Raw Materials,Purchases,debit,pending,Monthly service charge,INR
TXN002245,2026-01-01,,375128.41,Rent,Bank Charges,debit,pending,Monthly service charge,INR
TXN002246,2026-05-04,V0025,26960.67,Logistics,Operations,debit,pending,Bulk order advance,INR
TXN002247,2026-06-26,V0023,15069.63,Marketing,Marketing,debit,unreconciled,Quarterly retainer,INR
TXN002248,2025-08-26,V0005,87736.71,Raw Materials,Purchases,debit,reconciled,Repair and maintenance,INR
TXN002249,2026-06-14,,443561.25,Salaries & Benefits,Bank Charges,debit,reconciled,Subscription renewal,INR
TXN002250,2026-05-18,V0019,97924.21,Raw Materials,Purchases,debit,pending,Annual contract,INR
TXN002251,2026-03-16,V0019,21858.68,Raw Materials,Purchases,debit,reconciled,Quarterly retainer,INR
TXN002252,2026-07-16,V0039,74510.26,Facilities,Operations,debit,unreconciled,Repair and maintenance,INR
TXN002253,2026-01-28,V0039,13830.26,Facilities,Operations,debit,reconciled,Invoice payment,INR
TXN002254,2026-01-20,V0035,19108.81,Travel,Travel,debit,reconciled,Subscription renewal,INR
TXN002255,2026-02-11,V0005,28250.51,Raw Materials,Purchases,debit,pending,Invoice payment,INR
TXN002256,2025-10-17,V0034,4651.57,Packaging,Purchases,debit,reconciled,Invoice payment,INR
TXN002257,2026-07-19,V0032,58534.21,Utilities,Utilities,debit,unreconciled,Bulk order advance,INR
TXN002258,2026-03-20,V0031,90048.7,Raw Materials,Purchases,debit,reconciled,Freight charges,INR
TXN002259,2025-10-09,,892524.48,Salaries & Benefits,Bank Charges,debit,reconciled,Repair and maintenance,INR
TXN002260,2026-04-27,V0017,50459.22,Manufacturing,Purchases,debit,reconciled,Final settlement,INR
TXN002261,2025-08-08,V0024,35469.91,IT Services,Technology,debit,reconciled,Invoice payment,INR
TXN002262,2026-06-18,V0003,41326.4,Logistics,Operations,debit,reconciled,Annual contract,INR
TXN002263,2026-08-23,V0005,131876.65,Raw Materials,Purchases,debit,unreconciled,Repair and maintenance,INR
TXN002264,2026-06-09,,1432.5,Bank Charges,Bank Charges,debit,reconciled,Bulk order advance,INR
TXN002265,2026-03-14,V0022,29532.02,Logistics,Operations,debit,reconciled,Quarterly retainer,INR
TXN002266,2026-07-26,V0034,28315.39,Packaging,Purchases,debit,reconciled,Final settlement,INR
TXN002267,2025-10-21,V0034,46693.97,Packaging,Purchases,debit,reconciled,Final settlement,INR
TXN002268,2026-04-04,V0025,10322.33,Logistics,Operations,debit,reconciled,Quarterly retainer,INR
TXN002269,2026-05-13,V0025,83863.26,Logistics,Operations,debit,reconciled,Utility bill,INR
TXN002270,2026-03-04,,20894.12,Office Supplies,Bank Charges,debit,reconciled,Freight charges,INR
TXN002271,2026-04-15,,2943.05,Bank Charges,Bank Charges,debit,reconciled,Annual contract,INR
TXN002272,2026-07-15,,191721.61,Rent,Bank Charges,debit,reconciled,Freight charges,INR
TXN002273,2026-07-27,V0030,22740.4,Manufacturing,Purchases,debit,reconciled,Annual contract,INR
TXN002274,2026-07-01,V0036,55020.49,Professional Services,Admin & Professional,debit,reconciled,Annual contract,INR
TXN002275,2026-06-29,V0029,46057.9,Professional Services,Admin & Professional,debit,reconciled,Utility bill,INR
TXN002276,2026-05-09,V0021,35580.69,Raw Materials,Purchases,debit,pending,Freight charges,INR
TXN002277,2025-10-17,V0021,49603.15,Raw Materials,Purchases,debit,reconciled,Repair and maintenance,INR
TXN002278,2026-05-07,V0039,44071.08,Facilities,Operations,debit,reconciled,Quarterly retainer,INR
TXN002279,2025-08-14,V0023,76729.98,Marketing,Marketing,debit,unreconciled,Annual contract,INR
TXN002280,2026-04-30,V0007,30892.21,Professional Services,Admin & Professional,debit,reconciled,Bulk order advance,INR
TXN002281,2026-03-20,V0029,24977.53,Professional Services,Admin & Professional,debit,reconciled,Invoice payment,INR
TXN002282,2026-03-24,V0021,29911.68,Raw Materials,Purchases,debit,reconciled,Bulk order advance,INR
TXN002283,2026-03-17,V0023,17094.8,Marketing,Marketing,debit,reconciled,Bulk order advance,INR
TXN002284,2025-12-03,V0031,8078.59,Raw Materials,Purchases,debit,reconciled,Bulk order advance,INR
TXN002285,2026-02-14,V0005,94618.65,Raw Materials,Purchases,debit,pending,Repair and maintenance,INR
TXN002286,2025-11-10,V0040,5421.57,Professional Services,Admin & Professional,debit,reconciled,Utility bill,INR
TXN002287,2025-08-23,V0022,94986.7,Logistics,Operations,debit,reconciled,Utility bill,INR
TXN002288,2025-09-24,,694221.92,Rent,Bank Charges,debit,reconciled,Invoice payment,INR
TXN002289,2025-10-08,V0023,60331.84,Marketing,Marketing,debit,reconciled,Quarterly retainer,INR
TXN002290,2026-04-13,V0032,58389.09,Utilities,Utilities,debit,reconciled,Utility bill,INR
TXN002291,2026-08-16,V0003,30032.03,Logistics,Operations,debit,reconciled,Final settlement,INR
TXN002292,2025-11-25,V0016,17391.64,IT Services,Technology,debit,reconciled,Final settlement,INR
TXN002293,2025-11-19,,368727.72,Salaries & Benefits,Bank Charges,debit,reconciled,Final settlement,INR
TXN002294,2025-11-17,V0031,95698.86,Raw Materials,Purchases,debit,unreconciled,Annual contract,INR
TXN002295,2026-06-16,V0005,55449.0,Raw Materials,Purchases,debit,pending,Bulk order advance,INR
TXN002296,2026-01-01,,439952.98,Rent,Bank Charges,debit,reconciled,Final settlement,INR
TXN002297,2026-08-23,,80866.17,Office Supplies,Bank Charges,debit,reconciled,Bulk order advance,INR
TXN002298,2025-08-15,,871307.4,Rent,Bank Charges,debit,pending,Invoice payment,INR
TXN002299,2026-06-27,V0032,9023.94,Utilities,Utilities,debit,reconciled,Subscription renewal,INR
TXN002300,2026-06-04,V0040,1631.73,Professional Services,Admin & Professional,debit,reconciled,Repair and maintenance,INR
TXN002301,2025-12-21,V0039,49161.91,Facilities,Operations,debit,reconciled,Bulk order advance,INR
TXN002302,2026-05-06,V0038,12091.68,Facilities,Operations,debit,reconciled,Bulk order advance,INR
TXN002303,2026-06-13,V0005,115608.71,Raw Materials,Purchases,debit,reconciled,Final settlement,INR
TXN002304,2025-10-01,V0001,13534.72,Raw Materials,Purchases,debit,unreconciled,Quarterly retainer,INR
TXN002305,2026-02-19,,811261.57,Rent,Bank Charges,debit,unreconciled,Invoice payment,INR
TXN002306,2026-07-13,V0027,52972.92,Facilities,Operations,debit,pending,Subscription renewal,INR
TXN002307,2026-06-21,V0029,14098.49,Professional Services,Admin & Professional,debit,reconciled,Subscription renewal,INR
TXN002308,2025-12-31,V0001,112503.63,Raw Materials,Purchases,debit,reconciled,Monthly service charge,INR
TXN002309,2026-04-03,,734615.66,Salaries & Benefits,Bank Charges,debit,reconciled,Utility bill,INR
TXN002310,2025-11-01,V0025,31584.73,Logistics,Operations,debit,unreconciled,Bulk order advance,INR
TXN002311,2026-07-07,V0029,13018.1,Professional Services,Admin & Professional,debit,reconciled,Annual contract,INR
TXN002312,2026-03-27,V0017,18713.67,Manufacturing,Purchases,debit,reconciled,Subscription renewal,INR
TXN002313,2025-10-30,V0005,56510.96,Raw Materials,Purchases,debit,pending,Quarterly retainer,INR
TXN002314,2026-01-02,V0021,28707.48,Raw Materials,Purchases,debit,reconciled,Invoice payment,INR
TXN002315,2025-09-09,V0006,36278.22,Logistics,Operations,debit,reconciled,Subscription renewal,INR
TXN002316,2026-07-08,V0036,10261.01,Professional Services,Admin & Professional,debit,reconciled,Bulk order advance,INR
TXN002317,2026-08-05,V0039,3914.43,Facilities,Operations,debit,reconciled,Invoice payment,INR
TXN002318,2025-10-29,V0030,8929.5,Manufacturing,Purchases,debit,unreconciled,Monthly service charge,INR
TXN002319,2026-03-30,V0023,13673.16,Marketing,Marketing,debit,reconciled,Quarterly retainer,INR
TXN002320,2025-12-06,V0033,14158.54,Logistics,Operations,debit,reconciled,Invoice payment,INR
TXN002321,2025-11-27,,28444.19,Office Supplies,Bank Charges,debit,reconciled,Monthly service charge,INR
TXN002322,2026-08-23,V0034,15625.11,Packaging,Purchases,debit,reconciled,Quarterly retainer,INR
TXN002323,2026-02-06,,24590.26,Office Supplies,Bank Charges,debit,reconciled,Subscription renewal,INR
TXN002324,2026-02-19,V0016,17547.06,IT Services,Technology,debit,reconciled,Annual contract,INR
TXN002325,2025-11-07,V0033,63014.36,Logistics,Operations,debit,reconciled,Subscription renewal,INR
TXN002326,2026-03-31,V0037,8301.65,Travel,Travel,debit,reconciled,Repair and maintenance,INR
TXN002327,2025-11-27,V0036,12150.82,Professional Services,Admin & Professional,debit,reconciled,Quarterly retainer,INR
TXN002328,2026-02-16,,740650.66,Salaries & Benefits,Bank Charges,debit,reconciled,Annual contract,INR
TXN002329,2025-09-23,V0034,20569.74,Packaging,Purchases,debit,unreconciled,Repair and maintenance,INR
TXN002330,2026-02-06,V0026,74746.23,Manufacturing,Purchases,debit,reconciled,Annual contract,INR
TXN002331,2026-08-18,V0016,196689.93,IT Services,Technology,debit,pending,Freight charges,INR
TXN002332,2025-10-17,V0018,4454.35,Professional Services,Admin & Professional,debit,unreconciled,Subscription renewal,INR
TXN002333,2026-08-17,V0039,19051.41,Facilities,Operations,debit,reconciled,Subscription renewal,INR
TXN002334,2026-08-08,V0007,34434.97,Professional Services,Admin & Professional,debit,reconciled,Annual contract,INR
TXN002335,2025-09-09,V0018,9310.91,Professional Services,Admin & Professional,debit,unreconciled,Bulk order advance,INR
TXN002336,2025-09-15,V0001,66128.92,Raw Materials,Purchases,debit,reconciled,Freight charges,INR
TXN002337,2026-08-31,V0005,29651.02,Raw Materials,Purchases,debit,reconciled,Utility bill,INR
TXN002338,2025-10-11,V0015,16006.02,Marketing,Marketing,debit,reconciled,Final settlement,INR
TXN002339,2026-05-31,V0034,24108.15,Packaging,Purchases,debit,reconciled,Monthly service charge,INR
TXN002340,2026-06-21,V0036,7632.33,Professional Services,Admin & Professional,debit,reconciled,Bulk order advance,INR
TXN002341,2025-09-30,V0038,7724.09,Facilities,Operations,debit,reconciled,Utility bill,INR
TXN002342,2025-09-26,V0021,30144.19,Raw Materials,Purchases,debit,reconciled,Invoice payment,INR
TXN002343,2026-05-09,V0018,31564.08,Professional Services,Admin & Professional,debit,pending,Quarterly retainer,INR
TXN002344,2026-08-18,V0014,48250.62,Logistics,Operations,debit,reconciled,Quarterly retainer,INR
TXN002345,2026-02-18,V0036,36481.16,Professional Services,Admin & Professional,debit,reconciled,Utility bill,INR
TXN002346,2026-08-18,,356.0,Bank Charges,Bank Charges,credit,reconciled,Annual contract,INR
TXN002347,2025-08-25,,134151.17,Office Supplies,Bank Charges,credit,reconciled,Subscription renewal,INR
TXN002348,2026-02-23,,2256.57,Bank Charges,Bank Charges,debit,reconciled,Invoice payment,INR
TXN002349,2026-03-21,V0033,14899.84,Logistics,Operations,debit,unreconciled,Invoice payment,INR
TXN002350,2025-11-24,V0031,18692.26,Raw Materials,Purchases,debit,reconciled,Bulk order advance,INR
TXN002351,2025-09-10,V0023,44701.45,Marketing,Marketing,debit,unreconciled,Quarterly retainer,INR
TXN002352,2026-01-06,,2989.26,Bank Charges,Bank Charges,debit,reconciled,Invoice payment,INR
TXN002353,2026-04-24,V0031,18595.88,Raw Materials,Purchases,debit,unreconciled,Freight charges,INR
TXN002354,2026-01-01,V0038,62481.42,Facilities,Operations,debit,reconciled,Utility bill,INR
TXN002355,2025-12-29,,91174.25,Office Supplies,Bank Charges,debit,unreconciled,Quarterly retainer,INR
TXN002356,2025-12-27,V0019,6478.03,Raw Materials,Purchases,debit,reconciled,Final settlement,INR
TXN002357,2026-05-06,V0029,19843.06,Professional Services,Admin & Professional,debit,reconciled,Subscription renewal,INR
TXN002358,2026-04-30,V0024,19653.15,IT Services,Technology,debit,reconciled,Repair and maintenance,INR
TXN002359,2025-09-03,,587812.11,Rent,Bank Charges,debit,reconciled,Utility bill,INR
TXN002360,2026-01-31,V0029,47690.67,Professional Services,Admin & Professional,debit,reconciled,Invoice payment,INR
TXN002361,2026-05-30,,474514.42,Salaries & Benefits,Bank Charges,debit,reconciled,Subscription renewal,INR
TXN002362,2026-04-16,V0007,106154.84,Professional Services,Admin & Professional,debit,unreconciled,Freight charges,INR
TXN002363,2026-05-04,V0015,81044.88,Marketing,Marketing,debit,reconciled,Quarterly retainer,INR
TXN002364,2026-07-01,,2524.56,Bank Charges,Bank Charges,credit,unreconciled,Utility bill,INR
TXN002365,2026-03-04,,180393.94,Salaries & Benefits,Bank Charges,debit,reconciled,Quarterly retainer,INR
TXN002366,2026-06-13,V0031,9414.09,Raw Materials,Purchases,debit,reconciled,Utility bill,INR
TXN002367,2026-05-01,V0007,19598.75,Professional Services,Admin & Professional,debit,reconciled,Annual contract,INR
TXN002368,2025-08-17,V0005,58912.39,Raw Materials,Purchases,debit,reconciled,Quarterly retainer,INR
TXN002369,2025-09-22,V0039,21090.7,Facilities,Operations,debit,unreconciled,Repair and maintenance,INR
TXN002370,2026-01-28,V0039,10908.76,Facilities,Operations,debit,pending,Repair and maintenance,INR
TXN002371,2026-05-12,,543143.14,Rent,Bank Charges,credit,pending,Invoice payment,INR
TXN002372,2025-08-13,,1885.08,Bank Charges,Bank Charges,debit,reconciled,Repair and maintenance,INR
TXN002373,2026-08-05,V0034,4385.63,Packaging,Purchases,debit,reconciled,Utility bill,INR
TXN002374,2025-12-26,V0030,29576.49,Manufacturing,Purchases,debit,reconciled,Utility bill,INR
TXN002375,2026-03-21,,2037.38,Bank Charges,Bank Charges,debit,reconciled,Quarterly retainer,INR
TXN002376,2026-04-15,V0039,18867.44,Facilities,Operations,debit,reconciled,Repair and maintenance,INR
TXN002377,2026-04-15,V0032,9973.29,Utilities,Utilities,debit,unreconciled,Utility bill,INR
TXN002378,2026-05-06,V0019,47829.61,Raw Materials,Purchases,debit,reconciled,Bulk order advance,INR
TXN002379,2025-12-18,V0037,10461.56,Travel,Travel,debit,reconciled,Quarterly retainer,INR
TXN002380,2026-05-14,V0029,29527.15,Professional Services,Admin & Professional,debit,reconciled,Invoice payment,INR
TXN002381,2026-03-18,V0036,17131.6,Professional Services,Admin & Professional,debit,unreconciled,Freight charges,INR
TXN002382,2025-11-01,V0037,4006.5,Travel,Travel,debit,pending,Monthly service charge,INR
TXN002383,2026-06-20,V0006,10952.72,Logistics,Operations,debit,reconciled,Subscription renewal,INR
TXN002384,2026-06-22,,1183.31,Bank Charges,Bank Charges,debit,reconciled,Subscription renewal,INR
TXN002385,2026-03-27,V0012,39442.0,Raw Materials,Purchases,debit,reconciled,Bulk order advance,INR
TXN002386,2026-04-25,V0015,23794.18,Marketing,Marketing,debit,unreconciled,Annual contract,INR
TXN002387,2026-03-15,V0023,8187.35,Marketing,Marketing,debit,pending,Monthly service charge,INR
TXN002388,2026-01-31,V0029,73107.2,Professional Services,Admin & Professional,debit,reconciled,Invoice payment,INR
TXN002389,2026-07-25,V0036,35128.36,Professional Services,Admin & Professional,debit,reconciled,Repair and maintenance,INR
TXN002390,2026-07-10,V0019,9227.74,Raw Materials,Purchases,debit,reconciled,Invoice payment,INR
TXN002391,2025-08-29,V0019,12844.51,Raw Materials,Purchases,debit,reconciled,Final settlement,INR
TXN002392,2026-05-31,V0022,53740.18,Logistics,Operations,debit,unreconciled,Bulk order advance,INR
TXN002393,2025-12-19,V0038,28497.54,Facilities,Operations,debit,reconciled,Final settlement,INR
TXN002394,2025-12-04,V0034,11651.11,Packaging,Purchases,debit,unreconciled,Bulk order advance,INR
TXN002395,2026-07-25,,2026.74,Bank Charges,Bank Charges,debit,reconciled,Subscription renewal,INR
TXN002396,2026-01-27,V0005,42821.1,Raw Materials,Purchases,debit,reconciled,Freight charges,INR
TXN002397,2026-05-05,V0014,41938.36,Logistics,Operations,debit,reconciled,Freight charges,INR
TXN002398,2026-04-02,V0010,16951.71,Packaging,Purchases,debit,reconciled,Quarterly retainer,INR
TXN002399,2025-10-19,V0007,74495.55,Professional Services,Admin & Professional,debit,reconciled,Utility bill,INR
TXN002400,2026-04-12,V0015,12332.86,Marketing,Marketing,debit,reconciled,Invoice payment,INR
TXN002401,2026-01-20,V0014,65829.84,Logistics,Operations,debit,reconciled,Bulk order advance,INR
TXN002402,2025-12-26,V0019,32830.38,Raw Materials,Purchases,debit,reconciled,Utility bill,INR
TXN002403,2026-04-20,V0027,65884.36,Facilities,Operations,debit,reconciled,Utility bill,INR
TXN002404,2025-09-15,,272750.6,Salaries & Benefits,Bank Charges,debit,reconciled,Subscription renewal,INR
TXN002405,2025-11-21,,197710.24,Salaries & Benefits,Bank Charges,debit,reconciled,Final settlement,INR
TXN002406,2025-11-21,,73862.33,Office Supplies,Bank Charges,debit,reconciled,Repair and maintenance,INR
TXN002407,2026-02-27,V0022,15439.65,Logistics,Operations,debit,reconciled,Annual contract,INR
TXN002408,2025-10-01,V0021,23067.04,Raw Materials,Purchases,debit,reconciled,Repair and maintenance,INR
TXN002409,2026-01-18,,122945.09,Office Supplies,Bank Charges,debit,reconciled,Monthly service charge,INR
TXN002410,2026-07-31,V0029,14625.82,Professional Services,Admin & Professional,debit,reconciled,Freight charges,INR
TXN002411,2025-12-10,V0015,14153.12,Marketing,Marketing,debit,reconciled,Subscription renewal,INR
TXN002412,2025-11-04,V0009,83006.77,IT Services,Technology,debit,pending,Invoice payment,INR
TXN002413,2026-02-18,,56663.47,Office Supplies,Bank Charges,debit,reconciled,Invoice payment,INR
TXN002414,2026-06-12,V0026,7077.51,Manufacturing,Purchases,debit,unreconciled,Invoice payment,INR
TXN002415,2026-07-24,V0017,46886.27,Manufacturing,Purchases,debit,reconciled,Freight charges,INR
TXN002416,2026-02-25,V0031,61635.63,Raw Materials,Purchases,debit,reconciled,Quarterly retainer,INR
TXN002417,2025-10-17,V0039,39484.66,Facilities,Operations,debit,pending,Monthly service charge,INR
TXN002418,2025-12-08,V0037,41699.96,Travel,Travel,debit,pending,Utility bill,INR
TXN002419,2026-02-17,V0019,121708.03,Raw Materials,Purchases,debit,reconciled,Final settlement,INR
TXN002420,2026-06-03,V0026,19064.9,Manufacturing,Purchases,debit,reconciled,Invoice payment,INR
TXN002421,2025-10-14,V0019,77823.71,Raw Materials,Purchases,debit,unreconciled,Invoice payment,INR
TXN002422,2025-09-14,V0037,43412.1,Travel,Travel,debit,reconciled,Utility bill,INR
TXN002423,2026-08-23,V0003,17935.41,Logistics,Operations,debit,reconciled,Final settlement,INR
TXN002424,2026-05-11,V0036,7296.17,Professional Services,Admin & Professional,debit,reconciled,Utility bill,INR
TXN002425,2026-03-23,V0025,7743.38,Logistics,Operations,debit,reconciled,Subscription renewal,INR
TXN002426,2026-02-12,V0006,70128.71,Logistics,Operations,debit,reconciled,Quarterly retainer,INR
TXN002427,2026-05-08,V0030,5818.85,Manufacturing,Purchases,debit,reconciled,Quarterly retainer,INR
TXN002428,2026-02-16,V0034,32869.12,Packaging,Purchases,debit,unreconciled,Freight charges,INR
TXN002429,2026-08-12,V0009,12182.02,IT Services,Technology,debit,reconciled,Invoice payment,INR
TXN002430,2026-01-18,,56863.67,Office Supplies,Bank Charges,debit,reconciled,Quarterly retainer,INR
TXN002431,2026-02-18,V0039,49154.9,Facilities,Operations,debit,reconciled,Monthly service charge,INR
TXN002432,2025-10-12,V0038,42846.78,Facilities,Operations,debit,reconciled,Repair and maintenance,INR
TXN002433,2026-03-06,V0023,55595.44,Marketing,Marketing,debit,reconciled,Utility bill,INR
TXN002434,2026-03-23,,39001.89,Office Supplies,Bank Charges,debit,reconciled,Invoice payment,INR
TXN002435,2026-05-17,,763638.33,Rent,Bank Charges,debit,reconciled,Annual contract,INR
TXN002436,2026-03-27,V0007,25649.74,Professional Services,Admin & Professional,debit,reconciled,Quarterly retainer,INR
TXN002437,2026-04-14,V0017,47797.75,Manufacturing,Purchases,debit,reconciled,Subscription renewal,INR
TXN002438,2026-05-24,V0004,54936.0,IT Services,Technology,debit,unreconciled,Freight charges,INR
TXN002439,2025-09-18,V0036,34292.84,Professional Services,Admin & Professional,debit,reconciled,Annual contract,INR
TXN002440,2026-04-20,V0029,48434.44,Professional Services,Admin & Professional,debit,reconciled,Final settlement,INR
TXN002441,2026-07-29,,858732.32,Salaries & Benefits,Bank Charges,debit,reconciled,Repair and maintenance,INR
TXN002442,2026-06-16,V0032,11127.31,Utilities,Utilities,debit,pending,Invoice payment,INR
TXN002443,2026-02-02,V0023,8307.62,Marketing,Marketing,debit,reconciled,Quarterly retainer,INR
TXN002444,2026-01-16,V0032,8367.54,Utilities,Utilities,debit,unreconciled,Monthly service charge,INR
TXN002445,2025-08-16,V0007,15587.78,Professional Services,Admin & Professional,debit,reconciled,Final settlement,INR
TXN002446,2026-06-03,V0026,54236.06,Manufacturing,Purchases,debit,reconciled,Utility bill,INR
TXN002447,2025-09-15,V0006,33058.1,Logistics,Operations,debit,reconciled,Final settlement,INR
TXN002448,2025-12-21,V0012,26656.21,Raw Materials,Purchases,debit,reconciled,Subscription renewal,INR
TXN002449,2026-04-17,V0037,26810.87,Travel,Travel,debit,reconciled,Invoice payment,INR
TXN002450,2026-05-18,V0034,13657.42,Packaging,Purchases,debit,reconciled,Repair and maintenance,INR
TXN002451,2026-01-13,V0033,184592.96,Logistics,Operations,debit,reconciled,Bulk order advance,INR
TXN002452,2026-07-02,,598704.52,Rent,Bank Charges,debit,unreconciled,Invoice payment,INR
TXN002453,2025-10-05,V0029,10763.04,Professional Services,Admin & Professional,debit,reconciled,Invoice payment,INR
TXN002454,2026-04-30,,79482.37,Office Supplies,Bank Charges,debit,reconciled,Final settlement,INR
TXN002455,2025-12-04,V0038,64129.31,Facilities,Operations,debit,reconciled,Quarterly retainer,INR
TXN002456,2026-02-18,V0038,43113.53,Facilities,Operations,debit,reconciled,Annual contract,INR
TXN002457,2026-07-24,,785103.13,Rent,Bank Charges,debit,pending,Bulk order advance,INR
TXN002458,2026-08-27,V0026,3574.87,Manufacturing,Purchases,debit,reconciled,Annual contract,INR
TXN002459,2025-11-12,V0030,18464.14,Manufacturing,Purchases,debit,reconciled,Quarterly retainer,INR
TXN002460,2025-09-26,V0019,20258.78,Raw Materials,Purchases,debit,reconciled,Quarterly retainer,INR
TXN002461,2026-02-20,,99072.11,Office Supplies,Bank Charges,debit,pending,Subscription renewal,INR
TXN002462,2026-03-10,V0038,35030.45,Facilities,Operations,debit,unreconciled,Subscription renewal,INR
TXN002463,2026-06-24,V0038,14730.92,Facilities,Operations,debit,reconciled,Subscription renewal,INR
TXN002464,2026-07-20,V0027,45470.46,Facilities,Operations,debit,reconciled,Subscription renewal,INR
TXN002465,2026-03-22,V0039,52829.38,Facilities,Operations,debit,reconciled,Quarterly retainer,INR
TXN002466,2026-08-01,V0029,26668.41,Professional Services,Admin & Professional,debit,reconciled,Bulk order advance,INR
TXN002467,2026-08-15,V0017,70308.49,Manufacturing,Purchases,debit,unreconciled,Quarterly retainer,INR
TXN002468,2026-02-15,V0026,90844.55,Manufacturing,Purchases,debit,pending,Repair and maintenance,INR
TXN002469,2026-01-27,,210209.1,Rent,Bank Charges,debit,pending,Utility bill,INR
TXN002470,2025-08-29,,730400.86,Salaries & Benefits,Bank Charges,credit,reconciled,Final settlement,INR
TXN002471,2026-06-23,V0039,63001.87,Facilities,Operations,debit,reconciled,Freight charges,INR
TXN002472,2026-06-25,V0007,15753.44,Professional Services,Admin & Professional,debit,unreconciled,Monthly service charge,INR
TXN002473,2025-09-10,V0024,3403.57,IT Services,Technology,debit,reconciled,Annual contract,INR
TXN002474,2026-04-28,V0035,33195.48,Travel,Travel,debit,reconciled,Invoice payment,INR
TXN002475,2026-04-13,V0001,12569.34,Raw Materials,Purchases,debit,reconciled,Subscription renewal,INR
TXN002476,2026-07-04,V0034,42292.29,Packaging,Purchases,debit,unreconciled,Quarterly retainer,INR
TXN002477,2026-08-26,V0019,50346.39,Raw Materials,Purchases,debit,pending,Freight charges,INR
TXN002478,2026-06-15,V0030,14653.79,Manufacturing,Purchases,debit,reconciled,Quarterly retainer,INR
TXN002479,2026-03-08,,415451.87,Rent,Bank Charges,debit,reconciled,Final settlement,INR
TXN002480,2026-05-19,,641185.6,Salaries & Benefits,Bank Charges,debit,reconciled,Subscription renewal,INR
TXN002481,2026-08-23,V0022,18137.6,Logistics,Operations,debit,pending,Annual contract,INR
TXN002482,2026-01-19,,98876.2,Office Supplies,Bank Charges,debit,reconciled,Subscription renewal,INR
TXN002483,2026-05-02,V0001,44275.66,Raw Materials,Purchases,debit,unreconciled,Repair and maintenance,INR
TXN002484,2025-08-17,V0025,22397.47,Logistics,Operations,debit,unreconciled,Invoice payment,INR
TXN002485,2025-12-22,V0040,32820.59,Professional Services,Admin & Professional,debit,reconciled,Freight charges,INR
TXN002486,2026-04-02,V0015,53122.54,Marketing,Marketing,debit,reconciled,Invoice payment,INR
TXN002487,2025-08-15,V0007,30965.28,Professional Services,Admin & Professional,debit,reconciled,Monthly service charge,INR
TXN002488,2025-10-23,V0011,17141.93,Marketing,Marketing,debit,pending,Annual contract,INR
TXN002489,2026-07-24,V0023,39578.39,Marketing,Marketing,debit,reconciled,Repair and maintenance,INR
TXN002490,2025-12-16,V0021,55295.19,Raw Materials,Purchases,debit,reconciled,Utility bill,INR
TXN002491,2026-04-28,V0032,19396.39,Utilities,Utilities,debit,pending,Final settlement,INR
TXN002492,2026-03-09,,1774.57,Bank Charges,Bank Charges,debit,reconciled,Final settlement,INR
TXN002493,2026-01-08,V0012,24991.63,Raw Materials,Purchases,debit,unreconciled,Monthly service charge,INR
TXN002494,2026-05-06,,491720.63,Rent,Bank Charges,debit,reconciled,Quarterly retainer,INR
TXN002495,2026-07-08,V0023,133648.07,Marketing,Marketing,debit,unreconciled,Final settlement,INR
TXN002496,2025-10-28,V0001,17593.9,Raw Materials,Purchases,debit,pending,Freight charges,INR
TXN002497,2025-08-08,V0039,23077.07,Facilities,Operations,debit,reconciled,Subscription renewal,INR
TXN002498,2026-06-30,,708548.72,Rent,Bank Charges,debit,reconciled,Invoice payment,INR
TXN002499,2026-05-30,V0038,4476.81,Facilities,Operations,debit,unreconciled,Freight charges,INR
TXN002500,2026-03-13,V0034,79151.75,Packaging,Purchases,debit,reconciled,Invoice payment,INR
TXN002501,2025-09-16,V0031,9099.52,Raw Materials,Purchases,debit,unreconciled,Subscription renewal,INR
TXN002502,2025-09-30,,16952.98,Office Supplies,Bank Charges,debit,reconciled,Repair and maintenance,INR
TXN002503,2025-11-03,V0005,43333.37,Raw Materials,Purchases,debit,reconciled,Final settlement,INR
TXN002504,2026-02-19,V0021,33832.83,Raw Materials,Purchases,debit,unreconciled,Invoice payment,INR
TXN002505,2025-10-20,V0029,24872.67,Professional Services,Admin & Professional,debit,reconciled,Invoice payment,INR
TXN002506,2026-01-04,V0019,52054.0,Raw Materials,Purchases,debit,reconciled,Freight charges,INR
TXN002507,2026-04-18,V0021,36758.98,Raw Materials,Purchases,debit,reconciled,Utility bill,INR
TXN002508,2026-04-30,V0027,10228.87,Facilities,Operations,debit,reconciled,Freight charges,INR
TXN002509,2025-09-28,V0019,36880.97,Raw Materials,Purchases,debit,reconciled,Freight charges,INR
TXN002510,2026-03-21,V0009,15427.67,IT Services,Technology,debit,reconciled,Monthly service charge,INR
TXN002511,2026-05-23,V0026,54605.63,Manufacturing,Purchases,debit,reconciled,Subscription renewal,INR
TXN002512,2025-08-25,V0034,11053.57,Packaging,Purchases,debit,reconciled,Bulk order advance,INR
TXN002513,2026-07-20,V0018,40855.94,Professional Services,Admin & Professional,debit,unreconciled,Bulk order advance,INR
TXN002514,2026-05-05,V0003,42628.24,Logistics,Operations,debit,reconciled,Repair and maintenance,INR
TXN002515,2026-08-30,V0031,87380.54,Raw Materials,Purchases,debit,reconciled,Subscription renewal,INR
TXN002516,2026-07-10,V0025,63153.98,Logistics,Operations,debit,reconciled,Freight charges,INR
TXN002517,2026-06-04,V0033,33053.73,Logistics,Operations,debit,reconciled,Freight charges,INR
TXN002518,2025-11-25,,1397.42,Bank Charges,Bank Charges,debit,reconciled,Repair and maintenance,INR
TXN002519,2026-07-10,V0029,12330.61,Professional Services,Admin & Professional,debit,reconciled,Repair and maintenance,INR
TXN002520,2026-05-27,V0030,52167.75,Manufacturing,Purchases,debit,reconciled,Repair and maintenance,INR
TXN002521,2025-10-12,V0018,22186.09,Professional Services,Admin & Professional,debit,reconciled,Subscription renewal,INR
TXN002522,2026-01-10,V0031,26982.41,Raw Materials,Purchases,debit,unreconciled,Bulk order advance,INR
TXN002523,2026-02-22,V0033,52130.32,Logistics,Operations,debit,unreconciled,Utility bill,INR
TXN002524,2025-11-20,V0025,76192.49,Logistics,Operations,debit,reconciled,Invoice payment,INR
TXN002525,2025-11-20,V0039,47450.89,Facilities,Operations,debit,reconciled,Quarterly retainer,INR
TXN002526,2026-03-24,V0012,10096.27,Raw Materials,Purchases,debit,reconciled,Freight charges,INR
TXN002527,2026-07-17,V0030,12657.28,Manufacturing,Purchases,debit,reconciled,Quarterly retainer,INR
TXN002528,2026-04-30,V0011,65189.31,Marketing,Marketing,debit,reconciled,Final settlement,INR
TXN002529,2026-04-09,,688.53,Bank Charges,Bank Charges,debit,unreconciled,Bulk order advance,INR
TXN002530,2025-12-26,,60833.12,Office Supplies,Bank Charges,debit,unreconciled,Repair and maintenance,INR
TXN002531,2025-11-01,V0007,41269.79,Professional Services,Admin & Professional,debit,reconciled,Invoice payment,INR
TXN002532,2026-06-05,V0022,13619.92,Logistics,Operations,debit,reconciled,Utility bill,INR
TXN002533,2026-04-11,,639002.72,Rent,Bank Charges,debit,reconciled,Freight charges,INR
TXN002534,2026-08-08,V0014,82383.98,Logistics,Operations,debit,reconciled,Freight charges,INR
TXN002535,2026-01-09,V0037,2617.26,Travel,Travel,debit,unreconciled,Subscription renewal,INR
TXN002536,2026-08-13,V0030,11753.54,Manufacturing,Purchases,debit,unreconciled,Repair and maintenance,INR
TXN002537,2025-12-03,V0021,49554.37,Raw Materials,Purchases,debit,reconciled,Repair and maintenance,INR
TXN002538,2025-10-31,V0033,5893.28,Logistics,Operations,debit,reconciled,Bulk order advance,INR
TXN002539,2026-04-17,V0028,96230.03,Raw Materials,Purchases,debit,reconciled,Annual contract,INR
TXN002540,2025-08-28,V0040,84126.9,Professional Services,Admin & Professional,debit,reconciled,Quarterly retainer,INR
TXN002541,2026-01-26,V0031,11736.71,Raw Materials,Purchases,debit,unreconciled,Bulk order advance,INR
TXN002542,2025-10-01,,12455.38,Office Supplies,Bank Charges,debit,reconciled,Final settlement,INR
TXN002543,2026-05-22,V0019,14029.48,Raw Materials,Purchases,debit,reconciled,Bulk order advance,INR
TXN002544,2025-11-29,V0038,41757.08,Facilities,Operations,debit,reconciled,Final settlement,INR
TXN002545,2025-10-18,V0017,79374.88,Manufacturing,Purchases,debit,reconciled,Final settlement,INR
TXN002546,2026-07-25,V0017,68097.52,Manufacturing,Purchases,debit,reconciled,Subscription renewal,INR
TXN002547,2025-09-24,,106293.59,Office Supplies,Bank Charges,debit,reconciled,Utility bill,INR
TXN002548,2026-08-10,V0034,16312.01,Packaging,Purchases,debit,reconciled,Bulk order advance,INR
TXN002549,2025-08-05,,598361.86,Rent,Bank Charges,debit,unreconciled,Annual contract,INR
TXN002550,2026-06-26,,251708.52,Rent,Bank Charges,debit,unreconciled,Utility bill,INR
TXN002551,2026-06-09,V0007,8325.95,Professional Services,Admin & Professional,debit,unreconciled,Bulk order advance,INR
TXN002552,2026-08-07,V0039,13439.33,Facilities,Operations,debit,reconciled,Freight charges,INR
TXN002553,2025-12-29,V0008,13564.4,Facilities,Operations,debit,reconciled,Final settlement,INR
TXN002554,2026-04-26,,121803.0,Office Supplies,Bank Charges,debit,reconciled,Bulk order advance,INR
TXN002555,2026-03-11,V0038,6802.0,Facilities,Operations,debit,reconciled,Final settlement,INR
TXN002556,2025-11-12,V0031,36610.91,Raw Materials,Purchases,debit,reconciled,Repair and maintenance,INR
TXN002557,2026-01-05,V0018,45960.05,Professional Services,Admin & Professional,debit,reconciled,Repair and maintenance,INR
TXN002558,2025-08-05,V0029,7993.57,Professional Services,Admin & Professional,debit,reconciled,Utility bill,INR
TXN002559,2025-11-07,V0017,48531.55,Manufacturing,Purchases,debit,unreconciled,Quarterly retainer,INR
TXN002560,2026-06-16,V0038,114743.13,Facilities,Operations,debit,reconciled,Bulk order advance,INR
TXN002561,2026-06-12,V0033,32058.66,Logistics,Operations,debit,reconciled,Monthly service charge,INR
TXN002562,2026-07-31,V0029,86594.43,Professional Services,Admin & Professional,debit,reconciled,Monthly service charge,INR
TXN002563,2026-01-08,V0005,6173.4,Raw Materials,Purchases,debit,unreconciled,Bulk order advance,INR
TXN002564,2026-01-04,V0031,58949.22,Raw Materials,Purchases,debit,reconciled,Monthly service charge,INR
TXN002565,2025-12-17,V0009,14183.84,IT Services,Technology,debit,reconciled,Bulk order advance,INR
TXN002566,2026-01-11,V0038,15891.27,Facilities,Operations,debit,unreconciled,Monthly service charge,INR
TXN002567,2026-05-17,V0035,69583.03,Travel,Travel,debit,reconciled,Annual contract,INR
TXN002568,2026-04-03,,783.78,Bank Charges,Bank Charges,debit,pending,Subscription renewal,INR
TXN002569,2025-10-27,V0018,17575.46,Professional Services,Admin & Professional,debit,reconciled,Bulk order advance,INR
TXN002570,2026-07-03,V0039,14580.35,Facilities,Operations,debit,reconciled,Annual contract,INR
TXN002571,2026-04-22,,487480.41,Rent,Bank Charges,debit,reconciled,Freight charges,INR
TXN002572,2025-09-24,V0037,150401.75,Travel,Travel,debit,unreconciled,Subscription renewal,INR
TXN002573,2025-09-13,,831138.75,Rent,Bank Charges,debit,pending,Bulk order advance,INR
TXN002574,2025-12-12,,226971.77,Rent,Bank Charges,debit,unreconciled,Subscription renewal,INR
TXN002575,2026-01-14,V0018,30748.9,Professional Services,Admin & Professional,debit,pending,Quarterly retainer,INR
TXN002576,2026-07-06,V0026,40971.46,Manufacturing,Purchases,debit,reconciled,Bulk order advance,INR
TXN002577,2026-06-24,,163984.91,Salaries & Benefits,Bank Charges,debit,pending,Repair and maintenance,INR
TXN002578,2025-08-09,V0034,16602.57,Packaging,Purchases,debit,unreconciled,Bulk order advance,INR
TXN002579,2026-01-07,V0036,45404.98,Professional Services,Admin & Professional,debit,reconciled,Utility bill,INR
TXN002580,2026-01-13,V0002,42909.76,Manufacturing,Purchases,debit,pending,Subscription renewal,INR
TXN002581,2026-08-22,V0036,29849.38,Professional Services,Admin & Professional,debit,reconciled,Bulk order advance,INR
TXN002582,2026-05-21,V0033,37371.33,Logistics,Operations,debit,reconciled,Bulk order advance,INR
TXN002583,2025-09-13,V0005,55674.8,Raw Materials,Purchases,debit,reconciled,Annual contract,INR
TXN002584,2026-08-30,V0038,51602.3,Facilities,Operations,debit,unreconciled,Freight charges,INR
TXN002585,2026-04-26,V0023,72159.34,Marketing,Marketing,debit,reconciled,Invoice payment,INR
TXN002586,2025-11-19,V0031,8946.1,Raw Materials,Purchases,debit,reconciled,Annual contract,INR
TXN002587,2026-08-03,V0006,12765.17,Logistics,Operations,debit,reconciled,Quarterly retainer,INR
TXN002588,2026-08-16,,812096.5,Rent,Bank Charges,debit,unreconciled,Final settlement,INR
TXN002589,2026-04-02,V0037,1285.45,Travel,Travel,debit,reconciled,Repair and maintenance,INR
TXN002590,2026-05-11,,760287.99,Rent,Bank Charges,debit,reconciled,Repair and maintenance,INR
TXN002591,2026-04-26,V0018,65559.31,Professional Services,Admin & Professional,debit,reconciled,Freight charges,INR
TXN002592,2025-08-15,,71953.53,Office Supplies,Bank Charges,debit,reconciled,Final settlement,INR
TXN002593,2025-12-25,V0005,33864.69,Raw Materials,Purchases,debit,reconciled,Quarterly retainer,INR
TXN002594,2026-08-28,V0034,5153.24,Packaging,Purchases,debit,unreconciled,Invoice payment,INR
TXN002595,2025-12-21,V0034,19812.25,Packaging,Purchases,debit,reconciled,Bulk order advance,INR
TXN002596,2026-01-23,V0040,103113.91,Professional Services,Admin & Professional,debit,reconciled,Bulk order advance,INR
TXN002597,2025-11-11,,141281.5,Office Supplies,Bank Charges,debit,reconciled,Invoice payment,INR
TXN002598,2025-08-29,V0033,86806.84,Logistics,Operations,debit,unreconciled,Repair and maintenance,INR
TXN002599,2025-09-09,V0031,38157.85,Raw Materials,Purchases,debit,unreconciled,Repair and maintenance,INR
TXN002600,2025-09-14,V0031,18818.04,Raw Materials,Purchases,debit,pending,Final settlement,INR
TXN002601,2025-09-09,V0016,9572.45,IT Services,Technology,debit,reconciled,Subscription renewal,INR
TXN002602,2025-08-01,V0022,33354.97,Logistics,Operations,debit,reconciled,Subscription renewal,INR
TXN002603,2026-07-29,V0033,45191.2,Logistics,Operations,debit,reconciled,Annual contract,INR
TXN002604,2026-04-27,V0005,83187.73,Raw Materials,Purchases,debit,reconciled,Invoice payment,INR
TXN002605,2025-11-04,V0038,59971.49,Facilities,Operations,debit,unreconciled,Bulk order advance,INR
TXN002606,2026-03-05,V0007,14913.95,Professional Services,Admin & Professional,debit,reconciled,Quarterly retainer,INR
TXN002607,2025-08-17,V0016,55348.29,IT Services,Technology,debit,reconciled,Quarterly retainer,INR
TXN002608,2026-08-15,V0007,16133.94,Professional Services,Admin & Professional,debit,unreconciled,Invoice payment,INR
TXN002609,2026-08-27,,137532.26,Office Supplies,Bank Charges,debit,reconciled,Bulk order advance,INR
TXN002610,2026-05-03,,460214.85,Rent,Bank Charges,debit,unreconciled,Freight charges,INR
TXN002611,2025-10-06,V0031,8293.55,Raw Materials,Purchases,debit,reconciled,Final settlement,INR
TXN002612,2026-05-01,,307528.04,Salaries & Benefits,Bank Charges,debit,reconciled,Utility bill,INR
TXN002613,2026-07-22,V0026,3109.99,Manufacturing,Purchases,debit,unreconciled,Invoice payment,INR
TXN002614,2026-04-25,V0037,43944.05,Travel,Travel,debit,reconciled,Utility bill,INR
TXN002615,2026-02-26,V0022,43665.13,Logistics,Operations,debit,reconciled,Quarterly retainer,INR
TXN002616,2026-08-07,,2210.4,Bank Charges,Bank Charges,debit,pending,Quarterly retainer,INR
TXN002617,2026-02-14,V0006,66001.89,Logistics,Operations,debit,reconciled,Monthly service charge,INR
TXN002618,2026-02-06,V0033,5010.86,Logistics,Operations,debit,reconciled,Annual contract,INR
TXN002619,2025-12-30,V0040,15882.13,Professional Services,Admin & Professional,debit,reconciled,Quarterly retainer,INR
TXN002620,2026-01-30,V0036,75207.21,Professional Services,Admin & Professional,debit,reconciled,Invoice payment,INR
TXN002621,2026-02-22,V0003,16690.78,Logistics,Operations,debit,reconciled,Repair and maintenance,INR
TXN002622,2026-08-15,,328035.66,Rent,Bank Charges,debit,reconciled,Final settlement,INR
TXN002623,2026-08-15,,467.01,Bank Charges,Bank Charges,debit,unreconciled,Annual contract,INR
TXN002624,2025-11-08,,117.58,Bank Charges,Bank Charges,debit,pending,Subscription renewal,INR
TXN002625,2026-02-11,V0005,157082.28,Raw Materials,Purchases,debit,reconciled,Monthly service charge,INR
TXN002626,2025-10-08,,1243.27,Bank Charges,Bank Charges,debit,unreconciled,Monthly service charge,INR
TXN002627,2025-12-16,V0007,31918.42,Professional Services,Admin & Professional,debit,reconciled,Utility bill,INR
TXN002628,2026-04-12,V0039,19723.53,Facilities,Operations,debit,reconciled,Repair and maintenance,INR
TXN002629,2026-07-11,V0007,18653.3,Professional Services,Admin & Professional,debit,reconciled,Annual contract,INR
TXN002630,2025-12-09,,854456.71,Rent,Bank Charges,debit,reconciled,Final settlement,INR
TXN002631,2026-02-07,V0032,6134.7,Utilities,Utilities,debit,reconciled,Invoice payment,INR
TXN002632,2025-12-26,V0001,60478.56,Raw Materials,Purchases,debit,pending,Subscription renewal,INR
TXN002633,2026-06-07,,2168.15,Bank Charges,Bank Charges,credit,unreconciled,Utility bill,INR
TXN002634,2026-05-27,V0021,70640.2,Raw Materials,Purchases,debit,reconciled,Subscription renewal,INR
TXN002635,2026-01-29,V0007,28143.31,Professional Services,Admin & Professional,debit,reconciled,Utility bill,INR
TXN002636,2026-02-12,V0032,139032.88,Utilities,Utilities,debit,unreconciled,Quarterly retainer,INR
TXN002637,2026-08-06,V0037,96780.49,Travel,Travel,debit,reconciled,Final settlement,INR
TXN002638,2025-12-20,V0022,33751.32,Logistics,Operations,debit,reconciled,Repair and maintenance,INR
TXN002639,2026-08-09,V0040,18711.52,Professional Services,Admin & Professional,debit,reconciled,Annual contract,INR
TXN002640,2026-07-06,,2873.25,Bank Charges,Bank Charges,debit,reconciled,Utility bill,INR
TXN002641,2025-09-17,,505674.09,Rent,Bank Charges,debit,unreconciled,Repair and maintenance,INR
TXN002642,2025-10-04,V0019,18086.07,Raw Materials,Purchases,debit,unreconciled,Subscription renewal,INR
TXN002643,2026-01-17,V0031,31963.09,Raw Materials,Purchases,debit,unreconciled,Utility bill,INR
TXN002644,2025-10-21,V0007,28466.38,Professional Services,Admin & Professional,debit,unreconciled,Utility bill,INR
TXN002645,2026-02-19,V0018,29067.41,Professional Services,Admin & Professional,debit,pending,Subscription renewal,INR
TXN002646,2026-02-26,V0025,35767.06,Logistics,Operations,debit,reconciled,Utility bill,INR
TXN002647,2025-12-16,V0028,71195.94,Raw Materials,Purchases,debit,reconciled,Bulk order advance,INR
TXN002648,2025-09-11,,822917.33,Salaries & Benefits,Bank Charges,debit,reconciled,Annual contract,INR
TXN002649,2026-07-25,V0015,42114.62,Marketing,Marketing,debit,reconciled,Monthly service charge,INR
TXN002650,2026-08-25,V0033,5761.36,Logistics,Operations,debit,reconciled,Final settlement,INR
TXN002651,2026-06-27,V0034,11219.18,Packaging,Purchases,debit,reconciled,Freight charges,INR
TXN002652,2025-11-30,,2744.87,Bank Charges,Bank Charges,debit,pending,Repair and maintenance,INR
TXN002653,2025-11-03,V0006,37633.41,Logistics,Operations,debit,reconciled,Final settlement,INR
TXN002654,2025-12-12,V0031,11726.56,Raw Materials,Purchases,debit,reconciled,Annual contract,INR
TXN002655,2026-03-12,V0004,4634.13,IT Services,Technology,debit,reconciled,Invoice payment,INR
TXN002656,2025-12-31,V0037,74527.81,Travel,Travel,debit,reconciled,Utility bill,INR
TXN002657,2026-08-18,V0039,18607.39,Facilities,Operations,debit,unreconciled,Repair and maintenance,INR
TXN002658,2025-11-24,V0037,16307.99,Travel,Travel,debit,reconciled,Invoice payment,INR
TXN002659,2026-02-19,,618038.16,Salaries & Benefits,Bank Charges,debit,reconciled,Monthly service charge,INR
TXN002660,2026-01-26,V0033,27111.81,Logistics,Operations,debit,reconciled,Quarterly retainer,INR
TXN002661,2026-08-05,,84005.34,Office Supplies,Bank Charges,debit,reconciled,Freight charges,INR
TXN002662,2026-05-09,V0038,19909.18,Facilities,Operations,debit,reconciled,Annual contract,INR
TXN002663,2026-06-25,V0016,20103.52,IT Services,Technology,debit,reconciled,Invoice payment,INR
TXN002664,2025-09-12,V0037,32108.5,Travel,Travel,debit,reconciled,Repair and maintenance,INR
TXN002665,2026-08-15,V0034,12606.39,Packaging,Purchases,debit,reconciled,Final settlement,INR
TXN002666,2026-04-24,V0034,29006.16,Packaging,Purchases,debit,reconciled,Freight charges,INR
TXN002667,2026-03-11,V0034,30699.1,Packaging,Purchases,debit,reconciled,Repair and maintenance,INR
TXN002668,2025-12-13,V0032,36622.5,Utilities,Utilities,debit,pending,Subscription renewal,INR
TXN002669,2026-07-03,V0018,19602.08,Professional Services,Admin & Professional,debit,pending,Invoice payment,INR
TXN002670,2025-12-15,V0037,8452.61,Travel,Travel,debit,pending,Bulk order advance,INR
TXN002671,2025-11-07,V0040,35754.22,Professional Services,Admin & Professional,debit,pending,Final settlement,INR
TXN002672,2025-11-26,V0029,9069.9,Professional Services,Admin & Professional,debit,unreconciled,Final settlement,INR
TXN002673,2026-04-05,V0018,19185.41,Professional Services,Admin & Professional,debit,reconciled,Final settlement,INR
TXN002674,2026-02-11,V0030,18460.32,Manufacturing,Purchases,debit,reconciled,Repair and maintenance,INR
TXN002675,2025-08-19,,514488.31,Salaries & Benefits,Bank Charges,debit,unreconciled,Repair and maintenance,INR
TXN002676,2025-09-20,V0021,45469.87,Raw Materials,Purchases,debit,reconciled,Quarterly retainer,INR
TXN002677,2025-12-01,V0033,91564.1,Logistics,Operations,debit,reconciled,Final settlement,INR
TXN002678,2025-12-07,V0029,26173.92,Professional Services,Admin & Professional,debit,unreconciled,Bulk order advance,INR
TXN002679,2025-10-03,V0032,27885.99,Utilities,Utilities,debit,pending,Repair and maintenance,INR
TXN002680,2026-02-23,V0022,12981.7,Logistics,Operations,debit,reconciled,Invoice payment,INR
TXN002681,2025-08-19,,579583.95,Rent,Bank Charges,debit,reconciled,Freight charges,INR
TXN002682,2026-06-02,V0025,19562.14,Logistics,Operations,debit,pending,Monthly service charge,INR
TXN002683,2026-05-12,V0034,83718.91,Packaging,Purchases,debit,reconciled,Bulk order advance,INR
TXN002684,2026-03-08,V0012,58309.82,Raw Materials,Purchases,debit,reconciled,Invoice payment,INR
TXN002685,2026-02-17,,120325.97,Office Supplies,Bank Charges,debit,unreconciled,Annual contract,INR
TXN002686,2026-07-12,V0040,13234.91,Professional Services,Admin & Professional,debit,reconciled,Bulk order advance,INR
TXN002687,2026-08-31,V0021,69610.31,Raw Materials,Purchases,debit,pending,Bulk order advance,INR
TXN002688,2026-07-08,V0004,21122.85,IT Services,Technology,debit,unreconciled,Subscription renewal,INR
TXN002689,2026-05-15,,768271.55,Rent,Bank Charges,debit,pending,Repair and maintenance,INR
TXN002690,2026-03-06,V0037,87411.3,Travel,Travel,debit,reconciled,Annual contract,INR
TXN002691,2026-03-27,,828.37,Bank Charges,Bank Charges,debit,reconciled,Monthly service charge,INR
TXN002692,2025-10-27,V0040,68241.56,Professional Services,Admin & Professional,debit,unreconciled,Repair and maintenance,INR
TXN002693,2025-12-14,V0015,5589.04,Marketing,Marketing,debit,reconciled,Final settlement,INR
TXN002694,2025-11-11,,213996.05,Salaries & Benefits,Bank Charges,debit,reconciled,Utility bill,INR
TXN002695,2025-10-13,V0026,44216.36,Manufacturing,Purchases,debit,reconciled,Bulk order advance,INR
TXN002696,2026-08-05,V0016,13677.45,IT Services,Technology,debit,reconciled,Subscription renewal,INR
TXN002697,2026-06-10,,378.31,Bank Charges,Bank Charges,debit,reconciled,Subscription renewal,INR
TXN002698,2026-05-20,V0038,5214.08,Facilities,Operations,debit,pending,Freight charges,INR
TXN002699,2026-05-06,V0022,6731.26,Logistics,Operations,debit,reconciled,Subscription renewal,INR
TXN002700,2025-09-03,V0009,13271.2,IT Services,Technology,debit,reconciled,Utility bill,INR
TXN002701,2025-09-22,V0035,15460.59,Travel,Travel,debit,unreconciled,Monthly service charge,INR
TXN002702,2025-12-31,V0034,13928.14,Packaging,Purchases,debit,reconciled,Annual contract,INR
TXN002703,2025-09-08,V0031,3721.71,Raw Materials,Purchases,debit,unreconciled,Annual contract,INR
TXN002704,2026-05-11,V0016,12735.94,IT Services,Technology,debit,reconciled,Annual contract,INR
TXN002705,2025-10-03,V0033,17028.04,Logistics,Operations,debit,reconciled,Utility bill,INR
TXN002706,2026-03-26,,357954.01,Rent,Bank Charges,debit,reconciled,Bulk order advance,INR
TXN002707,2026-06-23,,117362.87,Office Supplies,Bank Charges,debit,reconciled,Invoice payment,INR
TXN002708,2026-01-21,V0025,20249.58,Logistics,Operations,debit,reconciled,Annual contract,INR
TXN002709,2026-08-06,,62.57,Bank Charges,Bank Charges,debit,reconciled,Repair and maintenance,INR
TXN002710,2026-01-21,,580432.61,Rent,Bank Charges,debit,reconciled,Quarterly retainer,INR
TXN002711,2026-08-12,V0003,45312.94,Logistics,Operations,debit,pending,Bulk order advance,INR
TXN002712,2025-12-22,V0023,157682.76,Marketing,Marketing,debit,reconciled,Annual contract,INR
TXN002713,2026-08-21,V0022,5418.79,Logistics,Operations,debit,reconciled,Final settlement,INR
TXN002714,2025-11-07,V0030,30505.37,Manufacturing,Purchases,debit,reconciled,Subscription renewal,INR
TXN002715,2026-04-12,V0037,24200.33,Travel,Travel,debit,reconciled,Bulk order advance,INR
TXN002716,2026-01-05,,720228.18,Rent,Bank Charges,debit,reconciled,Final settlement,INR
TXN002717,2026-08-19,,399998.25,Rent,Bank Charges,debit,reconciled,Final settlement,INR
TXN002718,2025-08-01,,675682.14,Salaries & Benefits,Bank Charges,debit,unreconciled,Bulk order advance,INR
TXN002719,2026-05-05,V0018,8729.6,Professional Services,Admin & Professional,debit,reconciled,Freight charges,INR
TXN002720,2026-05-26,,763221.34,Salaries & Benefits,Bank Charges,debit,reconciled,Freight charges,INR
TXN002721,2025-09-23,V0023,15641.88,Marketing,Marketing,debit,reconciled,Repair and maintenance,INR
TXN002722,2025-12-31,V0031,10853.27,Raw Materials,Purchases,debit,reconciled,Invoice payment,INR
TXN002723,2026-06-08,V0039,7296.79,Facilities,Operations,debit,unreconciled,Invoice payment,INR
TXN002724,2026-02-11,V0033,145622.0,Logistics,Operations,debit,reconciled,Utility bill,INR
TXN002725,2026-05-08,V0030,78781.59,Manufacturing,Purchases,debit,reconciled,Invoice payment,INR
TXN002726,2026-02-25,V0012,25343.96,Raw Materials,Purchases,debit,unreconciled,Freight charges,INR
TXN002727,2026-05-14,V0029,6058.85,Professional Services,Admin & Professional,debit,reconciled,Utility bill,INR
TXN002728,2025-09-20,V0034,9236.25,Packaging,Purchases,debit,reconciled,Final settlement,INR
TXN002729,2026-08-20,,574499.09,Rent,Bank Charges,debit,reconciled,Invoice payment,INR
TXN002730,2026-07-02,V0018,29604.07,Professional Services,Admin & Professional,debit,unreconciled,Annual contract,INR
TXN002731,2025-12-17,,2367.14,Bank Charges,Bank Charges,debit,reconciled,Utility bill,INR
TXN002732,2026-06-07,V0039,63856.94,Facilities,Operations,debit,reconciled,Invoice payment,INR
TXN002733,2026-07-03,,335685.97,Salaries & Benefits,Bank Charges,debit,unreconciled,Final settlement,INR
TXN002734,2026-02-03,V0001,559117.81,Raw Materials,Purchases,debit,reconciled,Utility bill,INR
TXN002735,2025-08-15,V0003,13615.43,Logistics,Operations,debit,reconciled,Freight charges,INR
TXN002736,2025-09-17,V0032,17177.59,Utilities,Utilities,debit,reconciled,Bulk order advance,INR
TXN002737,2026-07-05,V0035,42423.39,Travel,Travel,debit,reconciled,Utility bill,INR
TXN002738,2026-06-23,,86865.31,Office Supplies,Bank Charges,debit,pending,Annual contract,INR
TXN002739,2026-01-01,V0001,15111.52,Raw Materials,Purchases,debit,reconciled,Invoice payment,INR
TXN002740,2026-06-14,V0018,14073.21,Professional Services,Admin & Professional,debit,reconciled,Invoice payment,INR
TXN002741,2026-04-08,V0019,14970.7,Raw Materials,Purchases,debit,reconciled,Annual contract,INR
TXN002742,2026-07-23,V0037,14624.18,Travel,Travel,debit,unreconciled,Repair and maintenance,INR
TXN002743,2025-08-10,V0018,17060.01,Professional Services,Admin & Professional,debit,reconciled,Final settlement,INR
TXN002744,2025-11-26,,191551.62,Rent,Bank Charges,debit,unreconciled,Final settlement,INR
TXN002745,2025-11-05,V0028,13019.64,Raw Materials,Purchases,debit,reconciled,Subscription renewal,INR
TXN002746,2025-08-06,V0034,62745.87,Packaging,Purchases,debit,pending,Monthly service charge,INR
TXN002747,2026-01-19,V0025,4965.11,Logistics,Operations,debit,reconciled,Repair and maintenance,INR
TXN002748,2026-05-17,V0029,75896.93,Professional Services,Admin & Professional,debit,reconciled,Annual contract,INR
TXN002749,2026-05-20,V0006,33315.95,Logistics,Operations,debit,unreconciled,Monthly service charge,INR
TXN002750,2026-06-19,V0015,35730.16,Marketing,Marketing,debit,reconciled,Repair and maintenance,INR
TXN002751,2026-07-13,V0011,35939.9,Marketing,Marketing,debit,reconciled,Monthly service charge,INR
TXN002752,2026-03-27,V0039,3091.24,Facilities,Operations,debit,pending,Final settlement,INR
TXN002753,2026-01-01,V0022,13528.76,Logistics,Operations,debit,reconciled,Repair and maintenance,INR
TXN002754,2025-10-15,,695712.93,Rent,Bank Charges,debit,pending,Subscription renewal,INR
TXN002755,2026-03-25,V0037,16945.65,Travel,Travel,debit,reconciled,Repair and maintenance,INR
TXN002756,2026-03-25,V0007,87096.14,Professional Services,Admin & Professional,debit,reconciled,Repair and maintenance,INR
TXN002757,2026-01-05,V0025,35757.51,Logistics,Operations,debit,reconciled,Annual contract,INR
TXN002758,2025-11-24,V0025,9351.88,Logistics,Operations,debit,reconciled,Annual contract,INR
TXN002759,2026-06-17,V0004,11792.77,IT Services,Technology,debit,reconciled,Repair and maintenance,INR
TXN002760,2026-07-04,V0034,38079.21,Packaging,Purchases,debit,reconciled,Annual contract,INR
TXN002761,2025-11-22,V0029,42605.32,Professional Services,Admin & Professional,debit,unreconciled,Invoice payment,INR
TXN002762,2026-07-14,V0022,43359.78,Logistics,Operations,debit,reconciled,Final settlement,INR
TXN002763,2026-01-26,V0025,6108.5,Logistics,Operations,debit,reconciled,Repair and maintenance,INR
TXN002764,2026-08-13,V0034,7920.74,Packaging,Purchases,debit,reconciled,Repair and maintenance,INR
TXN002765,2026-03-01,,740637.47,Rent,Bank Charges,debit,reconciled,Repair and maintenance,INR
TXN002766,2025-08-11,,65260.15,Office Supplies,Bank Charges,debit,unreconciled,Freight charges,INR
TXN002767,2025-11-29,V0001,39971.94,Raw Materials,Purchases,debit,reconciled,Annual contract,INR
TXN002768,2026-06-22,V0016,24900.52,IT Services,Technology,debit,unreconciled,Final settlement,INR
TXN002769,2026-01-04,V0017,34840.57,Manufacturing,Purchases,debit,pending,Monthly service charge,INR
TXN002770,2025-10-03,V0024,4157.32,IT Services,Technology,debit,reconciled,Subscription renewal,INR
TXN002771,2025-12-16,,93673.95,Office Supplies,Bank Charges,debit,reconciled,Annual contract,INR
TXN002772,2025-12-20,V0011,76597.5,Marketing,Marketing,debit,reconciled,Repair and maintenance,INR
TXN002773,2026-05-13,V0018,47022.93,Professional Services,Admin & Professional,debit,reconciled,Invoice payment,INR
TXN002774,2025-12-05,V0008,14700.61,Facilities,Operations,debit,unreconciled,Monthly service charge,INR
TXN002775,2026-03-12,V0009,48258.5,IT Services,Technology,debit,reconciled,Repair and maintenance,INR
TXN002776,2026-07-06,V0032,19489.31,Utilities,Utilities,debit,reconciled,Freight charges,INR
TXN002777,2025-12-15,V0032,17805.1,Utilities,Utilities,debit,reconciled,Final settlement,INR
TXN002778,2025-09-06,V0030,19604.99,Manufacturing,Purchases,debit,reconciled,Repair and maintenance,INR
TXN002779,2025-08-19,,1779.83,Bank Charges,Bank Charges,debit,unreconciled,Repair and maintenance,INR
TXN002780,2026-01-26,V0012,56895.25,Raw Materials,Purchases,debit,reconciled,Quarterly retainer,INR
TXN002781,2026-03-29,V0032,60267.05,Utilities,Utilities,debit,reconciled,Quarterly retainer,INR
TXN002782,2025-11-27,V0025,23339.76,Logistics,Operations,debit,unreconciled,Quarterly retainer,INR
TXN002783,2025-10-08,,2030.49,Bank Charges,Bank Charges,debit,reconciled,Subscription renewal,INR
TXN002784,2025-08-26,,181151.66,Salaries & Benefits,Bank Charges,debit,reconciled,Utility bill,INR
TXN002785,2026-01-31,V0021,13535.29,Raw Materials,Purchases,debit,reconciled,Bulk order advance,INR
TXN002786,2025-09-05,V0005,11084.22,Raw Materials,Purchases,debit,reconciled,Utility bill,INR
TXN002787,2025-09-20,V0011,22236.12,Marketing,Marketing,debit,pending,Utility bill,INR
TXN002788,2026-02-25,,680791.16,Rent,Bank Charges,debit,reconciled,Repair and maintenance,INR
TXN002789,2025-08-24,,1999.47,Bank Charges,Bank Charges,debit,pending,Utility bill,INR
TXN002790,2025-10-22,V0007,6764.12,Professional Services,Admin & Professional,debit,reconciled,Freight charges,INR
TXN002791,2026-08-06,V0026,18348.26,Manufacturing,Purchases,debit,reconciled,Bulk order advance,INR
TXN002792,2025-08-10,V0012,130973.89,Raw Materials,Purchases,debit,pending,Bulk order advance,INR
TXN002793,2025-12-07,V0029,89311.87,Professional Services,Admin & Professional,debit,reconciled,Repair and maintenance,INR
TXN002794,2025-11-13,V0037,13186.14,Travel,Travel,debit,reconciled,Subscription renewal,INR
TXN002795,2026-08-06,V0019,63495.48,Raw Materials,Purchases,debit,reconciled,Quarterly retainer,INR
TXN002796,2026-01-29,V0018,34956.38,Professional Services,Admin & Professional,debit,reconciled,Final settlement,INR
TXN002797,2025-09-15,V0038,36473.73,Facilities,Operations,debit,pending,Invoice payment,INR
TXN002798,2025-10-08,V0036,18857.62,Professional Services,Admin & Professional,debit,unreconciled,Bulk order advance,INR
TXN002799,2026-07-27,V0034,14762.08,Packaging,Purchases,debit,reconciled,Annual contract,INR
TXN002800,2025-09-25,V0025,11728.46,Logistics,Operations,debit,reconciled,Repair and maintenance,INR
TXN002801,2026-08-16,,2014.13,Bank Charges,Bank Charges,debit,reconciled,Bulk order advance,INR
TXN002802,2026-02-22,V0012,27387.86,Raw Materials,Purchases,debit,reconciled,Subscription renewal,INR
TXN002803,2026-08-04,V0031,16822.79,Raw Materials,Purchases,debit,reconciled,Annual contract,INR
TXN002804,2026-04-09,V0032,35875.23,Utilities,Utilities,debit,reconciled,Final settlement,INR
TXN002805,2025-10-18,V0024,15935.37,IT Services,Technology,debit,reconciled,Subscription renewal,INR
TXN002806,2025-11-21,V0007,17260.55,Professional Services,Admin & Professional,debit,unreconciled,Final settlement,INR
TXN002807,2025-12-12,,594.13,Bank Charges,Bank Charges,debit,reconciled,Annual contract,INR
TXN002808,2025-09-22,,116058.22,Office Supplies,Bank Charges,debit,pending,Repair and maintenance,INR
TXN002809,2026-03-14,V0008,34148.77,Facilities,Operations,debit,reconciled,Final settlement,INR
TXN002810,2025-08-18,V0019,16063.98,Raw Materials,Purchases,debit,reconciled,Subscription renewal,INR
TXN002811,2026-01-28,V0007,11672.97,Professional Services,Admin & Professional,debit,reconciled,Utility bill,INR
TXN002812,2026-01-19,V0019,17050.09,Raw Materials,Purchases,debit,unreconciled,Quarterly retainer,INR
TXN002813,2025-08-17,V0019,17216.75,Raw Materials,Purchases,debit,reconciled,Final settlement,INR
TXN002814,2025-12-06,V0021,22363.56,Raw Materials,Purchases,debit,reconciled,Quarterly retainer,INR
TXN002815,2026-08-17,V0006,49890.33,Logistics,Operations,debit,reconciled,Repair and maintenance,INR
TXN002816,2026-07-13,V0037,48599.17,Travel,Travel,debit,reconciled,Bulk order advance,INR
TXN002817,2025-11-29,V0005,39997.97,Raw Materials,Purchases,debit,reconciled,Quarterly retainer,INR
TXN002818,2026-07-09,V0016,8819.82,IT Services,Technology,debit,reconciled,Final settlement,INR
TXN002819,2026-02-14,V0016,66557.38,IT Services,Technology,debit,reconciled,Invoice payment,INR
TXN002820,2026-07-17,V0040,56081.55,Professional Services,Admin & Professional,debit,reconciled,Final settlement,INR
TXN002821,2026-08-09,V0029,105826.42,Professional Services,Admin & Professional,debit,reconciled,Bulk order advance,INR
TXN002822,2026-07-29,V0033,7249.62,Logistics,Operations,debit,pending,Quarterly retainer,INR
TXN002823,2026-04-10,,325307.1,Salaries & Benefits,Bank Charges,debit,reconciled,Invoice payment,INR
TXN002824,2026-02-20,V0031,29375.1,Raw Materials,Purchases,debit,reconciled,Subscription renewal,INR
TXN002825,2026-02-08,V0016,41001.0,IT Services,Technology,debit,reconciled,Utility bill,INR
TXN002826,2025-09-06,V0040,88953.49,Professional Services,Admin & Professional,debit,reconciled,Quarterly retainer,INR
TXN002827,2026-08-27,,384898.97,Rent,Bank Charges,debit,reconciled,Bulk order advance,INR
TXN002828,2025-09-22,V0037,21833.16,Travel,Travel,debit,unreconciled,Invoice payment,INR
TXN002829,2025-12-21,V0007,11145.11,Professional Services,Admin & Professional,debit,reconciled,Repair and maintenance,INR
TXN002830,2026-03-05,V0012,7956.67,Raw Materials,Purchases,debit,reconciled,Annual contract,INR
TXN002831,2026-01-23,V0007,30243.47,Professional Services,Admin & Professional,debit,unreconciled,Invoice payment,INR
TXN002832,2026-08-08,V0014,80914.42,Logistics,Operations,debit,reconciled,Subscription renewal,INR
TXN002833,2026-01-15,V0036,9767.2,Professional Services,Admin & Professional,debit,reconciled,Subscription renewal,INR
TXN002834,2025-12-14,V0033,31028.91,Logistics,Operations,debit,reconciled,Repair and maintenance,INR
TXN002835,2025-10-18,,565056.09,Rent,Bank Charges,debit,reconciled,Quarterly retainer,INR
TXN002836,2025-11-10,,480238.82,Rent,Bank Charges,credit,reconciled,Repair and maintenance,INR
TXN002837,2026-04-02,,496880.65,Salaries & Benefits,Bank Charges,debit,unreconciled,Quarterly retainer,INR
TXN002838,2026-01-21,V0032,38112.68,Utilities,Utilities,debit,pending,Repair and maintenance,INR
TXN002839,2026-02-18,V0011,42908.08,Marketing,Marketing,debit,reconciled,Quarterly retainer,INR
TXN002840,2026-06-18,V0019,32893.41,Raw Materials,Purchases,debit,reconciled,Freight charges,INR
TXN002841,2026-02-19,V0033,82886.03,Logistics,Operations,debit,reconciled,Invoice payment,INR
TXN002842,2025-09-16,V0033,10343.68,Logistics,Operations,debit,reconciled,Quarterly retainer,INR
TXN002843,2026-05-15,V0014,81845.65,Logistics,Operations,debit,reconciled,Monthly service charge,INR
TXN002844,2025-08-01,V0033,28387.35,Logistics,Operations,debit,reconciled,Final settlement,INR
TXN002845,2026-06-16,V0031,25792.92,Raw Materials,Purchases,debit,pending,Quarterly retainer,INR
TXN002846,2026-06-02,,861515.62,Rent,Bank Charges,debit,pending,Repair and maintenance,INR
TXN002847,2026-08-07,V0029,16614.73,Professional Services,Admin & Professional,debit,unreconciled,Subscription renewal,INR
TXN002848,2025-10-02,V0005,14055.27,Raw Materials,Purchases,debit,reconciled,Subscription renewal,INR
TXN002849,2026-03-23,V0021,24838.1,Raw Materials,Purchases,debit,unreconciled,Monthly service charge,INR
TXN002850,2026-04-24,V0008,8574.67,Facilities,Operations,debit,reconciled,Subscription renewal,INR
TXN002851,2025-10-29,V0029,24805.57,Professional Services,Admin & Professional,debit,unreconciled,Annual contract,INR
TXN002852,2026-08-05,,721207.74,Rent,Bank Charges,debit,reconciled,Final settlement,INR
TXN002853,2026-08-18,V0034,50390.62,Packaging,Purchases,debit,reconciled,Quarterly retainer,INR
TXN002854,2026-02-05,V0026,21922.07,Manufacturing,Purchases,debit,reconciled,Repair and maintenance,INR
TXN002855,2026-07-22,V0030,5734.97,Manufacturing,Purchases,debit,unreconciled,Utility bill,INR
TXN002856,2026-06-09,V0038,39410.67,Facilities,Operations,debit,reconciled,Final settlement,INR
TXN002857,2026-03-28,V0021,22801.45,Raw Materials,Purchases,debit,reconciled,Repair and maintenance,INR
TXN002858,2026-03-31,V0030,33026.34,Manufacturing,Purchases,debit,unreconciled,Freight charges,INR
TXN002859,2026-05-20,V0036,17414.84,Professional Services,Admin & Professional,debit,reconciled,Monthly service charge,INR
TXN002860,2025-12-16,V0005,25837.13,Raw Materials,Purchases,debit,reconciled,Freight charges,INR
TXN002861,2026-06-03,,797133.92,Rent,Bank Charges,debit,reconciled,Utility bill,INR
TXN002862,2025-10-22,V0001,21808.86,Raw Materials,Purchases,debit,unreconciled,Utility bill,INR
TXN002863,2026-05-23,,895669.72,Salaries & Benefits,Bank Charges,debit,reconciled,Bulk order advance,INR
TXN002864,2025-08-21,,13400.46,Office Supplies,Bank Charges,debit,reconciled,Subscription renewal,INR
TXN002865,2025-12-27,V0007,7926.77,Professional Services,Admin & Professional,debit,reconciled,Final settlement,INR
TXN002866,2025-12-08,,1338.72,Bank Charges,Bank Charges,debit,reconciled,Subscription renewal,INR
TXN002867,2026-01-15,V0030,46669.87,Manufacturing,Purchases,debit,reconciled,Invoice payment,INR
TXN002868,2025-09-11,V0006,13959.15,Logistics,Operations,debit,reconciled,Monthly service charge,INR
TXN002869,2025-10-28,V0003,24699.85,Logistics,Operations,debit,reconciled,Monthly service charge,INR
TXN002870,2026-07-20,V0035,19374.2,Travel,Travel,debit,reconciled,Subscription renewal,INR
TXN002871,2026-03-29,V0021,78909.23,Raw Materials,Purchases,debit,reconciled,Utility bill,INR
TXN002872,2026-01-04,V0011,7869.05,Marketing,Marketing,debit,pending,Quarterly retainer,INR
TXN002873,2026-02-16,V0019,40235.7,Raw Materials,Purchases,debit,unreconciled,Repair and maintenance,INR
TXN002874,2025-09-21,V0031,26305.33,Raw Materials,Purchases,debit,reconciled,Subscription renewal,INR
TXN002875,2026-05-28,V0005,19537.72,Raw Materials,Purchases,debit,reconciled,Annual contract,INR
TXN002876,2026-07-28,V0033,43472.28,Logistics,Operations,debit,unreconciled,Repair and maintenance,INR
TXN002877,2026-07-24,V0007,72773.97,Professional Services,Admin & Professional,debit,unreconciled,Bulk order advance,INR
TXN002878,2026-06-28,V0016,19574.21,IT Services,Technology,debit,reconciled,Final settlement,INR
TXN002879,2025-10-29,,89776.34,Office Supplies,Bank Charges,debit,reconciled,Quarterly retainer,INR
TXN002880,2026-01-14,V0031,70452.47,Raw Materials,Purchases,debit,reconciled,Utility bill,INR
TXN002881,2026-08-24,V0015,34772.46,Marketing,Marketing,debit,reconciled,Annual contract,INR
TXN002882,2026-01-14,,27535.54,Office Supplies,Bank Charges,debit,reconciled,Repair and maintenance,INR
TXN002883,2026-02-03,V0008,7326.23,Facilities,Operations,debit,reconciled,Freight charges,INR
TXN002884,2026-06-03,V0037,12738.01,Travel,Travel,debit,reconciled,Annual contract,INR
TXN002885,2026-06-17,,805536.82,Rent,Bank Charges,debit,unreconciled,Quarterly retainer,INR
TXN002886,2025-10-21,,833672.78,Rent,Bank Charges,credit,unreconciled,Repair and maintenance,INR
TXN002887,2025-10-25,V0034,5508.52,Packaging,Purchases,debit,reconciled,Subscription renewal,INR
TXN002888,2026-05-12,V0006,27660.05,Logistics,Operations,debit,reconciled,Annual contract,INR
TXN002889,2026-07-18,V0036,42030.01,Professional Services,Admin & Professional,debit,reconciled,Annual contract,INR
TXN002890,2026-06-21,,671948.76,Salaries & Benefits,Bank Charges,debit,pending,Bulk order advance,INR
TXN002891,2026-02-27,V0037,11355.51,Travel,Travel,debit,reconciled,Utility bill,INR
TXN002892,2026-04-20,V0025,169365.52,Logistics,Operations,debit,pending,Freight charges,INR
TXN002893,2025-12-03,V0038,36237.36,Facilities,Operations,debit,reconciled,Freight charges,INR
TXN002894,2026-03-02,V0035,50668.5,Travel,Travel,debit,reconciled,Final settlement,INR
TXN002895,2026-07-02,V0019,50901.33,Raw Materials,Purchases,debit,reconciled,Final settlement,INR
TXN002896,2026-05-18,V0019,10717.66,Raw Materials,Purchases,debit,pending,Bulk order advance,INR
TXN002897,2026-04-22,V0030,57084.53,Manufacturing,Purchases,debit,reconciled,Annual contract,INR
TXN002898,2026-02-03,V0016,27300.78,IT Services,Technology,debit,reconciled,Repair and maintenance,INR
TXN002899,2026-05-10,V0023,5064.44,Marketing,Marketing,debit,pending,Invoice payment,INR
TXN002900,2026-07-22,V0040,34905.75,Professional Services,Admin & Professional,debit,reconciled,Freight charges,INR
TXN002901,2025-09-18,,48129.14,Office Supplies,Bank Charges,credit,reconciled,Freight charges,INR
TXN002902,2026-02-15,V0007,5323.33,Professional Services,Admin & Professional,debit,reconciled,Invoice payment,INR
TXN002903,2026-02-26,V0029,7463.85,Professional Services,Admin & Professional,debit,reconciled,Invoice payment,INR
TXN002904,2026-03-10,V0019,11291.57,Raw Materials,Purchases,debit,reconciled,Repair and maintenance,INR
TXN002905,2026-02-17,V0039,12604.62,Facilities,Operations,debit,reconciled,Subscription renewal,INR
TXN002906,2025-10-21,V0032,20760.62,Utilities,Utilities,debit,reconciled,Subscription renewal,INR
TXN002907,2026-03-16,V0006,103864.41,Logistics,Operations,debit,reconciled,Monthly service charge,INR
TXN002908,2026-08-22,,393695.8,Rent,Bank Charges,debit,reconciled,Monthly service charge,INR
TXN002909,2026-05-05,V0031,37107.27,Raw Materials,Purchases,debit,reconciled,Subscription renewal,INR
TXN002910,2025-12-06,V0039,20037.99,Facilities,Operations,debit,pending,Annual contract,INR
TXN002911,2025-10-24,V0025,25782.03,Logistics,Operations,debit,unreconciled,Final settlement,INR
TXN002912,2025-11-19,V0007,36169.04,Professional Services,Admin & Professional,debit,reconciled,Subscription renewal,INR
TXN002913,2026-03-31,V0032,89425.61,Utilities,Utilities,debit,pending,Invoice payment,INR
TXN002914,2026-05-24,V0018,374921.89,Professional Services,Admin & Professional,debit,reconciled,Quarterly retainer,INR
TXN002915,2025-10-28,V0011,55262.4,Marketing,Marketing,debit,reconciled,Freight charges,INR
TXN002916,2025-10-23,,286741.14,Rent,Bank Charges,debit,reconciled,Bulk order advance,INR
TXN002917,2026-06-22,,2234.87,Bank Charges,Bank Charges,debit,pending,Annual contract,INR
TXN002918,2025-12-31,V0007,10454.87,Professional Services,Admin & Professional,debit,unreconciled,Monthly service charge,INR
TXN002919,2026-04-19,V0022,43007.56,Logistics,Operations,debit,unreconciled,Repair and maintenance,INR
TXN002920,2026-04-27,,133708.95,Office Supplies,Bank Charges,debit,reconciled,Bulk order advance,INR
TXN002921,2026-04-05,V0005,101290.22,Raw Materials,Purchases,debit,reconciled,Invoice payment,INR
TXN002922,2026-05-26,V0037,26529.91,Travel,Travel,debit,reconciled,Invoice payment,INR
TXN002923,2025-12-14,V0032,3481.44,Utilities,Utilities,debit,reconciled,Repair and maintenance,INR
TXN002924,2026-05-12,V0025,58191.87,Logistics,Operations,debit,reconciled,Freight charges,INR
TXN002925,2025-08-28,,469.72,Bank Charges,Bank Charges,debit,reconciled,Freight charges,INR
TXN002926,2025-10-19,V0005,36783.89,Raw Materials,Purchases,debit,pending,Subscription renewal,INR
TXN002927,2025-09-06,V0034,13813.2,Packaging,Purchases,debit,reconciled,Bulk order advance,INR
TXN002928,2026-06-06,V0021,30189.8,Raw Materials,Purchases,debit,reconciled,Subscription renewal,INR
TXN002929,2026-01-11,V0007,31498.26,Professional Services,Admin & Professional,debit,reconciled,Monthly service charge,INR
TXN002930,2026-06-29,V0005,22949.63,Raw Materials,Purchases,debit,reconciled,Quarterly retainer,INR
TXN002931,2025-12-12,V0025,23294.44,Logistics,Operations,debit,unreconciled,Subscription renewal,INR
TXN002932,2025-09-22,V0003,25431.74,Logistics,Operations,debit,pending,Freight charges,INR
TXN002933,2025-08-30,V0012,65453.94,Raw Materials,Purchases,debit,reconciled,Monthly service charge,INR
TXN002934,2026-07-09,V0040,35839.52,Professional Services,Admin & Professional,debit,reconciled,Utility bill,INR
TXN002935,2026-05-18,V0026,52025.15,Manufacturing,Purchases,debit,reconciled,Invoice payment,INR
TXN002936,2026-02-24,V0030,33444.98,Manufacturing,Purchases,debit,reconciled,Repair and maintenance,INR
TXN002937,2026-03-05,V0037,5538.49,Travel,Travel,debit,reconciled,Subscription renewal,INR
TXN002938,2025-12-11,V0007,15259.43,Professional Services,Admin & Professional,debit,reconciled,Bulk order advance,INR
TXN002939,2026-03-12,V0022,16748.39,Logistics,Operations,debit,unreconciled,Annual contract,INR
TXN002940,2026-05-01,V0031,2698.2,Raw Materials,Purchases,debit,unreconciled,Repair and maintenance,INR
TXN002941,2026-07-01,V0003,19909.24,Logistics,Operations,debit,unreconciled,Utility bill,INR
TXN002942,2025-12-19,V0029,27732.61,Professional Services,Admin & Professional,debit,unreconciled,Repair and maintenance,INR
TXN002943,2025-10-27,V0003,19936.38,Logistics,Operations,debit,reconciled,Annual contract,INR
TXN002944,2026-03-12,V0015,48972.61,Marketing,Marketing,debit,pending,Annual contract,INR
TXN002945,2026-01-16,,457768.85,Salaries & Benefits,Bank Charges,debit,reconciled,Utility bill,INR
TXN002946,2025-10-24,V0019,30777.52,Raw Materials,Purchases,debit,reconciled,Invoice payment,INR
TXN002947,2025-11-10,V0032,15434.38,Utilities,Utilities,debit,pending,Freight charges,INR
TXN002948,2025-10-08,V0036,4411.12,Professional Services,Admin & Professional,debit,unreconciled,Utility bill,INR
TXN002949,2026-04-05,,2168.87,Bank Charges,Bank Charges,debit,reconciled,Final settlement,INR
TXN002950,2025-12-09,V0025,23534.77,Logistics,Operations,debit,reconciled,Annual contract,INR
TXN002951,2025-09-23,V0025,12986.15,Logistics,Operations,debit,unreconciled,Monthly service charge,INR
TXN002952,2026-04-03,V0035,20309.62,Travel,Travel,debit,unreconciled,Monthly service charge,INR
TXN002953,2026-03-08,V0025,41038.31,Logistics,Operations,debit,pending,Utility bill,INR
TXN002954,2026-03-29,V0015,31842.58,Marketing,Marketing,debit,unreconciled,Quarterly retainer,INR
TXN002955,2025-08-04,V0039,8222.51,Facilities,Operations,debit,reconciled,Repair and maintenance,INR
TXN002956,2026-07-23,V0031,13074.93,Raw Materials,Purchases,debit,reconciled,Annual contract,INR
TXN002957,2026-07-08,,603032.12,Rent,Bank Charges,debit,unreconciled,Repair and maintenance,INR
TXN002958,2025-09-05,,565788.31,Rent,Bank Charges,debit,reconciled,Bulk order advance,INR
TXN002959,2026-03-27,V0021,38686.35,Raw Materials,Purchases,debit,unreconciled,Bulk order advance,INR
TXN002960,2025-10-05,,37963.29,Office Supplies,Bank Charges,debit,reconciled,Monthly service charge,INR
TXN002961,2026-05-29,V0037,10823.68,Travel,Travel,debit,unreconciled,Quarterly retainer,INR
TXN002962,2026-08-06,V0009,104303.35,IT Services,Technology,debit,unreconciled,Subscription renewal,INR
TXN002963,2026-01-11,V0016,39607.49,IT Services,Technology,debit,reconciled,Subscription renewal,INR
TXN002964,2026-01-14,V0016,27899.93,IT Services,Technology,debit,reconciled,Utility bill,INR
TXN002965,2025-09-20,V0025,24142.72,Logistics,Operations,debit,pending,Annual contract,INR
TXN002966,2026-05-08,V0025,24793.29,Logistics,Operations,debit,reconciled,Bulk order advance,INR
TXN002967,2026-07-12,V0029,66066.69,Professional Services,Admin & Professional,debit,reconciled,Monthly service charge,INR
TXN002968,2025-08-09,V0021,19451.82,Raw Materials,Purchases,debit,reconciled,Freight charges,INR
TXN002969,2025-10-09,V0025,39381.74,Logistics,Operations,debit,reconciled,Utility bill,INR
TXN002970,2025-08-15,V0007,29821.78,Professional Services,Admin & Professional,debit,reconciled,Bulk order advance,INR
TXN002971,2025-09-10,,1249.76,Bank Charges,Bank Charges,debit,reconciled,Bulk order advance,INR
TXN002972,2026-01-25,,510253.99,Salaries & Benefits,Bank Charges,debit,reconciled,Bulk order advance,INR
TXN002973,2026-03-20,V0032,10300.26,Utilities,Utilities,debit,reconciled,Utility bill,INR
TXN002974,2026-03-29,V0039,46474.91,Facilities,Operations,debit,reconciled,Monthly service charge,INR
TXN002975,2026-03-18,,970.91,Bank Charges,Bank Charges,debit,reconciled,Monthly service charge,INR
TXN002976,2026-01-20,,147184.49,Office Supplies,Bank Charges,debit,unreconciled,Freight charges,INR
TXN002977,2025-12-29,V0021,129619.3,Raw Materials,Purchases,debit,pending,Repair and maintenance,INR
TXN002978,2026-03-04,V0037,17396.1,Travel,Travel,debit,reconciled,Subscription renewal,INR
TXN002979,2025-08-06,V0039,36938.18,Facilities,Operations,debit,reconciled,Subscription renewal,INR
TXN002980,2025-11-15,V0008,8588.31,Facilities,Operations,debit,reconciled,Utility bill,INR
TXN002981,2026-03-13,V0031,23356.45,Raw Materials,Purchases,debit,reconciled,Final settlement,INR
TXN002982,2026-05-31,V0015,13037.92,Marketing,Marketing,debit,reconciled,Invoice payment,INR
TXN002983,2025-11-14,V0006,41578.65,Logistics,Operations,debit,pending,Annual contract,INR
TXN002984,2026-07-22,V0032,27112.15,Utilities,Utilities,debit,unreconciled,Monthly service charge,INR
TXN002985,2025-12-05,V0026,79831.26,Manufacturing,Purchases,debit,reconciled,Freight charges,INR
TXN002986,2025-11-10,V0022,5097.44,Logistics,Operations,debit,reconciled,Utility bill,INR
TXN002987,2026-01-29,V0019,55601.3,Raw Materials,Purchases,debit,unreconciled,Repair and maintenance,INR
TXN002988,2026-01-22,V0029,19625.26,Professional Services,Admin & Professional,debit,unreconciled,Repair and maintenance,INR
TXN002989,2025-12-01,V0019,35052.44,Raw Materials,Purchases,debit,reconciled,Final settlement,INR
TXN002990,2025-12-25,,94015.58,Office Supplies,Bank Charges,debit,reconciled,Monthly service charge,INR
TXN002991,2026-03-23,V0031,34360.56,Raw Materials,Purchases,debit,reconciled,Repair and maintenance,INR
TXN002992,2025-12-01,V0035,5861.86,Travel,Travel,debit,unreconciled,Final settlement,INR
TXN002993,2025-08-14,V0034,4568.83,Packaging,Purchases,debit,reconciled,Bulk order advance,INR
TXN002994,2025-09-16,,808540.0,Salaries & Benefits,Bank Charges,debit,unreconciled,Monthly service charge,INR
TXN002995,2026-08-31,V0016,30600.46,IT Services,Technology,debit,unreconciled,Quarterly retainer,INR
TXN002996,2025-08-20,V0036,9977.34,Professional Services,Admin & Professional,debit,reconciled,Annual contract,INR
TXN002997,2025-12-23,,605836.6,Rent,Bank Charges,debit,reconciled,Bulk order advance,INR
TXN002998,2025-12-03,V0039,106671.98,Facilities,Operations,debit,reconciled,Utility bill,INR
TXN002999,2025-11-12,V0034,49934.37,Packaging,Purchases,debit,unreconciled,Subscription renewal,INR
TXN003000,2025-09-14,V0012,46995.99,Raw Materials,Purchases,debit,reconciled,Invoice payment,INR
TXN003001,2026-07-23,V0025,2685.41,Logistics,Operations,debit,reconciled,Monthly service charge,INR
TXN003002,2026-06-05,V0025,28197.3,Logistics,Operations,debit,reconciled,Subscription renewal,INR
TXN003003,2025-10-20,V0036,6453.59,Professional Services,Admin & Professional,debit,reconciled,Utility bill,INR
TXN003004,2025-09-24,V0032,13053.6,Utilities,Utilities,debit,unreconciled,Subscription renewal,INR
TXN003005,2026-01-01,,2738.29,Bank Charges,Bank Charges,debit,unreconciled,Bulk order advance,INR
TXN003006,2026-05-16,V0006,28006.71,Logistics,Operations,debit,reconciled,Repair and maintenance,INR
TXN003007,2026-08-27,,41592.19,Office Supplies,Bank Charges,debit,reconciled,Subscription renewal,INR
TXN003008,2025-09-09,V0025,50831.23,Logistics,Operations,debit,unreconciled,Freight charges,INR
TXN003009,2026-08-20,V0019,75123.62,Raw Materials,Purchases,debit,reconciled,Subscription renewal,INR
TXN003010,2025-09-17,V0033,45408.18,Logistics,Operations,debit,unreconciled,Invoice payment,INR
TXN003011,2026-08-24,,794785.24,Rent,Bank Charges,debit,reconciled,Freight charges,INR
TXN003012,2026-01-18,,447909.84,Rent,Bank Charges,debit,unreconciled,Monthly service charge,INR
TXN003013,2025-12-05,V0022,48357.2,Logistics,Operations,debit,reconciled,Invoice payment,INR
TXN003014,2025-09-03,V0004,22860.11,IT Services,Technology,debit,reconciled,Bulk order advance,INR
TXN003015,2026-02-24,V0025,26380.6,Logistics,Operations,debit,reconciled,Utility bill,INR
TXN003016,2026-08-29,V0009,37919.52,IT Services,Technology,debit,pending,Monthly service charge,INR
TXN003017,2026-05-09,,417053.04,Salaries & Benefits,Bank Charges,debit,reconciled,Annual contract,INR
TXN003018,2026-03-04,,137981.35,Office Supplies,Bank Charges,debit,reconciled,Bulk order advance,INR
TXN003019,2026-05-15,,296589.04,Rent,Bank Charges,debit,unreconciled,Bulk order advance,INR
TXN003020,2026-04-28,V0016,14649.55,IT Services,Technology,debit,reconciled,Freight charges,INR
TXN003021,2026-06-14,V0006,2563.69,Logistics,Operations,debit,reconciled,Freight charges,INR
TXN003022,2026-08-28,V0033,4564.54,Logistics,Operations,debit,reconciled,Monthly service charge,INR
TXN003023,2026-04-02,V0021,21933.32,Raw Materials,Purchases,debit,reconciled,Invoice payment,INR
TXN003024,2025-09-08,V0029,14536.89,Professional Services,Admin & Professional,debit,unreconciled,Repair and maintenance,INR
TXN003025,2026-06-24,V0033,26946.03,Logistics,Operations,debit,reconciled,Final settlement,INR
TXN003026,2025-09-15,,635.29,Bank Charges,Bank Charges,debit,reconciled,Repair and maintenance,INR
TXN003027,2026-05-18,V0021,23899.07,Raw Materials,Purchases,debit,pending,Quarterly retainer,INR
TXN003028,2026-04-29,V0025,64611.77,Logistics,Operations,debit,reconciled,Monthly service charge,INR
TXN003029,2026-08-08,,707808.46,Rent,Bank Charges,debit,reconciled,Utility bill,INR
TXN003030,2026-07-03,,2829.79,Bank Charges,Bank Charges,debit,reconciled,Freight charges,INR
TXN003031,2026-05-27,V0001,58841.0,Raw Materials,Purchases,debit,reconciled,Repair and maintenance,INR
TXN003032,2025-09-05,V0034,3041.1,Packaging,Purchases,debit,reconciled,Utility bill,INR
TXN003033,2026-06-26,V0021,12450.84,Raw Materials,Purchases,debit,reconciled,Quarterly retainer,INR
TXN003034,2026-06-01,,363812.87,Salaries & Benefits,Bank Charges,debit,reconciled,Repair and maintenance,INR
TXN003035,2025-10-05,,783555.64,Salaries & Benefits,Bank Charges,debit,reconciled,Utility bill,INR
TXN003036,2025-09-27,V0039,38616.64,Facilities,Operations,debit,pending,Bulk order advance,INR
TXN003037,2026-06-08,V0029,7636.5,Professional Services,Admin & Professional,debit,unreconciled,Bulk order advance,INR
TXN003038,2025-10-23,V0038,28092.31,Facilities,Operations,debit,reconciled,Invoice payment,INR
TXN003039,2025-08-08,V0032,10194.71,Utilities,Utilities,debit,reconciled,Quarterly retainer,INR
TXN003040,2025-10-13,V0026,11244.94,Manufacturing,Purchases,debit,unreconciled,Bulk order advance,INR
TXN003041,2025-09-23,,96346.1,Office Supplies,Bank Charges,debit,reconciled,Freight charges,INR
TXN003042,2026-07-04,V0040,12942.16,Professional Services,Admin & Professional,debit,pending,Subscription renewal,INR
TXN003043,2026-02-10,V0022,38571.74,Logistics,Operations,debit,reconciled,Utility bill,INR
TXN003044,2026-04-02,,869839.42,Rent,Bank Charges,debit,reconciled,Annual contract,INR
TXN003045,2026-05-11,V0005,6198.22,Raw Materials,Purchases,debit,reconciled,Invoice payment,INR
TXN003046,2026-01-03,V0034,83162.1,Packaging,Purchases,debit,pending,Utility bill,INR
TXN003047,2026-06-30,V0039,10220.72,Facilities,Operations,debit,unreconciled,Freight charges,INR
TXN003048,2026-05-14,V0040,26719.22,Professional Services,Admin & Professional,debit,reconciled,Utility bill,INR
TXN003049,2026-01-22,V0018,73830.94,Professional Services,Admin & Professional,debit,unreconciled,Utility bill,INR
TXN003050,2026-08-22,V0023,21242.88,Marketing,Marketing,debit,unreconciled,Monthly service charge,INR
TXN003051,2026-02-01,,82847.76,Office Supplies,Bank Charges,debit,reconciled,Repair and maintenance,INR
TXN003052,2026-01-09,V0006,191583.76,Logistics,Operations,debit,reconciled,Freight charges,INR
TXN003053,2026-08-19,V0040,17461.77,Professional Services,Admin & Professional,debit,reconciled,Invoice payment,INR
TXN003054,2026-08-20,V0038,47097.88,Facilities,Operations,debit,unreconciled,Annual contract,INR
TXN003055,2025-08-29,V0028,92868.58,Raw Materials,Purchases,debit,reconciled,Final settlement,INR
TXN003056,2026-04-22,V0037,23202.96,Travel,Travel,debit,reconciled,Final settlement,INR
TXN003057,2026-02-19,V0007,25077.5,Professional Services,Admin & Professional,debit,reconciled,Annual contract,INR
TXN003058,2026-02-01,V0018,13231.82,Professional Services,Admin & Professional,debit,reconciled,Monthly service charge,INR
TXN003059,2026-02-23,,408984.95,Salaries & Benefits,Bank Charges,debit,reconciled,Freight charges,INR
TXN003060,2026-08-24,,731669.62,Salaries & Benefits,Bank Charges,credit,reconciled,Repair and maintenance,INR
TXN003061,2026-01-23,V0007,21770.1,Professional Services,Admin & Professional,debit,reconciled,Monthly service charge,INR
TXN003062,2025-11-11,V0030,31197.95,Manufacturing,Purchases,debit,unreconciled,Repair and maintenance,INR
TXN003063,2025-11-16,V0038,3479.03,Facilities,Operations,debit,reconciled,Freight charges,INR
TXN003064,2026-05-24,V0034,16596.46,Packaging,Purchases,debit,unreconciled,Bulk order advance,INR
TXN003065,2025-10-30,V0033,146321.74,Logistics,Operations,debit,unreconciled,Invoice payment,INR
TXN003066,2026-05-07,V0038,11808.26,Facilities,Operations,debit,reconciled,Bulk order advance,INR
TXN003067,2025-11-09,V0030,36500.81,Manufacturing,Purchases,debit,reconciled,Final settlement,INR
TXN003068,2026-08-28,,54647.06,Office Supplies,Bank Charges,debit,reconciled,Invoice payment,INR
TXN003069,2026-03-14,V0025,64292.78,Logistics,Operations,debit,unreconciled,Quarterly retainer,INR
TXN003070,2026-03-04,V0019,35606.2,Raw Materials,Purchases,debit,unreconciled,Repair and maintenance,INR
TXN003071,2026-08-17,V0032,62264.59,Utilities,Utilities,debit,reconciled,Subscription renewal,INR
TXN003072,2025-10-30,V0039,95371.57,Facilities,Operations,debit,reconciled,Annual contract,INR
TXN003073,2026-04-19,V0022,88619.03,Logistics,Operations,debit,pending,Utility bill,INR
TXN003074,2026-07-13,V0032,33912.98,Utilities,Utilities,debit,reconciled,Subscription renewal,INR
TXN003075,2025-09-11,V0032,12038.27,Utilities,Utilities,debit,unreconciled,Utility bill,INR
TXN003076,2026-07-10,V0021,26452.52,Raw Materials,Purchases,debit,unreconciled,Annual contract,INR
TXN003077,2026-04-30,V0007,42950.25,Professional Services,Admin & Professional,debit,reconciled,Invoice payment,INR
TXN003078,2025-11-03,V0037,21663.78,Travel,Travel,debit,reconciled,Annual contract,INR
TXN003079,2026-05-20,,89889.05,Office Supplies,Bank Charges,debit,reconciled,Annual contract,INR
TXN003080,2026-02-21,V0019,92944.79,Raw Materials,Purchases,debit,reconciled,Freight charges,INR
TXN003081,2025-11-20,V0007,25271.43,Professional Services,Admin & Professional,debit,reconciled,Bulk order advance,INR
TXN003082,2026-02-16,V0022,190969.41,Logistics,Operations,debit,reconciled,Bulk order advance,INR
TXN003083,2026-03-20,V0011,97780.57,Marketing,Marketing,debit,reconciled,Quarterly retainer,INR
TXN003084,2026-05-13,V0039,7179.78,Facilities,Operations,debit,pending,Monthly service charge,INR
TXN003085,2026-01-03,,730162.08,Rent,Bank Charges,debit,reconciled,Bulk order advance,INR
TXN003086,2026-06-11,V0039,227975.08,Facilities,Operations,debit,reconciled,Invoice payment,INR
TXN003087,2025-09-08,V0031,11517.69,Raw Materials,Purchases,debit,unreconciled,Bulk order advance,INR
TXN003088,2026-03-03,V0028,114913.83,Raw Materials,Purchases,debit,pending,Utility bill,INR
TXN003089,2026-05-09,,248075.96,Salaries & Benefits,Bank Charges,debit,reconciled,Repair and maintenance,INR
TXN003090,2025-09-14,V0022,52153.4,Logistics,Operations,debit,reconciled,Quarterly retainer,INR
TXN003091,2026-08-21,V0012,24042.36,Raw Materials,Purchases,debit,reconciled,Invoice payment,INR
TXN003092,2026-04-18,V0011,19520.86,Marketing,Marketing,debit,reconciled,Annual contract,INR
TXN003093,2026-02-16,V0034,69335.66,Packaging,Purchases,debit,unreconciled,Repair and maintenance,INR
TXN003094,2025-10-01,V0006,21370.02,Logistics,Operations,debit,reconciled,Freight charges,INR
TXN003095,2026-01-22,V0016,8265.81,IT Services,Technology,debit,reconciled,Invoice payment,INR
TXN003096,2025-12-11,V0022,64118.87,Logistics,Operations,debit,reconciled,Quarterly retainer,INR
TXN003097,2026-07-25,V0032,61111.82,Utilities,Utilities,debit,reconciled,Repair and maintenance,INR
TXN003098,2026-07-30,V0038,5890.61,Facilities,Operations,debit,reconciled,Invoice payment,INR
TXN003099,2026-07-06,V0025,71616.71,Logistics,Operations,debit,reconciled,Bulk order advance,INR
TXN003100,2026-08-27,V0034,23557.24,Packaging,Purchases,debit,reconciled,Invoice payment,INR
TXN003101,2026-03-01,,2738.1,Bank Charges,Bank Charges,debit,reconciled,Quarterly retainer,INR
TXN003102,2026-07-18,V0034,5503.78,Packaging,Purchases,debit,reconciled,Annual contract,INR
TXN003103,2026-08-14,,125163.82,Office Supplies,Bank Charges,debit,reconciled,Quarterly retainer,INR
TXN003104,2026-07-05,V0023,31458.36,Marketing,Marketing,debit,reconciled,Monthly service charge,INR
TXN003105,2026-07-29,V0036,133594.31,Professional Services,Admin & Professional,debit,reconciled,Repair and maintenance,INR
TXN003106,2026-07-26,V0021,7278.92,Raw Materials,Purchases,debit,reconciled,Monthly service charge,INR
TXN003107,2025-12-22,V0007,7412.76,Professional Services,Admin & Professional,debit,pending,Final settlement,INR
TXN003108,2026-01-06,,2810.12,Bank Charges,Bank Charges,debit,reconciled,Utility bill,INR
TXN003109,2026-08-02,V0025,22195.93,Logistics,Operations,debit,reconciled,Monthly service charge,INR
TXN003110,2026-08-15,V0002,17257.42,Manufacturing,Purchases,debit,reconciled,Repair and maintenance,INR
TXN003111,2026-04-09,V0007,9527.97,Professional Services,Admin & Professional,debit,unreconciled,Quarterly retainer,INR
TXN003112,2025-10-02,V0007,55914.18,Professional Services,Admin & Professional,debit,reconciled,Annual contract,INR
TXN003113,2025-11-09,V0017,44710.46,Manufacturing,Purchases,debit,unreconciled,Annual contract,INR
TXN003114,2025-10-09,V0034,3438.96,Packaging,Purchases,debit,unreconciled,Repair and maintenance,INR
TXN003115,2026-05-12,V0025,77480.75,Logistics,Operations,debit,reconciled,Invoice payment,INR
TXN003116,2026-06-21,V0034,5959.81,Packaging,Purchases,debit,unreconciled,Invoice payment,INR
TXN003117,2026-07-26,V0029,62657.62,Professional Services,Admin & Professional,debit,unreconciled,Utility bill,INR
TXN003118,2025-12-18,V0018,7959.62,Professional Services,Admin & Professional,debit,reconciled,Repair and maintenance,INR
TXN003119,2026-07-14,V0021,35638.53,Raw Materials,Purchases,debit,reconciled,Repair and maintenance,INR
TXN003120,2026-04-07,V0029,16289.79,Professional Services,Admin & Professional,debit,reconciled,Invoice payment,INR
TXN003121,2026-03-21,,830775.79,Rent,Bank Charges,debit,unreconciled,Utility bill,INR
TXN003122,2026-07-31,V0018,8490.25,Professional Services,Admin & Professional,debit,unreconciled,Final settlement,INR
TXN003123,2026-04-26,,242597.09,Rent,Bank Charges,debit,reconciled,Subscription renewal,INR
TXN003124,2026-08-16,,213601.76,Rent,Bank Charges,debit,reconciled,Utility bill,INR
TXN003125,2026-08-29,V0029,19114.2,Professional Services,Admin & Professional,debit,pending,Subscription renewal,INR
TXN003126,2025-08-24,V0019,9386.7,Raw Materials,Purchases,debit,reconciled,Final settlement,INR
TXN003127,2026-08-06,,260969.34,Salaries & Benefits,Bank Charges,debit,reconciled,Monthly service charge,INR
TXN003128,2026-02-16,,1586.95,Bank Charges,Bank Charges,debit,reconciled,Annual contract,INR
TXN003129,2025-09-02,V0006,12002.61,Logistics,Operations,debit,reconciled,Bulk order advance,INR
TXN003130,2025-09-14,V0029,52067.01,Professional Services,Admin & Professional,debit,reconciled,Bulk order advance,INR
TXN003131,2026-01-17,V0038,58478.23,Facilities,Operations,debit,reconciled,Final settlement,INR
TXN003132,2025-08-16,V0012,121237.1,Raw Materials,Purchases,debit,reconciled,Freight charges,INR
TXN003133,2026-05-06,V0037,85250.98,Travel,Travel,debit,reconciled,Bulk order advance,INR
TXN003134,2026-04-10,V0005,7288.61,Raw Materials,Purchases,debit,reconciled,Subscription renewal,INR
TXN003135,2026-04-23,V0033,23676.86,Logistics,Operations,debit,reconciled,Utility bill,INR
TXN003136,2025-12-23,V0037,71078.23,Travel,Travel,debit,unreconciled,Final settlement,INR
TXN003137,2026-04-30,V0033,12257.17,Logistics,Operations,debit,unreconciled,Monthly service charge,INR
TXN003138,2025-11-12,V0005,24075.94,Raw Materials,Purchases,debit,reconciled,Monthly service charge,INR
TXN003139,2025-11-12,V0033,22659.19,Logistics,Operations,debit,reconciled,Subscription renewal,INR
TXN003140,2026-05-04,V0024,10826.54,IT Services,Technology,debit,reconciled,Quarterly retainer,INR
TXN003141,2026-02-25,,566584.0,Rent,Bank Charges,debit,reconciled,Monthly service charge,INR
TXN003142,2026-04-07,V0039,8210.48,Facilities,Operations,debit,reconciled,Subscription renewal,INR
TXN003143,2025-12-02,V0039,17628.61,Facilities,Operations,debit,reconciled,Bulk order advance,INR
TXN003144,2026-08-20,V0036,2626.46,Professional Services,Admin & Professional,debit,unreconciled,Annual contract,INR
TXN003145,2025-10-24,V0036,25452.2,Professional Services,Admin & Professional,debit,unreconciled,Bulk order advance,INR
TXN003146,2026-01-02,V0016,34270.06,IT Services,Technology,debit,reconciled,Repair and maintenance,INR
TXN003147,2026-06-17,V0025,28645.19,Logistics,Operations,debit,reconciled,Subscription renewal,INR
TXN003148,2025-10-06,V0028,6894.53,Raw Materials,Purchases,debit,reconciled,Subscription renewal,INR
TXN003149,2026-04-09,,2860.11,Bank Charges,Bank Charges,debit,reconciled,Monthly service charge,INR
TXN003150,2026-08-22,,905.02,Bank Charges,Bank Charges,debit,reconciled,Final settlement,INR
TXN003151,2026-04-04,V0024,20844.77,IT Services,Technology,debit,pending,Repair and maintenance,INR
TXN003152,2025-08-02,V0022,90793.96,Logistics,Operations,debit,reconciled,Monthly service charge,INR
TXN003153,2026-02-05,V0037,30048.58,Travel,Travel,debit,unreconciled,Freight charges,INR
TXN003154,2026-01-11,V0001,6612.55,Raw Materials,Purchases,debit,reconciled,Subscription renewal,INR
TXN003155,2026-07-09,,2667.96,Bank Charges,Bank Charges,debit,pending,Quarterly retainer,INR
TXN003156,2026-05-16,V0035,29989.12,Travel,Travel,debit,reconciled,Final settlement,INR
TXN003157,2025-10-18,,18634.41,Office Supplies,Bank Charges,debit,unreconciled,Freight charges,INR
TXN003158,2025-09-15,V0032,9613.69,Utilities,Utilities,debit,pending,Subscription renewal,INR
TXN003159,2026-05-22,,579537.11,Salaries & Benefits,Bank Charges,debit,reconciled,Bulk order advance,INR
TXN003160,2025-11-10,,114696.29,Office Supplies,Bank Charges,debit,pending,Subscription renewal,INR
TXN003161,2026-05-01,V0023,20711.67,Marketing,Marketing,debit,unreconciled,Subscription renewal,INR
TXN003162,2026-08-09,V0034,31626.3,Packaging,Purchases,debit,reconciled,Subscription renewal,INR
TXN003163,2025-11-07,V0029,46335.35,Professional Services,Admin & Professional,debit,reconciled,Repair and maintenance,INR
TXN003164,2026-04-17,V0039,18706.4,Facilities,Operations,debit,reconciled,Final settlement,INR
TXN003165,2026-08-24,V0040,32060.76,Professional Services,Admin & Professional,debit,unreconciled,Utility bill,INR
TXN003166,2025-09-19,,733003.04,Rent,Bank Charges,debit,reconciled,Freight charges,INR
TXN003167,2026-06-19,V0005,112669.97,Raw Materials,Purchases,debit,reconciled,Invoice payment,INR
TXN003168,2026-05-21,V0031,21742.8,Raw Materials,Purchases,debit,reconciled,Subscription renewal,INR
TXN003169,2026-05-02,V0031,6685.01,Raw Materials,Purchases,debit,reconciled,Annual contract,INR
TXN003170,2025-12-15,,227668.74,Rent,Bank Charges,debit,reconciled,Repair and maintenance,INR
TXN003171,2025-10-20,V0023,12238.39,Marketing,Marketing,debit,reconciled,Freight charges,INR
TXN003172,2026-04-27,V0039,22519.66,Facilities,Operations,debit,reconciled,Utility bill,INR
TXN003173,2025-09-02,V0034,14566.56,Packaging,Purchases,debit,reconciled,Repair and maintenance,INR
TXN003174,2026-04-03,,771957.96,Salaries & Benefits,Bank Charges,debit,pending,Subscription renewal,INR
TXN003175,2026-04-18,V0021,57643.73,Raw Materials,Purchases,debit,unreconciled,Repair and maintenance,INR
TXN003176,2026-07-02,V0019,11025.22,Raw Materials,Purchases,debit,reconciled,Freight charges,INR
TXN003177,2026-08-10,,797650.78,Salaries & Benefits,Bank Charges,debit,reconciled,Monthly service charge,INR
TXN003178,2026-06-25,V0026,3347.35,Manufacturing,Purchases,debit,reconciled,Subscription renewal,INR
TXN003179,2026-06-25,V0018,7285.87,Professional Services,Admin & Professional,debit,unreconciled,Final settlement,INR
TXN003180,2025-08-17,V0023,5319.23,Marketing,Marketing,debit,reconciled,Subscription renewal,INR
TXN003181,2025-10-27,V0032,5580.85,Utilities,Utilities,debit,reconciled,Freight charges,INR
TXN003182,2026-04-12,V0040,72338.4,Professional Services,Admin & Professional,debit,reconciled,Utility bill,INR
TXN003183,2026-03-10,V0037,92078.21,Travel,Travel,debit,reconciled,Final settlement,INR
TXN003184,2026-08-17,V0012,50946.13,Raw Materials,Purchases,debit,reconciled,Annual contract,INR
TXN003185,2025-09-27,V0007,51104.4,Professional Services,Admin & Professional,debit,reconciled,Quarterly retainer,INR
TXN003186,2026-01-27,V0037,17381.21,Travel,Travel,debit,pending,Final settlement,INR
TXN003187,2026-03-25,V0030,15181.96,Manufacturing,Purchases,debit,reconciled,Invoice payment,INR
TXN003188,2026-02-19,V0015,115939.25,Marketing,Marketing,debit,reconciled,Repair and maintenance,INR
TXN003189,2026-01-24,V0034,43797.52,Packaging,Purchases,debit,reconciled,Freight charges,INR
TXN003190,2026-04-28,V0021,24639.27,Raw Materials,Purchases,debit,reconciled,Utility bill,INR
TXN003191,2026-06-04,V0037,22650.41,Travel,Travel,debit,reconciled,Quarterly retainer,INR
TXN003192,2026-03-05,V0016,65234.89,IT Services,Technology,debit,pending,Bulk order advance,INR
TXN003193,2026-04-14,V0018,103598.28,Professional Services,Admin & Professional,debit,reconciled,Annual contract,INR
TXN003194,2026-06-18,,783766.69,Rent,Bank Charges,debit,unreconciled,Subscription renewal,INR
TXN003195,2026-04-14,V0031,13992.75,Raw Materials,Purchases,debit,reconciled,Bulk order advance,INR
TXN003196,2026-05-06,V0037,59684.0,Travel,Travel,debit,reconciled,Final settlement,INR
TXN003197,2026-04-03,V0004,15214.18,IT Services,Technology,debit,reconciled,Subscription renewal,INR
TXN003198,2026-05-28,,895385.42,Salaries & Benefits,Bank Charges,debit,reconciled,Annual contract,INR
TXN003199,2026-05-28,V0009,7374.87,IT Services,Technology,debit,reconciled,Repair and maintenance,INR
TXN003200,2026-06-26,V0004,42044.88,IT Services,Technology,debit,unreconciled,Invoice payment,INR
TXN003201,2026-06-07,,435823.05,Rent,Bank Charges,debit,pending,Monthly service charge,INR
TXN003202,2026-01-31,,414468.17,Rent,Bank Charges,debit,pending,Invoice payment,INR
TXN003203,2026-06-26,V0034,4954.12,Packaging,Purchases,debit,reconciled,Monthly service charge,INR
TXN003204,2025-10-07,V0019,2325.1,Raw Materials,Purchases,debit,unreconciled,Invoice payment,INR
TXN003205,2025-08-29,,372991.29,Salaries & Benefits,Bank Charges,debit,reconciled,Utility bill,INR
TXN003206,2026-04-06,V0037,35695.03,Travel,Travel,debit,unreconciled,Final settlement,INR
TXN003207,2026-01-16,V0018,28150.26,Professional Services,Admin & Professional,debit,unreconciled,Utility bill,INR
TXN003208,2025-10-21,,848848.24,Rent,Bank Charges,debit,reconciled,Quarterly retainer,INR
TXN003209,2026-04-06,V0032,18370.74,Utilities,Utilities,debit,reconciled,Invoice payment,INR
TXN003210,2025-12-31,V0016,53260.33,IT Services,Technology,debit,reconciled,Repair and maintenance,INR
TXN003211,2026-08-26,V0026,31215.44,Manufacturing,Purchases,debit,reconciled,Repair and maintenance,INR
TXN003212,2025-10-09,V0016,37838.9,IT Services,Technology,debit,pending,Invoice payment,INR
TXN003213,2026-02-28,V0019,80767.27,Raw Materials,Purchases,debit,unreconciled,Bulk order advance,INR
TXN003214,2026-01-18,V0005,13813.16,Raw Materials,Purchases,debit,reconciled,Repair and maintenance,INR
TXN003215,2026-03-20,V0039,11743.37,Facilities,Operations,debit,reconciled,Final settlement,INR
TXN003216,2026-06-17,V0035,25568.23,Travel,Travel,debit,reconciled,Freight charges,INR
TXN003217,2026-01-17,,560564.38,Salaries & Benefits,Bank Charges,debit,reconciled,Subscription renewal,INR
TXN003218,2026-08-04,,1337.31,Bank Charges,Bank Charges,debit,reconciled,Repair and maintenance,INR
TXN003219,2026-04-08,V0018,32943.5,Professional Services,Admin & Professional,debit,reconciled,Monthly service charge,INR
TXN003220,2025-12-13,V0034,21606.89,Packaging,Purchases,debit,reconciled,Monthly service charge,INR
TXN003221,2026-01-25,,861326.71,Salaries & Benefits,Bank Charges,debit,reconciled,Quarterly retainer,INR
TXN003222,2026-06-23,,1050.01,Bank Charges,Bank Charges,debit,reconciled,Bulk order advance,INR
TXN003223,2026-06-15,,842724.07,Salaries & Benefits,Bank Charges,debit,pending,Subscription renewal,INR
TXN003224,2026-07-06,V0019,244926.74,Raw Materials,Purchases,debit,reconciled,Utility bill,INR
TXN003225,2026-06-10,V0001,7571.2,Raw Materials,Purchases,debit,unreconciled,Invoice payment,INR
TXN003226,2026-08-09,V0022,13620.77,Logistics,Operations,debit,reconciled,Invoice payment,INR
TXN003227,2025-12-03,,177035.11,Rent,Bank Charges,debit,pending,Utility bill,INR
TXN003228,2026-05-07,V0031,11692.63,Raw Materials,Purchases,debit,reconciled,Quarterly retainer,INR
TXN003229,2026-08-01,V0031,92353.84,Raw Materials,Purchases,debit,pending,Subscription renewal,INR
TXN003230,2026-08-30,V0012,31860.69,Raw Materials,Purchases,debit,reconciled,Quarterly retainer,INR
TXN003231,2025-11-17,V0015,110384.13,Marketing,Marketing,debit,unreconciled,Subscription renewal,INR
TXN003232,2026-03-10,V0033,2871.86,Logistics,Operations,debit,reconciled,Invoice payment,INR
TXN003233,2026-06-15,V0021,17246.4,Raw Materials,Purchases,debit,unreconciled,Subscription renewal,INR
TXN003234,2026-04-17,V0024,61916.62,IT Services,Technology,debit,reconciled,Repair and maintenance,INR
TXN003235,2026-03-24,V0029,11662.28,Professional Services,Admin & Professional,debit,reconciled,Quarterly retainer,INR
TXN003236,2025-12-10,V0029,40856.0,Professional Services,Admin & Professional,debit,unreconciled,Repair and maintenance,INR
TXN003237,2026-02-23,V0007,32191.95,Professional Services,Admin & Professional,debit,reconciled,Subscription renewal,INR
TXN003238,2026-05-12,,351201.73,Rent,Bank Charges,debit,reconciled,Subscription renewal,INR
TXN003239,2026-04-13,,100083.37,Office Supplies,Bank Charges,debit,pending,Monthly service charge,INR
TXN003240,2026-01-13,V0011,25616.52,Marketing,Marketing,debit,reconciled,Subscription renewal,INR
TXN003241,2026-02-01,,521829.29,Salaries & Benefits,Bank Charges,debit,pending,Repair and maintenance,INR
TXN003242,2025-12-01,V0022,11380.88,Logistics,Operations,debit,pending,Repair and maintenance,INR
TXN003243,2026-03-24,V0026,5057.18,Manufacturing,Purchases,debit,reconciled,Subscription renewal,INR
TXN003244,2025-12-12,V0039,7979.4,Facilities,Operations,debit,reconciled,Subscription renewal,INR
TXN003245,2026-08-05,V0005,44455.68,Raw Materials,Purchases,debit,reconciled,Quarterly retainer,INR
TXN003246,2026-01-13,V0025,58054.72,Logistics,Operations,debit,unreconciled,Subscription renewal,INR
TXN003247,2025-09-21,V0017,59823.02,Manufacturing,Purchases,debit,reconciled,Final settlement,INR
TXN003248,2025-11-04,V0025,10404.14,Logistics,Operations,debit,reconciled,Invoice payment,INR
TXN003249,2026-02-13,,2223.2,Bank Charges,Bank Charges,debit,reconciled,Monthly service charge,INR
TXN003250,2026-04-28,V0022,125382.87,Logistics,Operations,debit,unreconciled,Repair and maintenance,INR
TXN003251,2025-08-11,V0007,36861.38,Professional Services,Admin & Professional,debit,pending,Final settlement,INR
TXN003252,2025-10-16,V0023,5352.57,Marketing,Marketing,debit,reconciled,Monthly service charge,INR
TXN003253,2026-05-28,V0018,10571.28,Professional Services,Admin & Professional,debit,reconciled,Freight charges,INR
TXN003254,2025-12-03,V0003,13117.69,Logistics,Operations,debit,pending,Repair and maintenance,INR
TXN003255,2025-10-28,V0018,3500.81,Professional Services,Admin & Professional,debit,unreconciled,Bulk order advance,INR
TXN003256,2026-03-31,V0007,39728.9,Professional Services,Admin & Professional,debit,reconciled,Repair and maintenance,INR
TXN003257,2025-08-22,V0001,25263.21,Raw Materials,Purchases,debit,reconciled,Monthly service charge,INR
TXN003258,2025-09-16,,802125.35,Rent,Bank Charges,debit,unreconciled,Bulk order advance,INR
TXN003259,2025-11-05,V0012,39903.77,Raw Materials,Purchases,debit,reconciled,Repair and maintenance,INR
TXN003260,2026-08-11,V0017,6421.31,Manufacturing,Purchases,debit,unreconciled,Annual contract,INR
TXN003261,2026-06-23,V0015,160673.02,Marketing,Marketing,debit,reconciled,Repair and maintenance,INR
TXN003262,2025-10-13,V0016,130921.8,IT Services,Technology,debit,reconciled,Final settlement,INR
TXN003263,2026-01-09,V0029,12265.34,Professional Services,Admin & Professional,debit,reconciled,Bulk order advance,INR
TXN003264,2025-11-12,V0001,23811.75,Raw Materials,Purchases,debit,reconciled,Bulk order advance,INR
TXN003265,2025-08-28,V0035,47491.04,Travel,Travel,debit,reconciled,Freight charges,INR
TXN003266,2025-10-15,V0022,199187.53,Logistics,Operations,debit,reconciled,Quarterly retainer,INR
TXN003267,2026-05-30,V0035,42330.56,Travel,Travel,debit,reconciled,Freight charges,INR
TXN003268,2026-04-28,V0019,24611.13,Raw Materials,Purchases,debit,reconciled,Freight charges,INR
TXN003269,2026-05-16,V0034,18573.62,Packaging,Purchases,debit,unreconciled,Quarterly retainer,INR
TXN003270,2026-06-07,V0009,38656.32,IT Services,Technology,debit,reconciled,Subscription renewal,INR
TXN003271,2025-08-15,V0032,15765.53,Utilities,Utilities,debit,reconciled,Final settlement,INR
TXN003272,2026-08-14,V0009,72241.52,IT Services,Technology,debit,reconciled,Subscription renewal,INR
TXN003273,2026-08-23,V0030,19310.41,Manufacturing,Purchases,debit,unreconciled,Freight charges,INR
TXN003274,2026-08-26,V0039,37394.46,Facilities,Operations,debit,unreconciled,Quarterly retainer,INR
TXN003275,2026-08-24,V0040,24364.29,Professional Services,Admin & Professional,debit,reconciled,Annual contract,INR
TXN003276,2025-08-02,,1978.36,Bank Charges,Bank Charges,debit,unreconciled,Monthly service charge,INR
TXN003277,2026-02-24,V0025,5785.57,Logistics,Operations,debit,reconciled,Utility bill,INR
TXN003278,2026-04-09,,299.65,Bank Charges,Bank Charges,debit,reconciled,Subscription renewal,INR
TXN003279,2025-12-22,V0021,1570.11,Raw Materials,Purchases,debit,reconciled,Repair and maintenance,INR
TXN003280,2026-07-23,,2971.94,Bank Charges,Bank Charges,debit,reconciled,Repair and maintenance,INR
TXN003281,2026-02-05,V0037,61170.17,Travel,Travel,debit,unreconciled,Freight charges,INR
TXN003282,2026-08-10,V0031,26717.5,Raw Materials,Purchases,debit,reconciled,Final settlement,INR
TXN003283,2026-03-31,V0025,36044.61,Logistics,Operations,debit,reconciled,Freight charges,INR
TXN003284,2025-12-23,V0029,14128.98,Professional Services,Admin & Professional,debit,reconciled,Annual contract,INR
TXN003285,2026-08-20,V0018,32327.42,Professional Services,Admin & Professional,debit,reconciled,Final settlement,INR
TXN003286,2025-10-03,V0035,19990.76,Travel,Travel,debit,reconciled,Repair and maintenance,INR
TXN003287,2025-11-17,V0014,32597.87,Logistics,Operations,debit,reconciled,Subscription renewal,INR
TXN003288,2026-07-05,V0018,17131.25,Professional Services,Admin & Professional,debit,reconciled,Monthly service charge,INR
TXN003289,2026-05-09,,510040.86,Salaries & Benefits,Bank Charges,debit,reconciled,Monthly service charge,INR
TXN003290,2026-07-07,V0016,18567.22,IT Services,Technology,debit,reconciled,Monthly service charge,INR
TXN003291,2026-02-02,V0038,56488.54,Facilities,Operations,debit,unreconciled,Freight charges,INR
TXN003292,2026-08-24,V0004,15994.3,IT Services,Technology,debit,reconciled,Freight charges,INR
TXN003293,2026-07-01,V0016,17515.85,IT Services,Technology,debit,reconciled,Quarterly retainer,INR
TXN003294,2026-04-11,V0037,6728.52,Travel,Travel,debit,reconciled,Bulk order advance,INR
TXN003295,2026-02-08,V0018,9160.55,Professional Services,Admin & Professional,debit,reconciled,Bulk order advance,INR
TXN003296,2026-02-14,,393384.81,Salaries & Benefits,Bank Charges,debit,unreconciled,Bulk order advance,INR
TXN003297,2026-05-24,V0015,9271.81,Marketing,Marketing,debit,unreconciled,Freight charges,INR
TXN003298,2025-12-18,V0039,7503.16,Facilities,Operations,debit,reconciled,Utility bill,INR
TXN003299,2026-06-15,V0011,34933.51,Marketing,Marketing,debit,reconciled,Repair and maintenance,INR
TXN003300,2026-04-15,,347.2,Bank Charges,Bank Charges,debit,reconciled,Bulk order advance,INR
TXN003301,2026-02-19,V0005,94312.86,Raw Materials,Purchases,debit,unreconciled,Monthly service charge,INR
TXN003302,2026-01-02,,831443.61,Salaries & Benefits,Bank Charges,debit,pending,Invoice payment,INR
TXN003303,2025-10-03,,681786.58,Salaries & Benefits,Bank Charges,debit,reconciled,Monthly service charge,INR
TXN003304,2026-05-19,V0023,15427.58,Marketing,Marketing,debit,reconciled,Subscription renewal,INR
TXN003305,2026-06-16,,504213.32,Salaries & Benefits,Bank Charges,debit,reconciled,Subscription renewal,INR
TXN003306,2025-12-06,,201.84,Bank Charges,Bank Charges,debit,unreconciled,Quarterly retainer,INR
TXN003307,2026-01-20,V0015,41907.37,Marketing,Marketing,debit,reconciled,Monthly service charge,INR
TXN003308,2026-06-14,V0038,19224.72,Facilities,Operations,debit,unreconciled,Utility bill,INR
TXN003309,2026-01-19,V0009,43285.98,IT Services,Technology,debit,reconciled,Invoice payment,INR
TXN003310,2026-06-02,,1019.78,Bank Charges,Bank Charges,debit,unreconciled,Repair and maintenance,INR
TXN003311,2026-03-13,V0006,18550.01,Logistics,Operations,debit,reconciled,Invoice payment,INR
TXN003312,2026-08-13,,1947.22,Bank Charges,Bank Charges,debit,reconciled,Annual contract,INR
TXN003313,2025-12-17,V0016,7056.69,IT Services,Technology,debit,reconciled,Utility bill,INR
TXN003314,2026-02-20,,87492.68,Office Supplies,Bank Charges,debit,reconciled,Repair and maintenance,INR
TXN003315,2025-10-20,V0016,155914.54,IT Services,Technology,debit,reconciled,Subscription renewal,INR
TXN003316,2026-04-20,,452434.18,Rent,Bank Charges,debit,reconciled,Utility bill,INR
TXN003317,2026-06-04,V0031,22033.11,Raw Materials,Purchases,debit,pending,Quarterly retainer,INR
TXN003318,2026-01-07,,2988.62,Bank Charges,Bank Charges,debit,reconciled,Monthly service charge,INR
TXN003319,2025-08-14,,612.53,Bank Charges,Bank Charges,debit,unreconciled,Bulk order advance,INR
TXN003320,2026-01-12,,44183.14,Office Supplies,Bank Charges,debit,pending,Invoice payment,INR
TXN003321,2025-10-15,,445902.01,Salaries & Benefits,Bank Charges,debit,reconciled,Quarterly retainer,INR
TXN003322,2025-10-20,V0007,2517.79,Professional Services,Admin & Professional,debit,unreconciled,Final settlement,INR
TXN003323,2026-08-21,V0019,19200.33,Raw Materials,Purchases,debit,pending,Bulk order advance,INR
TXN003324,2026-06-21,,629843.79,Rent,Bank Charges,debit,reconciled,Subscription renewal,INR
TXN003325,2026-01-18,,110.37,Bank Charges,Bank Charges,debit,reconciled,Repair and maintenance,INR
TXN003326,2026-05-14,,43264.94,Office Supplies,Bank Charges,debit,pending,Repair and maintenance,INR
TXN003327,2026-08-09,V0031,31239.16,Raw Materials,Purchases,debit,reconciled,Freight charges,INR
TXN003328,2026-08-21,V0012,34940.64,Raw Materials,Purchases,debit,reconciled,Quarterly retainer,INR
TXN003329,2026-06-01,V0023,9915.64,Marketing,Marketing,debit,reconciled,Freight charges,INR
TXN003330,2026-07-14,,661269.11,Rent,Bank Charges,debit,reconciled,Bulk order advance,INR
TXN003331,2026-07-08,,1512.07,Bank Charges,Bank Charges,debit,unreconciled,Utility bill,INR
TXN003332,2025-12-31,V0031,60698.49,Raw Materials,Purchases,debit,reconciled,Repair and maintenance,INR
TXN003333,2026-03-02,V0021,46360.78,Raw Materials,Purchases,debit,pending,Repair and maintenance,INR
TXN003334,2026-01-31,V0034,15990.15,Packaging,Purchases,debit,reconciled,Monthly service charge,INR
TXN003335,2026-05-26,V0006,93624.28,Logistics,Operations,debit,reconciled,Repair and maintenance,INR
TXN003336,2026-05-09,,126.43,Bank Charges,Bank Charges,debit,reconciled,Quarterly retainer,INR
TXN003337,2026-03-08,V0034,209332.31,Packaging,Purchases,debit,reconciled,Freight charges,INR
TXN003338,2025-10-12,V0015,17755.21,Marketing,Marketing,debit,unreconciled,Freight charges,INR
TXN003339,2025-08-21,,132644.44,Office Supplies,Bank Charges,debit,reconciled,Utility bill,INR
TXN003340,2026-06-11,V0033,5291.36,Logistics,Operations,debit,reconciled,Repair and maintenance,INR
TXN003341,2025-10-01,V0007,16491.82,Professional Services,Admin & Professional,debit,reconciled,Bulk order advance,INR
TXN003342,2026-07-13,,2989.12,Bank Charges,Bank Charges,debit,reconciled,Bulk order advance,INR
TXN003343,2026-08-10,V0034,31883.36,Packaging,Purchases,debit,unreconciled,Invoice payment,INR
TXN003344,2026-05-04,V0003,11650.96,Logistics,Operations,debit,reconciled,Monthly service charge,INR
TXN003345,2026-03-18,V0030,34555.06,Manufacturing,Purchases,debit,reconciled,Annual contract,INR
TXN003346,2025-08-06,V0006,15103.53,Logistics,Operations,debit,reconciled,Bulk order advance,INR
TXN003347,2026-06-14,V0001,14669.52,Raw Materials,Purchases,debit,reconciled,Freight charges,INR
TXN003348,2025-08-16,V0031,53396.31,Raw Materials,Purchases,debit,reconciled,Freight charges,INR
TXN003349,2026-04-08,V0034,137745.41,Packaging,Purchases,debit,reconciled,Utility bill,INR
TXN003350,2026-08-02,V0036,23781.88,Professional Services,Admin & Professional,debit,unreconciled,Repair and maintenance,INR
TXN003351,2025-11-20,V0022,32191.87,Logistics,Operations,debit,pending,Bulk order advance,INR
TXN003352,2026-06-26,V0007,13966.3,Professional Services,Admin & Professional,debit,reconciled,Repair and maintenance,INR
TXN003353,2026-01-11,V0025,21058.5,Logistics,Operations,debit,reconciled,Utility bill,INR
TXN003354,2025-08-16,V0040,80691.87,Professional Services,Admin & Professional,debit,unreconciled,Invoice payment,INR
TXN003355,2026-02-15,,614862.32,Salaries & Benefits,Bank Charges,debit,reconciled,Utility bill,INR
TXN003356,2026-05-01,V0016,14419.65,IT Services,Technology,debit,reconciled,Quarterly retainer,INR
TXN003357,2025-09-21,,156324.87,Rent,Bank Charges,debit,unreconciled,Quarterly retainer,INR
TXN003358,2025-11-09,V0031,5720.02,Raw Materials,Purchases,debit,reconciled,Repair and maintenance,INR
TXN003359,2026-07-11,V0015,72903.2,Marketing,Marketing,debit,reconciled,Utility bill,INR
TXN003360,2026-05-28,,97007.33,Office Supplies,Bank Charges,debit,reconciled,Quarterly retainer,INR
TXN003361,2026-03-22,V0031,79932.15,Raw Materials,Purchases,debit,reconciled,Quarterly retainer,INR
TXN003362,2025-12-30,V0031,17964.08,Raw Materials,Purchases,debit,reconciled,Final settlement,INR
TXN003363,2025-08-12,,563963.83,Salaries & Benefits,Bank Charges,debit,reconciled,Subscription renewal,INR
TXN003364,2025-10-16,,115669.05,Office Supplies,Bank Charges,debit,pending,Freight charges,INR
TXN003365,2026-02-15,V0001,8953.28,Raw Materials,Purchases,debit,unreconciled,Bulk order advance,INR
TXN003366,2026-01-09,V0012,56002.6,Raw Materials,Purchases,debit,reconciled,Subscription renewal,INR
TXN003367,2026-05-17,,642951.4,Rent,Bank Charges,debit,unreconciled,Invoice payment,INR
TXN003368,2026-06-24,V0015,115990.01,Marketing,Marketing,debit,reconciled,Freight charges,INR
TXN003369,2026-08-15,V0029,10663.3,Professional Services,Admin & Professional,debit,reconciled,Final settlement,INR
TXN003370,2025-09-12,V0007,11230.93,Professional Services,Admin & Professional,debit,reconciled,Subscription renewal,INR
TXN003371,2025-12-19,V0014,5155.45,Logistics,Operations,debit,reconciled,Monthly service charge,INR
TXN003372,2026-07-16,V0001,38911.06,Raw Materials,Purchases,debit,reconciled,Quarterly retainer,INR
TXN003373,2026-04-13,V0029,10921.46,Professional Services,Admin & Professional,debit,reconciled,Bulk order advance,INR
TXN003374,2025-11-13,V0002,53953.87,Manufacturing,Purchases,debit,pending,Final settlement,INR
TXN003375,2026-01-28,V0039,49224.73,Facilities,Operations,debit,reconciled,Final settlement,INR
TXN003376,2026-04-26,,651056.6,Salaries & Benefits,Bank Charges,debit,reconciled,Final settlement,INR
TXN003377,2026-02-28,,1625.12,Bank Charges,Bank Charges,debit,reconciled,Bulk order advance,INR
TXN003378,2026-01-10,V0007,31734.25,Professional Services,Admin & Professional,debit,reconciled,Invoice payment,INR
TXN003379,2026-01-18,V0019,14196.96,Raw Materials,Purchases,debit,reconciled,Bulk order advance,INR
TXN003380,2025-10-27,V0001,2885.34,Raw Materials,Purchases,debit,reconciled,Utility bill,INR
TXN003381,2026-06-19,,54746.12,Office Supplies,Bank Charges,debit,unreconciled,Monthly service charge,INR
TXN003382,2025-12-22,V0022,26279.69,Logistics,Operations,debit,unreconciled,Final settlement,INR
TXN003383,2025-12-14,,6054.66,Office Supplies,Bank Charges,debit,unreconciled,Invoice payment,INR
TXN003384,2026-02-14,V0037,78693.46,Travel,Travel,debit,reconciled,Monthly service charge,INR
TXN003385,2026-02-03,,496977.77,Rent,Bank Charges,debit,unreconciled,Utility bill,INR
TXN003386,2026-06-30,,165523.28,Rent,Bank Charges,debit,reconciled,Final settlement,INR
TXN003387,2026-02-01,V0040,66107.81,Professional Services,Admin & Professional,debit,reconciled,Subscription renewal,INR
TXN003388,2026-06-11,,22058.98,Office Supplies,Bank Charges,debit,reconciled,Invoice payment,INR
TXN003389,2026-02-20,,651321.62,Salaries & Benefits,Bank Charges,debit,reconciled,Freight charges,INR
TXN003390,2026-07-26,V0030,7340.44,Manufacturing,Purchases,debit,reconciled,Annual contract,INR
TXN003391,2026-05-18,,69529.45,Office Supplies,Bank Charges,debit,reconciled,Bulk order advance,INR
TXN003392,2026-04-27,,603372.71,Salaries & Benefits,Bank Charges,debit,reconciled,Annual contract,INR
TXN003393,2026-08-11,V0006,24384.5,Logistics,Operations,debit,reconciled,Final settlement,INR
TXN003394,2025-09-24,V0007,4781.4,Professional Services,Admin & Professional,debit,pending,Monthly service charge,INR
TXN003395,2026-06-23,V0038,18053.83,Facilities,Operations,debit,reconciled,Utility bill,INR
TXN003396,2026-05-10,V0007,24290.09,Professional Services,Admin & Professional,debit,reconciled,Repair and maintenance,INR
TXN003397,2026-04-27,,66910.65,Office Supplies,Bank Charges,debit,reconciled,Freight charges,INR
TXN003398,2026-07-10,,123168.02,Office Supplies,Bank Charges,debit,reconciled,Monthly service charge,INR
TXN003399,2025-11-19,V0034,30689.03,Packaging,Purchases,debit,pending,Quarterly retainer,INR
TXN003400,2026-06-12,,865319.5,Salaries & Benefits,Bank Charges,debit,reconciled,Annual contract,INR
TXN003401,2026-01-23,V0024,19282.76,IT Services,Technology,debit,reconciled,Invoice payment,INR
TXN003402,2026-08-15,V0001,72315.26,Raw Materials,Purchases,debit,unreconciled,Bulk order advance,INR
TXN003403,2026-03-31,,2239.13,Bank Charges,Bank Charges,debit,reconciled,Monthly service charge,INR
TXN003404,2026-02-08,V0036,51026.14,Professional Services,Admin & Professional,debit,reconciled,Invoice payment,INR
TXN003405,2026-03-30,V0001,42561.99,Raw Materials,Purchases,debit,unreconciled,Quarterly retainer,INR
TXN003406,2026-08-21,,284990.76,Salaries & Benefits,Bank Charges,debit,reconciled,Repair and maintenance,INR
TXN003407,2025-08-20,V0011,28181.16,Marketing,Marketing,debit,reconciled,Freight charges,INR
TXN003408,2026-06-14,V0007,28062.44,Professional Services,Admin & Professional,debit,reconciled,Invoice payment,INR
TXN003409,2026-02-20,,241323.03,Salaries & Benefits,Bank Charges,debit,reconciled,Freight charges,INR
TXN003410,2026-03-05,V0018,49076.26,Professional Services,Admin & Professional,debit,reconciled,Utility bill,INR
TXN003411,2025-08-03,V0028,10550.05,Raw Materials,Purchases,debit,reconciled,Freight charges,INR
TXN003412,2026-02-17,V0016,19992.81,IT Services,Technology,debit,reconciled,Repair and maintenance,INR
TXN003413,2025-10-03,V0031,9421.46,Raw Materials,Purchases,debit,pending,Final settlement,INR
TXN003414,2025-10-14,V0037,17019.63,Travel,Travel,debit,reconciled,Bulk order advance,INR
TXN003415,2025-09-24,V0037,20868.05,Travel,Travel,debit,reconciled,Utility bill,INR
TXN003416,2026-07-22,V0025,29489.0,Logistics,Operations,debit,reconciled,Quarterly retainer,INR
TXN003417,2026-03-12,V0007,3034.52,Professional Services,Admin & Professional,debit,reconciled,Annual contract,INR
TXN003418,2026-03-19,V0037,11733.99,Travel,Travel,debit,reconciled,Monthly service charge,INR
TXN003419,2025-09-26,V0015,52814.79,Marketing,Marketing,debit,pending,Final settlement,INR
TXN003420,2026-03-13,V0015,34469.51,Marketing,Marketing,debit,reconciled,Utility bill,INR
TXN003421,2026-05-24,V0021,56491.66,Raw Materials,Purchases,debit,unreconciled,Bulk order advance,INR
TXN003422,2026-08-07,V0039,10634.75,Facilities,Operations,debit,unreconciled,Monthly service charge,INR
TXN003423,2025-10-19,,129.25,Bank Charges,Bank Charges,debit,reconciled,Utility bill,INR
TXN003424,2026-07-31,V0018,22565.17,Professional Services,Admin & Professional,debit,reconciled,Invoice payment,INR
TXN003425,2026-05-03,V0031,3651.58,Raw Materials,Purchases,debit,pending,Subscription renewal,INR
TXN003426,2026-03-05,V0025,47176.54,Logistics,Operations,debit,pending,Freight charges,INR
TXN003427,2026-03-14,,2222.28,Bank Charges,Bank Charges,debit,reconciled,Invoice payment,INR
TXN003428,2025-12-30,V0022,39782.36,Logistics,Operations,debit,unreconciled,Freight charges,INR
TXN003429,2025-12-24,V0026,24862.35,Manufacturing,Purchases,debit,reconciled,Repair and maintenance,INR
TXN003430,2026-01-02,,341225.02,Salaries & Benefits,Bank Charges,debit,reconciled,Subscription renewal,INR
TXN003431,2025-12-27,V0032,17868.74,Utilities,Utilities,debit,reconciled,Repair and maintenance,INR
TXN003432,2025-12-07,V0033,27148.35,Logistics,Operations,debit,reconciled,Final settlement,INR
TXN003433,2026-04-05,V0029,48168.87,Professional Services,Admin & Professional,debit,reconciled,Invoice payment,INR
TXN003434,2025-10-02,V0039,4920.86,Facilities,Operations,debit,reconciled,Freight charges,INR
TXN003435,2026-07-08,V0033,22486.47,Logistics,Operations,debit,reconciled,Final settlement,INR
TXN003436,2026-05-29,,2681.23,Bank Charges,Bank Charges,debit,unreconciled,Final settlement,INR
TXN003437,2026-07-01,V0038,51405.73,Facilities,Operations,debit,reconciled,Freight charges,INR
TXN003438,2025-12-07,V0019,30023.54,Raw Materials,Purchases,debit,reconciled,Repair and maintenance,INR
TXN003439,2026-01-07,V0017,10348.65,Manufacturing,Purchases,debit,reconciled,Annual contract,INR
TXN003440,2026-04-11,V0029,44459.59,Professional Services,Admin & Professional,debit,reconciled,Final settlement,INR
TXN003441,2026-08-24,,89641.86,Office Supplies,Bank Charges,debit,unreconciled,Bulk order advance,INR
TXN003442,2026-03-10,,176025.79,Salaries & Benefits,Bank Charges,debit,reconciled,Final settlement,INR
TXN003443,2026-03-10,V0003,18081.21,Logistics,Operations,debit,reconciled,Bulk order advance,INR
TXN003444,2025-12-01,V0001,69223.27,Raw Materials,Purchases,debit,reconciled,Subscription renewal,INR
TXN003445,2026-04-30,V0032,16021.14,Utilities,Utilities,debit,reconciled,Quarterly retainer,INR
TXN003446,2026-06-21,V0025,10610.9,Logistics,Operations,debit,reconciled,Quarterly retainer,INR
TXN003447,2025-11-23,V0032,52632.42,Utilities,Utilities,debit,reconciled,Freight charges,INR
TXN003448,2026-01-15,,827968.41,Rent,Bank Charges,debit,reconciled,Annual contract,INR
TXN003449,2026-08-12,V0015,20066.7,Marketing,Marketing,debit,reconciled,Subscription renewal,INR
TXN003450,2026-02-18,,253041.13,Salaries & Benefits,Bank Charges,debit,reconciled,Quarterly retainer,INR
TXN003451,2026-03-23,V0023,65483.9,Marketing,Marketing,debit,pending,Quarterly retainer,INR
TXN003452,2025-08-03,V0040,70782.01,Professional Services,Admin & Professional,debit,reconciled,Invoice payment,INR
TXN003453,2026-08-12,V0025,36114.04,Logistics,Operations,debit,pending,Quarterly retainer,INR
TXN003454,2026-02-04,V0028,208530.07,Raw Materials,Purchases,debit,unreconciled,Subscription renewal,INR
TXN003455,2026-05-06,V0007,10454.29,Professional Services,Admin & Professional,debit,reconciled,Bulk order advance,INR
TXN003456,2026-05-19,V0012,98962.17,Raw Materials,Purchases,debit,reconciled,Invoice payment,INR
TXN003457,2026-03-16,,466.37,Bank Charges,Bank Charges,debit,reconciled,Repair and maintenance,INR
TXN003458,2026-02-05,V0039,48515.95,Facilities,Operations,debit,reconciled,Monthly service charge,INR
TXN003459,2026-04-28,,462.16,Bank Charges,Bank Charges,debit,reconciled,Bulk order advance,INR
TXN003460,2026-08-12,V0012,11470.63,Raw Materials,Purchases,debit,pending,Monthly service charge,INR
TXN003461,2026-04-08,V0030,26237.01,Manufacturing,Purchases,debit,reconciled,Subscription renewal,INR
TXN003462,2026-03-16,V0039,18704.32,Facilities,Operations,debit,pending,Final settlement,INR
TXN003463,2025-09-19,V0019,22734.76,Raw Materials,Purchases,debit,reconciled,Annual contract,INR
TXN003464,2026-05-23,V0006,13743.94,Logistics,Operations,debit,reconciled,Monthly service charge,INR
TXN003465,2026-07-28,V0030,37503.77,Manufacturing,Purchases,debit,reconciled,Final settlement,INR
TXN003466,2025-11-19,V0036,37314.95,Professional Services,Admin & Professional,debit,pending,Repair and maintenance,INR
TXN003467,2026-05-18,V0019,12900.77,Raw Materials,Purchases,debit,pending,Monthly service charge,INR
TXN003468,2026-05-16,,2508.04,Bank Charges,Bank Charges,debit,unreconciled,Repair and maintenance,INR
TXN003469,2025-08-24,V0015,14282.91,Marketing,Marketing,debit,unreconciled,Subscription renewal,INR
TXN003470,2025-12-01,V0034,32284.86,Packaging,Purchases,debit,reconciled,Invoice payment,INR
TXN003471,2025-10-16,V0037,19527.61,Travel,Travel,debit,reconciled,Monthly service charge,INR
TXN003472,2026-06-18,V0037,22398.25,Travel,Travel,debit,reconciled,Quarterly retainer,INR
TXN003473,2025-11-20,V0033,103998.24,Logistics,Operations,debit,reconciled,Bulk order advance,INR
TXN003474,2026-02-07,,362764.72,Salaries & Benefits,Bank Charges,debit,reconciled,Freight charges,INR
TXN003475,2026-01-06,,761.92,Bank Charges,Bank Charges,debit,reconciled,Bulk order advance,INR
TXN003476,2026-01-07,,791753.01,Rent,Bank Charges,debit,pending,Quarterly retainer,INR
TXN003477,2026-07-17,V0024,10190.08,IT Services,Technology,debit,unreconciled,Freight charges,INR
TXN003478,2026-07-12,V0032,87428.87,Utilities,Utilities,debit,reconciled,Subscription renewal,INR
TXN003479,2026-05-30,V0019,16760.2,Raw Materials,Purchases,debit,reconciled,Invoice payment,INR
TXN003480,2025-12-25,,779384.29,Salaries & Benefits,Bank Charges,debit,reconciled,Bulk order advance,INR
TXN003481,2025-08-24,V0015,71011.06,Marketing,Marketing,debit,reconciled,Annual contract,INR
TXN003482,2026-03-12,V0007,11164.94,Professional Services,Admin & Professional,debit,reconciled,Bulk order advance,INR
TXN003483,2026-08-13,,575824.36,Salaries & Benefits,Bank Charges,debit,reconciled,Invoice payment,INR
TXN003484,2026-07-13,V0029,13793.37,Professional Services,Admin & Professional,debit,pending,Freight charges,INR
TXN003485,2025-11-17,V0031,51552.77,Raw Materials,Purchases,debit,reconciled,Invoice payment,INR
TXN003486,2026-03-13,V0016,20454.58,IT Services,Technology,debit,reconciled,Subscription renewal,INR
TXN003487,2026-05-17,V0011,22743.09,Marketing,Marketing,debit,reconciled,Repair and maintenance,INR
TXN003488,2026-01-19,V0018,34419.11,Professional Services,Admin & Professional,debit,reconciled,Monthly service charge,INR
TXN003489,2026-08-20,,121271.91,Office Supplies,Bank Charges,debit,reconciled,Monthly service charge,INR
TXN003490,2026-06-07,V0007,17492.06,Professional Services,Admin & Professional,debit,unreconciled,Bulk order advance,INR
TXN003491,2026-02-24,V0003,48983.72,Logistics,Operations,debit,reconciled,Invoice payment,INR
TXN003492,2026-02-19,V0035,13721.89,Travel,Travel,debit,reconciled,Utility bill,INR
TXN003493,2026-06-12,,878897.5,Salaries & Benefits,Bank Charges,debit,pending,Invoice payment,INR
TXN003494,2026-07-15,,212538.56,Salaries & Benefits,Bank Charges,debit,reconciled,Repair and maintenance,INR
TXN003495,2025-11-26,V0015,7937.45,Marketing,Marketing,debit,unreconciled,Utility bill,INR
TXN003496,2025-08-27,V0021,26412.03,Raw Materials,Purchases,debit,pending,Bulk order advance,INR
TXN003497,2026-06-09,V0001,11702.1,Raw Materials,Purchases,debit,reconciled,Repair and maintenance,INR
TXN003498,2026-08-11,V0005,13694.67,Raw Materials,Purchases,debit,reconciled,Quarterly retainer,INR
TXN003499,2026-05-31,V0005,26152.42,Raw Materials,Purchases,debit,reconciled,Annual contract,INR
TXN003500,2025-08-18,,93741.35,Office Supplies,Bank Charges,debit,unreconciled,Bulk order advance,INR
TXN003501,2026-07-22,,73.02,Bank Charges,Bank Charges,credit,reconciled,Annual contract,INR
TXN003502,2026-02-09,,123303.48,Office Supplies,Bank Charges,debit,reconciled,Final settlement,INR
TXN003503,2026-07-31,,363508.65,Salaries & Benefits,Bank Charges,debit,reconciled,Quarterly retainer,INR
TXN003504,2026-06-17,V0032,29198.26,Utilities,Utilities,debit,reconciled,Utility bill,INR
TXN003505,2025-12-09,V0030,66562.67,Manufacturing,Purchases,debit,reconciled,Utility bill,INR
TXN003506,2026-08-04,V0006,16577.8,Logistics,Operations,debit,reconciled,Monthly service charge,INR
TXN003507,2026-05-07,V0031,43589.16,Raw Materials,Purchases,debit,reconciled,Monthly service charge,INR
TXN003508,2026-08-24,V0021,38562.59,Raw Materials,Purchases,debit,reconciled,Bulk order advance,INR
TXN003509,2026-04-10,V0006,52234.56,Logistics,Operations,debit,reconciled,Quarterly retainer,INR
TXN003510,2026-03-28,,702641.16,Rent,Bank Charges,debit,reconciled,Repair and maintenance,INR
TXN003511,2026-02-16,V0012,34640.69,Raw Materials,Purchases,debit,reconciled,Repair and maintenance,INR
TXN003512,2025-08-12,V0031,20591.53,Raw Materials,Purchases,debit,reconciled,Final settlement,INR
TXN003513,2025-12-18,V0015,14547.54,Marketing,Marketing,debit,reconciled,Freight charges,INR
TXN003514,2026-07-08,V0004,24168.89,IT Services,Technology,debit,reconciled,Invoice payment,INR
TXN003515,2025-11-27,V0032,14416.78,Utilities,Utilities,debit,reconciled,Freight charges,INR
TXN003516,2025-10-10,V0026,4019.35,Manufacturing,Purchases,debit,pending,Monthly service charge,INR
TXN003517,2026-06-19,V0001,28478.4,Raw Materials,Purchases,debit,reconciled,Invoice payment,INR
TXN003518,2026-07-29,V0030,25784.1,Manufacturing,Purchases,debit,reconciled,Invoice payment,INR
TXN003519,2026-03-27,V0025,22443.83,Logistics,Operations,debit,reconciled,Monthly service charge,INR
TXN003520,2026-03-18,V0029,17635.19,Professional Services,Admin & Professional,debit,reconciled,Bulk order advance,INR
TXN003521,2026-04-24,V0005,69913.63,Raw Materials,Purchases,debit,pending,Subscription renewal,INR
TXN003522,2026-07-22,V0022,119868.43,Logistics,Operations,debit,reconciled,Final settlement,INR
TXN003523,2025-08-15,V0003,22479.04,Logistics,Operations,debit,pending,Freight charges,INR
TXN003524,2026-03-27,V0003,158543.48,Logistics,Operations,debit,reconciled,Final settlement,INR
TXN003525,2026-01-04,V0037,20573.32,Travel,Travel,debit,reconciled,Bulk order advance,INR
TXN003526,2026-07-12,V0023,6627.5,Marketing,Marketing,debit,reconciled,Freight charges,INR
TXN003527,2025-11-06,V0032,34010.17,Utilities,Utilities,debit,pending,Invoice payment,INR
TXN003528,2026-06-10,V0025,36994.35,Logistics,Operations,debit,reconciled,Utility bill,INR
TXN003529,2025-12-25,V0015,38727.63,Marketing,Marketing,debit,reconciled,Repair and maintenance,INR
TXN003530,2026-01-25,V0012,21233.76,Raw Materials,Purchases,debit,reconciled,Monthly service charge,INR
TXN003531,2026-04-22,,9421.62,Office Supplies,Bank Charges,debit,reconciled,Bulk order advance,INR
TXN003532,2025-09-29,V0037,9439.14,Travel,Travel,debit,reconciled,Repair and maintenance,INR
TXN003533,2026-03-01,V0007,97150.95,Professional Services,Admin & Professional,debit,reconciled,Bulk order advance,INR
TXN003534,2025-08-17,V0015,12759.02,Marketing,Marketing,debit,unreconciled,Final settlement,INR
TXN003535,2026-08-25,V0018,60960.64,Professional Services,Admin & Professional,debit,pending,Repair and maintenance,INR
TXN003536,2025-12-26,V0035,41533.63,Travel,Travel,debit,reconciled,Final settlement,INR
TXN003537,2026-04-05,V0040,15145.06,Professional Services,Admin & Professional,debit,reconciled,Monthly service charge,INR
TXN003538,2025-12-26,V0029,26985.83,Professional Services,Admin & Professional,debit,reconciled,Bulk order advance,INR
TXN003539,2026-06-25,,1420.92,Bank Charges,Bank Charges,debit,reconciled,Quarterly retainer,INR
TXN003540,2026-06-04,V0012,16926.62,Raw Materials,Purchases,debit,unreconciled,Monthly service charge,INR
TXN003541,2026-08-27,V0007,21794.31,Professional Services,Admin & Professional,debit,pending,Freight charges,INR
TXN003542,2026-07-15,,854827.32,Rent,Bank Charges,debit,unreconciled,Quarterly retainer,INR
TXN003543,2026-06-20,V0021,65571.57,Raw Materials,Purchases,debit,reconciled,Invoice payment,INR
TXN003544,2026-06-01,V0013,23836.44,Utilities,Utilities,debit,reconciled,Monthly service charge,INR
TXN003545,2026-04-09,V0032,9134.56,Utilities,Utilities,debit,reconciled,Final settlement,INR
TXN003546,2026-01-20,V0007,44216.05,Professional Services,Admin & Professional,debit,pending,Monthly service charge,INR
TXN003547,2026-06-14,V0034,115935.57,Packaging,Purchases,debit,reconciled,Monthly service charge,INR
TXN003548,2025-08-31,V0037,7931.56,Travel,Travel,debit,reconciled,Monthly service charge,INR
TXN003549,2026-05-13,V0030,114786.58,Manufacturing,Purchases,debit,reconciled,Invoice payment,INR
TXN003550,2025-12-25,V0036,10681.95,Professional Services,Admin & Professional,debit,reconciled,Bulk order advance,INR
TXN003551,2026-06-24,V0018,17626.1,Professional Services,Admin & Professional,debit,pending,Repair and maintenance,INR
TXN003552,2026-07-29,,492717.98,Salaries & Benefits,Bank Charges,debit,reconciled,Subscription renewal,INR
TXN003553,2026-04-08,V0029,13897.94,Professional Services,Admin & Professional,debit,reconciled,Freight charges,INR
TXN003554,2026-07-04,,59102.95,Office Supplies,Bank Charges,debit,reconciled,Quarterly retainer,INR
TXN003555,2025-11-20,V0033,29148.36,Logistics,Operations,debit,unreconciled,Bulk order advance,INR
TXN003556,2025-11-30,V0035,32995.58,Travel,Travel,debit,reconciled,Annual contract,INR
TXN003557,2025-08-08,,308609.28,Rent,Bank Charges,debit,reconciled,Subscription renewal,INR
TXN003558,2026-01-15,,13973.81,Office Supplies,Bank Charges,debit,reconciled,Subscription renewal,INR
TXN003559,2026-02-11,V0031,104039.12,Raw Materials,Purchases,debit,unreconciled,Monthly service charge,INR
TXN003560,2026-01-24,V0005,9044.76,Raw Materials,Purchases,debit,reconciled,Repair and maintenance,INR
TXN003561,2026-01-20,V0015,4726.06,Marketing,Marketing,debit,unreconciled,Annual contract,INR
TXN003562,2026-07-18,V0019,58794.63,Raw Materials,Purchases,debit,reconciled,Final settlement,INR
TXN003563,2026-08-08,V0038,12577.63,Facilities,Operations,debit,unreconciled,Utility bill,INR
TXN003564,2026-03-03,V0029,34061.18,Professional Services,Admin & Professional,debit,reconciled,Repair and maintenance,INR
TXN003565,2026-04-03,V0030,13485.83,Manufacturing,Purchases,debit,reconciled,Subscription renewal,INR
TXN003566,2025-11-16,,522263.27,Rent,Bank Charges,debit,reconciled,Annual contract,INR
TXN003567,2025-10-18,V0021,10686.98,Raw Materials,Purchases,debit,reconciled,Annual contract,INR
TXN003568,2025-12-23,V0026,2199.25,Manufacturing,Purchases,debit,reconciled,Utility bill,INR
TXN003569,2026-03-31,V0029,22340.89,Professional Services,Admin & Professional,debit,unreconciled,Monthly service charge,INR
TXN003570,2026-07-17,,40255.74,Office Supplies,Bank Charges,debit,reconciled,Annual contract,INR
TXN003571,2025-11-05,V0025,288592.02,Logistics,Operations,debit,pending,Bulk order advance,INR
TXN003572,2026-07-21,V0016,62650.47,IT Services,Technology,debit,reconciled,Subscription renewal,INR
TXN003573,2025-11-12,,10112.14,Office Supplies,Bank Charges,debit,reconciled,Quarterly retainer,INR
TXN003574,2025-12-06,V0034,19474.83,Packaging,Purchases,debit,reconciled,Annual contract,INR
TXN003575,2026-08-16,V0038,16744.61,Facilities,Operations,debit,unreconciled,Subscription renewal,INR
TXN003576,2026-03-23,,330126.08,Rent,Bank Charges,debit,unreconciled,Freight charges,INR
TXN003577,2026-01-30,V0018,57055.98,Professional Services,Admin & Professional,debit,unreconciled,Utility bill,INR
TXN003578,2026-05-21,V0033,6121.14,Logistics,Operations,debit,reconciled,Repair and maintenance,INR
TXN003579,2025-09-09,V0014,188375.67,Logistics,Operations,debit,reconciled,Quarterly retainer,INR
TXN003580,2026-04-24,V0033,22158.46,Logistics,Operations,debit,reconciled,Subscription renewal,INR
TXN003581,2025-12-23,V0017,4942.97,Manufacturing,Purchases,debit,reconciled,Monthly service charge,INR
TXN003582,2026-03-04,,110479.32,Office Supplies,Bank Charges,debit,reconciled,Annual contract,INR
TXN003583,2026-01-19,V0023,14555.41,Marketing,Marketing,debit,reconciled,Bulk order advance,INR
TXN003584,2025-11-14,V0034,8484.23,Packaging,Purchases,debit,reconciled,Utility bill,INR
TXN003585,2025-09-13,V0037,12358.49,Travel,Travel,debit,pending,Subscription renewal,INR
TXN003586,2026-01-18,V0005,57973.86,Raw Materials,Purchases,debit,reconciled,Subscription renewal,INR
TXN003587,2026-03-10,V0017,10179.46,Manufacturing,Purchases,debit,reconciled,Quarterly retainer,INR
TXN003588,2026-05-18,V0019,29389.55,Raw Materials,Purchases,debit,reconciled,Invoice payment,INR
TXN003589,2026-03-29,V0029,20995.45,Professional Services,Admin & Professional,debit,unreconciled,Final settlement,INR
TXN003590,2025-08-23,V0029,53036.73,Professional Services,Admin & Professional,debit,reconciled,Repair and maintenance,INR
TXN003591,2026-04-15,V0004,65114.58,IT Services,Technology,debit,reconciled,Invoice payment,INR
TXN003592,2026-05-05,V0006,25559.59,Logistics,Operations,debit,unreconciled,Quarterly retainer,INR
TXN003593,2025-12-16,V0017,12574.25,Manufacturing,Purchases,debit,reconciled,Utility bill,INR
TXN003594,2026-08-25,V0021,48085.4,Raw Materials,Purchases,debit,pending,Repair and maintenance,INR
TXN003595,2026-03-05,,540801.49,Rent,Bank Charges,debit,reconciled,Freight charges,INR
TXN003596,2026-02-03,,210713.14,Rent,Bank Charges,debit,reconciled,Annual contract,INR
TXN003597,2026-05-17,V0039,15709.61,Facilities,Operations,debit,reconciled,Repair and maintenance,INR
TXN003598,2026-01-08,V0021,13638.26,Raw Materials,Purchases,debit,pending,Monthly service charge,INR
TXN003599,2026-03-28,V0006,20928.72,Logistics,Operations,debit,unreconciled,Final settlement,INR
TXN003600,2026-08-25,V0019,26085.16,Raw Materials,Purchases,debit,reconciled,Utility bill,INR
TXN003601,2026-08-14,V0028,6641.87,Raw Materials,Purchases,debit,reconciled,Bulk order advance,INR
TXN003602,2025-11-02,V0018,29918.56,Professional Services,Admin & Professional,debit,reconciled,Bulk order advance,INR
TXN003603,2025-10-08,V0021,10033.1,Raw Materials,Purchases,debit,pending,Annual contract,INR
TXN003604,2026-08-07,,2518.72,Bank Charges,Bank Charges,debit,reconciled,Subscription renewal,INR
TXN003605,2025-10-16,V0001,11789.45,Raw Materials,Purchases,debit,reconciled,Repair and maintenance,INR
TXN003606,2026-02-17,V0016,63465.14,IT Services,Technology,debit,unreconciled,Invoice payment,INR
TXN003607,2025-08-05,,690.41,Bank Charges,Bank Charges,debit,reconciled,Invoice payment,INR
TXN003608,2026-01-05,V0007,14267.31,Professional Services,Admin & Professional,debit,pending,Bulk order advance,INR
TXN003609,2026-01-14,V0032,6247.21,Utilities,Utilities,debit,reconciled,Monthly service charge,INR
TXN003610,2026-05-04,V0036,144829.54,Professional Services,Admin & Professional,debit,reconciled,Repair and maintenance,INR
TXN003611,2026-02-28,,1708.44,Bank Charges,Bank Charges,debit,reconciled,Quarterly retainer,INR
TXN003612,2025-10-16,,95994.63,Office Supplies,Bank Charges,debit,reconciled,Subscription renewal,INR
TXN003613,2025-11-05,V0015,55826.14,Marketing,Marketing,debit,reconciled,Annual contract,INR
TXN003614,2025-08-16,,420920.26,Rent,Bank Charges,debit,reconciled,Quarterly retainer,INR
TXN003615,2025-11-07,V0031,12354.73,Raw Materials,Purchases,debit,reconciled,Repair and maintenance,INR
TXN003616,2026-08-10,V0019,27027.3,Raw Materials,Purchases,debit,reconciled,Quarterly retainer,INR
TXN003617,2026-08-31,V0007,112264.54,Professional Services,Admin & Professional,debit,unreconciled,Annual contract,INR
TXN003618,2026-02-12,V0025,6516.23,Logistics,Operations,debit,reconciled,Subscription renewal,INR
TXN003619,2025-12-04,V0005,72072.37,Raw Materials,Purchases,debit,unreconciled,Monthly service charge,INR
TXN003620,2025-10-25,,231390.63,Rent,Bank Charges,debit,reconciled,Final settlement,INR
TXN003621,2025-08-13,,84845.75,Office Supplies,Bank Charges,debit,reconciled,Final settlement,INR
TXN003622,2026-08-17,,493513.79,Salaries & Benefits,Bank Charges,debit,pending,Subscription renewal,INR
TXN003623,2026-07-18,V0030,57037.67,Manufacturing,Purchases,debit,unreconciled,Freight charges,INR
TXN003624,2025-10-12,,869455.41,Salaries & Benefits,Bank Charges,debit,unreconciled,Subscription renewal,INR
TXN003625,2025-09-29,V0015,10016.39,Marketing,Marketing,debit,reconciled,Quarterly retainer,INR
TXN003626,2026-07-10,V0003,29824.54,Logistics,Operations,debit,pending,Freight charges,INR
TXN003627,2026-01-17,V0005,36357.26,Raw Materials,Purchases,debit,reconciled,Bulk order advance,INR
TXN003628,2025-10-25,V0025,89637.65,Logistics,Operations,debit,reconciled,Invoice payment,INR
TXN003629,2026-05-24,V0001,9703.89,Raw Materials,Purchases,debit,reconciled,Final settlement,INR
TXN003630,2026-04-08,V0017,19810.07,Manufacturing,Purchases,debit,reconciled,Quarterly retainer,INR
TXN003631,2026-03-18,V0040,156115.14,Professional Services,Admin & Professional,debit,reconciled,Bulk order advance,INR
TXN003632,2026-04-22,,550349.88,Rent,Bank Charges,debit,reconciled,Bulk order advance,INR
TXN003633,2026-02-14,V0017,32945.0,Manufacturing,Purchases,debit,reconciled,Quarterly retainer,INR
TXN003634,2026-01-09,V0022,5546.16,Logistics,Operations,debit,reconciled,Invoice payment,INR
TXN003635,2026-05-20,,94989.82,Office Supplies,Bank Charges,debit,reconciled,Subscription renewal,INR
TXN003636,2026-04-28,V0011,31836.58,Marketing,Marketing,debit,reconciled,Freight charges,INR
TXN003637,2025-10-13,V0039,20647.1,Facilities,Operations,debit,reconciled,Final settlement,INR
TXN003638,2025-09-04,V0039,30749.4,Facilities,Operations,debit,unreconciled,Annual contract,INR
TXN003639,2026-08-09,V0005,8691.08,Raw Materials,Purchases,debit,reconciled,Annual contract,INR
TXN003640,2025-11-25,V0007,36590.38,Professional Services,Admin & Professional,debit,reconciled,Freight charges,INR
TXN003641,2025-08-19,,773543.17,Rent,Bank Charges,debit,reconciled,Repair and maintenance,INR
TXN003642,2026-01-06,V0011,31759.59,Marketing,Marketing,debit,reconciled,Bulk order advance,INR
TXN003643,2026-04-19,V0012,53203.97,Raw Materials,Purchases,debit,reconciled,Annual contract,INR
TXN003644,2025-11-01,V0019,30438.62,Raw Materials,Purchases,debit,reconciled,Repair and maintenance,INR
TXN003645,2026-05-10,V0012,47134.93,Raw Materials,Purchases,debit,unreconciled,Utility bill,INR
TXN003646,2026-01-22,V0022,76325.2,Logistics,Operations,debit,reconciled,Utility bill,INR
TXN003647,2026-08-26,V0012,107777.43,Raw Materials,Purchases,debit,pending,Freight charges,INR
TXN003648,2026-04-04,V0009,21928.68,IT Services,Technology,debit,reconciled,Freight charges,INR
TXN003649,2026-06-26,V0034,14704.61,Packaging,Purchases,debit,reconciled,Repair and maintenance,INR
TXN003650,2025-12-17,V0012,20544.97,Raw Materials,Purchases,debit,reconciled,Final settlement,INR
TXN003651,2026-04-23,V0040,10134.54,Professional Services,Admin & Professional,debit,reconciled,Annual contract,INR
TXN003652,2026-07-29,V0025,53920.01,Logistics,Operations,debit,reconciled,Bulk order advance,INR
TXN003653,2025-09-08,V0021,55317.06,Raw Materials,Purchases,debit,reconciled,Repair and maintenance,INR
TXN003654,2026-08-20,,2913.14,Bank Charges,Bank Charges,debit,reconciled,Bulk order advance,INR
TXN003655,2025-11-23,V0017,7955.03,Manufacturing,Purchases,debit,reconciled,Bulk order advance,INR
TXN003656,2026-05-04,V0014,143065.53,Logistics,Operations,debit,reconciled,Repair and maintenance,INR
TXN003657,2025-09-07,V0037,19452.62,Travel,Travel,debit,reconciled,Bulk order advance,INR
TXN003658,2026-07-13,V0038,24604.22,Facilities,Operations,debit,reconciled,Subscription renewal,INR
TXN003659,2026-07-19,V0030,33856.95,Manufacturing,Purchases,debit,unreconciled,Freight charges,INR
TXN003660,2025-11-01,,95256.7,Office Supplies,Bank Charges,credit,reconciled,Repair and maintenance,INR
TXN003661,2026-08-23,V0037,9643.05,Travel,Travel,debit,reconciled,Bulk order advance,INR
TXN003662,2025-10-19,V0028,6089.99,Raw Materials,Purchases,debit,reconciled,Monthly service charge,INR
TXN003663,2026-08-13,V0031,6386.5,Raw Materials,Purchases,debit,pending,Repair and maintenance,INR
TXN003664,2026-03-05,V0025,48732.01,Logistics,Operations,debit,reconciled,Final settlement,INR
TXN003665,2026-08-12,,76257.86,Office Supplies,Bank Charges,debit,reconciled,Final settlement,INR
TXN003666,2026-07-14,V0036,27452.31,Professional Services,Admin & Professional,debit,reconciled,Quarterly retainer,INR
TXN003667,2026-06-14,V0025,67249.95,Logistics,Operations,debit,reconciled,Bulk order advance,INR
TXN003668,2025-08-26,V0025,93715.41,Logistics,Operations,debit,reconciled,Annual contract,INR
TXN003669,2026-05-06,V0025,93846.58,Logistics,Operations,debit,reconciled,Bulk order advance,INR
TXN003670,2025-12-16,V0003,22323.91,Logistics,Operations,debit,pending,Monthly service charge,INR
TXN003671,2025-08-08,V0011,64598.03,Marketing,Marketing,debit,reconciled,Final settlement,INR
TXN003672,2025-12-02,V0019,13970.0,Raw Materials,Purchases,debit,reconciled,Monthly service charge,INR
TXN003673,2026-01-31,,264197.66,Rent,Bank Charges,debit,reconciled,Quarterly retainer,INR
TXN003674,2026-04-27,V0003,130597.49,Logistics,Operations,debit,unreconciled,Invoice payment,INR
TXN003675,2026-07-26,V0031,221596.08,Raw Materials,Purchases,debit,reconciled,Monthly service charge,INR
TXN003676,2026-07-06,,127407.13,Office Supplies,Bank Charges,debit,reconciled,Repair and maintenance,INR
TXN003677,2026-07-16,V0038,72377.53,Facilities,Operations,debit,reconciled,Final settlement,INR
TXN003678,2025-09-04,V0001,25159.99,Raw Materials,Purchases,debit,reconciled,Invoice payment,INR
TXN003679,2026-05-01,V0036,24028.94,Professional Services,Admin & Professional,debit,reconciled,Bulk order advance,INR
TXN003680,2025-10-02,V0005,20142.76,Raw Materials,Purchases,debit,reconciled,Quarterly retainer,INR
TXN003681,2026-05-10,V0016,43708.24,IT Services,Technology,debit,reconciled,Monthly service charge,INR
TXN003682,2026-05-09,V0034,9866.08,Packaging,Purchases,debit,unreconciled,Repair and maintenance,INR
TXN003683,2026-07-07,V0035,21488.69,Travel,Travel,debit,reconciled,Invoice payment,INR
TXN003684,2026-04-02,V0040,32900.49,Professional Services,Admin & Professional,debit,reconciled,Bulk order advance,INR
TXN003685,2026-06-26,V0021,32567.4,Raw Materials,Purchases,debit,reconciled,Invoice payment,INR
TXN003686,2026-02-18,V0011,32104.97,Marketing,Marketing,debit,unreconciled,Utility bill,INR
TXN003687,2026-08-13,V0009,90521.79,IT Services,Technology,debit,reconciled,Subscription renewal,INR
TXN003688,2026-05-30,V0025,55393.32,Logistics,Operations,debit,reconciled,Final settlement,INR
TXN003689,2026-07-05,V0029,48464.9,Professional Services,Admin & Professional,debit,reconciled,Bulk order advance,INR
TXN003690,2025-09-23,V0004,16105.23,IT Services,Technology,debit,reconciled,Bulk order advance,INR
TXN003691,2025-09-22,V0031,27141.23,Raw Materials,Purchases,debit,pending,Subscription renewal,INR
TXN003692,2026-03-22,V0039,24011.22,Facilities,Operations,debit,reconciled,Invoice payment,INR
TXN003693,2026-03-29,V0007,32766.57,Professional Services,Admin & Professional,debit,reconciled,Utility bill,INR
TXN003694,2026-02-23,,153560.35,Salaries & Benefits,Bank Charges,debit,reconciled,Repair and maintenance,INR
TXN003695,2025-10-10,V0034,14327.23,Packaging,Purchases,debit,reconciled,Utility bill,INR
TXN003696,2025-08-27,V0033,22313.35,Logistics,Operations,debit,reconciled,Freight charges,INR
TXN003697,2026-03-09,V0029,89992.45,Professional Services,Admin & Professional,debit,unreconciled,Bulk order advance,INR
TXN003698,2026-07-07,V0036,38188.9,Professional Services,Admin & Professional,debit,reconciled,Bulk order advance,INR
TXN003699,2025-08-16,V0015,68554.86,Marketing,Marketing,debit,reconciled,Freight charges,INR
TXN003700,2026-03-10,,862.61,Bank Charges,Bank Charges,debit,reconciled,Annual contract,INR
TXN003701,2025-09-04,V0019,16562.47,Raw Materials,Purchases,debit,reconciled,Annual contract,INR
TXN003702,2025-11-17,V0036,133940.34,Professional Services,Admin & Professional,debit,reconciled,Invoice payment,INR
TXN003703,2026-07-28,V0039,12499.61,Facilities,Operations,debit,reconciled,Bulk order advance,INR
TXN003704,2026-08-01,,2698.64,Bank Charges,Bank Charges,debit,unreconciled,Freight charges,INR
TXN003705,2025-09-04,V0021,131489.5,Raw Materials,Purchases,debit,reconciled,Utility bill,INR
TXN003706,2026-08-05,V0025,81616.71,Logistics,Operations,debit,pending,Quarterly retainer,INR
TXN003707,2026-02-14,V0023,29612.69,Marketing,Marketing,debit,unreconciled,Quarterly retainer,INR
TXN003708,2026-03-14,V0019,36649.61,Raw Materials,Purchases,debit,pending,Annual contract,INR
TXN003709,2026-03-11,V0026,17967.4,Manufacturing,Purchases,debit,reconciled,Bulk order advance,INR
TXN003710,2025-12-21,V0038,10155.86,Facilities,Operations,debit,reconciled,Subscription renewal,INR
TXN003711,2026-05-12,,849.4,Bank Charges,Bank Charges,debit,reconciled,Final settlement,INR
TXN003712,2026-02-06,V0007,8092.64,Professional Services,Admin & Professional,debit,pending,Invoice payment,INR
TXN003713,2026-06-07,V0029,28121.34,Professional Services,Admin & Professional,debit,unreconciled,Utility bill,INR
TXN003714,2026-01-17,V0016,24574.63,IT Services,Technology,debit,reconciled,Annual contract,INR
TXN003715,2026-08-15,V0038,10385.76,Facilities,Operations,debit,reconciled,Annual contract,INR
TXN003716,2026-02-27,V0035,18395.18,Travel,Travel,debit,unreconciled,Repair and maintenance,INR
TXN003717,2026-03-25,,143257.7,Office Supplies,Bank Charges,debit,reconciled,Invoice payment,INR
TXN003718,2026-06-15,V0004,15406.18,IT Services,Technology,debit,reconciled,Utility bill,INR
TXN003719,2026-07-23,V0012,73804.08,Raw Materials,Purchases,debit,pending,Invoice payment,INR
TXN003720,2025-12-28,V0024,17338.32,IT Services,Technology,debit,pending,Freight charges,INR
TXN003721,2025-08-30,V0022,23872.51,Logistics,Operations,debit,pending,Invoice payment,INR
TXN003722,2026-08-25,V0040,23184.53,Professional Services,Admin & Professional,debit,reconciled,Invoice payment,INR
TXN003723,2026-01-07,V0021,45920.2,Raw Materials,Purchases,debit,pending,Subscription renewal,INR
TXN003724,2025-11-27,V0017,16165.21,Manufacturing,Purchases,debit,unreconciled,Monthly service charge,INR
TXN003725,2025-09-06,,147181.33,Office Supplies,Bank Charges,debit,reconciled,Annual contract,INR
TXN003726,2025-09-25,V0034,13585.26,Packaging,Purchases,debit,reconciled,Quarterly retainer,INR
TXN003727,2026-06-15,V0007,106842.45,Professional Services,Admin & Professional,debit,unreconciled,Subscription renewal,INR
TXN003728,2026-03-11,V0017,38423.92,Manufacturing,Purchases,debit,unreconciled,Monthly service charge,INR
TXN003729,2026-04-09,V0026,15454.14,Manufacturing,Purchases,debit,reconciled,Utility bill,INR
TXN003730,2026-03-27,V0001,29421.2,Raw Materials,Purchases,debit,pending,Utility bill,INR
TXN003731,2026-07-11,V0035,114484.26,Travel,Travel,debit,reconciled,Repair and maintenance,INR
TXN003732,2026-05-17,V0024,36419.43,IT Services,Technology,debit,reconciled,Utility bill,INR
TXN003733,2025-12-15,V0006,61262.17,Logistics,Operations,debit,pending,Utility bill,INR
TXN003734,2026-07-02,V0039,34021.29,Facilities,Operations,debit,unreconciled,Bulk order advance,INR
TXN003735,2025-11-29,V0005,4828.78,Raw Materials,Purchases,debit,reconciled,Annual contract,INR
TXN003736,2026-04-24,V0018,24639.71,Professional Services,Admin & Professional,debit,unreconciled,Final settlement,INR
TXN003737,2026-01-19,V0001,23359.41,Raw Materials,Purchases,debit,reconciled,Final settlement,INR
TXN003738,2026-02-20,V0019,61519.9,Raw Materials,Purchases,debit,reconciled,Monthly service charge,INR
TXN003739,2026-02-27,V0033,58999.94,Logistics,Operations,debit,reconciled,Final settlement,INR
TXN003740,2025-10-25,V0022,39476.11,Logistics,Operations,debit,reconciled,Utility bill,INR
TXN003741,2026-07-04,V0022,51203.76,Logistics,Operations,debit,reconciled,Quarterly retainer,INR
TXN003742,2026-04-21,V0033,31507.54,Logistics,Operations,debit,reconciled,Invoice payment,INR
TXN003743,2026-05-31,V0001,27633.59,Raw Materials,Purchases,debit,reconciled,Bulk order advance,INR
TXN003744,2026-02-09,V0004,31552.76,IT Services,Technology,debit,reconciled,Annual contract,INR
TXN003745,2026-04-07,V0021,22275.3,Raw Materials,Purchases,debit,reconciled,Monthly service charge,INR
TXN003746,2026-04-24,V0025,4805.05,Logistics,Operations,debit,unreconciled,Annual contract,INR
TXN003747,2025-11-06,V0007,19019.15,Professional Services,Admin & Professional,debit,reconciled,Utility bill,INR
TXN003748,2026-07-20,V0029,64676.5,Professional Services,Admin & Professional,debit,unreconciled,Monthly service charge,INR
TXN003749,2026-04-14,V0021,47655.82,Raw Materials,Purchases,debit,pending,Quarterly retainer,INR
TXN003750,2026-02-17,V0036,155854.43,Professional Services,Admin & Professional,debit,reconciled,Final settlement,INR
TXN003751,2025-08-30,V0039,41680.74,Facilities,Operations,debit,reconciled,Quarterly retainer,INR
TXN003752,2025-08-24,V0026,7123.23,Manufacturing,Purchases,debit,reconciled,Monthly service charge,INR
TXN003753,2026-07-20,V0015,80567.94,Marketing,Marketing,debit,unreconciled,Annual contract,INR
TXN003754,2026-02-02,V0017,19515.26,Manufacturing,Purchases,debit,reconciled,Repair and maintenance,INR
TXN003755,2026-08-08,V0015,52893.19,Marketing,Marketing,debit,reconciled,Freight charges,INR
TXN003756,2026-05-17,V0025,30956.34,Logistics,Operations,debit,reconciled,Repair and maintenance,INR
TXN003757,2025-10-31,V0038,23078.25,Facilities,Operations,debit,reconciled,Monthly service charge,INR
TXN003758,2026-07-19,V0038,12920.59,Facilities,Operations,debit,unreconciled,Repair and maintenance,INR
TXN003759,2026-06-22,,524.95,Bank Charges,Bank Charges,debit,pending,Monthly service charge,INR
TXN003760,2025-08-10,V0022,20301.21,Logistics,Operations,debit,reconciled,Invoice payment,INR
TXN003761,2026-07-05,V0015,19679.74,Marketing,Marketing,debit,reconciled,Final settlement,INR
TXN003762,2026-06-25,V0014,14243.51,Logistics,Operations,debit,reconciled,Utility bill,INR
TXN003763,2026-08-19,V0022,30297.7,Logistics,Operations,debit,reconciled,Freight charges,INR
TXN003764,2026-06-27,V0033,38694.71,Logistics,Operations,debit,reconciled,Invoice payment,INR
TXN003765,2025-11-26,,59747.81,Office Supplies,Bank Charges,debit,reconciled,Freight charges,INR
TXN003766,2026-06-14,V0030,13859.55,Manufacturing,Purchases,debit,pending,Monthly service charge,INR
TXN003767,2025-12-09,V0008,24196.29,Facilities,Operations,debit,reconciled,Invoice payment,INR
TXN003768,2026-07-04,,290025.97,Salaries & Benefits,Bank Charges,debit,pending,Utility bill,INR
TXN003769,2026-02-24,V0034,24355.4,Packaging,Purchases,debit,unreconciled,Monthly service charge,INR
TXN003770,2025-08-09,V0034,16390.76,Packaging,Purchases,debit,reconciled,Annual contract,INR
TXN003771,2026-07-07,V0004,14710.93,IT Services,Technology,debit,unreconciled,Bulk order advance,INR
TXN003772,2025-10-30,V0012,34103.25,Raw Materials,Purchases,debit,pending,Repair and maintenance,INR
TXN003773,2025-10-08,V0029,7492.67,Professional Services,Admin & Professional,debit,reconciled,Freight charges,INR
TXN003774,2025-09-04,V0034,28164.49,Packaging,Purchases,debit,reconciled,Quarterly retainer,INR
TXN003775,2026-01-14,V0016,42100.43,IT Services,Technology,debit,reconciled,Utility bill,INR
TXN003776,2025-10-28,V0030,37797.22,Manufacturing,Purchases,debit,reconciled,Annual contract,INR
TXN003777,2026-03-31,V0036,51169.1,Professional Services,Admin & Professional,debit,reconciled,Utility bill,INR
TXN003778,2025-10-09,V0026,33822.93,Manufacturing,Purchases,debit,reconciled,Final settlement,INR
TXN003779,2026-02-25,V0029,21203.88,Professional Services,Admin & Professional,debit,reconciled,Repair and maintenance,INR
TXN003780,2025-11-30,V0032,21380.41,Utilities,Utilities,debit,unreconciled,Invoice payment,INR
TXN003781,2025-08-05,V0015,109151.94,Marketing,Marketing,debit,reconciled,Monthly service charge,INR
TXN003782,2025-10-03,V0040,18060.44,Professional Services,Admin & Professional,debit,reconciled,Final settlement,INR
TXN003783,2026-03-02,V0022,40163.8,Logistics,Operations,debit,reconciled,Final settlement,INR
TXN003784,2025-11-29,V0039,22592.06,Facilities,Operations,debit,reconciled,Freight charges,INR
TXN003785,2025-10-14,V0023,38096.25,Marketing,Marketing,debit,reconciled,Freight charges,INR
TXN003786,2026-08-24,,444777.39,Rent,Bank Charges,debit,reconciled,Freight charges,INR
TXN003787,2026-08-19,V0006,69377.95,Logistics,Operations,debit,reconciled,Subscription renewal,INR
TXN003788,2025-12-04,,693.17,Bank Charges,Bank Charges,debit,reconciled,Annual contract,INR
TXN003789,2026-02-02,V0022,48401.97,Logistics,Operations,debit,reconciled,Invoice payment,INR
TXN003790,2026-08-24,V0004,26835.33,IT Services,Technology,debit,reconciled,Annual contract,INR
TXN003791,2026-02-14,V0032,5282.34,Utilities,Utilities,debit,reconciled,Annual contract,INR
TXN003792,2026-07-10,,2324.26,Bank Charges,Bank Charges,debit,unreconciled,Freight charges,INR
TXN003793,2026-05-24,V0029,4883.7,Professional Services,Admin & Professional,debit,reconciled,Subscription renewal,INR
TXN003794,2025-09-01,V0009,42266.95,IT Services,Technology,debit,reconciled,Utility bill,INR
TXN003795,2026-07-31,,2619.73,Bank Charges,Bank Charges,debit,reconciled,Quarterly retainer,INR
TXN003796,2026-02-03,V0037,110131.49,Travel,Travel,debit,pending,Bulk order advance,INR
TXN003797,2026-02-03,,841435.19,Rent,Bank Charges,debit,unreconciled,Annual contract,INR
TXN003798,2026-06-27,V0018,12518.68,Professional Services,Admin & Professional,debit,reconciled,Invoice payment,INR
TXN003799,2025-12-09,V0029,11143.83,Professional Services,Admin & Professional,debit,reconciled,Freight charges,INR
TXN003800,2025-10-11,,147110.8,Office Supplies,Bank Charges,debit,reconciled,Freight charges,INR
TXN003801,2025-10-20,V0021,31248.68,Raw Materials,Purchases,debit,reconciled,Freight charges,INR
TXN003802,2026-06-26,V0032,34229.79,Utilities,Utilities,debit,reconciled,Subscription renewal,INR
TXN003803,2026-07-08,,401997.44,Salaries & Benefits,Bank Charges,debit,reconciled,Repair and maintenance,INR
TXN003804,2026-07-20,V0026,197149.06,Manufacturing,Purchases,debit,unreconciled,Bulk order advance,INR
TXN003805,2026-05-23,,91644.58,Office Supplies,Bank Charges,debit,reconciled,Monthly service charge,INR
TXN003806,2026-04-27,V0006,41491.65,Logistics,Operations,debit,unreconciled,Annual contract,INR
TXN003807,2026-01-01,V0007,28530.16,Professional Services,Admin & Professional,debit,unreconciled,Final settlement,INR
TXN003808,2026-07-13,V0002,5293.77,Manufacturing,Purchases,debit,pending,Quarterly retainer,INR
TXN003809,2026-01-28,V0004,80361.46,IT Services,Technology,debit,reconciled,Subscription renewal,INR
TXN003810,2026-01-27,V0033,20319.5,Logistics,Operations,debit,reconciled,Utility bill,INR
TXN003811,2026-01-19,,595905.57,Rent,Bank Charges,debit,reconciled,Freight charges,INR
TXN003812,2025-11-12,V0021,12488.42,Raw Materials,Purchases,debit,reconciled,Subscription renewal,INR
TXN003813,2026-02-06,V0028,19952.45,Raw Materials,Purchases,debit,reconciled,Subscription renewal,INR
TXN003814,2026-06-12,,150388.9,Salaries & Benefits,Bank Charges,debit,reconciled,Utility bill,INR
TXN003815,2026-01-12,V0006,19104.79,Logistics,Operations,debit,unreconciled,Annual contract,INR
TXN003816,2026-06-01,V0018,34407.45,Professional Services,Admin & Professional,debit,pending,Subscription renewal,INR
TXN003817,2026-05-20,V0033,19554.04,Logistics,Operations,debit,reconciled,Freight charges,INR
TXN003818,2026-08-04,V0021,11906.51,Raw Materials,Purchases,debit,reconciled,Repair and maintenance,INR
TXN003819,2026-01-01,V0029,76854.35,Professional Services,Admin & Professional,debit,reconciled,Annual contract,INR
TXN003820,2025-12-11,,2760.52,Bank Charges,Bank Charges,debit,reconciled,Monthly service charge,INR
TXN003821,2026-04-02,V0015,24038.56,Marketing,Marketing,debit,reconciled,Utility bill,INR
TXN003822,2026-03-16,V0038,356191.7,Facilities,Operations,debit,unreconciled,Utility bill,INR
TXN003823,2026-02-08,V0037,242493.97,Travel,Travel,debit,reconciled,Monthly service charge,INR
TXN003824,2026-07-23,V0016,51947.18,IT Services,Technology,debit,reconciled,Utility bill,INR
TXN003825,2026-02-09,V0038,18582.03,Facilities,Operations,debit,reconciled,Freight charges,INR
TXN003826,2025-11-05,V0014,93521.98,Logistics,Operations,debit,reconciled,Repair and maintenance,INR
TXN003827,2026-02-05,V0022,11522.03,Logistics,Operations,debit,reconciled,Quarterly retainer,INR
TXN003828,2025-08-01,V0026,49209.75,Manufacturing,Purchases,debit,reconciled,Utility bill,INR
TXN003829,2026-04-01,,788954.59,Rent,Bank Charges,debit,reconciled,Freight charges,INR
TXN003830,2026-07-16,V0019,6257.28,Raw Materials,Purchases,debit,reconciled,Freight charges,INR
TXN003831,2026-01-19,,2074.05,Bank Charges,Bank Charges,debit,pending,Invoice payment,INR
TXN003832,2025-10-11,V0007,148467.68,Professional Services,Admin & Professional,debit,reconciled,Monthly service charge,INR
TXN003833,2026-03-18,V0018,22491.28,Professional Services,Admin & Professional,debit,reconciled,Quarterly retainer,INR
TXN003834,2025-10-01,V0022,9695.3,Logistics,Operations,debit,unreconciled,Freight charges,INR
TXN003835,2025-09-25,,652947.09,Rent,Bank Charges,debit,reconciled,Final settlement,INR
TXN003836,2026-07-31,V0009,29095.26,IT Services,Technology,debit,reconciled,Subscription renewal,INR
TXN003837,2026-04-02,V0025,7197.19,Logistics,Operations,debit,reconciled,Invoice payment,INR
TXN003838,2026-08-17,V0006,21418.81,Logistics,Operations,debit,reconciled,Invoice payment,INR
TXN003839,2026-04-24,,68019.54,Office Supplies,Bank Charges,debit,reconciled,Monthly service charge,INR
TXN003840,2026-07-13,V0037,23359.45,Travel,Travel,debit,reconciled,Utility bill,INR
TXN003841,2025-08-18,V0015,60926.92,Marketing,Marketing,debit,unreconciled,Utility bill,INR
TXN003842,2026-03-05,V0009,21058.94,IT Services,Technology,debit,reconciled,Subscription renewal,INR
TXN003843,2026-01-27,V0022,50656.38,Logistics,Operations,debit,unreconciled,Repair and maintenance,INR
TXN003844,2026-08-23,V0037,24729.61,Travel,Travel,debit,reconciled,Invoice payment,INR
TXN003845,2025-12-26,V0033,29035.28,Logistics,Operations,debit,reconciled,Repair and maintenance,INR
TXN003846,2025-10-17,V0023,16289.56,Marketing,Marketing,debit,reconciled,Monthly service charge,INR
TXN003847,2025-10-18,V0006,44121.85,Logistics,Operations,debit,reconciled,Freight charges,INR
TXN003848,2025-09-29,V0001,42701.42,Raw Materials,Purchases,debit,reconciled,Quarterly retainer,INR
TXN003849,2026-04-02,V0015,47317.43,Marketing,Marketing,debit,reconciled,Invoice payment,INR
TXN003850,2026-02-06,V0030,37908.1,Manufacturing,Purchases,debit,pending,Subscription renewal,INR
TXN003851,2026-07-23,V0033,126981.87,Logistics,Operations,debit,reconciled,Invoice payment,INR
TXN003852,2026-02-18,V0012,18547.87,Raw Materials,Purchases,debit,reconciled,Repair and maintenance,INR
TXN003853,2026-08-16,V0003,42775.66,Logistics,Operations,debit,reconciled,Final settlement,INR
TXN003854,2026-05-03,,451033.21,Rent,Bank Charges,debit,reconciled,Invoice payment,INR
TXN003855,2025-11-26,V0032,93390.12,Utilities,Utilities,debit,unreconciled,Freight charges,INR
TXN003856,2026-01-09,V0001,30657.99,Raw Materials,Purchases,debit,reconciled,Annual contract,INR
TXN003857,2026-03-18,V0024,59188.62,IT Services,Technology,debit,reconciled,Final settlement,INR
TXN003858,2026-07-14,V0005,8858.38,Raw Materials,Purchases,debit,reconciled,Subscription renewal,INR
TXN003859,2026-02-06,V0006,55478.27,Logistics,Operations,debit,reconciled,Freight charges,INR
TXN003860,2026-03-20,V0034,67805.94,Packaging,Purchases,debit,reconciled,Annual contract,INR
TXN003861,2026-02-03,V0005,32862.5,Raw Materials,Purchases,debit,unreconciled,Quarterly retainer,INR
TXN003862,2025-11-27,V0005,16320.36,Raw Materials,Purchases,debit,pending,Invoice payment,INR
TXN003863,2025-10-28,V0039,57234.99,Facilities,Operations,debit,unreconciled,Repair and maintenance,INR
TXN003864,2026-03-20,V0015,13319.28,Marketing,Marketing,debit,unreconciled,Monthly service charge,INR
TXN003865,2026-03-01,V0015,124954.76,Marketing,Marketing,debit,unreconciled,Quarterly retainer,INR
TXN003866,2026-08-09,,800.16,Bank Charges,Bank Charges,debit,unreconciled,Monthly service charge,INR
TXN003867,2026-04-30,V0019,19476.87,Raw Materials,Purchases,debit,unreconciled,Freight charges,INR
TXN003868,2025-08-02,V0023,35627.74,Marketing,Marketing,debit,reconciled,Final settlement,INR
TXN003869,2026-03-11,V0009,15305.46,IT Services,Technology,debit,reconciled,Subscription renewal,INR
TXN003870,2025-10-13,,689904.33,Rent,Bank Charges,debit,reconciled,Final settlement,INR
TXN003871,2026-02-01,V0036,32212.36,Professional Services,Admin & Professional,debit,pending,Repair and maintenance,INR
TXN003872,2026-04-04,V0019,94048.11,Raw Materials,Purchases,debit,reconciled,Final settlement,INR
TXN003873,2026-07-23,V0007,9080.95,Professional Services,Admin & Professional,debit,reconciled,Invoice payment,INR
TXN003874,2025-11-17,V0039,43440.84,Facilities,Operations,debit,reconciled,Monthly service charge,INR
TXN003875,2026-01-05,,479224.7,Rent,Bank Charges,debit,reconciled,Utility bill,INR
TXN003876,2026-05-25,V0016,40100.31,IT Services,Technology,debit,reconciled,Monthly service charge,INR
TXN003877,2026-08-16,V0018,54437.23,Professional Services,Admin & Professional,debit,unreconciled,Subscription renewal,INR
TXN003878,2025-12-12,V0029,17330.46,Professional Services,Admin & Professional,debit,reconciled,Freight charges,INR
TXN003879,2026-02-06,,131270.0,Office Supplies,Bank Charges,debit,reconciled,Repair and maintenance,INR
TXN003880,2026-08-05,V0040,27470.48,Professional Services,Admin & Professional,debit,reconciled,Utility bill,INR
TXN003881,2025-12-18,,75609.23,Office Supplies,Bank Charges,debit,unreconciled,Annual contract,INR
TXN003882,2026-02-04,,375.53,Bank Charges,Bank Charges,debit,unreconciled,Bulk order advance,INR
TXN003883,2026-05-06,,513515.42,Salaries & Benefits,Bank Charges,debit,reconciled,Repair and maintenance,INR
TXN003884,2025-08-12,V0034,7340.98,Packaging,Purchases,debit,reconciled,Subscription renewal,INR
TXN003885,2026-04-18,,121651.13,Office Supplies,Bank Charges,debit,pending,Utility bill,INR
TXN003886,2025-10-07,V0038,13409.09,Facilities,Operations,debit,reconciled,Monthly service charge,INR
TXN003887,2025-09-20,,51265.27,Office Supplies,Bank Charges,debit,reconciled,Invoice payment,INR
TXN003888,2025-09-11,,842422.0,Rent,Bank Charges,credit,reconciled,Annual contract,INR
TXN003889,2026-04-03,V0039,29208.9,Facilities,Operations,debit,reconciled,Utility bill,INR
TXN003890,2025-09-17,V0026,101179.87,Manufacturing,Purchases,debit,reconciled,Utility bill,INR
TXN003891,2026-08-20,V0029,49311.15,Professional Services,Admin & Professional,debit,reconciled,Invoice payment,INR
TXN003892,2026-03-14,V0036,80860.53,Professional Services,Admin & Professional,debit,reconciled,Utility bill,INR
TXN003893,2025-09-02,V0022,42679.22,Logistics,Operations,debit,pending,Monthly service charge,INR
TXN003894,2025-11-15,V0028,37018.78,Raw Materials,Purchases,debit,unreconciled,Final settlement,INR
TXN003895,2026-01-04,V0039,88247.21,Facilities,Operations,debit,unreconciled,Final settlement,INR
TXN003896,2025-09-22,V0015,29012.39,Marketing,Marketing,debit,unreconciled,Annual contract,INR
TXN003897,2025-12-25,V0023,51878.04,Marketing,Marketing,debit,reconciled,Repair and maintenance,INR
TXN003898,2026-01-05,V0022,40318.47,Logistics,Operations,debit,unreconciled,Quarterly retainer,INR
TXN003899,2025-09-09,,893532.62,Salaries & Benefits,Bank Charges,debit,reconciled,Bulk order advance,INR
TXN003900,2026-08-24,V0016,70273.97,IT Services,Technology,debit,reconciled,Subscription renewal,INR
TXN003901,2026-02-13,V0027,9264.61,Facilities,Operations,debit,reconciled,Subscription renewal,INR
TXN003902,2025-11-25,V0019,37635.19,Raw Materials,Purchases,debit,unreconciled,Final settlement,INR
TXN003903,2026-01-19,V0001,48768.88,Raw Materials,Purchases,debit,unreconciled,Bulk order advance,INR
TXN003904,2025-10-20,,55355.44,Office Supplies,Bank Charges,debit,reconciled,Subscription renewal,INR
TXN003905,2025-12-14,V0031,54263.02,Raw Materials,Purchases,debit,pending,Invoice payment,INR
TXN003906,2026-01-15,V0001,18388.46,Raw Materials,Purchases,debit,reconciled,Freight charges,INR
TXN003907,2025-09-11,V0029,21500.18,Professional Services,Admin & Professional,debit,reconciled,Monthly service charge,INR
TXN003908,2026-07-16,V0029,146613.12,Professional Services,Admin & Professional,debit,reconciled,Repair and maintenance,INR
TXN003909,2025-10-02,V0022,146770.64,Logistics,Operations,debit,pending,Utility bill,INR
TXN003910,2026-08-01,V0035,30053.24,Travel,Travel,debit,reconciled,Quarterly retainer,INR
TXN003911,2025-09-28,V0015,39737.4,Marketing,Marketing,debit,reconciled,Utility bill,INR
TXN003912,2026-01-04,,312625.14,Rent,Bank Charges,debit,pending,Freight charges,INR
TXN003913,2026-03-20,V0028,21541.87,Raw Materials,Purchases,debit,pending,Repair and maintenance,INR
TXN003914,2026-05-05,V0033,151807.5,Logistics,Operations,debit,unreconciled,Freight charges,INR
TXN003915,2025-09-15,V0019,4356.38,Raw Materials,Purchases,debit,reconciled,Utility bill,INR
TXN003916,2026-07-07,,1392.48,Bank Charges,Bank Charges,credit,reconciled,Repair and maintenance,INR
TXN003917,2026-01-31,,344646.16,Rent,Bank Charges,credit,reconciled,Repair and maintenance,INR
TXN003918,2026-02-21,V0032,97612.17,Utilities,Utilities,debit,pending,Final settlement,INR
TXN003919,2026-06-04,V0016,81557.59,IT Services,Technology,debit,unreconciled,Subscription renewal,INR
TXN003920,2025-10-13,V0033,13239.56,Logistics,Operations,debit,unreconciled,Subscription renewal,INR
TXN003921,2025-12-29,V0005,18228.69,Raw Materials,Purchases,debit,reconciled,Annual contract,INR
TXN003922,2026-07-25,,443182.86,Rent,Bank Charges,debit,unreconciled,Freight charges,INR
TXN003923,2025-10-17,V0021,103543.49,Raw Materials,Purchases,debit,reconciled,Subscription renewal,INR
TXN003924,2026-06-27,,333.58,Bank Charges,Bank Charges,debit,reconciled,Quarterly retainer,INR
TXN003925,2025-12-27,V0033,90955.97,Logistics,Operations,debit,unreconciled,Invoice payment,INR
TXN003926,2026-05-06,V0031,42700.79,Raw Materials,Purchases,debit,reconciled,Repair and maintenance,INR
TXN003927,2025-08-28,V0034,356019.17,Packaging,Purchases,debit,reconciled,Repair and maintenance,INR
TXN003928,2026-04-08,V0024,6922.58,IT Services,Technology,debit,reconciled,Annual contract,INR
TXN003929,2026-08-19,V0034,133417.4,Packaging,Purchases,debit,unreconciled,Repair and maintenance,INR
TXN003930,2026-02-10,V0030,47676.68,Manufacturing,Purchases,debit,reconciled,Repair and maintenance,INR
TXN003931,2026-06-29,V0015,48170.46,Marketing,Marketing,debit,reconciled,Subscription renewal,INR
TXN003932,2026-06-07,V0037,15211.16,Travel,Travel,debit,reconciled,Quarterly retainer,INR
TXN003933,2025-12-14,,283126.35,Rent,Bank Charges,debit,reconciled,Annual contract,INR
TXN003934,2026-04-30,,1211.57,Bank Charges,Bank Charges,debit,reconciled,Quarterly retainer,INR
TXN003935,2025-09-30,V0029,98865.7,Professional Services,Admin & Professional,debit,reconciled,Monthly service charge,INR
TXN003936,2025-11-10,V0001,156413.41,Raw Materials,Purchases,debit,reconciled,Repair and maintenance,INR
TXN003937,2026-06-05,,608.96,Bank Charges,Bank Charges,debit,reconciled,Freight charges,INR
TXN003938,2026-01-04,,136322.08,Office Supplies,Bank Charges,debit,unreconciled,Monthly service charge,INR
TXN003939,2026-07-06,V0025,16334.93,Logistics,Operations,debit,pending,Repair and maintenance,INR
TXN003940,2025-10-09,V0036,13702.14,Professional Services,Admin & Professional,debit,unreconciled,Utility bill,INR
TXN003941,2026-06-08,,59911.8,Office Supplies,Bank Charges,debit,reconciled,Bulk order advance,INR
TXN003942,2026-03-21,V0025,37758.87,Logistics,Operations,debit,reconciled,Quarterly retainer,INR
TXN003943,2025-09-13,V0006,53030.13,Logistics,Operations,debit,reconciled,Bulk order advance,INR
TXN003944,2025-12-01,V0008,13107.94,Facilities,Operations,debit,unreconciled,Final settlement,INR
TXN003945,2025-09-23,V0007,41458.02,Professional Services,Admin & Professional,debit,unreconciled,Invoice payment,INR
TXN003946,2025-12-06,V0017,135531.42,Manufacturing,Purchases,debit,reconciled,Annual contract,INR
TXN003947,2025-11-13,V0022,28478.86,Logistics,Operations,debit,reconciled,Bulk order advance,INR
TXN003948,2026-08-15,V0007,43337.92,Professional Services,Admin & Professional,debit,reconciled,Annual contract,INR
TXN003949,2026-02-07,V0012,9205.25,Raw Materials,Purchases,debit,reconciled,Bulk order advance,INR
TXN003950,2026-02-26,,82015.73,Office Supplies,Bank Charges,debit,unreconciled,Freight charges,INR
TXN003951,2026-05-31,,381439.79,Salaries & Benefits,Bank Charges,debit,reconciled,Invoice payment,INR
TXN003952,2025-12-18,V0006,14475.24,Logistics,Operations,debit,unreconciled,Quarterly retainer,INR
TXN003953,2025-08-15,V0035,39856.39,Travel,Travel,debit,reconciled,Repair and maintenance,INR
TXN003954,2025-10-09,V0025,26117.05,Logistics,Operations,debit,reconciled,Monthly service charge,INR
TXN003955,2026-08-12,V0022,101121.25,Logistics,Operations,debit,reconciled,Repair and maintenance,INR
TXN003956,2025-10-15,V0037,39685.17,Travel,Travel,debit,pending,Quarterly retainer,INR
TXN003957,2026-07-27,,402719.55,Salaries & Benefits,Bank Charges,debit,reconciled,Freight charges,INR
TXN003958,2025-11-06,V0004,25578.77,IT Services,Technology,debit,pending,Invoice payment,INR
TXN003959,2025-11-19,V0030,12567.62,Manufacturing,Purchases,debit,unreconciled,Annual contract,INR
TXN003960,2025-10-07,V0036,20796.13,Professional Services,Admin & Professional,debit,reconciled,Subscription renewal,INR
TXN003961,2025-12-30,,2314.92,Bank Charges,Bank Charges,debit,unreconciled,Annual contract,INR
TXN003962,2025-08-13,V0037,3290.69,Travel,Travel,debit,reconciled,Quarterly retainer,INR
TXN003963,2025-12-15,V0030,22199.18,Manufacturing,Purchases,debit,pending,Invoice payment,INR
TXN003964,2026-01-08,V0032,5616.61,Utilities,Utilities,debit,unreconciled,Subscription renewal,INR
TXN003965,2026-08-18,V0017,10890.08,Manufacturing,Purchases,debit,pending,Utility bill,INR
TXN003966,2026-08-09,V0016,240135.39,IT Services,Technology,debit,pending,Repair and maintenance,INR
TXN003967,2026-07-07,V0023,73149.44,Marketing,Marketing,debit,unreconciled,Annual contract,INR
TXN003968,2026-07-14,V0038,9841.66,Facilities,Operations,debit,reconciled,Invoice payment,INR
TXN003969,2026-05-03,V0030,4618.58,Manufacturing,Purchases,debit,pending,Repair and maintenance,INR
TXN003970,2026-08-22,,116.37,Bank Charges,Bank Charges,debit,reconciled,Repair and maintenance,INR
TXN003971,2026-02-14,V0011,58131.54,Marketing,Marketing,debit,reconciled,Monthly service charge,INR
TXN003972,2025-12-23,,129091.93,Office Supplies,Bank Charges,debit,reconciled,Freight charges,INR
TXN003973,2026-04-18,V0025,56022.33,Logistics,Operations,debit,reconciled,Repair and maintenance,INR
TXN003974,2025-09-30,V0018,20841.14,Professional Services,Admin & Professional,debit,unreconciled,Quarterly retainer,INR
TXN003975,2025-12-10,V0021,24236.0,Raw Materials,Purchases,debit,unreconciled,Subscription renewal,INR
TXN003976,2026-08-30,,1896.24,Bank Charges,Bank Charges,debit,unreconciled,Monthly service charge,INR
TXN003977,2025-10-02,V0021,9225.83,Raw Materials,Purchases,debit,pending,Quarterly retainer,INR
TXN003978,2025-12-09,,434793.35,Salaries & Benefits,Bank Charges,debit,reconciled,Utility bill,INR
TXN003979,2025-11-01,V0016,119258.9,IT Services,Technology,debit,reconciled,Quarterly retainer,INR
TXN003980,2025-12-02,,41506.58,Office Supplies,Bank Charges,debit,reconciled,Freight charges,INR
TXN003981,2025-10-20,,711124.63,Rent,Bank Charges,debit,reconciled,Final settlement,INR
TXN003982,2026-05-22,,2672.76,Bank Charges,Bank Charges,debit,reconciled,Repair and maintenance,INR
TXN003983,2026-01-05,V0033,48703.09,Logistics,Operations,debit,reconciled,Utility bill,INR
TXN003984,2026-04-02,V0023,59014.8,Marketing,Marketing,debit,reconciled,Final settlement,INR
TXN003985,2025-11-14,V0003,15871.93,Logistics,Operations,debit,unreconciled,Freight charges,INR
TXN003986,2025-12-21,V0035,19136.43,Travel,Travel,debit,reconciled,Invoice payment,INR
TXN003987,2026-01-10,V0014,13218.64,Logistics,Operations,debit,reconciled,Quarterly retainer,INR
TXN003988,2026-05-24,V0039,11374.04,Facilities,Operations,debit,reconciled,Quarterly retainer,INR
TXN003989,2026-07-01,V0034,150090.98,Packaging,Purchases,debit,reconciled,Subscription renewal,INR
TXN003990,2026-03-10,,851.49,Bank Charges,Bank Charges,debit,reconciled,Freight charges,INR
TXN003991,2026-08-23,V0019,11158.64,Raw Materials,Purchases,debit,reconciled,Annual contract,INR
TXN003992,2026-01-12,V0017,14909.5,Manufacturing,Purchases,debit,pending,Utility bill,INR
TXN003993,2026-01-19,V0039,106695.54,Facilities,Operations,debit,reconciled,Freight charges,INR
TXN003994,2026-07-28,V0007,20858.6,Professional Services,Admin & Professional,debit,reconciled,Utility bill,INR
TXN003995,2026-07-21,,110571.78,Office Supplies,Bank Charges,debit,reconciled,Subscription renewal,INR
TXN003996,2026-07-16,V0031,14020.38,Raw Materials,Purchases,debit,reconciled,Annual contract,INR
TXN003997,2026-03-18,,1325.44,Bank Charges,Bank Charges,debit,reconciled,Freight charges,INR
TXN003998,2025-09-17,V0005,12798.01,Raw Materials,Purchases,debit,reconciled,Annual contract,INR
TXN003999,2026-02-18,V0029,14709.22,Professional Services,Admin & Professional,debit,reconciled,Freight charges,INR
TXN004000,2025-11-15,V0031,8710.38,Raw Materials,Purchases,debit,reconciled,Bulk order advance,INR
TXN004001,2025-12-14,V0034,16722.84,Packaging,Purchases,debit,reconciled,Quarterly retainer,INR
TXN004002,2026-06-24,V0029,5107.55,Professional Services,Admin & Professional,debit,reconciled,Final settlement,INR
TXN004003,2025-08-21,V0040,31149.37,Professional Services,Admin & Professional,debit,pending,Quarterly retainer,INR
TXN004004,2025-10-09,V0038,34815.92,Facilities,Operations,debit,reconciled,Subscription renewal,INR
TXN004005,2026-03-30,V0031,45747.66,Raw Materials,Purchases,debit,unreconciled,Final settlement,INR
TXN004006,2026-04-29,V0019,24910.18,Raw Materials,Purchases,debit,reconciled,Utility bill,INR
TXN004007,2025-12-03,,742756.64,Rent,Bank Charges,debit,reconciled,Freight charges,INR
TXN004008,2026-06-20,,298400.84,Salaries & Benefits,Bank Charges,debit,reconciled,Monthly service charge,INR
TXN004009,2026-07-02,V0031,40767.26,Raw Materials,Purchases,debit,reconciled,Subscription renewal,INR
TXN004010,2026-08-26,V0029,11876.06,Professional Services,Admin & Professional,debit,reconciled,Annual contract,INR
TXN004011,2025-09-10,,481832.51,Rent,Bank Charges,debit,reconciled,Freight charges,INR
TXN004012,2026-06-12,V0016,19976.41,IT Services,Technology,debit,unreconciled,Monthly service charge,INR
TXN004013,2026-06-14,,385122.04,Rent,Bank Charges,debit,reconciled,Repair and maintenance,INR
TXN004014,2025-11-13,V0005,57027.46,Raw Materials,Purchases,debit,reconciled,Bulk order advance,INR
TXN004015,2026-06-01,V0034,19824.21,Packaging,Purchases,debit,reconciled,Bulk order advance,INR
TXN004016,2025-08-16,,533368.0,Salaries & Benefits,Bank Charges,debit,reconciled,Bulk order advance,INR
TXN004017,2026-04-02,V0003,37275.89,Logistics,Operations,debit,reconciled,Freight charges,INR
TXN004018,2025-09-17,,419595.44,Rent,Bank Charges,debit,unreconciled,Bulk order advance,INR
TXN004019,2026-01-12,V0011,72636.16,Marketing,Marketing,debit,reconciled,Invoice payment,INR
TXN004020,2025-08-03,V0037,18168.27,Travel,Travel,debit,reconciled,Utility bill,INR
TXN004021,2025-10-21,,161662.88,Salaries & Benefits,Bank Charges,credit,reconciled,Utility bill,INR
TXN004022,2026-01-27,V0003,14022.9,Logistics,Operations,debit,reconciled,Utility bill,INR
TXN004023,2025-08-17,,189443.73,Salaries & Benefits,Bank Charges,debit,unreconciled,Quarterly retainer,INR
TXN004024,2026-05-20,,193588.58,Rent,Bank Charges,debit,reconciled,Annual contract,INR
TXN004025,2026-07-26,,897517.43,Rent,Bank Charges,debit,reconciled,Repair and maintenance,INR
TXN004026,2026-01-18,V0017,6471.35,Manufacturing,Purchases,debit,reconciled,Final settlement,INR
TXN004027,2026-08-23,V0029,6381.71,Professional Services,Admin & Professional,debit,reconciled,Quarterly retainer,INR
TXN004028,2026-01-31,V0024,51385.05,IT Services,Technology,debit,reconciled,Quarterly retainer,INR
TXN004029,2025-09-18,V0038,26168.78,Facilities,Operations,debit,unreconciled,Repair and maintenance,INR
TXN004030,2025-12-13,V0016,18113.6,IT Services,Technology,debit,pending,Final settlement,INR
TXN004031,2026-08-19,V0034,205248.13,Packaging,Purchases,debit,reconciled,Quarterly retainer,INR
TXN004032,2026-04-20,V0040,73190.58,Professional Services,Admin & Professional,debit,reconciled,Annual contract,INR
TXN004033,2026-08-14,V0038,35144.12,Facilities,Operations,debit,reconciled,Invoice payment,INR
TXN004034,2025-12-14,V0019,23629.19,Raw Materials,Purchases,debit,reconciled,Freight charges,INR
TXN004035,2025-09-23,V0016,9134.42,IT Services,Technology,debit,reconciled,Invoice payment,INR
TXN004036,2026-03-10,V0031,64710.54,Raw Materials,Purchases,debit,pending,Utility bill,INR
TXN004037,2025-08-03,,565197.74,Rent,Bank Charges,debit,reconciled,Repair and maintenance,INR
TXN004038,2025-09-22,V0021,23642.52,Raw Materials,Purchases,debit,reconciled,Freight charges,INR
TXN004039,2026-06-06,V0034,3373.37,Packaging,Purchases,debit,reconciled,Quarterly retainer,INR
TXN004040,2026-01-02,V0019,26128.43,Raw Materials,Purchases,debit,reconciled,Freight charges,INR
TXN004041,2025-08-28,,553.21,Bank Charges,Bank Charges,debit,reconciled,Annual contract,INR
TXN004042,2026-07-19,V0037,14279.2,Travel,Travel,debit,reconciled,Utility bill,INR
TXN004043,2026-04-06,,1619.75,Bank Charges,Bank Charges,debit,unreconciled,Utility bill,INR
TXN004044,2025-10-16,V0035,17593.75,Travel,Travel,debit,reconciled,Subscription renewal,INR
TXN004045,2025-11-24,,614291.23,Salaries & Benefits,Bank Charges,debit,reconciled,Repair and maintenance,INR
TXN004046,2026-02-10,V0021,12758.25,Raw Materials,Purchases,debit,reconciled,Subscription renewal,INR
TXN004047,2025-08-28,V0019,88358.31,Raw Materials,Purchases,debit,reconciled,Monthly service charge,INR
TXN004048,2025-10-31,V0015,5674.6,Marketing,Marketing,debit,pending,Invoice payment,INR
TXN004049,2025-12-16,V0022,63886.98,Logistics,Operations,debit,reconciled,Utility bill,INR
TXN004050,2026-05-02,,819025.6,Salaries & Benefits,Bank Charges,debit,pending,Invoice payment,INR
TXN004051,2026-01-13,V0025,6721.49,Logistics,Operations,debit,unreconciled,Annual contract,INR
TXN004052,2026-01-07,,150983.9,Rent,Bank Charges,debit,reconciled,Freight charges,INR
TXN004053,2026-05-17,,71076.28,Office Supplies,Bank Charges,debit,reconciled,Final settlement,INR
TXN004054,2025-08-27,V0039,228820.3,Facilities,Operations,debit,reconciled,Freight charges,INR
TXN004055,2026-08-02,V0015,12902.56,Marketing,Marketing,debit,reconciled,Invoice payment,INR
TXN004056,2025-08-26,,2690.32,Bank Charges,Bank Charges,debit,pending,Freight charges,INR
TXN004057,2026-04-15,V0015,26260.23,Marketing,Marketing,debit,reconciled,Monthly service charge,INR
TXN004058,2026-04-06,V0025,18912.82,Logistics,Operations,debit,reconciled,Freight charges,INR
TXN004059,2026-07-11,V0034,8296.46,Packaging,Purchases,debit,reconciled,Annual contract,INR
TXN004060,2026-06-22,V0025,21159.45,Logistics,Operations,debit,reconciled,Monthly service charge,INR
TXN004061,2025-08-02,V0030,10139.87,Manufacturing,Purchases,debit,pending,Quarterly retainer,INR
TXN004062,2026-07-15,,71450.46,Office Supplies,Bank Charges,debit,reconciled,Subscription renewal,INR
TXN004063,2026-05-26,V0012,23451.12,Raw Materials,Purchases,debit,reconciled,Monthly service charge,INR
TXN004064,2026-01-30,V0036,52785.2,Professional Services,Admin & Professional,debit,reconciled,Final settlement,INR
TXN004065,2026-03-12,V0037,21170.88,Travel,Travel,debit,reconciled,Final settlement,INR
TXN004066,2026-01-27,V0009,316152.13,IT Services,Technology,debit,pending,Annual contract,INR
TXN004067,2025-12-22,V0021,50862.38,Raw Materials,Purchases,debit,unreconciled,Annual contract,INR
TXN004068,2025-10-16,,1625.62,Bank Charges,Bank Charges,debit,reconciled,Subscription renewal,INR
TXN004069,2025-10-30,V0035,50144.96,Travel,Travel,debit,unreconciled,Quarterly retainer,INR
TXN004070,2026-02-14,V0007,43767.4,Professional Services,Admin & Professional,debit,reconciled,Invoice payment,INR
TXN004071,2026-04-10,V0016,6508.57,IT Services,Technology,debit,reconciled,Invoice payment,INR
TXN004072,2026-04-02,V0029,27127.97,Professional Services,Admin & Professional,debit,pending,Freight charges,INR
TXN004073,2025-10-15,,29296.18,Office Supplies,Bank Charges,debit,reconciled,Invoice payment,INR
TXN004074,2026-05-25,V0016,26901.52,IT Services,Technology,debit,reconciled,Quarterly retainer,INR
TXN004075,2026-02-19,V0001,27691.53,Raw Materials,Purchases,debit,unreconciled,Subscription renewal,INR
TXN004076,2026-02-23,V0039,48024.57,Facilities,Operations,debit,reconciled,Subscription renewal,INR
TXN004077,2026-02-15,V0019,72183.41,Raw Materials,Purchases,debit,unreconciled,Utility bill,INR
TXN004078,2026-01-27,V0031,18375.78,Raw Materials,Purchases,debit,reconciled,Utility bill,INR
TXN004079,2026-06-02,V0030,5514.82,Manufacturing,Purchases,debit,unreconciled,Annual contract,INR
TXN004080,2025-11-20,V0026,28722.31,Manufacturing,Purchases,debit,unreconciled,Annual contract,INR
TXN004081,2026-01-25,,343058.75,Salaries & Benefits,Bank Charges,debit,reconciled,Annual contract,INR
TXN004082,2025-12-18,,29667.23,Office Supplies,Bank Charges,debit,unreconciled,Utility bill,INR
TXN004083,2026-07-21,V0033,21860.1,Logistics,Operations,debit,unreconciled,Final settlement,INR
TXN004084,2026-06-24,V0025,47290.05,Logistics,Operations,debit,reconciled,Repair and maintenance,INR
TXN004085,2025-10-04,V0037,29125.61,Travel,Travel,debit,reconciled,Quarterly retainer,INR
TXN004086,2026-01-11,V0039,4995.89,Facilities,Operations,debit,reconciled,Quarterly retainer,INR
TXN004087,2025-10-01,,440773.16,Salaries & Benefits,Bank Charges,debit,reconciled,Annual contract,INR
TXN004088,2025-12-08,V0036,26611.12,Professional Services,Admin & Professional,debit,reconciled,Invoice payment,INR
TXN004089,2026-06-12,V0021,9456.86,Raw Materials,Purchases,debit,reconciled,Freight charges,INR
TXN004090,2025-11-07,V0029,50265.5,Professional Services,Admin & Professional,debit,reconciled,Subscription renewal,INR
TXN004091,2026-01-09,,262266.74,Salaries & Benefits,Bank Charges,debit,unreconciled,Subscription renewal,INR
TXN004092,2026-06-09,V0029,97241.09,Professional Services,Admin & Professional,debit,reconciled,Invoice payment,INR
TXN004093,2025-09-20,V0034,7596.42,Packaging,Purchases,debit,reconciled,Bulk order advance,INR
TXN004094,2026-05-03,V0040,67006.78,Professional Services,Admin & Professional,debit,unreconciled,Annual contract,INR
TXN004095,2025-10-10,V0030,9067.23,Manufacturing,Purchases,debit,unreconciled,Monthly service charge,INR
TXN004096,2026-03-09,,718.63,Bank Charges,Bank Charges,debit,reconciled,Utility bill,INR
TXN004097,2026-01-07,V0031,10557.91,Raw Materials,Purchases,debit,unreconciled,Monthly service charge,INR
TXN004098,2026-04-04,V0019,34036.05,Raw Materials,Purchases,debit,unreconciled,Monthly service charge,INR
TXN004099,2026-02-28,,627522.67,Rent,Bank Charges,credit,unreconciled,Quarterly retainer,INR
TXN004100,2026-04-15,V0029,22732.08,Professional Services,Admin & Professional,debit,reconciled,Repair and maintenance,INR
TXN004101,2026-08-11,V0037,26370.88,Travel,Travel,debit,unreconciled,Monthly service charge,INR
TXN004102,2025-08-03,,285673.46,Salaries & Benefits,Bank Charges,debit,reconciled,Utility bill,INR
TXN004103,2026-03-23,V0036,15949.53,Professional Services,Admin & Professional,debit,pending,Repair and maintenance,INR
TXN004104,2026-02-21,V0006,40513.87,Logistics,Operations,debit,reconciled,Subscription renewal,INR
TXN004105,2026-04-11,V0031,9338.4,Raw Materials,Purchases,debit,reconciled,Invoice payment,INR
TXN004106,2026-01-09,,47206.61,Office Supplies,Bank Charges,debit,reconciled,Subscription renewal,INR
TXN004107,2026-05-12,,43382.74,Office Supplies,Bank Charges,debit,reconciled,Final settlement,INR
TXN004108,2026-05-02,V0018,122429.11,Professional Services,Admin & Professional,debit,reconciled,Repair and maintenance,INR
TXN004109,2026-05-15,V0017,18073.6,Manufacturing,Purchases,debit,reconciled,Repair and maintenance,INR
TXN004110,2026-04-29,V0036,13753.24,Professional Services,Admin & Professional,debit,unreconciled,Quarterly retainer,INR
TXN004111,2025-12-19,V0001,51944.19,Raw Materials,Purchases,debit,pending,Annual contract,INR
TXN004112,2026-03-23,V0016,46562.17,IT Services,Technology,debit,unreconciled,Monthly service charge,INR
TXN004113,2026-01-06,V0022,6904.27,Logistics,Operations,debit,reconciled,Final settlement,INR
TXN004114,2026-03-05,V0015,33480.12,Marketing,Marketing,debit,unreconciled,Utility bill,INR
TXN004115,2026-02-15,V0029,23723.7,Professional Services,Admin & Professional,debit,pending,Annual contract,INR
TXN004116,2026-05-24,V0005,34261.22,Raw Materials,Purchases,debit,reconciled,Monthly service charge,INR
TXN004117,2026-01-26,,877207.97,Rent,Bank Charges,debit,pending,Monthly service charge,INR
TXN004118,2026-05-11,V0034,194799.88,Packaging,Purchases,debit,reconciled,Repair and maintenance,INR
TXN004119,2025-09-29,V0040,15712.86,Professional Services,Admin & Professional,debit,reconciled,Invoice payment,INR
TXN004120,2026-04-21,V0021,34654.11,Raw Materials,Purchases,debit,unreconciled,Annual contract,INR
TXN004121,2026-01-25,V0034,55027.38,Packaging,Purchases,debit,reconciled,Quarterly retainer,INR
TXN004122,2025-09-07,V0034,13239.94,Packaging,Purchases,debit,reconciled,Utility bill,INR
TXN004123,2026-01-24,V0034,39529.43,Packaging,Purchases,debit,reconciled,Repair and maintenance,INR
TXN004124,2026-06-15,V0030,7787.01,Manufacturing,Purchases,debit,reconciled,Bulk order advance,INR
TXN004125,2025-10-31,,20370.28,Office Supplies,Bank Charges,debit,reconciled,Freight charges,INR
TXN004126,2025-12-09,V0003,76291.87,Logistics,Operations,debit,reconciled,Utility bill,INR
TXN004127,2026-01-16,V0040,8423.04,Professional Services,Admin & Professional,debit,reconciled,Bulk order advance,INR
TXN004128,2025-09-25,,421461.48,Salaries & Benefits,Bank Charges,debit,unreconciled,Annual contract,INR
TXN004129,2025-11-23,,489280.6,Salaries & Benefits,Bank Charges,debit,reconciled,Utility bill,INR
TXN004130,2025-10-15,V0001,5905.8,Raw Materials,Purchases,debit,reconciled,Annual contract,INR
TXN004131,2026-01-09,V0033,26634.02,Logistics,Operations,debit,reconciled,Bulk order advance,INR
TXN004132,2025-09-06,,580598.99,Rent,Bank Charges,debit,reconciled,Bulk order advance,INR
TXN004133,2026-01-16,,1867.97,Bank Charges,Bank Charges,debit,reconciled,Freight charges,INR
TXN004134,2025-08-26,V0034,237084.02,Packaging,Purchases,debit,reconciled,Utility bill,INR
TXN004135,2026-02-03,,192300.84,Rent,Bank Charges,credit,reconciled,Monthly service charge,INR
TXN004136,2026-08-13,V0018,11263.98,Professional Services,Admin & Professional,debit,unreconciled,Annual contract,INR
TXN004137,2026-06-02,,106628.7,Office Supplies,Bank Charges,debit,reconciled,Subscription renewal,INR
TXN004138,2026-08-08,,100581.72,Office Supplies,Bank Charges,debit,reconciled,Freight charges,INR
TXN004139,2025-08-14,V0022,15910.77,Logistics,Operations,debit,unreconciled,Final settlement,INR
TXN004140,2026-03-05,V0026,38576.42,Manufacturing,Purchases,debit,reconciled,Subscription renewal,INR
TXN004141,2026-07-09,V0015,39708.61,Marketing,Marketing,debit,reconciled,Quarterly retainer,INR
TXN004142,2025-11-26,V0021,12868.08,Raw Materials,Purchases,debit,reconciled,Quarterly retainer,INR
TXN004143,2025-09-23,,1976.44,Bank Charges,Bank Charges,debit,reconciled,Invoice payment,INR
TXN004144,2025-09-23,V0036,19091.23,Professional Services,Admin & Professional,debit,pending,Annual contract,INR
TXN004145,2026-02-23,V0031,38528.71,Raw Materials,Purchases,debit,reconciled,Final settlement,INR
TXN004146,2025-08-01,,640534.99,Rent,Bank Charges,debit,reconciled,Final settlement,INR
TXN004147,2026-06-25,,422065.09,Rent,Bank Charges,debit,reconciled,Monthly service charge,INR
TXN004148,2026-04-03,,2305.32,Bank Charges,Bank Charges,debit,reconciled,Repair and maintenance,INR
TXN004149,2026-07-30,V0034,77086.55,Packaging,Purchases,debit,reconciled,Quarterly retainer,INR
TXN004150,2026-06-22,V0021,9954.59,Raw Materials,Purchases,debit,unreconciled,Bulk order advance,INR
TXN004151,2026-03-25,V0036,61283.05,Professional Services,Admin & Professional,debit,reconciled,Invoice payment,INR
TXN004152,2025-09-05,V0036,13635.32,Professional Services,Admin & Professional,debit,pending,Subscription renewal,INR
TXN004153,2026-08-10,V0037,5370.24,Travel,Travel,debit,reconciled,Quarterly retainer,INR
TXN004154,2026-05-21,V0031,23053.62,Raw Materials,Purchases,debit,reconciled,Annual contract,INR
TXN004155,2026-02-28,V0027,47852.34,Facilities,Operations,debit,reconciled,Final settlement,INR
TXN004156,2025-09-05,,91157.85,Office Supplies,Bank Charges,debit,reconciled,Utility bill,INR
TXN004157,2026-01-07,V0022,32809.16,Logistics,Operations,debit,reconciled,Final settlement,INR
TXN004158,2026-06-15,V0025,15781.1,Logistics,Operations,debit,pending,Freight charges,INR
TXN004159,2026-04-15,V0032,9950.2,Utilities,Utilities,debit,reconciled,Repair and maintenance,INR
TXN004160,2025-08-09,V0040,12083.39,Professional Services,Admin & Professional,debit,reconciled,Quarterly retainer,INR
TXN004161,2026-02-12,V0033,72944.14,Logistics,Operations,debit,reconciled,Utility bill,INR
TXN004162,2026-08-21,,853650.96,Salaries & Benefits,Bank Charges,debit,unreconciled,Quarterly retainer,INR
TXN004163,2026-03-19,V0034,10400.96,Packaging,Purchases,debit,reconciled,Bulk order advance,INR
TXN004164,2026-05-19,V0012,45337.53,Raw Materials,Purchases,debit,reconciled,Invoice payment,INR
TXN004165,2026-04-24,V0029,9503.58,Professional Services,Admin & Professional,debit,unreconciled,Quarterly retainer,INR
TXN004166,2026-07-09,V0026,49045.93,Manufacturing,Purchases,debit,reconciled,Utility bill,INR
TXN004167,2026-06-07,V0030,77435.87,Manufacturing,Purchases,debit,unreconciled,Final settlement,INR
TXN004168,2025-11-23,V0005,25163.67,Raw Materials,Purchases,debit,reconciled,Annual contract,INR
TXN004169,2025-08-09,V0001,114688.58,Raw Materials,Purchases,debit,reconciled,Monthly service charge,INR
TXN004170,2025-08-06,V0030,24943.33,Manufacturing,Purchases,debit,pending,Repair and maintenance,INR
TXN004171,2025-10-30,V0001,16019.68,Raw Materials,Purchases,debit,reconciled,Utility bill,INR
TXN004172,2026-03-28,V0031,42910.54,Raw Materials,Purchases,debit,reconciled,Final settlement,INR
TXN004173,2026-05-29,,797883.78,Salaries & Benefits,Bank Charges,debit,reconciled,Repair and maintenance,INR
TXN004174,2025-08-20,V0007,68525.18,Professional Services,Admin & Professional,debit,reconciled,Annual contract,INR
TXN004175,2026-03-15,,673018.79,Rent,Bank Charges,debit,reconciled,Annual contract,INR
TXN004176,2025-10-24,V0007,54414.13,Professional Services,Admin & Professional,debit,unreconciled,Final settlement,INR
TXN004177,2026-06-02,V0030,11375.61,Manufacturing,Purchases,debit,unreconciled,Freight charges,INR
TXN004178,2025-12-20,V0031,10066.16,Raw Materials,Purchases,debit,unreconciled,Repair and maintenance,INR
TXN004179,2025-12-06,V0039,25690.88,Facilities,Operations,debit,unreconciled,Annual contract,INR
TXN004180,2025-09-30,V0038,47734.91,Facilities,Operations,debit,pending,Bulk order advance,INR
TXN004181,2026-07-03,V0018,161803.31,Professional Services,Admin & Professional,debit,unreconciled,Repair and maintenance,INR
TXN004182,2025-10-24,V0023,69765.37,Marketing,Marketing,debit,reconciled,Final settlement,INR
TXN004183,2026-08-04,V0040,14387.35,Professional Services,Admin & Professional,debit,reconciled,Final settlement,INR
TXN004184,2026-07-14,V0025,4357.62,Logistics,Operations,debit,reconciled,Monthly service charge,INR
TXN004185,2026-04-23,,94875.44,Office Supplies,Bank Charges,debit,reconciled,Freight charges,INR
TXN004186,2026-04-26,V0018,4668.74,Professional Services,Admin & Professional,debit,reconciled,Bulk order advance,INR
TXN004187,2026-03-24,V0001,12086.64,Raw Materials,Purchases,debit,reconciled,Freight charges,INR
TXN004188,2025-11-19,,2496.82,Bank Charges,Bank Charges,debit,pending,Freight charges,INR
TXN004189,2026-01-20,V0036,33795.44,Professional Services,Admin & Professional,debit,reconciled,Freight charges,INR
TXN004190,2026-03-27,V0001,15953.98,Raw Materials,Purchases,debit,reconciled,Annual contract,INR
TXN004191,2025-09-08,,98552.81,Office Supplies,Bank Charges,debit,pending,Annual contract,INR
TXN004192,2026-01-17,V0033,24703.25,Logistics,Operations,debit,reconciled,Final settlement,INR
TXN004193,2026-08-01,V0001,184642.61,Raw Materials,Purchases,debit,unreconciled,Final settlement,INR
TXN004194,2025-10-07,V0031,21558.85,Raw Materials,Purchases,debit,reconciled,Quarterly retainer,INR
TXN004195,2026-02-09,V0033,45975.9,Logistics,Operations,debit,reconciled,Annual contract,INR
TXN004196,2025-08-25,V0032,32639.97,Utilities,Utilities,debit,reconciled,Annual contract,INR
TXN004197,2026-02-10,V0032,25910.83,Utilities,Utilities,debit,reconciled,Quarterly retainer,INR
TXN004198,2026-06-26,V0031,40028.55,Raw Materials,Purchases,debit,reconciled,Invoice payment,INR
TXN004199,2026-01-01,V0011,9070.11,Marketing,Marketing,debit,reconciled,Invoice payment,INR
TXN004200,2026-08-24,V0039,63186.64,Facilities,Operations,debit,reconciled,Invoice payment,INR
TXN004201,2025-12-24,V0001,56253.12,Raw Materials,Purchases,debit,reconciled,Repair and maintenance,INR
TXN004202,2025-12-25,V0034,11859.15,Packaging,Purchases,debit,unreconciled,Freight charges,INR
TXN004203,2026-03-02,V0026,5437.57,Manufacturing,Purchases,debit,reconciled,Utility bill,INR
TXN004204,2025-11-28,V0016,4677.93,IT Services,Technology,debit,pending,Annual contract,INR
TXN004205,2026-01-16,,534460.27,Rent,Bank Charges,debit,reconciled,Utility bill,INR
TXN004206,2025-08-17,V0025,45654.82,Logistics,Operations,debit,reconciled,Quarterly retainer,INR
TXN004207,2025-11-25,V0019,16276.28,Raw Materials,Purchases,debit,reconciled,Monthly service charge,INR
TXN004208,2025-09-28,V0033,9929.02,Logistics,Operations,debit,unreconciled,Freight charges,INR
TXN004209,2026-04-27,V0005,10388.46,Raw Materials,Purchases,debit,unreconciled,Invoice payment,INR
TXN004210,2025-08-13,,1174.11,Bank Charges,Bank Charges,debit,reconciled,Subscription renewal,INR
TXN004211,2026-05-18,V0028,5063.79,Raw Materials,Purchases,debit,unreconciled,Repair and maintenance,INR
TXN004212,2026-07-05,V0001,12120.2,Raw Materials,Purchases,debit,reconciled,Invoice payment,INR
TXN004213,2026-05-14,,2505.94,Bank Charges,Bank Charges,debit,reconciled,Final settlement,INR
TXN004214,2025-09-12,,122578.18,Office Supplies,Bank Charges,credit,reconciled,Monthly service charge,INR
TXN004215,2026-08-21,V0039,67604.71,Facilities,Operations,debit,reconciled,Bulk order advance,INR
TXN004216,2026-08-07,V0036,26279.58,Professional Services,Admin & Professional,debit,unreconciled,Quarterly retainer,INR
TXN004217,2026-01-21,V0012,6530.15,Raw Materials,Purchases,debit,reconciled,Invoice payment,INR
TXN004218,2025-10-16,V0001,11940.38,Raw Materials,Purchases,debit,reconciled,Annual contract,INR
TXN004219,2025-12-01,V0004,48466.91,IT Services,Technology,debit,pending,Repair and maintenance,INR
TXN004220,2025-11-11,V0006,15360.14,Logistics,Operations,debit,reconciled,Invoice payment,INR
TXN004221,2026-03-26,V0032,23356.73,Utilities,Utilities,debit,reconciled,Subscription renewal,INR
TXN004222,2026-01-17,V0036,28331.47,Professional Services,Admin & Professional,debit,reconciled,Final settlement,INR
TXN004223,2025-12-26,V0004,27256.48,IT Services,Technology,debit,pending,Invoice payment,INR
TXN004224,2026-08-29,V0036,8378.4,Professional Services,Admin & Professional,debit,reconciled,Freight charges,INR
TXN004225,2026-01-05,V0034,18508.49,Packaging,Purchases,debit,reconciled,Monthly service charge,INR
TXN004226,2026-04-21,V0015,8229.9,Marketing,Marketing,debit,reconciled,Subscription renewal,INR
TXN004227,2026-06-22,V0034,25992.74,Packaging,Purchases,debit,reconciled,Invoice payment,INR
TXN004228,2026-05-12,,2674.81,Bank Charges,Bank Charges,debit,reconciled,Repair and maintenance,INR
TXN004229,2026-05-31,,236248.21,Rent,Bank Charges,debit,pending,Final settlement,INR
TXN004230,2025-10-11,V0039,186174.47,Facilities,Operations,debit,pending,Annual contract,INR
TXN004231,2026-03-29,V0017,63039.21,Manufacturing,Purchases,debit,unreconciled,Monthly service charge,INR
TXN004232,2025-11-13,V0005,146821.03,Raw Materials,Purchases,debit,reconciled,Invoice payment,INR
TXN004233,2026-06-22,V0009,25402.68,IT Services,Technology,debit,reconciled,Monthly service charge,INR
TXN004234,2026-01-16,V0015,9090.73,Marketing,Marketing,debit,pending,Utility bill,INR
TXN004235,2026-08-15,V0031,11751.18,Raw Materials,Purchases,debit,pending,Annual contract,INR
TXN004236,2026-04-21,V0033,35900.99,Logistics,Operations,debit,reconciled,Quarterly retainer,INR
TXN004237,2026-08-26,,120401.58,Office Supplies,Bank Charges,debit,reconciled,Repair and maintenance,INR
TXN004238,2025-10-09,,363668.76,Rent,Bank Charges,debit,reconciled,Freight charges,INR
TXN004239,2026-07-22,,841270.88,Salaries & Benefits,Bank Charges,debit,reconciled,Final settlement,INR
TXN004240,2026-05-21,V0007,25606.58,Professional Services,Admin & Professional,debit,reconciled,Monthly service charge,INR
TXN004241,2025-08-05,V0018,5865.87,Professional Services,Admin & Professional,debit,reconciled,Utility bill,INR
TXN004242,2025-10-13,V0021,48175.33,Raw Materials,Purchases,debit,unreconciled,Quarterly retainer,INR
TXN004243,2026-05-16,,2347.91,Bank Charges,Bank Charges,debit,unreconciled,Annual contract,INR
TXN004244,2025-08-22,,296071.3,Salaries & Benefits,Bank Charges,debit,reconciled,Invoice payment,INR
TXN004245,2025-10-10,V0033,39957.58,Logistics,Operations,debit,reconciled,Monthly service charge,INR
TXN004246,2026-06-28,V0001,6160.35,Raw Materials,Purchases,debit,reconciled,Freight charges,INR
TXN004247,2026-04-06,V0038,2733.51,Facilities,Operations,debit,reconciled,Quarterly retainer,INR
TXN004248,2026-06-28,V0014,6526.27,Logistics,Operations,debit,reconciled,Subscription renewal,INR
TXN004249,2026-05-29,V0023,13384.14,Marketing,Marketing,debit,reconciled,Invoice payment,INR
TXN004250,2026-06-21,V0028,82399.55,Raw Materials,Purchases,debit,reconciled,Repair and maintenance,INR
TXN004251,2025-12-14,V0012,17050.92,Raw Materials,Purchases,debit,reconciled,Annual contract,INR
TXN004252,2026-07-22,V0030,12008.13,Manufacturing,Purchases,debit,reconciled,Quarterly retainer,INR
TXN004253,2025-10-21,V0009,5348.18,IT Services,Technology,debit,reconciled,Bulk order advance,INR
TXN004254,2026-04-14,,43799.17,Office Supplies,Bank Charges,debit,unreconciled,Freight charges,INR
TXN004255,2026-03-12,V0007,24015.36,Professional Services,Admin & Professional,debit,reconciled,Bulk order advance,INR
TXN004256,2025-10-21,,803116.09,Rent,Bank Charges,debit,pending,Bulk order advance,INR
TXN004257,2025-11-11,V0021,8580.45,Raw Materials,Purchases,debit,reconciled,Utility bill,INR
TXN004258,2025-12-16,V0009,7483.12,IT Services,Technology,debit,reconciled,Utility bill,INR
TXN004259,2026-03-10,V0025,27822.91,Logistics,Operations,debit,unreconciled,Monthly service charge,INR
TXN004260,2026-05-09,V0011,36594.08,Marketing,Marketing,debit,pending,Utility bill,INR
TXN004261,2026-08-27,,12650.68,Office Supplies,Bank Charges,debit,reconciled,Utility bill,INR
TXN004262,2026-03-15,V0018,98034.92,Professional Services,Admin & Professional,debit,unreconciled,Final settlement,INR
TXN004263,2026-07-02,V0015,19488.05,Marketing,Marketing,debit,unreconciled,Bulk order advance,INR
TXN004264,2026-02-25,V0005,25736.61,Raw Materials,Purchases,debit,reconciled,Freight charges,INR
TXN004265,2026-02-07,V0019,27117.17,Raw Materials,Purchases,debit,pending,Quarterly retainer,INR
TXN004266,2026-03-10,V0016,90565.06,IT Services,Technology,debit,reconciled,Subscription renewal,INR
TXN004267,2026-08-26,V0038,49565.27,Facilities,Operations,debit,reconciled,Repair and maintenance,INR
TXN004268,2026-05-28,V0031,21267.22,Raw Materials,Purchases,debit,reconciled,Utility bill,INR
TXN004269,2026-05-18,V0034,5778.84,Packaging,Purchases,debit,reconciled,Monthly service charge,INR
TXN004270,2026-04-22,V0021,15123.3,Raw Materials,Purchases,debit,reconciled,Subscription renewal,INR
TXN004271,2025-10-16,V0039,10984.43,Facilities,Operations,debit,reconciled,Utility bill,INR
TXN004272,2026-03-27,V0034,44666.84,Packaging,Purchases,debit,reconciled,Subscription renewal,INR
TXN004273,2025-09-03,V0015,1810.53,Marketing,Marketing,debit,reconciled,Quarterly retainer,INR
TXN004274,2025-08-01,V0021,12158.0,Raw Materials,Purchases,debit,reconciled,Freight charges,INR
TXN004275,2026-02-23,V0035,428663.1,Travel,Travel,debit,reconciled,Quarterly retainer,INR
TXN004276,2025-10-06,,876646.41,Rent,Bank Charges,credit,reconciled,Bulk order advance,INR
TXN004277,2026-07-18,V0005,10870.13,Raw Materials,Purchases,debit,unreconciled,Invoice payment,INR
TXN004278,2026-08-31,V0005,19968.49,Raw Materials,Purchases,debit,reconciled,Subscription renewal,INR
TXN004279,2025-12-03,V0023,61162.26,Marketing,Marketing,debit,unreconciled,Utility bill,INR
TXN004280,2026-01-27,V0025,36719.24,Logistics,Operations,debit,reconciled,Repair and maintenance,INR
TXN004281,2025-08-30,V0032,23503.8,Utilities,Utilities,debit,unreconciled,Monthly service charge,INR
TXN004282,2026-08-23,V0015,8267.58,Marketing,Marketing,debit,unreconciled,Freight charges,INR
TXN004283,2025-10-19,V0023,28820.14,Marketing,Marketing,debit,unreconciled,Annual contract,INR
TXN004284,2025-09-06,,2183.69,Bank Charges,Bank Charges,debit,reconciled,Subscription renewal,INR
TXN004285,2026-05-29,V0012,14863.21,Raw Materials,Purchases,debit,reconciled,Subscription renewal,INR
TXN004286,2026-05-09,,389118.11,Rent,Bank Charges,debit,reconciled,Subscription renewal,INR
TXN004287,2026-05-31,V0040,43456.62,Professional Services,Admin & Professional,debit,unreconciled,Quarterly retainer,INR
TXN004288,2026-05-17,V0038,19784.28,Facilities,Operations,debit,reconciled,Final settlement,INR
TXN004289,2026-06-21,V0005,26156.49,Raw Materials,Purchases,debit,reconciled,Repair and maintenance,INR
TXN004290,2026-07-26,V0030,71998.27,Manufacturing,Purchases,debit,reconciled,Subscription renewal,INR
TXN004291,2026-08-18,V0019,36547.12,Raw Materials,Purchases,debit,reconciled,Subscription renewal,INR
TXN004292,2026-04-28,V0022,35715.31,Logistics,Operations,debit,reconciled,Bulk order advance,INR
TXN004293,2026-03-20,V0018,49602.03,Professional Services,Admin & Professional,debit,unreconciled,Subscription renewal,INR
TXN004294,2025-12-16,V0008,95176.37,Facilities,Operations,debit,unreconciled,Final settlement,INR
TXN004295,2026-05-29,,432874.99,Rent,Bank Charges,debit,reconciled,Quarterly retainer,INR
TXN004296,2026-01-11,V0003,5020.97,Logistics,Operations,debit,reconciled,Bulk order advance,INR
TXN004297,2025-12-12,V0007,41234.8,Professional Services,Admin & Professional,debit,reconciled,Bulk order advance,INR
TXN004298,2025-10-24,V0033,106030.55,Logistics,Operations,debit,reconciled,Final settlement,INR
TXN004299,2025-08-18,V0018,21164.47,Professional Services,Admin & Professional,debit,reconciled,Invoice payment,INR
TXN004300,2025-12-17,V0006,14395.68,Logistics,Operations,debit,reconciled,Subscription renewal,INR
TXN004301,2026-04-27,,673343.5,Rent,Bank Charges,debit,reconciled,Invoice payment,INR
TXN004302,2025-11-07,,753406.85,Salaries & Benefits,Bank Charges,debit,reconciled,Monthly service charge,INR
TXN004303,2026-05-24,V0022,16597.68,Logistics,Operations,debit,pending,Monthly service charge,INR
TXN004304,2026-04-08,,826617.84,Salaries & Benefits,Bank Charges,debit,pending,Utility bill,INR
TXN004305,2026-07-09,V0023,63510.08,Marketing,Marketing,debit,unreconciled,Annual contract,INR
TXN004306,2026-02-17,V0001,63100.61,Raw Materials,Purchases,debit,reconciled,Quarterly retainer,INR
TXN004307,2026-08-25,V0030,46264.91,Manufacturing,Purchases,debit,unreconciled,Final settlement,INR
TXN004308,2025-11-04,V0022,20084.09,Logistics,Operations,debit,unreconciled,Freight charges,INR
TXN004309,2025-09-02,V0018,22566.63,Professional Services,Admin & Professional,debit,reconciled,Final settlement,INR
TXN004310,2025-09-16,,92031.7,Office Supplies,Bank Charges,debit,reconciled,Invoice payment,INR
TXN004311,2025-10-26,,723.74,Bank Charges,Bank Charges,debit,pending,Annual contract,INR
TXN004312,2026-07-13,,551205.49,Salaries & Benefits,Bank Charges,debit,reconciled,Freight charges,INR
TXN004313,2025-12-08,,147784.12,Office Supplies,Bank Charges,debit,pending,Annual contract,INR
TXN004314,2026-04-02,V0016,42192.82,IT Services,Technology,debit,reconciled,Freight charges,INR
TXN004315,2026-01-23,V0036,21374.53,Professional Services,Admin & Professional,debit,reconciled,Bulk order advance,INR
TXN004316,2026-05-01,V0001,4342.92,Raw Materials,Purchases,debit,reconciled,Final settlement,INR
TXN004317,2026-01-03,V0014,11645.75,Logistics,Operations,debit,reconciled,Freight charges,INR
TXN004318,2026-05-09,,122751.74,Office Supplies,Bank Charges,debit,reconciled,Final settlement,INR
TXN004319,2026-08-22,V0001,28677.11,Raw Materials,Purchases,debit,reconciled,Utility bill,INR
TXN004320,2025-08-13,,123599.99,Office Supplies,Bank Charges,debit,unreconciled,Repair and maintenance,INR
TXN004321,2026-06-09,V0003,140684.53,Logistics,Operations,debit,unreconciled,Bulk order advance,INR
TXN004322,2025-11-08,V0016,23406.16,IT Services,Technology,debit,reconciled,Monthly service charge,INR
TXN004323,2026-03-02,,1972.38,Bank Charges,Bank Charges,debit,reconciled,Annual contract,INR
TXN004324,2025-11-24,V0018,29934.33,Professional Services,Admin & Professional,debit,reconciled,Subscription renewal,INR
TXN004325,2026-05-30,V0021,11457.13,Raw Materials,Purchases,debit,reconciled,Quarterly retainer,INR
TXN004326,2026-07-09,V0021,50994.02,Raw Materials,Purchases,debit,reconciled,Subscription renewal,INR
TXN004327,2026-02-02,V0033,4978.28,Logistics,Operations,debit,reconciled,Utility bill,INR
TXN004328,2026-02-27,V0007,8619.41,Professional Services,Admin & Professional,debit,reconciled,Annual contract,INR
TXN004329,2026-07-28,,2683.21,Bank Charges,Bank Charges,debit,unreconciled,Bulk order advance,INR
TXN004330,2025-09-17,V0036,39053.66,Professional Services,Admin & Professional,debit,unreconciled,Invoice payment,INR
TXN004331,2026-04-19,V0034,8451.79,Packaging,Purchases,debit,unreconciled,Quarterly retainer,INR
TXN004332,2026-06-30,V0005,62038.62,Raw Materials,Purchases,debit,reconciled,Utility bill,INR
TXN004333,2025-08-27,V0031,18207.48,Raw Materials,Purchases,debit,reconciled,Quarterly retainer,INR
TXN004334,2026-04-18,V0030,52533.3,Manufacturing,Purchases,debit,reconciled,Bulk order advance,INR
TXN004335,2026-01-05,V0034,48964.53,Packaging,Purchases,debit,unreconciled,Monthly service charge,INR
TXN004336,2026-07-19,V0031,134191.99,Raw Materials,Purchases,debit,reconciled,Annual contract,INR
TXN004337,2025-08-25,,332202.31,Rent,Bank Charges,debit,reconciled,Bulk order advance,INR
TXN004338,2025-09-13,V0011,7447.49,Marketing,Marketing,debit,unreconciled,Monthly service charge,INR
TXN004339,2026-01-06,V0039,47203.07,Facilities,Operations,debit,reconciled,Utility bill,INR
TXN004340,2026-02-07,V0018,113947.75,Professional Services,Admin & Professional,debit,reconciled,Bulk order advance,INR
TXN004341,2026-08-15,V0018,116794.44,Professional Services,Admin & Professional,debit,reconciled,Freight charges,INR
TXN004342,2025-11-04,,2052.62,Bank Charges,Bank Charges,debit,reconciled,Utility bill,INR
TXN004343,2026-04-23,V0031,5086.53,Raw Materials,Purchases,debit,reconciled,Repair and maintenance,INR
TXN004344,2026-07-15,V0021,117044.02,Raw Materials,Purchases,debit,reconciled,Freight charges,INR
TXN004345,2026-02-11,V0022,7079.58,Logistics,Operations,debit,unreconciled,Utility bill,INR
TXN004346,2026-04-24,V0018,74303.81,Professional Services,Admin & Professional,debit,reconciled,Monthly service charge,INR
TXN004347,2026-07-06,,793.65,Bank Charges,Bank Charges,debit,reconciled,Invoice payment,INR
TXN004348,2025-11-15,V0030,15141.0,Manufacturing,Purchases,debit,reconciled,Final settlement,INR
TXN004349,2026-03-28,V0025,48317.22,Logistics,Operations,debit,reconciled,Monthly service charge,INR
TXN004350,2026-08-23,V0038,9028.65,Facilities,Operations,debit,unreconciled,Final settlement,INR
TXN004351,2026-03-10,V0030,96006.84,Manufacturing,Purchases,debit,reconciled,Freight charges,INR
TXN004352,2026-04-08,V0012,12790.37,Raw Materials,Purchases,debit,reconciled,Invoice payment,INR
TXN004353,2026-03-14,V0018,5212.41,Professional Services,Admin & Professional,debit,reconciled,Subscription renewal,INR
TXN004354,2025-08-29,V0037,13641.97,Travel,Travel,debit,reconciled,Monthly service charge,INR
TXN004355,2026-08-14,V0015,10318.9,Marketing,Marketing,debit,unreconciled,Invoice payment,INR
TXN004356,2026-06-26,V0038,39443.32,Facilities,Operations,debit,reconciled,Final settlement,INR
TXN004357,2025-08-21,V0007,37657.16,Professional Services,Admin & Professional,debit,reconciled,Annual contract,INR
TXN004358,2026-08-07,V0005,9559.76,Raw Materials,Purchases,debit,reconciled,Freight charges,INR
TXN004359,2026-05-04,V0022,16108.92,Logistics,Operations,debit,unreconciled,Bulk order advance,INR
TXN004360,2026-03-25,,624922.92,Salaries & Benefits,Bank Charges,debit,pending,Freight charges,INR
TXN004361,2025-09-12,,2464.1,Bank Charges,Bank Charges,debit,reconciled,Annual contract,INR
TXN004362,2026-04-05,V0025,59593.23,Logistics,Operations,debit,reconciled,Invoice payment,INR
TXN004363,2026-05-12,V0015,48735.28,Marketing,Marketing,debit,unreconciled,Invoice payment,INR
TXN004364,2025-12-30,V0022,5547.58,Logistics,Operations,debit,reconciled,Final settlement,INR
TXN004365,2025-11-16,V0018,15227.46,Professional Services,Admin & Professional,debit,unreconciled,Utility bill,INR
TXN004366,2025-11-05,,129970.71,Office Supplies,Bank Charges,debit,pending,Final settlement,INR
TXN004367,2026-06-23,,1629.04,Bank Charges,Bank Charges,debit,reconciled,Quarterly retainer,INR
TXN004368,2026-08-01,,841944.25,Rent,Bank Charges,debit,reconciled,Freight charges,INR
TXN004369,2026-04-22,V0026,11378.0,Manufacturing,Purchases,debit,pending,Freight charges,INR
TXN004370,2026-08-28,V0039,30066.69,Facilities,Operations,debit,reconciled,Subscription renewal,INR
TXN004371,2025-12-30,,561941.98,Rent,Bank Charges,debit,reconciled,Final settlement,INR
TXN004372,2026-04-04,V0027,77973.24,Facilities,Operations,debit,unreconciled,Bulk order advance,INR
TXN004373,2026-05-21,V0019,53000.31,Raw Materials,Purchases,debit,unreconciled,Invoice payment,INR
TXN004374,2025-12-24,V0034,56351.68,Packaging,Purchases,debit,pending,Quarterly retainer,INR
TXN004375,2026-02-11,V0030,15493.2,Manufacturing,Purchases,debit,reconciled,Freight charges,INR
TXN004376,2026-05-03,V0039,47519.35,Facilities,Operations,debit,reconciled,Bulk order advance,INR
TXN004377,2026-04-16,V0005,52764.11,Raw Materials,Purchases,debit,pending,Invoice payment,INR
TXN004378,2026-05-08,V0025,10847.22,Logistics,Operations,debit,reconciled,Invoice payment,INR
TXN004379,2026-03-04,V0009,49659.51,IT Services,Technology,debit,reconciled,Subscription renewal,INR
TXN004380,2026-01-27,,515431.33,Salaries & Benefits,Bank Charges,debit,reconciled,Quarterly retainer,INR
TXN004381,2025-10-13,V0025,44313.37,Logistics,Operations,debit,reconciled,Final settlement,INR
TXN004382,2026-06-10,V0016,25179.49,IT Services,Technology,debit,pending,Monthly service charge,INR
TXN004383,2026-01-19,V0031,33728.28,Raw Materials,Purchases,debit,reconciled,Repair and maintenance,INR
TXN004384,2025-10-19,V0021,60269.23,Raw Materials,Purchases,debit,unreconciled,Monthly service charge,INR
TXN004385,2025-09-01,V0022,44638.95,Logistics,Operations,debit,pending,Subscription renewal,INR
TXN004386,2026-03-09,,537032.97,Rent,Bank Charges,debit,unreconciled,Subscription renewal,INR
TXN004387,2025-09-04,V0005,10176.62,Raw Materials,Purchases,debit,reconciled,Utility bill,INR
TXN004388,2026-04-25,V0037,15435.37,Travel,Travel,debit,reconciled,Invoice payment,INR
TXN004389,2026-01-07,V0025,7272.62,Logistics,Operations,debit,reconciled,Monthly service charge,INR
TXN004390,2026-04-11,V0012,19455.52,Raw Materials,Purchases,debit,reconciled,Monthly service charge,INR
TXN004391,2025-12-25,,1191.36,Bank Charges,Bank Charges,credit,reconciled,Repair and maintenance,INR
TXN004392,2026-05-26,V0035,4703.26,Travel,Travel,debit,reconciled,Quarterly retainer,INR
TXN004393,2025-12-28,V0022,8155.56,Logistics,Operations,debit,reconciled,Quarterly retainer,INR
TXN004394,2026-04-17,,141157.52,Office Supplies,Bank Charges,debit,reconciled,Utility bill,INR
TXN004395,2025-10-08,V0005,18846.37,Raw Materials,Purchases,debit,reconciled,Annual contract,INR
TXN004396,2025-09-19,V0015,21690.53,Marketing,Marketing,debit,reconciled,Utility bill,INR
TXN004397,2025-08-15,,25819.58,Office Supplies,Bank Charges,debit,unreconciled,Final settlement,INR
TXN004398,2026-06-06,V0019,30405.61,Raw Materials,Purchases,debit,reconciled,Annual contract,INR
TXN004399,2025-12-07,V0035,43725.94,Travel,Travel,debit,pending,Utility bill,INR
TXN004400,2026-02-01,V0040,27386.72,Professional Services,Admin & Professional,debit,reconciled,Invoice payment,INR
TXN004401,2026-03-22,V0025,19282.07,Logistics,Operations,debit,reconciled,Monthly service charge,INR
TXN004402,2025-12-30,V0034,30707.92,Packaging,Purchases,debit,reconciled,Annual contract,INR
TXN004403,2026-06-28,V0006,15567.1,Logistics,Operations,debit,pending,Quarterly retainer,INR
TXN004404,2026-05-15,V0001,24799.79,Raw Materials,Purchases,debit,reconciled,Annual contract,INR
TXN004405,2025-10-19,V0021,8764.18,Raw Materials,Purchases,debit,reconciled,Annual contract,INR
TXN004406,2026-02-16,V0029,25419.86,Professional Services,Admin & Professional,debit,reconciled,Repair and maintenance,INR
TXN004407,2026-03-20,,422431.98,Salaries & Benefits,Bank Charges,debit,reconciled,Monthly service charge,INR
TXN004408,2025-12-13,V0011,28616.99,Marketing,Marketing,debit,unreconciled,Quarterly retainer,INR
TXN004409,2025-08-14,V0039,30763.57,Facilities,Operations,debit,reconciled,Monthly service charge,INR
TXN004410,2025-12-18,V0029,69999.84,Professional Services,Admin & Professional,debit,reconciled,Annual contract,INR
TXN004411,2025-10-20,V0009,157962.29,IT Services,Technology,debit,reconciled,Quarterly retainer,INR
TXN004412,2025-11-20,V0029,5619.18,Professional Services,Admin & Professional,debit,reconciled,Repair and maintenance,INR
TXN004413,2026-07-26,,63712.34,Office Supplies,Bank Charges,debit,unreconciled,Subscription renewal,INR
TXN004414,2026-01-14,V0040,84553.36,Professional Services,Admin & Professional,debit,reconciled,Repair and maintenance,INR
TXN004415,2025-09-11,V0024,20673.08,IT Services,Technology,debit,reconciled,Annual contract,INR
TXN004416,2026-07-05,V0031,3777.9,Raw Materials,Purchases,debit,unreconciled,Invoice payment,INR
TXN004417,2026-08-11,V0037,17486.0,Travel,Travel,debit,reconciled,Final settlement,INR
TXN004418,2025-08-03,V0038,3911.26,Facilities,Operations,debit,reconciled,Freight charges,INR
TXN004419,2026-01-08,V0039,82081.34,Facilities,Operations,debit,reconciled,Freight charges,INR
TXN004420,2026-06-17,V0029,190484.77,Professional Services,Admin & Professional,debit,reconciled,Freight charges,INR
TXN004421,2026-07-12,V0001,5337.01,Raw Materials,Purchases,debit,reconciled,Monthly service charge,INR
TXN004422,2026-03-05,V0014,63988.03,Logistics,Operations,debit,pending,Repair and maintenance,INR
TXN004423,2026-01-25,V0025,120148.49,Logistics,Operations,debit,unreconciled,Repair and maintenance,INR
TXN004424,2026-02-16,V0021,87668.81,Raw Materials,Purchases,debit,reconciled,Invoice payment,INR
TXN004425,2026-01-28,V0014,11219.57,Logistics,Operations,debit,reconciled,Annual contract,INR
TXN004426,2026-04-18,V0022,18516.19,Logistics,Operations,debit,reconciled,Repair and maintenance,INR
TXN004427,2026-08-09,V0006,22330.66,Logistics,Operations,debit,reconciled,Freight charges,INR
TXN004428,2026-01-26,V0015,9461.65,Marketing,Marketing,debit,reconciled,Bulk order advance,INR
TXN004429,2026-06-28,V0005,43469.73,Raw Materials,Purchases,debit,pending,Freight charges,INR
TXN004430,2025-09-11,V0037,45720.09,Travel,Travel,debit,reconciled,Freight charges,INR
TXN004431,2025-11-08,V0036,333508.33,Professional Services,Admin & Professional,debit,unreconciled,Utility bill,INR
TXN004432,2026-01-17,V0014,15113.25,Logistics,Operations,debit,reconciled,Utility bill,INR
TXN004433,2026-08-02,V0005,33653.76,Raw Materials,Purchases,debit,pending,Freight charges,INR
TXN004434,2026-02-13,V0032,27957.35,Utilities,Utilities,debit,reconciled,Quarterly retainer,INR
TXN004435,2026-01-10,V0005,169831.74,Raw Materials,Purchases,debit,unreconciled,Invoice payment,INR
TXN004436,2025-11-08,V0007,22105.62,Professional Services,Admin & Professional,debit,reconciled,Freight charges,INR
TXN004437,2026-07-26,,615878.45,Salaries & Benefits,Bank Charges,debit,pending,Freight charges,INR
TXN004438,2026-01-12,V0037,12636.81,Travel,Travel,debit,reconciled,Bulk order advance,INR
TXN004439,2025-12-02,V0011,111703.58,Marketing,Marketing,debit,reconciled,Annual contract,INR
TXN004440,2026-01-06,V0032,36888.51,Utilities,Utilities,debit,unreconciled,Final settlement,INR
TXN004441,2026-03-19,V0015,16268.48,Marketing,Marketing,debit,unreconciled,Annual contract,INR
TXN004442,2026-07-05,V0030,11564.57,Manufacturing,Purchases,debit,unreconciled,Subscription renewal,INR
TXN004443,2026-05-01,V0008,14471.39,Facilities,Operations,debit,reconciled,Subscription renewal,INR
TXN004444,2026-05-08,V0024,55200.87,IT Services,Technology,debit,reconciled,Quarterly retainer,INR
TXN004445,2026-08-08,V0018,80429.44,Professional Services,Admin & Professional,debit,reconciled,Subscription renewal,INR
TXN004446,2025-12-13,V0034,17048.58,Packaging,Purchases,debit,reconciled,Monthly service charge,INR
TXN004447,2026-08-01,V0017,46222.45,Manufacturing,Purchases,debit,unreconciled,Bulk order advance,INR
TXN004448,2026-07-20,V0001,9425.77,Raw Materials,Purchases,debit,pending,Monthly service charge,INR
TXN004449,2026-06-21,V0015,27188.19,Marketing,Marketing,debit,reconciled,Utility bill,INR
TXN004450,2026-06-02,V0026,28200.81,Manufacturing,Purchases,debit,reconciled,Bulk order advance,INR
TXN004451,2026-03-13,V0034,30599.39,Packaging,Purchases,debit,unreconciled,Repair and maintenance,INR
TXN004452,2025-11-15,,136208.52,Office Supplies,Bank Charges,credit,reconciled,Monthly service charge,INR
TXN004453,2025-08-01,V0016,15424.52,IT Services,Technology,debit,pending,Invoice payment,INR
TXN004454,2026-05-10,V0029,8250.01,Professional Services,Admin & Professional,debit,reconciled,Subscription renewal,INR
TXN004455,2026-08-19,V0007,14077.73,Professional Services,Admin & Professional,debit,reconciled,Bulk order advance,INR
TXN004456,2025-12-30,V0036,21145.53,Professional Services,Admin & Professional,debit,reconciled,Quarterly retainer,INR
TXN004457,2025-10-15,,82590.47,Office Supplies,Bank Charges,debit,unreconciled,Bulk order advance,INR
TXN004458,2025-10-31,V0001,85094.4,Raw Materials,Purchases,debit,pending,Final settlement,INR
TXN004459,2026-06-03,V0007,99430.89,Professional Services,Admin & Professional,debit,reconciled,Invoice payment,INR
TXN004460,2026-07-08,V0007,39168.41,Professional Services,Admin & Professional,debit,reconciled,Freight charges,INR
TXN004461,2026-02-05,V0039,7441.39,Facilities,Operations,debit,reconciled,Subscription renewal,INR
TXN004462,2025-12-25,V0034,35307.49,Packaging,Purchases,debit,reconciled,Repair and maintenance,INR
TXN004463,2025-12-19,V0009,33800.13,IT Services,Technology,debit,reconciled,Bulk order advance,INR
TXN004464,2025-10-05,V0009,12834.64,IT Services,Technology,debit,reconciled,Quarterly retainer,INR
TXN004465,2025-11-10,V0029,4869.06,Professional Services,Admin & Professional,debit,reconciled,Annual contract,INR
TXN004466,2026-03-21,V0032,13340.24,Utilities,Utilities,debit,pending,Monthly service charge,INR
TXN004467,2026-07-07,,30322.21,Office Supplies,Bank Charges,debit,reconciled,Utility bill,INR
TXN004468,2025-08-30,V0023,39110.82,Marketing,Marketing,debit,reconciled,Quarterly retainer,INR
TXN004469,2026-08-20,V0030,6192.52,Manufacturing,Purchases,debit,pending,Repair and maintenance,INR
TXN004470,2025-11-05,V0009,71131.79,IT Services,Technology,debit,reconciled,Bulk order advance,INR
TXN004471,2026-08-08,,31876.21,Office Supplies,Bank Charges,debit,reconciled,Annual contract,INR
TXN004472,2025-09-10,V0035,34755.12,Travel,Travel,debit,unreconciled,Annual contract,INR
TXN004473,2025-12-16,V0023,30197.25,Marketing,Marketing,debit,reconciled,Monthly service charge,INR
TXN004474,2026-04-02,V0009,39269.22,IT Services,Technology,debit,reconciled,Invoice payment,INR
TXN004475,2025-09-05,V0029,4714.26,Professional Services,Admin & Professional,debit,reconciled,Freight charges,INR
TXN004476,2026-06-19,V0007,34645.8,Professional Services,Admin & Professional,debit,reconciled,Repair and maintenance,INR
TXN004477,2025-08-22,V0034,37367.04,Packaging,Purchases,debit,reconciled,Invoice payment,INR
TXN004478,2025-10-08,V0032,4399.51,Utilities,Utilities,debit,unreconciled,Repair and maintenance,INR
TXN004479,2026-02-27,V0016,8555.25,IT Services,Technology,debit,reconciled,Subscription renewal,INR
TXN004480,2026-07-13,V0016,20084.89,IT Services,Technology,debit,reconciled,Subscription renewal,INR
TXN004481,2025-12-11,,4495.86,Office Supplies,Bank Charges,debit,unreconciled,Bulk order advance,INR
TXN004482,2025-10-15,V0004,305822.06,IT Services,Technology,debit,unreconciled,Bulk order advance,INR
TXN004483,2026-01-24,V0036,4639.36,Professional Services,Admin & Professional,debit,reconciled,Quarterly retainer,INR
TXN004484,2026-02-27,V0031,43576.9,Raw Materials,Purchases,debit,pending,Quarterly retainer,INR
TXN004485,2025-11-04,V0019,133850.29,Raw Materials,Purchases,debit,reconciled,Freight charges,INR
TXN004486,2026-03-26,V0021,36850.52,Raw Materials,Purchases,debit,reconciled,Utility bill,INR
TXN004487,2025-11-28,V0040,52999.44,Professional Services,Admin & Professional,debit,reconciled,Invoice payment,INR
TXN004488,2025-09-25,V0040,123421.92,Professional Services,Admin & Professional,debit,reconciled,Subscription renewal,INR
TXN004489,2025-10-05,V0033,24440.08,Logistics,Operations,debit,reconciled,Invoice payment,INR
TXN004490,2026-02-14,V0035,58657.64,Travel,Travel,debit,reconciled,Annual contract,INR
TXN004491,2026-08-22,V0006,147729.66,Logistics,Operations,debit,reconciled,Invoice payment,INR
TXN004492,2025-08-05,V0019,28651.37,Raw Materials,Purchases,debit,reconciled,Subscription renewal,INR
TXN004493,2026-05-12,V0006,28362.28,Logistics,Operations,debit,reconciled,Subscription renewal,INR
TXN004494,2025-10-01,V0006,25117.83,Logistics,Operations,debit,reconciled,Repair and maintenance,INR
TXN004495,2025-09-28,V0018,12707.28,Professional Services,Admin & Professional,debit,reconciled,Quarterly retainer,INR
TXN004496,2026-07-17,V0030,22496.28,Manufacturing,Purchases,debit,reconciled,Freight charges,INR
TXN004497,2026-01-26,V0036,57139.77,Professional Services,Admin & Professional,debit,reconciled,Monthly service charge,INR
TXN004498,2026-05-07,V0016,183317.9,IT Services,Technology,debit,reconciled,Invoice payment,INR
TXN004499,2026-08-04,,655689.98,Rent,Bank Charges,debit,unreconciled,Bulk order advance,INR
TXN004500,2026-02-25,V0031,128378.38,Raw Materials,Purchases,debit,reconciled,Annual contract,INR
TXN004501,2026-05-30,,729444.59,Salaries & Benefits,Bank Charges,credit,reconciled,Utility bill,INR
TXN004502,2026-02-13,V0034,4105.74,Packaging,Purchases,debit,unreconciled,Monthly service charge,INR
TXN004503,2026-03-18,,699736.33,Salaries & Benefits,Bank Charges,debit,reconciled,Final settlement,INR
TXN004504,2026-05-11,V0003,22070.37,Logistics,Operations,debit,reconciled,Bulk order advance,INR
TXN004505,2026-03-10,V0037,50014.98,Travel,Travel,debit,reconciled,Quarterly retainer,INR
TXN004506,2026-08-09,V0037,12775.33,Travel,Travel,debit,reconciled,Subscription renewal,INR
TXN004507,2026-06-13,V0031,23400.63,Raw Materials,Purchases,debit,reconciled,Invoice payment,INR
TXN004508,2025-10-08,V0004,33455.39,IT Services,Technology,debit,reconciled,Bulk order advance,INR
TXN004509,2025-09-19,,582249.98,Rent,Bank Charges,debit,reconciled,Bulk order advance,INR
TXN004510,2026-07-30,V0007,129199.04,Professional Services,Admin & Professional,debit,pending,Quarterly retainer,INR
TXN004511,2026-02-12,V0037,81235.3,Travel,Travel,debit,reconciled,Quarterly retainer,INR
TXN004512,2025-08-11,V0001,36577.43,Raw Materials,Purchases,debit,reconciled,Freight charges,INR
TXN004513,2025-11-19,V0001,28489.82,Raw Materials,Purchases,debit,unreconciled,Bulk order advance,INR
TXN004514,2026-06-01,V0018,15298.75,Professional Services,Admin & Professional,debit,reconciled,Freight charges,INR
TXN004515,2026-06-08,V0003,38974.58,Logistics,Operations,debit,reconciled,Annual contract,INR
TXN004516,2026-07-21,V0034,58944.55,Packaging,Purchases,debit,pending,Repair and maintenance,INR
TXN004517,2025-12-30,V0005,31579.53,Raw Materials,Purchases,debit,reconciled,Monthly service charge,INR
TXN004518,2026-05-01,V0021,45609.82,Raw Materials,Purchases,debit,reconciled,Final settlement,INR
TXN004519,2025-11-16,V0025,33604.69,Logistics,Operations,debit,unreconciled,Quarterly retainer,INR
TXN004520,2025-12-21,V0039,25339.42,Facilities,Operations,debit,reconciled,Invoice payment,INR
TXN004521,2026-07-07,,763893.64,Salaries & Benefits,Bank Charges,debit,pending,Monthly service charge,INR
TXN004522,2026-06-14,V0032,11126.63,Utilities,Utilities,debit,reconciled,Bulk order advance,INR
TXN004523,2026-04-20,,503986.22,Rent,Bank Charges,debit,reconciled,Repair and maintenance,INR
TXN004524,2025-12-06,V0032,75571.29,Utilities,Utilities,debit,reconciled,Monthly service charge,INR
TXN004525,2026-03-10,V0025,50110.47,Logistics,Operations,debit,reconciled,Monthly service charge,INR
TXN004526,2025-12-01,V0005,24132.82,Raw Materials,Purchases,debit,reconciled,Repair and maintenance,INR
TXN004527,2026-02-21,V0001,59500.51,Raw Materials,Purchases,debit,reconciled,Annual contract,INR
TXN004528,2026-06-22,V0039,4521.57,Facilities,Operations,debit,pending,Freight charges,INR
TXN004529,2025-10-02,,549.65,Bank Charges,Bank Charges,debit,unreconciled,Monthly service charge,INR
TXN004530,2026-01-02,,416775.47,Rent,Bank Charges,debit,reconciled,Quarterly retainer,INR
TXN004531,2026-02-13,V0035,176710.32,Travel,Travel,debit,unreconciled,Annual contract,INR
TXN004532,2025-12-19,V0037,124188.25,Travel,Travel,debit,reconciled,Utility bill,INR
TXN004533,2026-02-27,V0030,18204.5,Manufacturing,Purchases,debit,reconciled,Bulk order advance,INR
TXN004534,2026-02-10,V0030,89818.47,Manufacturing,Purchases,debit,reconciled,Freight charges,INR
TXN004535,2026-06-28,V0006,70308.93,Logistics,Operations,debit,reconciled,Annual contract,INR
TXN004536,2026-01-08,V0034,13848.68,Packaging,Purchases,debit,reconciled,Quarterly retainer,INR
TXN004537,2025-11-29,V0035,83014.92,Travel,Travel,debit,reconciled,Subscription renewal,INR
TXN004538,2026-04-16,,526527.94,Rent,Bank Charges,debit,reconciled,Repair and maintenance,INR
TXN004539,2025-10-06,V0012,51797.19,Raw Materials,Purchases,debit,reconciled,Invoice payment,INR
TXN004540,2026-06-17,V0031,99680.29,Raw Materials,Purchases,debit,reconciled,Bulk order advance,INR
TXN004541,2026-02-16,V0001,12202.79,Raw Materials,Purchases,debit,reconciled,Subscription renewal,INR
TXN004542,2025-12-29,V0026,13623.8,Manufacturing,Purchases,debit,reconciled,Subscription renewal,INR
TXN004543,2025-09-30,V0039,67390.34,Facilities,Operations,debit,reconciled,Monthly service charge,INR
TXN004544,2026-06-05,,410296.81,Salaries & Benefits,Bank Charges,debit,reconciled,Bulk order advance,INR
TXN004545,2025-09-25,V0023,66548.41,Marketing,Marketing,debit,unreconciled,Invoice payment,INR
TXN004546,2026-01-05,V0036,13592.57,Professional Services,Admin & Professional,debit,reconciled,Invoice payment,INR
TXN004547,2026-03-17,V0018,3971.47,Professional Services,Admin & Professional,debit,reconciled,Subscription renewal,INR
TXN004548,2026-02-17,,33374.26,Office Supplies,Bank Charges,debit,reconciled,Final settlement,INR
TXN004549,2026-02-15,V0021,66077.87,Raw Materials,Purchases,debit,reconciled,Monthly service charge,INR
TXN004550,2026-03-02,V0018,24248.69,Professional Services,Admin & Professional,debit,reconciled,Repair and maintenance,INR
TXN004551,2025-08-31,V0005,68809.54,Raw Materials,Purchases,debit,reconciled,Final settlement,INR
TXN004552,2026-01-04,V0032,10870.69,Utilities,Utilities,debit,reconciled,Bulk order advance,INR
TXN004553,2026-07-02,,67470.26,Office Supplies,Bank Charges,debit,unreconciled,Utility bill,INR
TXN004554,2026-04-03,V0015,12034.77,Marketing,Marketing,debit,pending,Quarterly retainer,INR
TXN004555,2026-02-10,,80223.66,Office Supplies,Bank Charges,debit,reconciled,Repair and maintenance,INR
TXN004556,2025-11-01,V0038,19949.81,Facilities,Operations,debit,reconciled,Repair and maintenance,INR
TXN004557,2026-02-17,V0039,13234.48,Facilities,Operations,debit,reconciled,Repair and maintenance,INR
TXN004558,2025-12-31,V0007,197422.67,Professional Services,Admin & Professional,debit,reconciled,Invoice payment,INR
TXN004559,2026-03-22,,91939.76,Office Supplies,Bank Charges,debit,reconciled,Invoice payment,INR
TXN004560,2026-08-09,V0019,56993.28,Raw Materials,Purchases,debit,unreconciled,Invoice payment,INR
TXN004561,2025-10-19,V0037,16132.7,Travel,Travel,debit,reconciled,Utility bill,INR
TXN004562,2026-01-01,V0022,56523.65,Logistics,Operations,debit,reconciled,Monthly service charge,INR
TXN004563,2026-07-10,,939.55,Bank Charges,Bank Charges,debit,reconciled,Annual contract,INR
TXN004564,2025-08-24,V0022,8922.67,Logistics,Operations,debit,reconciled,Final settlement,INR
TXN004565,2025-09-23,V0022,23613.12,Logistics,Operations,debit,pending,Quarterly retainer,INR
TXN004566,2026-04-23,V0023,18813.65,Marketing,Marketing,debit,reconciled,Utility bill,INR
TXN004567,2025-09-30,,1223.51,Bank Charges,Bank Charges,debit,unreconciled,Quarterly retainer,INR
TXN004568,2026-01-07,V0031,40079.15,Raw Materials,Purchases,debit,unreconciled,Subscription renewal,INR
TXN004569,2026-02-18,V0033,27015.31,Logistics,Operations,debit,reconciled,Monthly service charge,INR
TXN004570,2025-11-21,V0003,37108.67,Logistics,Operations,debit,unreconciled,Quarterly retainer,INR
TXN004571,2026-04-23,V0019,34692.3,Raw Materials,Purchases,debit,reconciled,Monthly service charge,INR
TXN004572,2025-10-17,V0004,3687.37,IT Services,Technology,debit,reconciled,Freight charges,INR
TXN004573,2026-02-16,,2894.01,Bank Charges,Bank Charges,debit,reconciled,Monthly service charge,INR
TXN004574,2026-05-13,V0027,64982.83,Facilities,Operations,debit,reconciled,Subscription renewal,INR
TXN004575,2026-01-16,V0017,20250.75,Manufacturing,Purchases,debit,pending,Monthly service charge,INR
TXN004576,2025-09-15,V0007,19402.16,Professional Services,Admin & Professional,debit,reconciled,Final settlement,INR
TXN004577,2026-06-06,V0028,72224.54,Raw Materials,Purchases,debit,reconciled,Quarterly retainer,INR
TXN004578,2026-07-19,V0009,10823.03,IT Services,Technology,debit,pending,Repair and maintenance,INR
TXN004579,2026-06-22,V0022,28301.88,Logistics,Operations,debit,pending,Bulk order advance,INR
TXN004580,2026-03-10,V0030,17666.95,Manufacturing,Purchases,debit,reconciled,Quarterly retainer,INR
TXN004581,2025-11-08,V0034,35315.31,Packaging,Purchases,debit,reconciled,Invoice payment,INR
TXN004582,2026-03-20,V0036,16494.22,Professional Services,Admin & Professional,debit,reconciled,Repair and maintenance,INR
TXN004583,2026-07-06,V0038,5352.61,Facilities,Operations,debit,reconciled,Freight charges,INR
TXN004584,2025-09-18,V0001,28702.37,Raw Materials,Purchases,debit,reconciled,Bulk order advance,INR
TXN004585,2026-06-02,,359.32,Bank Charges,Bank Charges,debit,unreconciled,Repair and maintenance,INR
TXN004586,2025-12-31,V0021,22500.75,Raw Materials,Purchases,debit,reconciled,Final settlement,INR
TXN004587,2026-06-05,V0032,59178.68,Utilities,Utilities,debit,reconciled,Invoice payment,INR
TXN004588,2025-11-09,V0033,15279.97,Logistics,Operations,debit,reconciled,Annual contract,INR
TXN004589,2026-08-24,V0029,46568.48,Professional Services,Admin & Professional,debit,reconciled,Quarterly retainer,INR
TXN004590,2025-09-03,V0021,136932.95,Raw Materials,Purchases,debit,reconciled,Repair and maintenance,INR
TXN004591,2026-08-26,V0001,49017.23,Raw Materials,Purchases,debit,pending,Bulk order advance,INR
TXN004592,2026-03-02,V0019,14205.47,Raw Materials,Purchases,debit,reconciled,Bulk order advance,INR
TXN004593,2026-04-10,V0004,67705.15,IT Services,Technology,debit,pending,Repair and maintenance,INR
TXN004594,2025-09-17,V0012,53785.4,Raw Materials,Purchases,debit,reconciled,Monthly service charge,INR
TXN004595,2026-05-15,V0037,55702.9,Travel,Travel,debit,pending,Invoice payment,INR
TXN004596,2026-01-01,,182408.89,Rent,Bank Charges,debit,reconciled,Repair and maintenance,INR
TXN004597,2025-09-19,V0027,5523.81,Facilities,Operations,debit,reconciled,Repair and maintenance,INR
TXN004598,2026-07-11,,224806.8,Salaries & Benefits,Bank Charges,debit,reconciled,Repair and maintenance,INR
TXN004599,2026-06-17,V0025,42623.59,Logistics,Operations,debit,reconciled,Subscription renewal,INR
TXN004600,2025-08-14,V0031,21319.9,Raw Materials,Purchases,debit,reconciled,Repair and maintenance,INR
TXN004601,2026-02-10,V0032,32580.74,Utilities,Utilities,debit,reconciled,Utility bill,INR
TXN004602,2025-10-13,V0038,31831.7,Facilities,Operations,debit,reconciled,Bulk order advance,INR
TXN004603,2026-05-06,V0023,11678.64,Marketing,Marketing,debit,unreconciled,Monthly service charge,INR
TXN004604,2026-05-22,V0032,23418.01,Utilities,Utilities,debit,pending,Quarterly retainer,INR
TXN004605,2025-12-10,,668521.07,Salaries & Benefits,Bank Charges,debit,reconciled,Repair and maintenance,INR
TXN004606,2026-05-11,V0032,38164.11,Utilities,Utilities,debit,unreconciled,Invoice payment,INR
TXN004607,2026-04-15,V0032,135322.83,Utilities,Utilities,debit,reconciled,Final settlement,INR
TXN004608,2025-08-05,,658788.38,Salaries & Benefits,Bank Charges,debit,reconciled,Bulk order advance,INR
TXN004609,2026-01-13,,208738.01,Rent,Bank Charges,debit,pending,Annual contract,INR
TXN004610,2025-09-01,V0036,44860.45,Professional Services,Admin & Professional,debit,reconciled,Monthly service charge,INR
TXN004611,2026-07-31,,536329.95,Salaries & Benefits,Bank Charges,debit,reconciled,Invoice payment,INR
TXN004612,2026-01-23,,139781.65,Office Supplies,Bank Charges,debit,reconciled,Quarterly retainer,INR
TXN004613,2026-02-28,,537198.59,Salaries & Benefits,Bank Charges,debit,unreconciled,Invoice payment,INR
TXN004614,2026-01-19,V0006,18024.31,Logistics,Operations,debit,reconciled,Repair and maintenance,INR
TXN004615,2025-12-04,V0026,10300.16,Manufacturing,Purchases,debit,reconciled,Bulk order advance,INR
TXN004616,2026-06-22,V0004,123559.23,IT Services,Technology,debit,pending,Annual contract,INR
TXN004617,2025-08-07,V0029,6280.56,Professional Services,Admin & Professional,debit,reconciled,Bulk order advance,INR
TXN004618,2025-11-12,V0039,136148.34,Facilities,Operations,debit,pending,Repair and maintenance,INR
TXN004619,2026-05-21,V0036,67795.26,Professional Services,Admin & Professional,debit,reconciled,Utility bill,INR
TXN004620,2026-08-03,,275599.67,Salaries & Benefits,Bank Charges,debit,reconciled,Repair and maintenance,INR
TXN004621,2026-06-07,V0025,30008.5,Logistics,Operations,debit,reconciled,Monthly service charge,INR
TXN004622,2026-08-11,V0031,15738.33,Raw Materials,Purchases,debit,reconciled,Repair and maintenance,INR
TXN004623,2025-09-26,,16896.74,Office Supplies,Bank Charges,debit,unreconciled,Subscription renewal,INR
TXN004624,2026-08-06,V0036,13369.62,Professional Services,Admin & Professional,debit,reconciled,Final settlement,INR
TXN004625,2026-04-02,V0037,1692.96,Travel,Travel,debit,reconciled,Monthly service charge,INR
TXN004626,2025-08-13,,64685.84,Office Supplies,Bank Charges,debit,reconciled,Subscription renewal,INR
TXN004627,2026-03-31,V0033,28308.64,Logistics,Operations,debit,reconciled,Subscription renewal,INR
TXN004628,2026-01-04,V0011,6939.63,Marketing,Marketing,debit,reconciled,Final settlement,INR
TXN004629,2026-03-20,V0022,22210.07,Logistics,Operations,debit,reconciled,Invoice payment,INR
TXN004630,2025-09-24,V0015,11622.51,Marketing,Marketing,debit,unreconciled,Monthly service charge,INR
TXN004631,2025-09-18,,2210.05,Bank Charges,Bank Charges,debit,pending,Repair and maintenance,INR
TXN004632,2026-08-07,V0030,59941.01,Manufacturing,Purchases,debit,reconciled,Final settlement,INR
TXN004633,2026-08-04,,380551.83,Rent,Bank Charges,debit,unreconciled,Annual contract,INR
TXN004634,2026-04-07,V0029,31191.37,Professional Services,Admin & Professional,debit,reconciled,Quarterly retainer,INR
TXN004635,2026-07-26,V0038,26581.61,Facilities,Operations,debit,reconciled,Utility bill,INR
TXN004636,2026-04-22,V0036,16203.33,Professional Services,Admin & Professional,debit,unreconciled,Final settlement,INR
TXN004637,2026-08-15,V0011,10664.57,Marketing,Marketing,debit,reconciled,Freight charges,INR
TXN004638,2026-04-23,V0019,59993.89,Raw Materials,Purchases,debit,reconciled,Freight charges,INR
TXN004639,2026-03-13,V0015,16029.08,Marketing,Marketing,debit,reconciled,Subscription renewal,INR
TXN004640,2025-10-18,V0006,28640.21,Logistics,Operations,debit,reconciled,Freight charges,INR
TXN004641,2025-12-30,,366168.05,Rent,Bank Charges,debit,pending,Final settlement,INR
TXN004642,2025-10-04,V0012,49108.28,Raw Materials,Purchases,debit,unreconciled,Utility bill,INR
TXN004643,2026-05-29,,357964.26,Salaries & Benefits,Bank Charges,debit,reconciled,Repair and maintenance,INR
TXN004644,2026-06-23,,600846.03,Rent,Bank Charges,debit,reconciled,Freight charges,INR
TXN004645,2026-06-20,V0018,11810.93,Professional Services,Admin & Professional,debit,unreconciled,Final settlement,INR
TXN004646,2026-03-22,V0009,36446.0,IT Services,Technology,debit,reconciled,Monthly service charge,INR
TXN004647,2025-11-17,V0036,8518.58,Professional Services,Admin & Professional,debit,reconciled,Repair and maintenance,INR
TXN004648,2026-06-28,V0009,7189.3,IT Services,Technology,debit,reconciled,Freight charges,INR
TXN004649,2025-10-20,V0039,14262.53,Facilities,Operations,debit,reconciled,Subscription renewal,INR
TXN004650,2026-03-13,V0002,11262.86,Manufacturing,Purchases,debit,pending,Bulk order advance,INR
TXN004651,2025-08-31,V0001,38863.08,Raw Materials,Purchases,debit,unreconciled,Subscription renewal,INR
TXN004652,2025-09-28,V0034,15485.8,Packaging,Purchases,debit,reconciled,Repair and maintenance,INR
TXN004653,2026-07-19,,2411.13,Bank Charges,Bank Charges,debit,reconciled,Invoice payment,INR
TXN004654,2026-04-09,V0003,10125.96,Logistics,Operations,debit,reconciled,Freight charges,INR
TXN004655,2026-06-24,V0001,28423.37,Raw Materials,Purchases,debit,reconciled,Final settlement,INR
TXN004656,2026-08-10,,2798.72,Bank Charges,Bank Charges,debit,reconciled,Utility bill,INR
TXN004657,2026-06-11,V0039,4014.27,Facilities,Operations,debit,reconciled,Freight charges,INR
TXN004658,2026-07-20,V0031,75484.87,Raw Materials,Purchases,debit,pending,Utility bill,INR
TXN004659,2026-07-19,V0031,257807.44,Raw Materials,Purchases,debit,reconciled,Repair and maintenance,INR
TXN004660,2026-06-13,,1222.72,Bank Charges,Bank Charges,debit,reconciled,Final settlement,INR
TXN004661,2026-02-21,V0021,18330.3,Raw Materials,Purchases,debit,pending,Monthly service charge,INR
TXN004662,2026-02-19,V0019,33942.77,Raw Materials,Purchases,debit,reconciled,Bulk order advance,INR
TXN004663,2025-08-29,V0037,16249.85,Travel,Travel,debit,unreconciled,Annual contract,INR
TXN004664,2026-08-24,V0022,22136.16,Logistics,Operations,debit,pending,Subscription renewal,INR
TXN004665,2026-06-29,V0019,12443.59,Raw Materials,Purchases,debit,reconciled,Final settlement,INR
TXN004666,2025-08-17,V0031,15842.34,Raw Materials,Purchases,debit,reconciled,Bulk order advance,INR
TXN004667,2025-10-26,V0022,3798.71,Logistics,Operations,debit,reconciled,Final settlement,INR
TXN004668,2026-02-20,V0025,69855.98,Logistics,Operations,debit,reconciled,Annual contract,INR
TXN004669,2026-01-23,V0009,18500.95,IT Services,Technology,debit,unreconciled,Quarterly retainer,INR
TXN004670,2026-04-18,V0008,32581.82,Facilities,Operations,debit,reconciled,Annual contract,INR
TXN004671,2025-12-28,,20480.35,Office Supplies,Bank Charges,debit,reconciled,Repair and maintenance,INR
TXN004672,2025-09-06,V0018,19298.95,Professional Services,Admin & Professional,debit,reconciled,Freight charges,INR
TXN004673,2026-03-20,V0035,24337.47,Travel,Travel,debit,reconciled,Bulk order advance,INR
TXN004674,2025-12-23,V0009,49079.23,IT Services,Technology,debit,reconciled,Subscription renewal,INR
TXN004675,2026-06-21,V0036,21551.83,Professional Services,Admin & Professional,debit,reconciled,Invoice payment,INR
TXN004676,2026-04-04,V0021,15290.18,Raw Materials,Purchases,debit,pending,Invoice payment,INR
TXN004677,2026-07-21,V0035,40828.79,Travel,Travel,debit,reconciled,Bulk order advance,INR
TXN004678,2025-12-14,V0006,52098.57,Logistics,Operations,debit,unreconciled,Freight charges,INR
TXN004679,2025-11-25,V0030,61756.96,Manufacturing,Purchases,debit,unreconciled,Repair and maintenance,INR
TXN004680,2026-01-06,V0033,27428.75,Logistics,Operations,debit,reconciled,Freight charges,INR
TXN004681,2026-04-21,V0040,99537.07,Professional Services,Admin & Professional,debit,reconciled,Subscription renewal,INR
TXN004682,2025-08-14,V0025,70896.82,Logistics,Operations,debit,reconciled,Invoice payment,INR
TXN004683,2026-05-14,V0015,4504.23,Marketing,Marketing,debit,reconciled,Repair and maintenance,INR
TXN004684,2026-07-12,V0032,10962.34,Utilities,Utilities,debit,reconciled,Monthly service charge,INR
TXN004685,2025-11-01,V0009,89103.36,IT Services,Technology,debit,reconciled,Quarterly retainer,INR
TXN004686,2026-08-20,V0021,49171.8,Raw Materials,Purchases,debit,reconciled,Repair and maintenance,INR
TXN004687,2026-03-19,,770955.75,Salaries & Benefits,Bank Charges,debit,reconciled,Annual contract,INR
TXN004688,2026-01-04,,199272.91,Rent,Bank Charges,debit,reconciled,Bulk order advance,INR
TXN004689,2026-03-21,V0033,234529.82,Logistics,Operations,debit,reconciled,Repair and maintenance,INR
TXN004690,2025-11-20,V0032,62138.35,Utilities,Utilities,debit,pending,Quarterly retainer,INR
TXN004691,2026-03-23,,636603.64,Rent,Bank Charges,debit,reconciled,Annual contract,INR
TXN004692,2026-06-02,V0036,33580.9,Professional Services,Admin & Professional,debit,unreconciled,Monthly service charge,INR
TXN004693,2025-12-19,,664711.76,Salaries & Benefits,Bank Charges,debit,reconciled,Invoice payment,INR
TXN004694,2026-07-12,V0021,23787.78,Raw Materials,Purchases,debit,reconciled,Final settlement,INR
TXN004695,2025-11-06,V0030,51648.12,Manufacturing,Purchases,debit,reconciled,Annual contract,INR
TXN004696,2025-12-10,V0006,20409.13,Logistics,Operations,debit,reconciled,Repair and maintenance,INR
TXN004697,2026-03-09,V0022,9222.92,Logistics,Operations,debit,unreconciled,Repair and maintenance,INR
TXN004698,2025-11-23,,897169.85,Salaries & Benefits,Bank Charges,debit,reconciled,Quarterly retainer,INR
TXN004699,2026-06-20,,322675.03,Rent,Bank Charges,debit,unreconciled,Final settlement,INR
TXN004700,2025-09-13,V0037,55001.03,Travel,Travel,debit,pending,Utility bill,INR
TXN004701,2025-10-25,V0006,74582.77,Logistics,Operations,debit,pending,Monthly service charge,INR
TXN004702,2026-06-06,V0039,74522.11,Facilities,Operations,debit,reconciled,Utility bill,INR
TXN004703,2026-07-18,,1310.3,Bank Charges,Bank Charges,debit,pending,Annual contract,INR
TXN004704,2025-09-24,,336605.03,Salaries & Benefits,Bank Charges,debit,reconciled,Bulk order advance,INR
TXN004705,2025-09-26,,499459.34,Rent,Bank Charges,debit,reconciled,Subscription renewal,INR
TXN004706,2025-08-06,V0012,24970.56,Raw Materials,Purchases,debit,unreconciled,Bulk order advance,INR
TXN004707,2025-09-10,V0032,25777.89,Utilities,Utilities,debit,unreconciled,Repair and maintenance,INR
TXN004708,2025-09-09,V0022,32498.1,Logistics,Operations,debit,reconciled,Invoice payment,INR
TXN004709,2026-03-19,V0029,24428.56,Professional Services,Admin & Professional,debit,reconciled,Quarterly retainer,INR
TXN004710,2026-06-10,V0029,102749.56,Professional Services,Admin & Professional,debit,unreconciled,Freight charges,INR
TXN004711,2026-04-28,V0015,32660.36,Marketing,Marketing,debit,reconciled,Bulk order advance,INR
TXN004712,2026-01-19,V0001,22305.32,Raw Materials,Purchases,debit,reconciled,Bulk order advance,INR
TXN004713,2025-12-18,V0029,19168.53,Professional Services,Admin & Professional,debit,reconciled,Final settlement,INR
TXN004714,2026-05-29,V0029,36171.6,Professional Services,Admin & Professional,debit,reconciled,Invoice payment,INR
TXN004715,2026-06-27,V0025,28100.62,Logistics,Operations,debit,pending,Monthly service charge,INR
TXN004716,2026-03-07,V0012,55343.69,Raw Materials,Purchases,debit,pending,Utility bill,INR
TXN004717,2026-07-10,V0029,78313.02,Professional Services,Admin & Professional,debit,unreconciled,Subscription renewal,INR
TXN004718,2026-01-17,V0007,13017.88,Professional Services,Admin & Professional,debit,pending,Bulk order advance,INR
TXN004719,2026-02-25,V0021,27022.58,Raw Materials,Purchases,debit,reconciled,Quarterly retainer,INR
TXN004720,2025-11-17,,597726.65,Salaries & Benefits,Bank Charges,debit,pending,Annual contract,INR
TXN004721,2026-01-30,V0018,44058.53,Professional Services,Admin & Professional,debit,reconciled,Subscription renewal,INR
TXN004722,2025-09-01,V0033,51869.87,Logistics,Operations,debit,reconciled,Final settlement,INR
TXN004723,2025-11-13,V0034,18085.54,Packaging,Purchases,debit,reconciled,Annual contract,INR
TXN004724,2025-11-16,V0022,20994.22,Logistics,Operations,debit,reconciled,Repair and maintenance,INR
TXN004725,2026-04-04,V0032,39912.77,Utilities,Utilities,debit,pending,Invoice payment,INR
TXN004726,2026-03-12,,8448.83,Office Supplies,Bank Charges,debit,pending,Freight charges,INR
TXN004727,2026-06-08,V0005,45968.58,Raw Materials,Purchases,debit,reconciled,Repair and maintenance,INR
TXN004728,2025-12-23,V0007,49037.88,Professional Services,Admin & Professional,debit,pending,Subscription renewal,INR
TXN004729,2026-05-04,V0004,14306.05,IT Services,Technology,debit,reconciled,Monthly service charge,INR
TXN004730,2026-08-30,V0019,17899.93,Raw Materials,Purchases,debit,reconciled,Freight charges,INR
TXN004731,2025-08-29,V0040,18733.79,Professional Services,Admin & Professional,debit,reconciled,Annual contract,INR
TXN004732,2026-06-04,,362664.77,Salaries & Benefits,Bank Charges,debit,reconciled,Bulk order advance,INR
TXN004733,2026-06-21,V0037,15276.15,Travel,Travel,debit,reconciled,Final settlement,INR
TXN004734,2026-02-16,,753407.71,Salaries & Benefits,Bank Charges,debit,reconciled,Annual contract,INR
TXN004735,2025-12-27,,2897.31,Bank Charges,Bank Charges,debit,unreconciled,Bulk order advance,INR
TXN004736,2026-02-17,V0003,297851.24,Logistics,Operations,debit,pending,Quarterly retainer,INR
TXN004737,2025-10-17,,1895.38,Bank Charges,Bank Charges,debit,reconciled,Subscription renewal,INR
TXN004738,2026-07-07,V0007,10754.44,Professional Services,Admin & Professional,debit,reconciled,Utility bill,INR
TXN004739,2026-07-05,,1654.88,Bank Charges,Bank Charges,debit,reconciled,Bulk order advance,INR
TXN004740,2026-02-21,,832375.77,Rent,Bank Charges,debit,reconciled,Repair and maintenance,INR
TXN004741,2026-01-10,V0019,11350.86,Raw Materials,Purchases,debit,pending,Annual contract,INR
TXN004742,2025-11-05,V0038,24535.33,Facilities,Operations,debit,reconciled,Annual contract,INR
TXN004743,2025-10-23,V0001,9279.52,Raw Materials,Purchases,debit,reconciled,Annual contract,INR
TXN004744,2025-10-08,V0001,50658.13,Raw Materials,Purchases,debit,reconciled,Freight charges,INR
TXN004745,2026-02-09,V0029,9635.28,Professional Services,Admin & Professional,debit,reconciled,Bulk order advance,INR
TXN004746,2025-11-26,V0012,64637.82,Raw Materials,Purchases,debit,reconciled,Monthly service charge,INR
TXN004747,2026-02-17,V0028,19440.54,Raw Materials,Purchases,debit,reconciled,Monthly service charge,INR
TXN004748,2026-04-11,,658914.89,Salaries & Benefits,Bank Charges,debit,reconciled,Final settlement,INR
TXN004749,2025-08-03,V0004,207816.16,IT Services,Technology,debit,reconciled,Bulk order advance,INR
TXN004750,2026-07-13,V0007,147394.99,Professional Services,Admin & Professional,debit,reconciled,Utility bill,INR
TXN004751,2025-08-14,,27216.01,Office Supplies,Bank Charges,debit,reconciled,Invoice payment,INR
TXN004752,2025-10-07,V0005,79071.68,Raw Materials,Purchases,debit,reconciled,Freight charges,INR
TXN004753,2025-09-28,V0011,54549.96,Marketing,Marketing,debit,pending,Bulk order advance,INR
TXN004754,2025-10-05,V0021,106377.11,Raw Materials,Purchases,debit,reconciled,Monthly service charge,INR
TXN004755,2026-04-06,V0037,20213.4,Travel,Travel,debit,reconciled,Repair and maintenance,INR
TXN004756,2026-02-20,V0029,13793.08,Professional Services,Admin & Professional,debit,reconciled,Annual contract,INR
TXN004757,2025-09-08,V0024,23410.94,IT Services,Technology,debit,reconciled,Utility bill,INR
TXN004758,2026-03-28,V0038,104590.28,Facilities,Operations,debit,reconciled,Repair and maintenance,INR
TXN004759,2025-08-03,V0026,7408.27,Manufacturing,Purchases,debit,unreconciled,Annual contract,INR
TXN004760,2025-12-22,,343.33,Bank Charges,Bank Charges,debit,reconciled,Annual contract,INR
TXN004761,2026-01-17,V0022,18942.01,Logistics,Operations,debit,reconciled,Annual contract,INR
TXN004762,2025-08-24,,2366.22,Bank Charges,Bank Charges,debit,reconciled,Invoice payment,INR
TXN004763,2026-08-03,V0032,96565.47,Utilities,Utilities,debit,reconciled,Annual contract,INR
TXN004764,2025-10-29,V0001,39362.3,Raw Materials,Purchases,debit,reconciled,Subscription renewal,INR
TXN004765,2026-02-10,V0039,27559.41,Facilities,Operations,debit,unreconciled,Quarterly retainer,INR
TXN004766,2025-09-02,V0033,30411.55,Logistics,Operations,debit,pending,Repair and maintenance,INR
TXN004767,2026-06-28,,577860.43,Salaries & Benefits,Bank Charges,debit,reconciled,Annual contract,INR
TXN004768,2026-01-25,V0018,84754.32,Professional Services,Admin & Professional,debit,reconciled,Monthly service charge,INR
TXN004769,2026-03-31,V0017,37010.7,Manufacturing,Purchases,debit,reconciled,Final settlement,INR
TXN004770,2026-08-28,V0005,77183.96,Raw Materials,Purchases,debit,reconciled,Invoice payment,INR
TXN004771,2026-08-03,V0037,78549.95,Travel,Travel,debit,reconciled,Subscription renewal,INR
TXN004772,2026-03-20,,196197.19,Salaries & Benefits,Bank Charges,debit,reconciled,Freight charges,INR
TXN004773,2025-11-15,V0031,11990.26,Raw Materials,Purchases,debit,reconciled,Quarterly retainer,INR
TXN004774,2025-10-23,V0025,18982.11,Logistics,Operations,debit,reconciled,Utility bill,INR
TXN004775,2026-04-28,V0018,42689.9,Professional Services,Admin & Professional,debit,reconciled,Quarterly retainer,INR
TXN004776,2026-01-30,V0001,68271.76,Raw Materials,Purchases,debit,unreconciled,Subscription renewal,INR
TXN004777,2025-08-16,,219507.07,Rent,Bank Charges,debit,reconciled,Quarterly retainer,INR
TXN004778,2025-09-21,V0025,73385.69,Logistics,Operations,debit,reconciled,Annual contract,INR
TXN004779,2026-02-01,V0019,109707.37,Raw Materials,Purchases,debit,unreconciled,Subscription renewal,INR
TXN004780,2025-10-07,,599287.47,Rent,Bank Charges,debit,unreconciled,Subscription renewal,INR
TXN004781,2026-07-10,,1333.14,Bank Charges,Bank Charges,credit,reconciled,Monthly service charge,INR
TXN004782,2025-08-10,V0032,21077.96,Utilities,Utilities,debit,reconciled,Annual contract,INR
TXN004783,2026-05-28,V0019,22927.92,Raw Materials,Purchases,debit,reconciled,Bulk order advance,INR
TXN004784,2026-07-23,V0037,40603.34,Travel,Travel,debit,reconciled,Bulk order advance,INR
TXN004785,2026-07-28,V0037,7830.61,Travel,Travel,debit,reconciled,Quarterly retainer,INR
TXN004786,2025-11-28,,808059.44,Salaries & Benefits,Bank Charges,debit,reconciled,Quarterly retainer,INR
TXN004787,2026-03-01,V0037,43172.69,Travel,Travel,debit,reconciled,Annual contract,INR
TXN004788,2026-04-14,V0036,41327.14,Professional Services,Admin & Professional,debit,pending,Monthly service charge,INR
TXN004789,2026-04-17,,131999.31,Office Supplies,Bank Charges,debit,reconciled,Bulk order advance,INR
TXN004790,2026-02-04,V0037,34672.05,Travel,Travel,debit,unreconciled,Invoice payment,INR
TXN004791,2025-10-12,V0018,32593.91,Professional Services,Admin & Professional,debit,reconciled,Monthly service charge,INR
TXN004792,2025-12-10,V0025,47974.66,Logistics,Operations,debit,reconciled,Final settlement,INR
TXN004793,2026-07-22,V0031,31920.42,Raw Materials,Purchases,debit,unreconciled,Quarterly retainer,INR
TXN004794,2025-11-23,V0018,9853.74,Professional Services,Admin & Professional,debit,reconciled,Monthly service charge,INR
TXN004795,2026-07-08,,612201.95,Rent,Bank Charges,debit,pending,Subscription renewal,INR
TXN004796,2026-08-17,V0007,40033.86,Professional Services,Admin & Professional,debit,unreconciled,Final settlement,INR
TXN004797,2026-07-20,V0030,37394.16,Manufacturing,Purchases,debit,reconciled,Annual contract,INR
TXN004798,2026-07-08,V0006,15675.59,Logistics,Operations,debit,reconciled,Utility bill,INR
TXN004799,2026-08-13,,531550.75,Salaries & Benefits,Bank Charges,debit,reconciled,Repair and maintenance,INR
TXN004800,2026-08-05,V0033,23274.77,Logistics,Operations,debit,reconciled,Monthly service charge,INR
TXN004801,2025-09-15,V0022,20340.77,Logistics,Operations,debit,reconciled,Invoice payment,INR
TXN004802,2026-01-14,V0015,14138.54,Marketing,Marketing,debit,unreconciled,Freight charges,INR
TXN004803,2025-12-14,V0032,27908.01,Utilities,Utilities,debit,reconciled,Subscription renewal,INR
TXN004804,2025-08-09,,134365.11,Office Supplies,Bank Charges,debit,pending,Freight charges,INR
TXN004805,2025-12-29,V0012,32560.83,Raw Materials,Purchases,debit,reconciled,Annual contract,INR
TXN004806,2026-01-22,V0012,11438.17,Raw Materials,Purchases,debit,unreconciled,Monthly service charge,INR
TXN004807,2026-03-14,V0040,17111.42,Professional Services,Admin & Professional,debit,reconciled,Monthly service charge,INR
TXN004808,2025-08-01,V0036,39254.55,Professional Services,Admin & Professional,debit,reconciled,Final settlement,INR
TXN004809,2026-02-07,V0022,132564.28,Logistics,Operations,debit,reconciled,Freight charges,INR
TXN004810,2025-08-27,,25018.05,Office Supplies,Bank Charges,debit,pending,Utility bill,INR
TXN004811,2026-05-12,,307302.89,Rent,Bank Charges,debit,reconciled,Invoice payment,INR
TXN004812,2026-05-09,V0039,59892.43,Facilities,Operations,debit,unreconciled,Repair and maintenance,INR
TXN004813,2026-08-08,V0025,68805.39,Logistics,Operations,debit,reconciled,Utility bill,INR
TXN004814,2025-09-21,,286008.01,Salaries & Benefits,Bank Charges,debit,unreconciled,Utility bill,INR
TXN004815,2026-01-05,V0031,39970.71,Raw Materials,Purchases,debit,pending,Repair and maintenance,INR
TXN004816,2026-02-06,V0006,31873.57,Logistics,Operations,debit,reconciled,Invoice payment,INR
TXN004817,2025-11-19,V0007,54293.07,Professional Services,Admin & Professional,debit,pending,Freight charges,INR
TXN004818,2026-05-18,V0031,55038.68,Raw Materials,Purchases,debit,unreconciled,Monthly service charge,INR
TXN004819,2026-03-29,V0023,72097.31,Marketing,Marketing,debit,reconciled,Utility bill,INR
TXN004820,2026-06-04,,482.14,Bank Charges,Bank Charges,debit,reconciled,Utility bill,INR
TXN004821,2025-10-23,,638588.39,Salaries & Benefits,Bank Charges,debit,pending,Freight charges,INR
TXN004822,2026-05-26,V0005,16461.93,Raw Materials,Purchases,debit,unreconciled,Freight charges,INR
TXN004823,2026-05-23,V0021,2104.06,Raw Materials,Purchases,debit,pending,Utility bill,INR
TXN004824,2026-08-22,V0021,21827.05,Raw Materials,Purchases,debit,reconciled,Bulk order advance,INR
TXN004825,2026-08-20,V0022,13366.7,Logistics,Operations,debit,pending,Freight charges,INR
TXN004826,2025-11-30,V0037,21820.73,Travel,Travel,debit,unreconciled,Utility bill,INR
TXN004827,2026-01-21,,29608.06,Office Supplies,Bank Charges,debit,unreconciled,Monthly service charge,INR
TXN004828,2025-10-25,,143299.52,Office Supplies,Bank Charges,debit,reconciled,Subscription renewal,INR
TXN004829,2026-06-19,,270051.81,Salaries & Benefits,Bank Charges,debit,reconciled,Repair and maintenance,INR
TXN004830,2026-02-18,V0035,41618.64,Travel,Travel,debit,reconciled,Quarterly retainer,INR
TXN004831,2025-12-31,V0038,21387.44,Facilities,Operations,debit,pending,Final settlement,INR
TXN004832,2026-01-25,V0021,44396.8,Raw Materials,Purchases,debit,reconciled,Freight charges,INR
TXN004833,2026-07-25,V0007,40829.2,Professional Services,Admin & Professional,debit,reconciled,Annual contract,INR
TXN004834,2026-06-14,V0005,37022.31,Raw Materials,Purchases,debit,unreconciled,Utility bill,INR
TXN004835,2025-11-22,V0021,10516.53,Raw Materials,Purchases,debit,reconciled,Annual contract,INR
TXN004836,2025-09-17,V0033,82557.04,Logistics,Operations,debit,reconciled,Monthly service charge,INR
TXN004837,2026-05-21,,608299.21,Rent,Bank Charges,debit,reconciled,Subscription renewal,INR
TXN004838,2026-01-08,,64646.64,Office Supplies,Bank Charges,debit,reconciled,Freight charges,INR
TXN004839,2026-03-18,V0034,41808.99,Packaging,Purchases,debit,reconciled,Final settlement,INR
TXN004840,2026-06-28,,309747.17,Salaries & Benefits,Bank Charges,debit,unreconciled,Repair and maintenance,INR
TXN004841,2025-12-09,V0024,39927.59,IT Services,Technology,debit,unreconciled,Freight charges,INR
TXN004842,2026-06-25,,844805.75,Rent,Bank Charges,debit,reconciled,Utility bill,INR
TXN004843,2025-08-04,V0034,60320.31,Packaging,Purchases,debit,reconciled,Annual contract,INR
TXN004844,2025-10-21,,511752.14,Rent,Bank Charges,debit,reconciled,Annual contract,INR
TXN004845,2025-11-14,V0001,83061.06,Raw Materials,Purchases,debit,reconciled,Subscription renewal,INR
TXN004846,2026-07-05,V0019,46186.72,Raw Materials,Purchases,debit,reconciled,Invoice payment,INR
TXN004847,2026-01-16,V0005,8155.69,Raw Materials,Purchases,debit,reconciled,Invoice payment,INR
TXN004848,2026-08-04,V0032,122606.32,Utilities,Utilities,debit,unreconciled,Final settlement,INR
TXN004849,2026-05-31,,170967.99,Rent,Bank Charges,debit,reconciled,Subscription renewal,INR
TXN004850,2026-05-10,V0034,15935.53,Packaging,Purchases,debit,reconciled,Subscription renewal,INR
TXN004851,2026-03-18,V0007,18101.17,Professional Services,Admin & Professional,debit,reconciled,Freight charges,INR
TXN004852,2025-10-07,V0007,51232.35,Professional Services,Admin & Professional,debit,reconciled,Quarterly retainer,INR
TXN004853,2025-12-30,V0022,14338.41,Logistics,Operations,debit,unreconciled,Monthly service charge,INR
TXN004854,2026-05-14,,989.96,Bank Charges,Bank Charges,debit,reconciled,Quarterly retainer,INR
TXN004855,2026-08-11,V0009,11302.88,IT Services,Technology,debit,reconciled,Subscription renewal,INR
TXN004856,2026-04-23,,167.02,Bank Charges,Bank Charges,debit,reconciled,Final settlement,INR
TXN004857,2026-07-13,,111809.01,Office Supplies,Bank Charges,debit,reconciled,Final settlement,INR
TXN004858,2026-05-30,,241157.18,Rent,Bank Charges,debit,reconciled,Freight charges,INR
TXN004859,2025-10-19,,790348.84,Salaries & Benefits,Bank Charges,debit,reconciled,Repair and maintenance,INR
TXN004860,2025-10-30,,2541.24,Bank Charges,Bank Charges,debit,unreconciled,Repair and maintenance,INR
TXN004861,2025-12-13,V0004,35252.52,IT Services,Technology,debit,reconciled,Repair and maintenance,INR
TXN004862,2026-07-11,V0039,14291.83,Facilities,Operations,debit,reconciled,Bulk order advance,INR
TXN004863,2025-10-06,V0006,28777.71,Logistics,Operations,debit,unreconciled,Freight charges,INR
TXN004864,2026-04-24,V0001,140376.08,Raw Materials,Purchases,debit,reconciled,Final settlement,INR
TXN004865,2025-08-17,V0038,10317.42,Facilities,Operations,debit,unreconciled,Subscription renewal,INR
TXN004866,2025-11-06,V0036,73096.95,Professional Services,Admin & Professional,debit,reconciled,Quarterly retainer,INR
TXN004867,2026-03-04,,628462.54,Salaries & Benefits,Bank Charges,debit,unreconciled,Subscription renewal,INR
TXN004868,2026-06-19,,233445.42,Rent,Bank Charges,debit,reconciled,Utility bill,INR
TXN004869,2026-08-19,,121067.73,Office Supplies,Bank Charges,debit,reconciled,Repair and maintenance,INR
TXN004870,2026-05-01,V0006,48427.09,Logistics,Operations,debit,reconciled,Final settlement,INR
TXN004871,2026-06-28,V0037,117233.63,Travel,Travel,debit,reconciled,Subscription renewal,INR
TXN004872,2026-05-16,V0038,12743.07,Facilities,Operations,debit,unreconciled,Repair and maintenance,INR
TXN004873,2025-11-20,V0021,65454.76,Raw Materials,Purchases,debit,pending,Subscription renewal,INR
TXN004874,2026-08-30,V0019,41879.08,Raw Materials,Purchases,debit,reconciled,Bulk order advance,INR
TXN004875,2025-09-27,V0035,24707.01,Travel,Travel,debit,unreconciled,Quarterly retainer,INR
TXN004876,2026-07-11,V0040,10964.89,Professional Services,Admin & Professional,debit,reconciled,Quarterly retainer,INR
TXN004877,2026-04-28,V0019,15594.75,Raw Materials,Purchases,debit,reconciled,Quarterly retainer,INR
TXN004878,2026-08-05,,179289.3,Salaries & Benefits,Bank Charges,debit,reconciled,Annual contract,INR
TXN004879,2026-02-03,V0037,94228.45,Travel,Travel,debit,unreconciled,Monthly service charge,INR
TXN004880,2026-03-10,V0030,58528.13,Manufacturing,Purchases,debit,reconciled,Monthly service charge,INR
TXN004881,2025-10-10,V0031,15008.74,Raw Materials,Purchases,debit,reconciled,Subscription renewal,INR
TXN004882,2026-06-21,V0019,15382.69,Raw Materials,Purchases,debit,reconciled,Freight charges,INR
TXN004883,2026-07-22,V0005,5740.47,Raw Materials,Purchases,debit,reconciled,Bulk order advance,INR
TXN004884,2026-04-01,,231583.8,Salaries & Benefits,Bank Charges,debit,pending,Subscription renewal,INR
TXN004885,2025-12-28,V0012,106637.08,Raw Materials,Purchases,debit,unreconciled,Subscription renewal,INR
TXN004886,2025-12-23,,125225.59,Office Supplies,Bank Charges,debit,unreconciled,Quarterly retainer,INR
TXN004887,2026-01-01,V0007,31361.48,Professional Services,Admin & Professional,debit,reconciled,Final settlement,INR
TXN004888,2025-12-24,V0015,33320.58,Marketing,Marketing,debit,reconciled,Repair and maintenance,INR
TXN004889,2026-05-29,V0035,38235.47,Travel,Travel,debit,reconciled,Annual contract,INR
TXN004890,2026-05-06,V0038,16314.05,Facilities,Operations,debit,reconciled,Final settlement,INR
TXN004891,2025-08-19,V0006,70699.99,Logistics,Operations,debit,reconciled,Final settlement,INR
TXN004892,2026-05-06,V0030,1668.67,Manufacturing,Purchases,debit,pending,Subscription renewal,INR
TXN004893,2025-11-19,V0018,334058.41,Professional Services,Admin & Professional,debit,reconciled,Repair and maintenance,INR
TXN004894,2026-07-04,V0030,22161.57,Manufacturing,Purchases,debit,unreconciled,Freight charges,INR
TXN004895,2025-11-20,V0035,11759.8,Travel,Travel,debit,reconciled,Freight charges,INR
TXN004896,2026-05-06,V0011,31255.94,Marketing,Marketing,debit,unreconciled,Annual contract,INR
TXN004897,2025-10-03,V0018,32127.62,Professional Services,Admin & Professional,debit,reconciled,Utility bill,INR
TXN004898,2025-12-07,V0005,9382.59,Raw Materials,Purchases,debit,unreconciled,Utility bill,INR
TXN004899,2025-10-29,V0007,59967.75,Professional Services,Admin & Professional,debit,reconciled,Final settlement,INR
TXN004900,2025-11-12,,211834.44,Rent,Bank Charges,debit,reconciled,Annual contract,INR
TXN004901,2026-03-04,V0031,54832.16,Raw Materials,Purchases,debit,reconciled,Freight charges,INR
TXN004902,2026-03-16,V0032,5093.47,Utilities,Utilities,debit,pending,Invoice payment,INR
TXN004903,2026-02-09,V0006,45423.97,Logistics,Operations,debit,unreconciled,Subscription renewal,INR
TXN004904,2026-05-17,,209040.93,Salaries & Benefits,Bank Charges,debit,reconciled,Bulk order advance,INR
TXN004905,2025-09-12,V0019,42723.41,Raw Materials,Purchases,debit,reconciled,Invoice payment,INR
TXN004906,2025-10-04,V0003,71179.4,Logistics,Operations,debit,reconciled,Bulk order advance,INR
TXN004907,2026-06-18,V0007,31586.45,Professional Services,Admin & Professional,debit,unreconciled,Subscription renewal,INR
TXN004908,2026-01-14,V0021,37132.74,Raw Materials,Purchases,debit,reconciled,Repair and maintenance,INR
TXN004909,2026-05-25,V0038,23184.28,Facilities,Operations,debit,pending,Quarterly retainer,INR
TXN004910,2025-12-29,,800862.6,Salaries & Benefits,Bank Charges,debit,reconciled,Bulk order advance,INR
TXN004911,2026-02-04,V0034,13343.44,Packaging,Purchases,debit,unreconciled,Freight charges,INR
TXN004912,2026-02-11,V0004,69256.34,IT Services,Technology,debit,reconciled,Subscription renewal,INR
TXN004913,2026-02-14,V0031,47588.31,Raw Materials,Purchases,debit,pending,Subscription renewal,INR
TXN004914,2026-02-26,V0037,40960.54,Travel,Travel,debit,unreconciled,Final settlement,INR
TXN004915,2025-09-24,V0015,13665.88,Marketing,Marketing,debit,reconciled,Final settlement,INR
TXN004916,2026-04-24,V0036,7184.85,Professional Services,Admin & Professional,debit,reconciled,Invoice payment,INR
TXN004917,2026-05-10,V0007,90392.8,Professional Services,Admin & Professional,debit,reconciled,Bulk order advance,INR
TXN004918,2025-10-02,V0032,38231.64,Utilities,Utilities,debit,reconciled,Annual contract,INR
TXN004919,2026-05-22,,2863.09,Bank Charges,Bank Charges,debit,unreconciled,Monthly service charge,INR
TXN004920,2026-02-25,V0033,20697.51,Logistics,Operations,debit,reconciled,Invoice payment,INR
TXN004921,2026-03-14,V0017,10061.68,Manufacturing,Purchases,debit,reconciled,Quarterly retainer,INR
TXN004922,2026-04-24,,804227.43,Rent,Bank Charges,debit,unreconciled,Freight charges,INR
TXN004923,2025-11-11,V0005,66146.38,Raw Materials,Purchases,debit,pending,Annual contract,INR
TXN004924,2025-09-26,V0031,23426.74,Raw Materials,Purchases,debit,unreconciled,Repair and maintenance,INR
TXN004925,2026-04-09,V0019,7287.3,Raw Materials,Purchases,debit,reconciled,Subscription renewal,INR
TXN004926,2026-01-20,V0011,13022.22,Marketing,Marketing,debit,reconciled,Repair and maintenance,INR
TXN004927,2025-11-08,V0025,15746.27,Logistics,Operations,debit,unreconciled,Invoice payment,INR
TXN004928,2026-05-07,V0025,18303.6,Logistics,Operations,debit,unreconciled,Subscription renewal,INR
TXN004929,2026-01-03,V0025,78547.51,Logistics,Operations,debit,reconciled,Utility bill,INR
TXN004930,2026-01-28,V0023,20950.34,Marketing,Marketing,debit,unreconciled,Repair and maintenance,INR
TXN004931,2026-02-22,V0032,17607.01,Utilities,Utilities,debit,reconciled,Subscription renewal,INR
TXN004932,2025-12-15,V0037,10498.86,Travel,Travel,debit,reconciled,Bulk order advance,INR
TXN004933,2026-06-24,V0037,8900.01,Travel,Travel,debit,unreconciled,Monthly service charge,INR
TXN004934,2026-08-07,,466185.94,Rent,Bank Charges,debit,reconciled,Monthly service charge,INR
TXN004935,2026-04-13,V0037,59226.87,Travel,Travel,debit,pending,Freight charges,INR
TXN004936,2026-04-07,V0016,10680.25,IT Services,Technology,debit,pending,Quarterly retainer,INR
TXN004937,2026-07-27,V0001,9518.68,Raw Materials,Purchases,debit,reconciled,Quarterly retainer,INR
TXN004938,2026-04-11,V0036,26991.71,Professional Services,Admin & Professional,debit,reconciled,Utility bill,INR
TXN004939,2026-06-25,V0025,27629.06,Logistics,Operations,debit,unreconciled,Freight charges,INR
TXN004940,2026-01-30,V0029,10886.7,Professional Services,Admin & Professional,debit,reconciled,Freight charges,INR
TXN004941,2026-03-02,V0037,8933.86,Travel,Travel,debit,reconciled,Monthly service charge,INR
TXN004942,2026-05-20,,111.22,Bank Charges,Bank Charges,debit,pending,Bulk order advance,INR
TXN004943,2026-08-26,V0025,19357.12,Logistics,Operations,debit,reconciled,Annual contract,INR
TXN004944,2025-10-14,V0012,12991.2,Raw Materials,Purchases,debit,pending,Repair and maintenance,INR
TXN004945,2025-12-12,V0015,3916.04,Marketing,Marketing,debit,pending,Repair and maintenance,INR
TXN004946,2025-11-23,V0008,34293.76,Facilities,Operations,debit,reconciled,Invoice payment,INR
TXN004947,2026-06-19,V0021,35915.72,Raw Materials,Purchases,debit,pending,Annual contract,INR
TXN004948,2026-07-17,V0025,21792.27,Logistics,Operations,debit,reconciled,Annual contract,INR
TXN004949,2026-02-09,V0039,17074.8,Facilities,Operations,debit,unreconciled,Final settlement,INR
TXN004950,2025-10-01,V0009,45369.99,IT Services,Technology,debit,reconciled,Final settlement,INR
TXN004951,2026-06-25,V0029,56885.98,Professional Services,Admin & Professional,debit,pending,Monthly service charge,INR
TXN004952,2025-08-26,V0034,30458.89,Packaging,Purchases,debit,reconciled,Invoice payment,INR
TXN004953,2026-05-14,V0023,17651.8,Marketing,Marketing,debit,reconciled,Monthly service charge,INR
TXN004954,2026-07-05,,126911.08,Office Supplies,Bank Charges,debit,unreconciled,Freight charges,INR
TXN004955,2026-07-04,,695682.33,Salaries & Benefits,Bank Charges,debit,reconciled,Monthly service charge,INR
TXN004956,2025-09-14,V0007,25991.08,Professional Services,Admin & Professional,debit,reconciled,Bulk order advance,INR
TXN004957,2025-08-25,V0035,37252.29,Travel,Travel,debit,reconciled,Repair and maintenance,INR
TXN004958,2026-02-17,V0005,21105.53,Raw Materials,Purchases,debit,reconciled,Utility bill,INR
TXN004959,2026-03-12,V0034,70363.22,Packaging,Purchases,debit,reconciled,Freight charges,INR
TXN004960,2025-12-15,V0032,25830.3,Utilities,Utilities,debit,reconciled,Freight charges,INR
TXN004961,2025-10-10,V0033,18648.45,Logistics,Operations,debit,reconciled,Final settlement,INR
TXN004962,2026-02-27,V0034,15291.93,Packaging,Purchases,debit,unreconciled,Quarterly retainer,INR
TXN004963,2026-05-04,V0030,55167.33,Manufacturing,Purchases,debit,reconciled,Freight charges,INR
TXN004964,2025-11-08,V0001,40078.09,Raw Materials,Purchases,debit,reconciled,Subscription renewal,INR
TXN004965,2026-06-28,V0022,70520.32,Logistics,Operations,debit,unreconciled,Final settlement,INR
TXN004966,2026-03-06,V0029,27186.21,Professional Services,Admin & Professional,debit,reconciled,Repair and maintenance,INR
TXN004967,2025-12-11,V0007,13822.66,Professional Services,Admin & Professional,debit,reconciled,Repair and maintenance,INR
TXN004968,2026-01-09,V0033,35963.18,Logistics,Operations,debit,reconciled,Annual contract,INR
TXN004969,2026-03-06,V0007,43417.51,Professional Services,Admin & Professional,debit,reconciled,Bulk order advance,INR
TXN004970,2026-06-08,V0004,12122.48,IT Services,Technology,debit,unreconciled,Utility bill,INR
TXN004971,2026-03-08,V0030,36867.57,Manufacturing,Purchases,debit,reconciled,Subscription renewal,INR
TXN004972,2025-12-04,V0034,47797.63,Packaging,Purchases,debit,unreconciled,Bulk order advance,INR
TXN004973,2026-01-26,V0025,39822.67,Logistics,Operations,debit,reconciled,Utility bill,INR
TXN004974,2025-11-21,V0039,10841.94,Facilities,Operations,debit,reconciled,Invoice payment,INR
TXN004975,2026-06-22,V0032,37928.91,Utilities,Utilities,debit,pending,Bulk order advance,INR
TXN004976,2026-02-01,V0029,28464.71,Professional Services,Admin & Professional,debit,reconciled,Annual contract,INR
TXN004977,2026-03-21,V0036,35518.67,Professional Services,Admin & Professional,debit,reconciled,Freight charges,INR
TXN004978,2025-10-18,V0030,15784.52,Manufacturing,Purchases,debit,reconciled,Subscription renewal,INR
TXN004979,2026-03-16,,871370.55,Rent,Bank Charges,debit,reconciled,Annual contract,INR
TXN004980,2025-10-19,,33364.01,Office Supplies,Bank Charges,debit,reconciled,Final settlement,INR
TXN004981,2025-10-20,,58799.15,Office Supplies,Bank Charges,debit,reconciled,Monthly service charge,INR
TXN004982,2026-07-21,V0009,16477.89,IT Services,Technology,debit,reconciled,Annual contract,INR
TXN004983,2026-02-26,V0005,12177.85,Raw Materials,Purchases,debit,reconciled,Repair and maintenance,INR
TXN004984,2026-03-18,V0034,109185.86,Packaging,Purchases,debit,reconciled,Invoice payment,INR
TXN004985,2026-05-11,,782618.03,Salaries & Benefits,Bank Charges,debit,reconciled,Repair and maintenance,INR
TXN004986,2025-08-05,V0030,35609.3,Manufacturing,Purchases,debit,reconciled,Annual contract,INR
TXN004987,2025-12-16,V0037,3369.26,Travel,Travel,debit,reconciled,Final settlement,INR
TXN004988,2026-08-18,V0032,26213.43,Utilities,Utilities,debit,unreconciled,Repair and maintenance,INR
TXN004989,2026-03-02,V0005,26635.31,Raw Materials,Purchases,debit,reconciled,Freight charges,INR
TXN004990,2026-02-24,,2280.8,Bank Charges,Bank Charges,debit,reconciled,Invoice payment,INR
TXN004991,2025-09-08,V0036,101426.17,Professional Services,Admin & Professional,debit,reconciled,Bulk order advance,INR
TXN004992,2026-01-11,V0019,67477.44,Raw Materials,Purchases,debit,reconciled,Invoice payment,INR
TXN004993,2026-04-22,,507.09,Bank Charges,Bank Charges,debit,reconciled,Repair and maintenance,INR
TXN004994,2025-11-30,V0039,4474.5,Facilities,Operations,debit,reconciled,Annual contract,INR
TXN004995,2026-07-05,V0007,15557.54,Professional Services,Admin & Professional,debit,pending,Repair and maintenance,INR
TXN004996,2026-05-29,V0005,61782.82,Raw Materials,Purchases,debit,reconciled,Quarterly retainer,INR
TXN004997,2026-06-04,V0039,17352.64,Facilities,Operations,debit,reconciled,Repair and maintenance,INR
TXN004998,2026-04-04,V0033,43272.32,Logistics,Operations,debit,reconciled,Quarterly retainer,INR
TXN004999,2025-11-15,V0006,266197.09,Logistics,Operations,debit,reconciled,Freight charges,INR
TXN005000,2026-08-24,,2076.17,Bank Charges,Bank Charges,debit,reconciled,Utility bill,INR
TXN005001,2025-11-12,,251217.36,Rent,Bank Charges,debit,pending,Invoice payment,INR
TXN005002,2025-11-04,V0004,8927.0,IT Services,Technology,debit,reconciled,Subscription renewal,INR
TXN005003,2025-11-06,V0028,10785.61,Raw Materials,Purchases,debit,reconciled,Utility bill,INR
TXN005004,2026-04-28,V0018,39735.78,Professional Services,Admin & Professional,debit,reconciled,Final settlement,INR
TXN005005,2026-06-01,,414906.64,Rent,Bank Charges,debit,reconciled,Monthly service charge,INR
TXN005006,2025-08-27,V0019,27529.78,Raw Materials,Purchases,debit,reconciled,Repair and maintenance,INR
TXN005007,2025-11-24,V0034,220817.32,Packaging,Purchases,debit,reconciled,Invoice payment,INR
TXN005008,2026-01-06,V0019,8593.99,Raw Materials,Purchases,debit,reconciled,Subscription renewal,INR
TXN005009,2026-02-01,V0018,5919.61,Professional Services,Admin & Professional,debit,reconciled,Repair and maintenance,INR
TXN005010,2026-04-06,V0028,70357.51,Raw Materials,Purchases,debit,reconciled,Bulk order advance,INR
TXN005011,2026-07-15,V0027,43899.46,Facilities,Operations,debit,reconciled,Monthly service charge,INR
TXN005012,2026-08-28,V0033,10221.59,Logistics,Operations,debit,unreconciled,Freight charges,INR
TXN005013,2026-08-08,V0012,33353.18,Raw Materials,Purchases,debit,reconciled,Subscription renewal,INR
TXN005014,2025-12-01,V0012,55980.91,Raw Materials,Purchases,debit,reconciled,Utility bill,INR
TXN005015,2026-05-01,V0034,9067.7,Packaging,Purchases,debit,reconciled,Bulk order advance,INR
TXN005016,2025-12-14,V0034,21694.13,Packaging,Purchases,debit,unreconciled,Utility bill,INR
TXN005017,2026-08-25,V0033,16548.45,Logistics,Operations,debit,reconciled,Bulk order advance,INR
TXN005018,2025-12-22,,352169.11,Salaries & Benefits,Bank Charges,debit,pending,Repair and maintenance,INR
TXN005019,2025-09-24,V0004,24887.79,IT Services,Technology,debit,pending,Final settlement,INR
TXN005020,2026-08-06,,809934.86,Salaries & Benefits,Bank Charges,debit,unreconciled,Quarterly retainer,INR
TXN005021,2026-04-26,V0016,23788.25,IT Services,Technology,debit,reconciled,Annual contract,INR
TXN005022,2025-12-27,V0019,18707.33,Raw Materials,Purchases,debit,reconciled,Repair and maintenance,INR
TXN005023,2026-01-22,V0029,129995.94,Professional Services,Admin & Professional,debit,reconciled,Bulk order advance,INR
TXN005024,2026-03-17,V0030,28775.65,Manufacturing,Purchases,debit,reconciled,Monthly service charge,INR
TXN005025,2026-02-23,V0018,43763.68,Professional Services,Admin & Professional,debit,reconciled,Quarterly retainer,INR
TXN005026,2026-07-08,V0040,31202.46,Professional Services,Admin & Professional,debit,reconciled,Monthly service charge,INR
TXN005027,2026-08-18,V0034,97075.21,Packaging,Purchases,debit,unreconciled,Repair and maintenance,INR
TXN005028,2026-01-22,V0025,35719.13,Logistics,Operations,debit,reconciled,Repair and maintenance,INR
TXN005029,2026-06-23,,91901.94,Office Supplies,Bank Charges,debit,reconciled,Quarterly retainer,INR
TXN005030,2026-02-15,,243529.01,Rent,Bank Charges,debit,unreconciled,Final settlement,INR
TXN005031,2025-11-13,V0016,354850.89,IT Services,Technology,debit,reconciled,Quarterly retainer,INR
TXN005032,2026-04-21,,47380.19,Office Supplies,Bank Charges,debit,reconciled,Subscription renewal,INR
TXN005033,2025-08-25,,338939.83,Rent,Bank Charges,debit,reconciled,Repair and maintenance,INR
TXN005034,2026-04-10,V0018,15551.23,Professional Services,Admin & Professional,debit,reconciled,Annual contract,INR
TXN005035,2026-08-18,,28980.58,Office Supplies,Bank Charges,debit,pending,Final settlement,INR
TXN005036,2026-08-16,V0005,38448.16,Raw Materials,Purchases,debit,reconciled,Freight charges,INR
TXN005037,2026-01-01,,969.3,Bank Charges,Bank Charges,debit,reconciled,Repair and maintenance,INR
TXN005038,2025-11-05,V0037,22328.34,Travel,Travel,debit,unreconciled,Monthly service charge,INR
TXN005039,2026-03-07,V0036,28509.31,Professional Services,Admin & Professional,debit,reconciled,Utility bill,INR
TXN005040,2026-02-12,,547097.18,Salaries & Benefits,Bank Charges,debit,reconciled,Bulk order advance,INR
TXN005041,2026-06-06,V0039,134051.24,Facilities,Operations,debit,reconciled,Final settlement,INR
TXN005042,2026-04-17,V0029,27628.01,Professional Services,Admin & Professional,debit,reconciled,Monthly service charge,INR
TXN005043,2026-02-10,V0040,64542.91,Professional Services,Admin & Professional,debit,reconciled,Freight charges,INR
TXN005044,2026-06-10,,822.07,Bank Charges,Bank Charges,debit,pending,Subscription renewal,INR
TXN005045,2026-01-17,V0015,15982.17,Marketing,Marketing,debit,unreconciled,Monthly service charge,INR
TXN005046,2026-07-03,,592278.96,Salaries & Benefits,Bank Charges,debit,unreconciled,Repair and maintenance,INR
TXN005047,2026-05-16,V0009,16702.32,IT Services,Technology,debit,reconciled,Repair and maintenance,INR
TXN005048,2025-12-30,V0004,22075.75,IT Services,Technology,debit,reconciled,Utility bill,INR
TXN005049,2025-10-20,V0037,37810.53,Travel,Travel,debit,reconciled,Bulk order advance,INR
TXN005050,2026-02-15,V0034,84720.78,Packaging,Purchases,debit,reconciled,Subscription renewal,INR
TXN005051,2026-08-03,V0030,102334.17,Manufacturing,Purchases,debit,pending,Monthly service charge,INR
TXN005052,2025-08-22,V0025,52078.84,Logistics,Operations,debit,reconciled,Utility bill,INR
TXN005053,2026-04-29,,425462.03,Salaries & Benefits,Bank Charges,debit,reconciled,Monthly service charge,INR
TXN005054,2026-06-02,V0030,24181.24,Manufacturing,Purchases,debit,reconciled,Monthly service charge,INR
TXN005055,2026-04-20,V0029,17042.68,Professional Services,Admin & Professional,debit,reconciled,Subscription renewal,INR
TXN005056,2026-01-25,V0004,6787.18,IT Services,Technology,debit,reconciled,Utility bill,INR
TXN005057,2025-11-16,V0031,18084.9,Raw Materials,Purchases,debit,reconciled,Utility bill,INR
TXN005058,2026-01-19,V0034,8062.59,Packaging,Purchases,debit,reconciled,Utility bill,INR
TXN005059,2025-11-27,V0037,13660.58,Travel,Travel,debit,unreconciled,Bulk order advance,INR
TXN005060,2026-06-20,,279659.48,Salaries & Benefits,Bank Charges,debit,reconciled,Bulk order advance,INR
TXN005061,2026-03-04,,2823.96,Bank Charges,Bank Charges,debit,reconciled,Annual contract,INR
TXN005062,2026-08-12,,502661.52,Salaries & Benefits,Bank Charges,debit,reconciled,Repair and maintenance,INR
TXN005063,2025-08-09,V0031,48457.53,Raw Materials,Purchases,debit,unreconciled,Monthly service charge,INR
TXN005064,2026-06-17,,597233.9,Rent,Bank Charges,debit,reconciled,Utility bill,INR
TXN005065,2025-09-20,V0006,37651.49,Logistics,Operations,debit,pending,Monthly service charge,INR
TXN005066,2026-02-15,V0003,5092.82,Logistics,Operations,debit,reconciled,Utility bill,INR
TXN005067,2026-04-14,,2053.03,Bank Charges,Bank Charges,debit,unreconciled,Quarterly retainer,INR
TXN005068,2026-06-27,V0031,12809.85,Raw Materials,Purchases,debit,reconciled,Annual contract,INR
TXN005069,2026-06-01,V0003,65359.11,Logistics,Operations,debit,reconciled,Freight charges,INR
TXN005070,2026-03-04,,477779.98,Rent,Bank Charges,debit,reconciled,Invoice payment,INR
TXN005071,2026-01-16,V0001,38329.38,Raw Materials,Purchases,debit,reconciled,Annual contract,INR
TXN005072,2026-06-07,,159338.11,Salaries & Benefits,Bank Charges,debit,reconciled,Annual contract,INR
TXN005073,2026-06-07,V0031,110300.09,Raw Materials,Purchases,debit,reconciled,Freight charges,INR
TXN005074,2025-10-28,V0031,42222.3,Raw Materials,Purchases,debit,reconciled,Final settlement,INR
TXN005075,2025-09-27,V0038,28294.63,Facilities,Operations,debit,reconciled,Freight charges,INR
TXN005076,2026-08-05,V0035,35341.79,Travel,Travel,debit,reconciled,Subscription renewal,INR
TXN005077,2026-05-04,,309397.83,Salaries & Benefits,Bank Charges,debit,reconciled,Quarterly retainer,INR
TXN005078,2026-07-22,V0037,47343.94,Travel,Travel,debit,reconciled,Freight charges,INR
TXN005079,2026-02-23,V0031,17936.12,Raw Materials,Purchases,debit,reconciled,Repair and maintenance,INR
TXN005080,2026-07-06,V0011,11833.97,Marketing,Marketing,debit,reconciled,Utility bill,INR
TXN005081,2026-08-26,V0019,24523.9,Raw Materials,Purchases,debit,reconciled,Utility bill,INR
TXN005082,2026-03-31,V0007,29084.96,Professional Services,Admin & Professional,debit,reconciled,Invoice payment,INR
TXN005083,2025-09-25,V0031,5218.37,Raw Materials,Purchases,debit,unreconciled,Annual contract,INR
TXN005084,2026-01-10,V0039,45911.94,Facilities,Operations,debit,reconciled,Invoice payment,INR
TXN005085,2026-04-24,V0015,7251.6,Marketing,Marketing,debit,reconciled,Bulk order advance,INR
TXN005086,2026-05-18,V0012,62633.99,Raw Materials,Purchases,debit,reconciled,Bulk order advance,INR
TXN005087,2026-02-20,V0016,11828.19,IT Services,Technology,debit,reconciled,Final settlement,INR
TXN005088,2026-04-21,,545941.87,Rent,Bank Charges,debit,reconciled,Freight charges,INR
TXN005089,2025-10-30,V0006,34671.11,Logistics,Operations,debit,reconciled,Subscription renewal,INR
TXN005090,2025-11-29,V0034,57526.98,Packaging,Purchases,debit,reconciled,Annual contract,INR
TXN005091,2026-01-31,,2501.5,Bank Charges,Bank Charges,debit,reconciled,Quarterly retainer,INR
TXN005092,2026-07-23,V0018,10801.48,Professional Services,Admin & Professional,debit,reconciled,Utility bill,INR
TXN005093,2026-06-15,V0019,24347.9,Raw Materials,Purchases,debit,reconciled,Quarterly retainer,INR
TXN005094,2026-08-22,,11422.34,Office Supplies,Bank Charges,debit,reconciled,Subscription renewal,INR
TXN005095,2025-12-03,V0007,36320.96,Professional Services,Admin & Professional,debit,reconciled,Bulk order advance,INR
TXN005096,2026-06-11,V0011,37605.24,Marketing,Marketing,debit,reconciled,Subscription renewal,INR
TXN005097,2026-06-09,,49976.35,Office Supplies,Bank Charges,debit,reconciled,Monthly service charge,INR
TXN005098,2026-06-24,V0007,19062.49,Professional Services,Admin & Professional,debit,reconciled,Repair and maintenance,INR
TXN005099,2026-06-01,V0029,14794.9,Professional Services,Admin & Professional,debit,unreconciled,Repair and maintenance,INR
TXN005100,2026-03-22,V0012,37566.28,Raw Materials,Purchases,debit,reconciled,Annual contract,INR
TXN005101,2026-01-23,V0007,40052.87,Professional Services,Admin & Professional,debit,reconciled,Monthly service charge,INR
TXN005102,2025-12-23,V0018,12639.96,Professional Services,Admin & Professional,debit,reconciled,Invoice payment,INR
TXN005103,2026-05-20,V0006,8588.19,Logistics,Operations,debit,reconciled,Annual contract,INR
TXN005104,2025-11-05,V0037,68526.06,Travel,Travel,debit,reconciled,Final settlement,INR
TXN005105,2026-03-03,V0039,13789.35,Facilities,Operations,debit,reconciled,Final settlement,INR
TXN005106,2025-11-04,V0025,113367.57,Logistics,Operations,debit,reconciled,Monthly service charge,INR
TXN005107,2026-05-15,V0039,29421.91,Facilities,Operations,debit,reconciled,Freight charges,INR
TXN005108,2026-05-17,V0029,101723.86,Professional Services,Admin & Professional,debit,reconciled,Final settlement,INR
TXN005109,2025-10-03,,2398.84,Bank Charges,Bank Charges,debit,reconciled,Repair and maintenance,INR
TXN005110,2026-03-03,V0009,9314.24,IT Services,Technology,debit,reconciled,Subscription renewal,INR
TXN005111,2026-08-02,,110025.98,Office Supplies,Bank Charges,debit,reconciled,Annual contract,INR
TXN005112,2026-04-16,V0037,23865.51,Travel,Travel,debit,reconciled,Bulk order advance,INR
TXN005113,2026-04-05,V0035,25604.97,Travel,Travel,debit,unreconciled,Monthly service charge,INR
TXN005114,2026-04-28,V0039,96303.39,Facilities,Operations,debit,reconciled,Quarterly retainer,INR
TXN005115,2025-10-18,,1420.86,Bank Charges,Bank Charges,debit,reconciled,Bulk order advance,INR
TXN005116,2026-05-11,V0012,32694.25,Raw Materials,Purchases,debit,reconciled,Quarterly retainer,INR
TXN005117,2026-06-14,V0034,21389.01,Packaging,Purchases,debit,reconciled,Freight charges,INR
TXN005118,2025-11-24,,37633.73,Office Supplies,Bank Charges,credit,reconciled,Final settlement,INR
TXN005119,2026-05-07,,228038.86,Salaries & Benefits,Bank Charges,debit,reconciled,Utility bill,INR
TXN005120,2026-04-28,V0031,13148.23,Raw Materials,Purchases,debit,reconciled,Annual contract,INR
TXN005121,2025-10-12,V0036,27527.95,Professional Services,Admin & Professional,debit,reconciled,Invoice payment,INR
TXN005122,2026-06-06,V0006,44437.11,Logistics,Operations,debit,reconciled,Bulk order advance,INR
TXN005123,2025-08-01,,578594.66,Salaries & Benefits,Bank Charges,debit,unreconciled,Final settlement,INR
TXN005124,2026-06-29,,469.15,Bank Charges,Bank Charges,debit,pending,Final settlement,INR
TXN005125,2025-09-27,,214852.17,Rent,Bank Charges,debit,reconciled,Subscription renewal,INR
TXN005126,2025-09-12,,2836.11,Bank Charges,Bank Charges,debit,reconciled,Monthly service charge,INR
TXN005127,2025-11-09,V0040,54443.85,Professional Services,Admin & Professional,debit,reconciled,Quarterly retainer,INR
TXN005128,2026-04-21,V0029,11317.46,Professional Services,Admin & Professional,debit,reconciled,Utility bill,INR
TXN005129,2025-09-12,,47908.32,Office Supplies,Bank Charges,debit,pending,Quarterly retainer,INR
TXN005130,2025-12-21,V0021,26995.8,Raw Materials,Purchases,debit,reconciled,Bulk order advance,INR
TXN005131,2026-06-14,V0038,115858.79,Facilities,Operations,debit,pending,Utility bill,INR
TXN005132,2026-07-12,,2525.22,Bank Charges,Bank Charges,debit,reconciled,Quarterly retainer,INR
TXN005133,2026-01-07,V0037,44648.22,Travel,Travel,debit,reconciled,Monthly service charge,INR
TXN005134,2025-09-19,,1636.66,Bank Charges,Bank Charges,debit,reconciled,Repair and maintenance,INR
TXN005135,2025-12-06,V0022,18375.74,Logistics,Operations,debit,reconciled,Utility bill,INR
TXN005136,2026-01-25,,2568.61,Bank Charges,Bank Charges,debit,pending,Bulk order advance,INR
TXN005137,2026-08-23,,1962.79,Bank Charges,Bank Charges,debit,reconciled,Freight charges,INR
TXN005138,2026-06-18,V0009,42341.51,IT Services,Technology,debit,reconciled,Quarterly retainer,INR
TXN005139,2025-10-28,V0037,48127.38,Travel,Travel,debit,reconciled,Utility bill,INR
TXN005140,2026-08-07,V0036,8516.33,Professional Services,Admin & Professional,debit,reconciled,Annual contract,INR
TXN005141,2026-07-19,V0031,3898.78,Raw Materials,Purchases,debit,reconciled,Final settlement,INR
TXN005142,2026-08-09,V0001,36312.91,Raw Materials,Purchases,debit,reconciled,Utility bill,INR
TXN005143,2026-05-01,V0019,16159.8,Raw Materials,Purchases,debit,reconciled,Freight charges,INR
TXN005144,2026-01-06,V0022,11752.98,Logistics,Operations,debit,reconciled,Bulk order advance,INR
TXN005145,2026-06-27,,588160.05,Salaries & Benefits,Bank Charges,debit,pending,Freight charges,INR
TXN005146,2025-10-20,,2688.12,Bank Charges,Bank Charges,credit,reconciled,Subscription renewal,INR
TXN005147,2026-04-27,,122844.76,Office Supplies,Bank Charges,debit,reconciled,Repair and maintenance,INR
TXN005148,2026-01-25,V0014,104824.86,Logistics,Operations,debit,reconciled,Final settlement,INR
TXN005149,2026-01-17,,441206.17,Salaries & Benefits,Bank Charges,debit,unreconciled,Final settlement,INR
TXN005150,2026-04-24,V0022,44756.92,Logistics,Operations,debit,reconciled,Quarterly retainer,INR
TXN005151,2026-03-02,V0018,29563.99,Professional Services,Admin & Professional,debit,unreconciled,Annual contract,INR
TXN005152,2026-06-20,V0009,86809.9,IT Services,Technology,debit,reconciled,Repair and maintenance,INR
TXN005153,2026-02-02,,28942.37,Office Supplies,Bank Charges,debit,reconciled,Utility bill,INR
TXN005154,2026-04-22,V0025,60121.7,Logistics,Operations,debit,reconciled,Bulk order advance,INR
TXN005155,2025-11-13,V0007,83910.53,Professional Services,Admin & Professional,debit,unreconciled,Utility bill,INR
TXN005156,2025-10-06,,2088.27,Bank Charges,Bank Charges,credit,reconciled,Bulk order advance,INR
TXN005157,2025-11-20,V0001,19012.4,Raw Materials,Purchases,debit,unreconciled,Annual contract,INR
TXN005158,2025-08-09,V0016,74776.34,IT Services,Technology,debit,unreconciled,Monthly service charge,INR
TXN005159,2026-03-19,V0003,172074.07,Logistics,Operations,debit,reconciled,Repair and maintenance,INR
TXN005160,2026-05-15,V0019,8531.87,Raw Materials,Purchases,debit,unreconciled,Annual contract,INR
TXN005161,2026-04-22,V0034,22731.38,Packaging,Purchases,debit,unreconciled,Bulk order advance,INR
TXN005162,2026-02-26,V0039,19746.91,Facilities,Operations,debit,pending,Quarterly retainer,INR
TXN005163,2026-07-30,V0009,4527.07,IT Services,Technology,debit,reconciled,Final settlement,INR
TXN005164,2026-06-15,V0037,64282.02,Travel,Travel,debit,reconciled,Utility bill,INR
TXN005165,2026-07-10,V0005,11719.49,Raw Materials,Purchases,debit,reconciled,Freight charges,INR
TXN005166,2025-08-14,V0018,19376.84,Professional Services,Admin & Professional,debit,reconciled,Utility bill,INR
TXN005167,2026-08-17,,481427.91,Rent,Bank Charges,debit,reconciled,Invoice payment,INR
TXN005168,2026-07-17,V0021,8087.87,Raw Materials,Purchases,debit,reconciled,Monthly service charge,INR
TXN005169,2026-01-02,V0016,54951.34,IT Services,Technology,debit,reconciled,Quarterly retainer,INR
TXN005170,2026-03-13,V0009,18172.62,IT Services,Technology,debit,unreconciled,Bulk order advance,INR
TXN005171,2025-10-23,V0012,9077.29,Raw Materials,Purchases,debit,unreconciled,Final settlement,INR
TXN005172,2026-04-14,V0038,33052.02,Facilities,Operations,debit,reconciled,Utility bill,INR
TXN005173,2026-07-05,,574706.38,Rent,Bank Charges,credit,reconciled,Annual contract,INR
TXN005174,2026-06-21,V0036,27101.85,Professional Services,Admin & Professional,debit,pending,Final settlement,INR
TXN005175,2026-03-03,V0001,30638.89,Raw Materials,Purchases,debit,unreconciled,Bulk order advance,INR
TXN005176,2026-01-27,V0039,10795.77,Facilities,Operations,debit,reconciled,Invoice payment,INR
TXN005177,2026-02-21,,430215.66,Salaries & Benefits,Bank Charges,credit,reconciled,Final settlement,INR
TXN005178,2025-12-07,V0012,80698.99,Raw Materials,Purchases,debit,reconciled,Monthly service charge,INR
TXN005179,2025-10-19,,4239.61,Office Supplies,Bank Charges,debit,reconciled,Annual contract,INR
TXN005180,2026-05-15,V0032,16107.5,Utilities,Utilities,debit,reconciled,Bulk order advance,INR
TXN005181,2026-07-26,V0039,36774.52,Facilities,Operations,debit,reconciled,Bulk order advance,INR
TXN005182,2025-12-21,V0029,48756.11,Professional Services,Admin & Professional,debit,reconciled,Freight charges,INR
TXN005183,2026-04-01,V0015,6482.34,Marketing,Marketing,debit,reconciled,Monthly service charge,INR
TXN005184,2026-08-11,V0026,27680.1,Manufacturing,Purchases,debit,reconciled,Freight charges,INR
TXN005185,2026-06-21,,744877.55,Rent,Bank Charges,debit,reconciled,Freight charges,INR
TXN005186,2026-01-01,V0034,32036.55,Packaging,Purchases,debit,reconciled,Bulk order advance,INR
TXN005187,2026-07-15,V0031,10250.57,Raw Materials,Purchases,debit,reconciled,Utility bill,INR
TXN005188,2025-11-15,V0005,24131.3,Raw Materials,Purchases,debit,reconciled,Quarterly retainer,INR
TXN005189,2026-05-01,V0022,28729.71,Logistics,Operations,debit,unreconciled,Monthly service charge,INR
TXN005190,2026-05-19,,2630.91,Bank Charges,Bank Charges,debit,reconciled,Utility bill,INR
TXN005191,2026-08-01,,142793.9,Office Supplies,Bank Charges,debit,reconciled,Repair and maintenance,INR
TXN005192,2025-12-30,V0007,11611.78,Professional Services,Admin & Professional,debit,unreconciled,Repair and maintenance,INR
TXN005193,2026-04-17,V0005,38400.2,Raw Materials,Purchases,debit,reconciled,Annual contract,INR
TXN005194,2026-04-05,V0025,65936.18,Logistics,Operations,debit,reconciled,Repair and maintenance,INR
TXN005195,2025-12-08,V0021,25715.05,Raw Materials,Purchases,debit,unreconciled,Annual contract,INR
TXN005196,2025-10-05,,427193.97,Salaries & Benefits,Bank Charges,debit,reconciled,Final settlement,INR
TXN005197,2025-12-13,,401136.22,Salaries & Benefits,Bank Charges,debit,pending,Annual contract,INR
TXN005198,2026-04-06,V0039,17071.09,Facilities,Operations,debit,reconciled,Invoice payment,INR
TXN005199,2025-11-08,V0005,13196.45,Raw Materials,Purchases,debit,reconciled,Utility bill,INR
TXN005200,2026-07-18,V0037,13555.74,Travel,Travel,debit,reconciled,Bulk order advance,INR
TXN005201,2025-11-26,,605.29,Bank Charges,Bank Charges,debit,reconciled,Quarterly retainer,INR
TXN005202,2026-06-21,V0019,34691.86,Raw Materials,Purchases,debit,reconciled,Invoice payment,INR
TXN005203,2026-05-17,V0040,24205.02,Professional Services,Admin & Professional,debit,reconciled,Repair and maintenance,INR
TXN005204,2025-12-03,V0015,3425.31,Marketing,Marketing,debit,reconciled,Repair and maintenance,INR
TXN005205,2026-06-11,V0029,1890.61,Professional Services,Admin & Professional,debit,reconciled,Final settlement,INR
TXN005206,2025-08-28,,138365.66,Office Supplies,Bank Charges,debit,reconciled,Repair and maintenance,INR
TXN005207,2026-05-17,V0025,82002.78,Logistics,Operations,debit,unreconciled,Invoice payment,INR
TXN005208,2025-10-28,V0029,141116.5,Professional Services,Admin & Professional,debit,reconciled,Quarterly retainer,INR
TXN005209,2026-04-03,V0040,42455.15,Professional Services,Admin & Professional,debit,reconciled,Subscription renewal,INR
TXN005210,2026-01-03,V0007,23355.91,Professional Services,Admin & Professional,debit,reconciled,Invoice payment,INR
TXN005211,2026-08-06,V0034,21636.41,Packaging,Purchases,debit,reconciled,Subscription renewal,INR
TXN005212,2026-04-30,V0015,33770.95,Marketing,Marketing,debit,reconciled,Bulk order advance,INR
TXN005213,2025-11-10,,67542.01,Office Supplies,Bank Charges,debit,unreconciled,Bulk order advance,INR
TXN005214,2026-06-22,V0037,15974.86,Travel,Travel,debit,pending,Subscription renewal,INR
TXN005215,2025-10-10,V0005,5022.73,Raw Materials,Purchases,debit,reconciled,Repair and maintenance,INR
TXN005216,2026-04-14,V0009,48060.17,IT Services,Technology,debit,reconciled,Utility bill,INR
TXN005217,2026-01-27,V0021,84665.55,Raw Materials,Purchases,debit,unreconciled,Monthly service charge,INR
TXN005218,2026-01-01,V0032,10770.33,Utilities,Utilities,debit,pending,Repair and maintenance,INR
TXN005219,2026-03-13,V0012,44825.5,Raw Materials,Purchases,debit,reconciled,Freight charges,INR
TXN005220,2025-10-25,V0029,31385.84,Professional Services,Admin & Professional,debit,reconciled,Final settlement,INR
TXN005221,2026-07-29,V0001,30905.12,Raw Materials,Purchases,debit,reconciled,Repair and maintenance,INR
TXN005222,2025-10-09,V0031,47669.71,Raw Materials,Purchases,debit,reconciled,Monthly service charge,INR
TXN005223,2026-06-07,V0016,4154.56,IT Services,Technology,debit,unreconciled,Utility bill,INR
TXN005224,2026-05-08,V0014,88336.0,Logistics,Operations,debit,reconciled,Quarterly retainer,INR
TXN005225,2026-07-06,V0015,13548.99,Marketing,Marketing,debit,reconciled,Repair and maintenance,INR
TXN005226,2026-07-25,V0039,20937.74,Facilities,Operations,debit,reconciled,Utility bill,INR
TXN005227,2026-04-18,V0025,15965.56,Logistics,Operations,debit,unreconciled,Quarterly retainer,INR
TXN005228,2025-08-08,,502622.53,Salaries & Benefits,Bank Charges,debit,reconciled,Freight charges,INR
TXN005229,2026-06-11,V0034,58252.23,Packaging,Purchases,debit,reconciled,Subscription renewal,INR
TXN005230,2026-05-24,V0022,24027.12,Logistics,Operations,debit,reconciled,Bulk order advance,INR
TXN005231,2025-12-01,,189901.82,Salaries & Benefits,Bank Charges,debit,unreconciled,Repair and maintenance,INR
TXN005232,2026-08-19,V0036,36851.54,Professional Services,Admin & Professional,debit,pending,Quarterly retainer,INR
TXN005233,2026-03-07,V0015,133594.5,Marketing,Marketing,debit,reconciled,Final settlement,INR
TXN005234,2026-02-10,V0034,10069.99,Packaging,Purchases,debit,pending,Final settlement,INR
TXN005235,2026-08-29,,2518.83,Bank Charges,Bank Charges,debit,unreconciled,Freight charges,INR
TXN005236,2026-02-05,V0023,27292.2,Marketing,Marketing,debit,pending,Monthly service charge,INR
TXN005237,2026-06-07,V0023,34740.94,Marketing,Marketing,debit,pending,Bulk order advance,INR
TXN005238,2026-02-26,V0019,29854.76,Raw Materials,Purchases,debit,unreconciled,Quarterly retainer,INR
TXN005239,2026-04-26,V0030,14051.73,Manufacturing,Purchases,debit,reconciled,Quarterly retainer,INR
TXN005240,2026-02-04,,13843.09,Office Supplies,Bank Charges,debit,reconciled,Repair and maintenance,INR
TXN005241,2025-09-08,V0018,64581.96,Professional Services,Admin & Professional,debit,reconciled,Bulk order advance,INR
TXN005242,2026-07-27,V0030,33580.88,Manufacturing,Purchases,debit,reconciled,Final settlement,INR
TXN005243,2026-01-06,V0012,107668.07,Raw Materials,Purchases,debit,reconciled,Freight charges,INR
TXN005244,2026-02-05,V0016,59635.07,IT Services,Technology,debit,reconciled,Freight charges,INR
TXN005245,2026-02-12,V0030,24704.11,Manufacturing,Purchases,debit,unreconciled,Annual contract,INR
TXN005246,2026-06-11,V0021,15192.01,Raw Materials,Purchases,debit,reconciled,Repair and maintenance,INR
TXN005247,2025-09-21,V0033,32625.45,Logistics,Operations,debit,reconciled,Quarterly retainer,INR
TXN005248,2026-01-08,V0016,8755.04,IT Services,Technology,debit,reconciled,Freight charges,INR
TXN005249,2026-06-14,V0037,106569.37,Travel,Travel,debit,reconciled,Annual contract,INR
TXN005250,2026-02-23,V0023,44294.56,Marketing,Marketing,debit,reconciled,Repair and maintenance,INR
TXN005251,2026-02-12,,26708.95,Office Supplies,Bank Charges,debit,unreconciled,Annual contract,INR
TXN005252,2026-05-21,V0018,9220.98,Professional Services,Admin & Professional,debit,reconciled,Bulk order advance,INR
TXN005253,2026-07-06,V0026,24248.66,Manufacturing,Purchases,debit,pending,Bulk order advance,INR
TXN005254,2025-11-15,V0025,56713.01,Logistics,Operations,debit,reconciled,Utility bill,INR
TXN005255,2026-06-08,,66657.2,Office Supplies,Bank Charges,debit,pending,Freight charges,INR
TXN005256,2025-11-16,V0024,107520.51,IT Services,Technology,debit,reconciled,Utility bill,INR
TXN005257,2025-09-15,V0022,90155.13,Logistics,Operations,debit,reconciled,Quarterly retainer,INR
TXN005258,2026-05-24,V0015,24223.57,Marketing,Marketing,debit,reconciled,Utility bill,INR
TXN005259,2025-09-02,V0012,139593.16,Raw Materials,Purchases,debit,reconciled,Quarterly retainer,INR
TXN005260,2026-05-29,V0038,71251.88,Facilities,Operations,debit,reconciled,Utility bill,INR
TXN005261,2026-03-27,V0039,16640.12,Facilities,Operations,debit,reconciled,Subscription renewal,INR
TXN005262,2025-09-24,,570656.58,Rent,Bank Charges,debit,reconciled,Utility bill,INR
TXN005263,2026-01-13,V0037,32772.04,Travel,Travel,debit,reconciled,Quarterly retainer,INR
TXN005264,2026-03-04,,141523.96,Office Supplies,Bank Charges,debit,unreconciled,Subscription renewal,INR
TXN005265,2025-11-04,V0019,16774.43,Raw Materials,Purchases,debit,reconciled,Subscription renewal,INR
TXN005266,2025-10-20,V0040,154711.76,Professional Services,Admin & Professional,debit,reconciled,Utility bill,INR
TXN005267,2026-02-09,V0038,47710.23,Facilities,Operations,debit,reconciled,Freight charges,INR
TXN005268,2026-03-26,V0023,111996.08,Marketing,Marketing,debit,reconciled,Invoice payment,INR
TXN005269,2026-01-10,V0035,28191.69,Travel,Travel,debit,unreconciled,Freight charges,INR
TXN005270,2025-12-25,,65666.54,Office Supplies,Bank Charges,debit,reconciled,Repair and maintenance,INR
TXN005271,2025-10-21,V0036,21241.11,Professional Services,Admin & Professional,debit,reconciled,Bulk order advance,INR
TXN005272,2026-01-17,V0026,6751.38,Manufacturing,Purchases,debit,reconciled,Invoice payment,INR
TXN005273,2026-07-13,,400251.28,Salaries & Benefits,Bank Charges,debit,unreconciled,Subscription renewal,INR
TXN005274,2025-11-20,V0025,30825.31,Logistics,Operations,debit,reconciled,Annual contract,INR
TXN005275,2025-11-05,V0030,19310.1,Manufacturing,Purchases,debit,unreconciled,Final settlement,INR
TXN005276,2026-05-16,,819683.68,Salaries & Benefits,Bank Charges,debit,reconciled,Final settlement,INR
TXN005277,2026-04-07,V0032,42908.83,Utilities,Utilities,debit,reconciled,Repair and maintenance,INR
TXN005278,2025-12-10,V0019,134604.12,Raw Materials,Purchases,debit,reconciled,Annual contract,INR
TXN005279,2026-02-22,V0001,32772.21,Raw Materials,Purchases,debit,reconciled,Invoice payment,INR
TXN005280,2025-12-05,V0006,70321.3,Logistics,Operations,debit,reconciled,Quarterly retainer,INR
TXN005281,2026-08-28,,107747.09,Office Supplies,Bank Charges,debit,unreconciled,Utility bill,INR
TXN005282,2026-05-09,,492.06,Bank Charges,Bank Charges,debit,reconciled,Utility bill,INR
TXN005283,2025-08-17,V0009,19438.25,IT Services,Technology,debit,pending,Quarterly retainer,INR
TXN005284,2025-12-30,V0040,61644.18,Professional Services,Admin & Professional,debit,reconciled,Subscription renewal,INR
TXN005285,2026-01-15,V0040,74218.16,Professional Services,Admin & Professional,debit,reconciled,Subscription renewal,INR
TXN005286,2025-09-14,V0021,5835.02,Raw Materials,Purchases,debit,reconciled,Bulk order advance,INR
TXN005287,2026-01-05,V0018,15598.58,Professional Services,Admin & Professional,debit,unreconciled,Repair and maintenance,INR
TXN005288,2025-08-01,V0027,22601.41,Facilities,Operations,debit,reconciled,Invoice payment,INR
TXN005289,2026-06-11,V0035,61722.4,Travel,Travel,debit,reconciled,Quarterly retainer,INR
TXN005290,2026-05-06,,356029.54,Rent,Bank Charges,debit,reconciled,Repair and maintenance,INR
TXN005291,2025-12-09,V0025,145148.78,Logistics,Operations,debit,reconciled,Final settlement,INR
TXN005292,2025-11-13,V0022,9963.66,Logistics,Operations,debit,reconciled,Quarterly retainer,INR
TXN005293,2025-12-22,,144929.87,Office Supplies,Bank Charges,debit,reconciled,Invoice payment,INR
TXN005294,2026-05-22,,1119.0,Bank Charges,Bank Charges,debit,reconciled,Subscription renewal,INR
TXN005295,2026-05-01,,245306.89,Rent,Bank Charges,debit,reconciled,Utility bill,INR
TXN005296,2026-08-18,,2947.95,Bank Charges,Bank Charges,debit,reconciled,Final settlement,INR
TXN005297,2025-10-11,V0033,11371.73,Logistics,Operations,debit,reconciled,Annual contract,INR
TXN005298,2026-05-30,V0006,48539.74,Logistics,Operations,debit,reconciled,Quarterly retainer,INR
TXN005299,2026-06-10,,36334.6,Office Supplies,Bank Charges,debit,reconciled,Annual contract,INR
TXN005300,2025-10-11,V0021,55070.77,Raw Materials,Purchases,debit,reconciled,Monthly service charge,INR
TXN005301,2026-07-24,,2325.7,Bank Charges,Bank Charges,debit,pending,Invoice payment,INR
TXN005302,2025-09-23,V0022,26301.84,Logistics,Operations,debit,reconciled,Monthly service charge,INR
TXN005303,2026-05-03,V0025,12057.94,Logistics,Operations,debit,reconciled,Quarterly retainer,INR
TXN005304,2026-03-21,V0030,55917.9,Manufacturing,Purchases,debit,pending,Freight charges,INR
TXN005305,2025-10-12,,33437.71,Office Supplies,Bank Charges,debit,reconciled,Monthly service charge,INR
TXN005306,2026-07-09,V0006,20295.76,Logistics,Operations,debit,reconciled,Freight charges,INR
TXN005307,2026-07-10,V0011,24537.44,Marketing,Marketing,debit,unreconciled,Subscription renewal,INR
TXN005308,2025-11-02,V0012,37482.01,Raw Materials,Purchases,debit,reconciled,Final settlement,INR
TXN005309,2025-12-21,V0006,81023.86,Logistics,Operations,debit,pending,Utility bill,INR
TXN005310,2026-06-06,V0017,69103.96,Manufacturing,Purchases,debit,reconciled,Quarterly retainer,INR
TXN005311,2025-08-15,,283445.63,Rent,Bank Charges,debit,reconciled,Subscription renewal,INR
TXN005312,2026-03-08,,609473.45,Salaries & Benefits,Bank Charges,debit,pending,Monthly service charge,INR
TXN005313,2026-02-23,V0038,166052.69,Facilities,Operations,debit,reconciled,Invoice payment,INR
TXN005314,2026-05-09,V0004,27275.63,IT Services,Technology,debit,reconciled,Utility bill,INR
TXN005315,2026-04-21,,149728.54,Office Supplies,Bank Charges,debit,reconciled,Monthly service charge,INR
TXN005316,2026-04-13,V0018,11448.27,Professional Services,Admin & Professional,debit,reconciled,Monthly service charge,INR
TXN005317,2026-05-25,V0036,31218.07,Professional Services,Admin & Professional,debit,reconciled,Invoice payment,INR
TXN005318,2026-08-02,V0022,28020.66,Logistics,Operations,debit,reconciled,Annual contract,INR
TXN005319,2025-10-26,V0003,14777.62,Logistics,Operations,debit,reconciled,Invoice payment,INR
TXN005320,2025-08-17,V0023,29838.13,Marketing,Marketing,debit,unreconciled,Invoice payment,INR
TXN005321,2026-05-05,V0016,16709.41,IT Services,Technology,debit,pending,Invoice payment,INR
TXN005322,2025-09-29,,2353.15,Bank Charges,Bank Charges,debit,unreconciled,Subscription renewal,INR
TXN005323,2025-08-24,V0028,38181.28,Raw Materials,Purchases,debit,reconciled,Annual contract,INR
TXN005324,2025-09-22,V0006,15039.43,Logistics,Operations,debit,pending,Freight charges,INR
TXN005325,2025-10-30,V0001,11045.58,Raw Materials,Purchases,debit,reconciled,Utility bill,INR
TXN005326,2025-11-13,V0012,7386.76,Raw Materials,Purchases,debit,reconciled,Freight charges,INR
TXN005327,2026-03-07,V0005,36222.12,Raw Materials,Purchases,debit,unreconciled,Annual contract,INR
TXN005328,2026-01-21,V0038,112186.09,Facilities,Operations,debit,unreconciled,Quarterly retainer,INR
TXN005329,2026-01-02,V0037,26759.35,Travel,Travel,debit,pending,Annual contract,INR
TXN005330,2026-08-15,V0033,8920.81,Logistics,Operations,debit,reconciled,Bulk order advance,INR
TXN005331,2025-09-28,V0022,13674.04,Logistics,Operations,debit,reconciled,Utility bill,INR
TXN005332,2026-03-11,V0035,4616.41,Travel,Travel,debit,reconciled,Bulk order advance,INR
TXN005333,2026-02-09,V0018,95364.83,Professional Services,Admin & Professional,debit,reconciled,Repair and maintenance,INR
TXN005334,2026-02-10,V0006,12698.45,Logistics,Operations,debit,reconciled,Final settlement,INR
TXN005335,2026-02-06,V0040,94651.44,Professional Services,Admin & Professional,debit,reconciled,Invoice payment,INR
TXN005336,2025-08-03,,83729.32,Office Supplies,Bank Charges,debit,unreconciled,Bulk order advance,INR
TXN005337,2025-11-10,,210219.4,Salaries & Benefits,Bank Charges,debit,reconciled,Utility bill,INR
TXN005338,2026-04-07,V0031,24666.92,Raw Materials,Purchases,debit,reconciled,Bulk order advance,INR
TXN005339,2025-08-21,,41188.04,Office Supplies,Bank Charges,debit,reconciled,Annual contract,INR
TXN005340,2025-08-22,V0029,39469.21,Professional Services,Admin & Professional,debit,pending,Bulk order advance,INR
TXN005341,2026-07-12,,162906.4,Salaries & Benefits,Bank Charges,debit,reconciled,Invoice payment,INR
TXN005342,2026-02-15,V0021,21676.22,Raw Materials,Purchases,debit,reconciled,Freight charges,INR
TXN005343,2025-09-20,V0034,19524.01,Packaging,Purchases,debit,unreconciled,Utility bill,INR
TXN005344,2025-11-19,V0016,8604.02,IT Services,Technology,debit,reconciled,Bulk order advance,INR
TXN005345,2026-02-28,V0032,11325.97,Utilities,Utilities,debit,reconciled,Freight charges,INR
TXN005346,2025-12-14,V0006,14497.27,Logistics,Operations,debit,reconciled,Utility bill,INR
TXN005347,2026-07-27,V0012,4939.47,Raw Materials,Purchases,debit,reconciled,Bulk order advance,INR
TXN005348,2026-04-26,V0033,12579.79,Logistics,Operations,debit,reconciled,Quarterly retainer,INR
TXN005349,2026-08-02,,537.97,Bank Charges,Bank Charges,debit,reconciled,Repair and maintenance,INR
TXN005350,2026-03-19,,383293.62,Salaries & Benefits,Bank Charges,debit,reconciled,Invoice payment,INR
TXN005351,2025-12-25,V0037,19657.75,Travel,Travel,debit,reconciled,Final settlement,INR
TXN005352,2026-03-14,V0040,15350.89,Professional Services,Admin & Professional,debit,reconciled,Annual contract,INR
TXN005353,2026-06-21,V0032,30884.67,Utilities,Utilities,debit,reconciled,Final settlement,INR
TXN005354,2026-03-05,V0033,8678.23,Logistics,Operations,debit,reconciled,Bulk order advance,INR
TXN005355,2026-06-11,V0034,49818.36,Packaging,Purchases,debit,reconciled,Invoice payment,INR
TXN005356,2026-02-16,V0023,205277.52,Marketing,Marketing,debit,reconciled,Monthly service charge,INR
TXN005357,2025-12-02,V0040,13715.95,Professional Services,Admin & Professional,debit,reconciled,Subscription renewal,INR
TXN005358,2025-09-03,V0006,21694.59,Logistics,Operations,debit,reconciled,Utility bill,INR
TXN005359,2026-01-15,V0034,20991.68,Packaging,Purchases,debit,unreconciled,Annual contract,INR
TXN005360,2025-10-19,V0011,159423.51,Marketing,Marketing,debit,reconciled,Subscription renewal,INR
TXN005361,2026-02-21,V0038,10586.78,Facilities,Operations,debit,unreconciled,Monthly service charge,INR
TXN005362,2025-08-03,V0040,7719.33,Professional Services,Admin & Professional,debit,unreconciled,Invoice payment,INR
TXN005363,2026-05-29,V0040,51564.76,Professional Services,Admin & Professional,debit,reconciled,Freight charges,INR
TXN005364,2026-08-30,,315060.48,Salaries & Benefits,Bank Charges,debit,reconciled,Subscription renewal,INR
TXN005365,2025-11-21,V0021,31540.95,Raw Materials,Purchases,debit,reconciled,Quarterly retainer,INR
TXN005366,2026-06-06,V0035,107449.87,Travel,Travel,debit,reconciled,Utility bill,INR
TXN005367,2026-02-10,V0031,52876.46,Raw Materials,Purchases,debit,reconciled,Quarterly retainer,INR
TXN005368,2026-07-28,V0039,20980.26,Facilities,Operations,debit,reconciled,Bulk order advance,INR
TXN005369,2026-01-18,V0032,18307.52,Utilities,Utilities,debit,reconciled,Subscription renewal,INR
TXN005370,2026-08-22,V0007,11619.07,Professional Services,Admin & Professional,debit,reconciled,Freight charges,INR
TXN005371,2025-08-23,V0040,47266.78,Professional Services,Admin & Professional,debit,reconciled,Freight charges,INR
TXN005372,2026-06-13,V0007,12010.21,Professional Services,Admin & Professional,debit,reconciled,Bulk order advance,INR
TXN005373,2025-09-22,V0005,40289.8,Raw Materials,Purchases,debit,reconciled,Monthly service charge,INR
TXN005374,2026-01-27,V0036,130482.09,Professional Services,Admin & Professional,debit,unreconciled,Subscription renewal,INR
TXN005375,2026-03-08,V0006,55574.8,Logistics,Operations,debit,unreconciled,Quarterly retainer,INR
TXN005376,2026-08-24,,12198.84,Office Supplies,Bank Charges,debit,reconciled,Quarterly retainer,INR
TXN005377,2026-08-28,V0003,49428.62,Logistics,Operations,debit,pending,Final settlement,INR
TXN005378,2026-02-15,,682549.78,Rent,Bank Charges,debit,reconciled,Annual contract,INR
TXN005379,2026-06-14,V0025,19664.49,Logistics,Operations,debit,reconciled,Utility bill,INR
TXN005380,2025-08-12,V0040,46799.61,Professional Services,Admin & Professional,debit,reconciled,Freight charges,INR
TXN005381,2026-01-09,V0028,29521.12,Raw Materials,Purchases,debit,reconciled,Quarterly retainer,INR
TXN005382,2026-08-30,V0031,16259.06,Raw Materials,Purchases,debit,reconciled,Quarterly retainer,INR
TXN005383,2026-08-08,V0031,22768.47,Raw Materials,Purchases,debit,reconciled,Monthly service charge,INR
TXN005384,2026-07-11,V0016,18728.54,IT Services,Technology,debit,unreconciled,Utility bill,INR
TXN005385,2025-12-26,,375909.99,Salaries & Benefits,Bank Charges,debit,reconciled,Monthly service charge,INR
TXN005386,2026-03-26,V0033,51356.66,Logistics,Operations,debit,reconciled,Annual contract,INR
TXN005387,2026-04-24,,32522.7,Office Supplies,Bank Charges,debit,reconciled,Repair and maintenance,INR
TXN005388,2026-08-06,V0006,15599.33,Logistics,Operations,debit,pending,Subscription renewal,INR
TXN005389,2026-03-14,V0031,50074.16,Raw Materials,Purchases,debit,reconciled,Annual contract,INR
TXN005390,2025-12-09,V0019,7110.44,Raw Materials,Purchases,debit,pending,Bulk order advance,INR
TXN005391,2026-06-03,V0031,29433.3,Raw Materials,Purchases,debit,pending,Annual contract,INR
TXN005392,2026-04-19,,132619.7,Office Supplies,Bank Charges,debit,reconciled,Bulk order advance,INR
TXN005393,2026-04-30,V0017,27508.83,Manufacturing,Purchases,debit,reconciled,Final settlement,INR
TXN005394,2026-08-11,V0039,235620.21,Facilities,Operations,debit,reconciled,Bulk order advance,INR
TXN005395,2026-01-04,V0019,10947.9,Raw Materials,Purchases,debit,reconciled,Invoice payment,INR
TXN005396,2026-03-08,V0015,44716.77,Marketing,Marketing,debit,reconciled,Monthly service charge,INR
TXN005397,2026-07-18,,569882.38,Salaries & Benefits,Bank Charges,debit,reconciled,Invoice payment,INR
TXN005398,2025-12-04,V0028,34104.05,Raw Materials,Purchases,debit,pending,Monthly service charge,INR
TXN005399,2025-11-03,V0003,7041.42,Logistics,Operations,debit,reconciled,Invoice payment,INR
TXN005400,2025-11-12,V0007,4581.67,Professional Services,Admin & Professional,debit,reconciled,Invoice payment,INR
TXN005401,2026-06-03,,515804.2,Rent,Bank Charges,debit,unreconciled,Annual contract,INR
TXN005402,2025-11-03,V0036,21251.13,Professional Services,Admin & Professional,debit,reconciled,Quarterly retainer,INR
TXN005403,2025-11-05,V0007,6891.18,Professional Services,Admin & Professional,debit,reconciled,Final settlement,INR
TXN005404,2025-11-22,V0021,317146.4,Raw Materials,Purchases,debit,reconciled,Invoice payment,INR
TXN005405,2025-12-16,V0009,69208.78,IT Services,Technology,debit,pending,Freight charges,INR
TXN005406,2026-07-15,,809420.16,Salaries & Benefits,Bank Charges,debit,reconciled,Subscription renewal,INR
TXN005407,2026-03-09,V0019,25137.81,Raw Materials,Purchases,debit,reconciled,Final settlement,INR
TXN005408,2026-05-24,V0033,125123.95,Logistics,Operations,debit,unreconciled,Subscription renewal,INR
TXN005409,2026-04-16,V0001,9274.19,Raw Materials,Purchases,debit,unreconciled,Monthly service charge,INR
TXN005410,2025-12-24,,5766.35,Office Supplies,Bank Charges,debit,reconciled,Subscription renewal,INR
TXN005411,2026-08-27,V0036,64334.56,Professional Services,Admin & Professional,debit,reconciled,Freight charges,INR
TXN005412,2025-12-12,V0038,139443.53,Facilities,Operations,debit,reconciled,Monthly service charge,INR
TXN005413,2026-07-08,V0012,89493.84,Raw Materials,Purchases,debit,reconciled,Quarterly retainer,INR
TXN005414,2026-04-18,V0006,15019.56,Logistics,Operations,debit,unreconciled,Final settlement,INR
TXN005415,2026-08-16,V0016,71430.21,IT Services,Technology,debit,reconciled,Utility bill,INR
TXN005416,2026-05-23,V0036,18522.09,Professional Services,Admin & Professional,debit,reconciled,Annual contract,INR
TXN005417,2025-11-11,V0034,30259.44,Packaging,Purchases,debit,reconciled,Freight charges,INR
TXN005418,2025-11-26,V0030,23742.11,Manufacturing,Purchases,debit,reconciled,Quarterly retainer,INR
TXN005419,2026-05-23,V0039,26965.13,Facilities,Operations,debit,unreconciled,Subscription renewal,INR
TXN005420,2026-03-22,V0021,13131.92,Raw Materials,Purchases,debit,pending,Subscription renewal,INR
TXN005421,2026-03-14,V0036,11903.35,Professional Services,Admin & Professional,debit,reconciled,Bulk order advance,INR
TXN005422,2025-10-06,V0005,26484.71,Raw Materials,Purchases,debit,reconciled,Freight charges,INR
TXN005423,2026-01-23,V0017,77520.81,Manufacturing,Purchases,debit,reconciled,Quarterly retainer,INR
TXN005424,2026-08-31,V0005,24253.4,Raw Materials,Purchases,debit,reconciled,Utility bill,INR
TXN005425,2026-07-18,V0021,18021.73,Raw Materials,Purchases,debit,unreconciled,Invoice payment,INR
TXN005426,2025-09-12,V0015,150833.0,Marketing,Marketing,debit,reconciled,Invoice payment,INR
TXN005427,2025-10-29,V0033,22119.23,Logistics,Operations,debit,reconciled,Monthly service charge,INR
TXN005428,2025-09-01,,618391.91,Rent,Bank Charges,debit,reconciled,Final settlement,INR
TXN005429,2026-06-07,V0038,10616.4,Facilities,Operations,debit,reconciled,Bulk order advance,INR
TXN005430,2026-04-25,V0040,27528.26,Professional Services,Admin & Professional,debit,reconciled,Bulk order advance,INR
TXN005431,2025-12-20,V0029,10418.15,Professional Services,Admin & Professional,debit,pending,Subscription renewal,INR
TXN005432,2026-06-01,V0039,30401.41,Facilities,Operations,debit,pending,Monthly service charge,INR
TXN005433,2025-11-11,V0007,42787.42,Professional Services,Admin & Professional,debit,unreconciled,Quarterly retainer,INR
TXN005434,2026-07-14,,599599.87,Rent,Bank Charges,debit,reconciled,Quarterly retainer,INR
TXN005435,2026-05-15,V0036,9710.71,Professional Services,Admin & Professional,debit,unreconciled,Monthly service charge,INR
TXN005436,2026-03-11,V0030,36800.3,Manufacturing,Purchases,debit,reconciled,Freight charges,INR
TXN005437,2026-04-09,V0007,14861.55,Professional Services,Admin & Professional,debit,reconciled,Utility bill,INR
TXN005438,2025-08-11,V0039,39884.07,Facilities,Operations,debit,reconciled,Monthly service charge,INR
TXN005439,2026-08-24,V0025,34286.88,Logistics,Operations,debit,unreconciled,Annual contract,INR
TXN005440,2025-12-17,V0031,38360.1,Raw Materials,Purchases,debit,reconciled,Final settlement,INR
TXN005441,2026-02-19,V0029,24601.65,Professional Services,Admin & Professional,debit,reconciled,Utility bill,INR
TXN005442,2025-10-09,V0032,37800.45,Utilities,Utilities,debit,unreconciled,Repair and maintenance,INR
TXN005443,2026-01-02,V0006,23896.11,Logistics,Operations,debit,unreconciled,Utility bill,INR
TXN005444,2026-07-15,V0040,208662.59,Professional Services,Admin & Professional,debit,reconciled,Monthly service charge,INR
TXN005445,2026-03-20,V0012,21582.97,Raw Materials,Purchases,debit,reconciled,Freight charges,INR
TXN005446,2025-10-14,V0033,44757.82,Logistics,Operations,debit,reconciled,Freight charges,INR
TXN005447,2026-04-09,V0025,33710.95,Logistics,Operations,debit,reconciled,Quarterly retainer,INR
TXN005448,2025-11-28,V0018,15617.34,Professional Services,Admin & Professional,debit,unreconciled,Annual contract,INR
TXN005449,2025-11-03,V0032,7965.01,Utilities,Utilities,debit,unreconciled,Freight charges,INR
TXN005450,2025-09-23,,70036.84,Office Supplies,Bank Charges,debit,reconciled,Monthly service charge,INR
TXN005451,2026-06-20,V0015,33142.11,Marketing,Marketing,debit,reconciled,Monthly service charge,INR
TXN005452,2026-02-23,,9100.7,Office Supplies,Bank Charges,debit,unreconciled,Invoice payment,INR
TXN005453,2026-05-22,V0022,17636.94,Logistics,Operations,debit,reconciled,Subscription renewal,INR
TXN005454,2025-12-31,V0029,37463.27,Professional Services,Admin & Professional,debit,pending,Freight charges,INR
TXN005455,2026-07-25,V0030,32563.98,Manufacturing,Purchases,debit,reconciled,Invoice payment,INR
TXN005456,2025-10-31,,101502.05,Office Supplies,Bank Charges,debit,pending,Invoice payment,INR
TXN005457,2025-11-23,V0038,8262.74,Facilities,Operations,debit,unreconciled,Repair and maintenance,INR
TXN005458,2025-08-10,,92937.17,Office Supplies,Bank Charges,debit,unreconciled,Bulk order advance,INR
TXN005459,2025-08-06,V0019,6220.7,Raw Materials,Purchases,debit,reconciled,Annual contract,INR
TXN005460,2025-08-15,,563122.87,Salaries & Benefits,Bank Charges,debit,unreconciled,Utility bill,INR
TXN005461,2026-06-18,,321206.08,Rent,Bank Charges,debit,reconciled,Monthly service charge,INR
TXN005462,2026-06-15,V0038,3437.42,Facilities,Operations,debit,reconciled,Utility bill,INR
TXN005463,2026-05-30,V0039,86200.23,Facilities,Operations,debit,pending,Invoice payment,INR
TXN005464,2026-05-05,V0019,5661.95,Raw Materials,Purchases,debit,reconciled,Subscription renewal,INR
TXN005465,2026-01-16,V0036,52978.79,Professional Services,Admin & Professional,debit,reconciled,Quarterly retainer,INR
TXN005466,2025-09-11,V0018,42871.86,Professional Services,Admin & Professional,debit,pending,Repair and maintenance,INR
TXN005467,2026-07-30,V0003,26549.97,Logistics,Operations,debit,reconciled,Bulk order advance,INR
TXN005468,2025-12-23,,668471.97,Rent,Bank Charges,debit,reconciled,Repair and maintenance,INR
TXN005469,2026-08-09,,36966.1,Office Supplies,Bank Charges,debit,reconciled,Bulk order advance,INR
TXN005470,2026-06-08,V0022,185864.94,Logistics,Operations,debit,reconciled,Freight charges,INR
TXN005471,2026-07-01,V0032,21572.23,Utilities,Utilities,debit,reconciled,Final settlement,INR
TXN005472,2026-01-17,V0022,62692.52,Logistics,Operations,debit,reconciled,Utility bill,INR
TXN005473,2026-06-01,V0005,92723.85,Raw Materials,Purchases,debit,reconciled,Monthly service charge,INR
TXN005474,2025-10-01,V0001,2677.73,Raw Materials,Purchases,debit,reconciled,Utility bill,INR
TXN005475,2025-09-12,V0040,42214.11,Professional Services,Admin & Professional,debit,reconciled,Quarterly retainer,INR
TXN005476,2026-07-14,V0011,13142.42,Marketing,Marketing,debit,unreconciled,Quarterly retainer,INR
TXN005477,2025-11-27,V0007,19733.44,Professional Services,Admin & Professional,debit,reconciled,Repair and maintenance,INR
TXN005478,2026-01-27,V0015,14094.25,Marketing,Marketing,debit,reconciled,Utility bill,INR
TXN005479,2025-10-29,V0034,163118.48,Packaging,Purchases,debit,reconciled,Quarterly retainer,INR
TXN005480,2026-04-28,V0029,42103.33,Professional Services,Admin & Professional,debit,reconciled,Subscription renewal,INR
TXN005481,2025-10-24,V0019,47685.71,Raw Materials,Purchases,debit,pending,Annual contract,INR
TXN005482,2025-11-13,,538342.34,Rent,Bank Charges,debit,reconciled,Annual contract,INR
TXN005483,2025-11-30,V0038,56695.14,Facilities,Operations,debit,reconciled,Freight charges,INR
TXN005484,2025-10-15,V0009,19436.22,IT Services,Technology,debit,pending,Utility bill,INR
TXN005485,2025-12-27,V0031,47226.67,Raw Materials,Purchases,debit,pending,Final settlement,INR
TXN005486,2026-08-06,V0009,29843.86,IT Services,Technology,debit,reconciled,Quarterly retainer,INR
TXN005487,2026-02-15,V0001,112199.25,Raw Materials,Purchases,debit,reconciled,Final settlement,INR
TXN005488,2025-11-19,,412736.3,Rent,Bank Charges,debit,reconciled,Utility bill,INR
TXN005489,2026-01-03,V0006,34133.35,Logistics,Operations,debit,reconciled,Quarterly retainer,INR
TXN005490,2026-08-29,V0015,37320.91,Marketing,Marketing,debit,reconciled,Utility bill,INR
TXN005491,2025-12-31,V0033,7935.64,Logistics,Operations,debit,reconciled,Bulk order advance,INR
TXN005492,2026-03-30,V0040,33409.55,Professional Services,Admin & Professional,debit,unreconciled,Repair and maintenance,INR
TXN005493,2026-08-09,V0017,13433.16,Manufacturing,Purchases,debit,reconciled,Quarterly retainer,INR
TXN005494,2025-11-03,,56549.98,Office Supplies,Bank Charges,debit,reconciled,Annual contract,INR
TXN005495,2026-06-17,V0031,24187.0,Raw Materials,Purchases,debit,reconciled,Final settlement,INR
TXN005496,2026-03-14,V0030,22591.44,Manufacturing,Purchases,debit,reconciled,Invoice payment,INR
TXN005497,2026-08-23,V0021,19147.09,Raw Materials,Purchases,debit,reconciled,Annual contract,INR
TXN005498,2026-03-27,V0007,18714.1,Professional Services,Admin & Professional,debit,reconciled,Quarterly retainer,INR
TXN005499,2026-08-30,V0014,37709.59,Logistics,Operations,debit,reconciled,Annual contract,INR
TXN005500,2025-08-10,V0017,29124.39,Manufacturing,Purchases,debit,reconciled,Final settlement,INR
TXN005501,2026-01-27,V0032,6724.04,Utilities,Utilities,debit,pending,Quarterly retainer,INR
TXN005502,2025-12-07,V0021,22646.95,Raw Materials,Purchases,debit,reconciled,Invoice payment,INR
TXN005503,2026-02-17,,154479.13,Rent,Bank Charges,debit,unreconciled,Bulk order advance,INR
TXN005504,2026-05-19,V0007,130105.45,Professional Services,Admin & Professional,debit,unreconciled,Repair and maintenance,INR
TXN005505,2026-06-27,V0037,22005.72,Travel,Travel,debit,reconciled,Monthly service charge,INR
TXN005506,2026-04-03,V0018,49145.17,Professional Services,Admin & Professional,debit,reconciled,Annual contract,INR
TXN005507,2026-04-19,,683496.99,Rent,Bank Charges,debit,reconciled,Subscription renewal,INR
TXN005508,2026-01-20,V0015,15065.23,Marketing,Marketing,debit,unreconciled,Quarterly retainer,INR
TXN005509,2026-03-20,,370029.92,Salaries & Benefits,Bank Charges,debit,unreconciled,Freight charges,INR
TXN005510,2025-08-30,V0026,27291.87,Manufacturing,Purchases,debit,reconciled,Repair and maintenance,INR
TXN005511,2026-02-07,V0039,45004.75,Facilities,Operations,debit,reconciled,Freight charges,INR
TXN005512,2025-09-18,,59071.59,Office Supplies,Bank Charges,debit,reconciled,Utility bill,INR
TXN005513,2026-02-05,V0040,30927.16,Professional Services,Admin & Professional,debit,reconciled,Final settlement,INR
TXN005514,2025-10-02,,179303.02,Rent,Bank Charges,debit,reconciled,Final settlement,INR
TXN005515,2025-10-22,V0018,51591.5,Professional Services,Admin & Professional,debit,reconciled,Bulk order advance,INR
TXN005516,2025-10-15,V0015,14166.95,Marketing,Marketing,debit,reconciled,Monthly service charge,INR
TXN005517,2026-02-18,V0017,10335.45,Manufacturing,Purchases,debit,pending,Quarterly retainer,INR
TXN005518,2026-08-21,V0007,21720.26,Professional Services,Admin & Professional,debit,reconciled,Utility bill,INR
TXN005519,2026-04-19,,381330.51,Salaries & Benefits,Bank Charges,debit,reconciled,Quarterly retainer,INR
TXN005520,2025-10-13,,733619.16,Rent,Bank Charges,debit,reconciled,Annual contract,INR
TXN005521,2025-10-22,V0034,32167.38,Packaging,Purchases,debit,reconciled,Bulk order advance,INR
TXN005522,2025-12-07,V0029,73834.59,Professional Services,Admin & Professional,debit,reconciled,Annual contract,INR
TXN005523,2026-04-13,V0037,7686.79,Travel,Travel,debit,unreconciled,Final settlement,INR
TXN005524,2025-08-07,,580883.26,Salaries & Benefits,Bank Charges,debit,reconciled,Freight charges,INR
TXN005525,2025-11-12,V0007,16075.62,Professional Services,Admin & Professional,debit,reconciled,Bulk order advance,INR
TXN005526,2026-02-10,V0036,10821.21,Professional Services,Admin & Professional,debit,unreconciled,Bulk order advance,INR
TXN005527,2025-09-23,V0019,38503.52,Raw Materials,Purchases,debit,reconciled,Utility bill,INR
TXN005528,2025-11-06,V0022,54841.49,Logistics,Operations,debit,reconciled,Freight charges,INR
TXN005529,2025-10-21,,671839.86,Salaries & Benefits,Bank Charges,debit,unreconciled,Subscription renewal,INR
TXN005530,2026-01-30,,466.44,Bank Charges,Bank Charges,debit,reconciled,Annual contract,INR
TXN005531,2026-07-02,V0037,18091.18,Travel,Travel,debit,pending,Quarterly retainer,INR
TXN005532,2026-02-15,V0027,26162.75,Facilities,Operations,debit,pending,Final settlement,INR
TXN005533,2026-02-01,V0029,10954.38,Professional Services,Admin & Professional,debit,unreconciled,Quarterly retainer,INR
TXN005534,2025-09-29,V0001,24383.86,Raw Materials,Purchases,debit,unreconciled,Subscription renewal,INR
TXN005535,2026-06-22,,149.98,Bank Charges,Bank Charges,debit,reconciled,Freight charges,INR
TXN005536,2026-04-20,V0039,31006.74,Facilities,Operations,debit,reconciled,Annual contract,INR
TXN005537,2026-06-26,V0015,64604.2,Marketing,Marketing,debit,reconciled,Subscription renewal,INR
TXN005538,2026-05-09,,715544.74,Rent,Bank Charges,debit,reconciled,Invoice payment,INR
TXN005539,2026-03-02,V0025,185530.01,Logistics,Operations,debit,unreconciled,Utility bill,INR
TXN005540,2026-05-22,V0031,16695.24,Raw Materials,Purchases,debit,reconciled,Monthly service charge,INR
TXN005541,2026-04-12,V0031,24474.01,Raw Materials,Purchases,debit,unreconciled,Monthly service charge,INR
TXN005542,2025-11-18,V0022,42299.2,Logistics,Operations,debit,reconciled,Subscription renewal,INR
TXN005543,2026-01-20,V0037,10328.02,Travel,Travel,debit,reconciled,Monthly service charge,INR
TXN005544,2025-09-06,V0039,13010.3,Facilities,Operations,debit,pending,Invoice payment,INR
TXN005545,2025-11-28,V0038,33184.61,Facilities,Operations,debit,reconciled,Annual contract,INR
TXN005546,2025-09-11,V0034,71523.51,Packaging,Purchases,debit,reconciled,Annual contract,INR
TXN005547,2025-12-02,,2007.65,Bank Charges,Bank Charges,debit,reconciled,Invoice payment,INR
TXN005548,2026-02-23,V0031,21010.41,Raw Materials,Purchases,debit,reconciled,Monthly service charge,INR
TXN005549,2026-03-26,V0025,24858.99,Logistics,Operations,debit,reconciled,Final settlement,INR
TXN005550,2026-05-25,V0024,11471.36,IT Services,Technology,debit,reconciled,Freight charges,INR
TXN005551,2025-10-10,,14435.81,Office Supplies,Bank Charges,debit,reconciled,Repair and maintenance,INR
TXN005552,2026-06-13,V0031,61399.27,Raw Materials,Purchases,debit,reconciled,Freight charges,INR
TXN005553,2025-10-01,V0004,35831.47,IT Services,Technology,debit,reconciled,Bulk order advance,INR
TXN005554,2026-07-05,V0009,14694.93,IT Services,Technology,debit,reconciled,Subscription renewal,INR
TXN005555,2026-07-22,V0025,18736.08,Logistics,Operations,debit,pending,Final settlement,INR
TXN005556,2026-06-19,,1068.63,Bank Charges,Bank Charges,debit,reconciled,Freight charges,INR
TXN005557,2026-06-24,V0024,27536.97,IT Services,Technology,debit,reconciled,Quarterly retainer,INR
TXN005558,2026-07-13,V0030,34311.39,Manufacturing,Purchases,debit,reconciled,Bulk order advance,INR
TXN005559,2026-02-26,V0001,17639.9,Raw Materials,Purchases,debit,reconciled,Repair and maintenance,INR
TXN005560,2025-09-19,V0039,95256.68,Facilities,Operations,debit,reconciled,Utility bill,INR
TXN005561,2026-06-07,,304.86,Bank Charges,Bank Charges,debit,reconciled,Quarterly retainer,INR
TXN005562,2026-03-30,,2201.23,Bank Charges,Bank Charges,debit,reconciled,Quarterly retainer,INR
TXN005563,2025-10-26,V0015,55272.96,Marketing,Marketing,debit,unreconciled,Freight charges,INR
TXN005564,2025-08-06,V0014,134879.33,Logistics,Operations,debit,reconciled,Final settlement,INR
TXN005565,2026-05-16,V0032,25499.46,Utilities,Utilities,debit,reconciled,Freight charges,INR
TXN005566,2025-10-11,V0008,13977.03,Facilities,Operations,debit,reconciled,Invoice payment,INR
TXN005567,2025-12-07,,149103.05,Office Supplies,Bank Charges,debit,reconciled,Quarterly retainer,INR
TXN005568,2025-12-22,,307148.71,Rent,Bank Charges,debit,unreconciled,Utility bill,INR
TXN005569,2026-08-26,,803660.31,Rent,Bank Charges,debit,reconciled,Freight charges,INR
TXN005570,2025-11-16,V0031,17393.92,Raw Materials,Purchases,debit,reconciled,Quarterly retainer,INR
TXN005571,2025-10-13,V0025,17671.38,Logistics,Operations,debit,reconciled,Invoice payment,INR
TXN005572,2025-08-23,V0023,110295.84,Marketing,Marketing,debit,reconciled,Monthly service charge,INR
TXN005573,2026-06-26,V0018,64682.2,Professional Services,Admin & Professional,debit,reconciled,Utility bill,INR
TXN005574,2025-10-08,,723374.53,Rent,Bank Charges,debit,unreconciled,Repair and maintenance,INR
TXN005575,2026-04-23,V0025,22721.48,Logistics,Operations,debit,reconciled,Invoice payment,INR
TXN005576,2026-05-19,V0009,182895.85,IT Services,Technology,debit,reconciled,Final settlement,INR
TXN005577,2025-10-02,V0029,20228.39,Professional Services,Admin & Professional,debit,reconciled,Quarterly retainer,INR
TXN005578,2026-05-13,V0021,43927.0,Raw Materials,Purchases,debit,unreconciled,Freight charges,INR
TXN005579,2026-08-03,V0032,19422.46,Utilities,Utilities,debit,unreconciled,Freight charges,INR
TXN005580,2026-01-20,V0015,50195.98,Marketing,Marketing,debit,reconciled,Utility bill,INR
TXN005581,2026-04-18,,25714.37,Office Supplies,Bank Charges,debit,unreconciled,Bulk order advance,INR
TXN005582,2026-01-20,V0031,15378.2,Raw Materials,Purchases,debit,unreconciled,Bulk order advance,INR
TXN005583,2025-08-05,V0037,40538.76,Travel,Travel,debit,reconciled,Quarterly retainer,INR
TXN005584,2025-08-24,V0016,35006.3,IT Services,Technology,debit,pending,Monthly service charge,INR
TXN005585,2025-08-25,V0031,32639.88,Raw Materials,Purchases,debit,reconciled,Repair and maintenance,INR
TXN005586,2025-08-17,,15449.5,Office Supplies,Bank Charges,debit,reconciled,Utility bill,INR
TXN005587,2026-03-01,V0030,28126.25,Manufacturing,Purchases,debit,pending,Annual contract,INR
TXN005588,2026-01-29,,2526.88,Bank Charges,Bank Charges,debit,unreconciled,Final settlement,INR
TXN005589,2026-08-07,V0032,36196.46,Utilities,Utilities,debit,reconciled,Repair and maintenance,INR
TXN005590,2025-11-07,V0021,22862.13,Raw Materials,Purchases,debit,unreconciled,Monthly service charge,INR
TXN005591,2025-08-18,V0006,17708.59,Logistics,Operations,debit,reconciled,Final settlement,INR
TXN005592,2026-03-22,V0019,66318.05,Raw Materials,Purchases,debit,reconciled,Subscription renewal,INR
TXN005593,2026-04-10,V0005,24952.93,Raw Materials,Purchases,debit,reconciled,Final settlement,INR
TXN005594,2026-03-23,V0012,7592.13,Raw Materials,Purchases,debit,reconciled,Repair and maintenance,INR
TXN005595,2026-03-29,V0036,4389.25,Professional Services,Admin & Professional,debit,unreconciled,Invoice payment,INR
TXN005596,2026-01-01,V0003,32494.28,Logistics,Operations,debit,pending,Repair and maintenance,INR
TXN005597,2026-03-10,V0015,15634.78,Marketing,Marketing,debit,reconciled,Annual contract,INR
TXN005598,2026-08-14,V0025,5166.54,Logistics,Operations,debit,unreconciled,Quarterly retainer,INR
TXN005599,2026-06-26,V0038,50412.94,Facilities,Operations,debit,reconciled,Utility bill,INR
TXN005600,2026-05-11,V0022,3312.1,Logistics,Operations,debit,unreconciled,Freight charges,INR
TXN005601,2026-03-12,,299556.05,Rent,Bank Charges,credit,reconciled,Quarterly retainer,INR
TXN005602,2025-12-08,V0006,29363.74,Logistics,Operations,debit,unreconciled,Freight charges,INR
TXN005603,2026-07-09,V0032,25485.76,Utilities,Utilities,debit,reconciled,Bulk order advance,INR
TXN005604,2026-03-25,V0035,19604.28,Travel,Travel,debit,reconciled,Annual contract,INR
TXN005605,2026-08-03,,642476.5,Salaries & Benefits,Bank Charges,debit,reconciled,Freight charges,INR
TXN005606,2026-06-13,V0031,27072.7,Raw Materials,Purchases,debit,pending,Freight charges,INR
TXN005607,2026-01-13,V0012,6186.49,Raw Materials,Purchases,debit,reconciled,Invoice payment,INR
TXN005608,2026-05-26,,451513.53,Salaries & Benefits,Bank Charges,debit,reconciled,Monthly service charge,INR
TXN005609,2025-12-11,V0027,24840.57,Facilities,Operations,debit,unreconciled,Bulk order advance,INR
TXN005610,2026-08-27,V0022,134685.93,Logistics,Operations,debit,reconciled,Freight charges,INR
TXN005611,2026-07-29,,262283.33,Salaries & Benefits,Bank Charges,debit,reconciled,Repair and maintenance,INR
TXN005612,2025-12-22,,448803.1,Rent,Bank Charges,debit,reconciled,Subscription renewal,INR
TXN005613,2026-04-23,V0015,10507.82,Marketing,Marketing,debit,reconciled,Annual contract,INR
TXN005614,2025-08-22,V0007,11763.22,Professional Services,Admin & Professional,debit,reconciled,Bulk order advance,INR
TXN005615,2026-01-27,,193333.43,Rent,Bank Charges,debit,reconciled,Subscription renewal,INR
TXN005616,2026-04-17,V0033,98240.85,Logistics,Operations,debit,pending,Invoice payment,INR
TXN005617,2025-12-09,V0015,31482.31,Marketing,Marketing,debit,reconciled,Utility bill,INR
TXN005618,2025-08-23,V0035,27189.85,Travel,Travel,debit,unreconciled,Freight charges,INR
TXN005619,2026-03-14,V0018,45240.57,Professional Services,Admin & Professional,debit,reconciled,Repair and maintenance,INR
TXN005620,2025-08-22,V0019,4977.54,Raw Materials,Purchases,debit,reconciled,Monthly service charge,INR
TXN005621,2025-12-05,,888251.72,Rent,Bank Charges,debit,unreconciled,Final settlement,INR
TXN005622,2026-08-14,V0019,4630.27,Raw Materials,Purchases,debit,reconciled,Bulk order advance,INR
TXN005623,2025-10-24,V0022,36526.56,Logistics,Operations,debit,unreconciled,Repair and maintenance,INR
TXN005624,2026-06-10,V0033,37326.23,Logistics,Operations,debit,reconciled,Annual contract,INR
TXN005625,2025-10-11,,129294.28,Office Supplies,Bank Charges,debit,pending,Monthly service charge,INR
TXN005626,2025-09-24,V0035,65732.45,Travel,Travel,debit,reconciled,Annual contract,INR
TXN005627,2025-08-24,,564.58,Bank Charges,Bank Charges,debit,unreconciled,Annual contract,INR
TXN005628,2026-08-17,V0024,22716.85,IT Services,Technology,debit,reconciled,Quarterly retainer,INR
TXN005629,2026-05-29,,93244.13,Office Supplies,Bank Charges,debit,reconciled,Bulk order advance,INR
TXN005630,2025-11-07,V0031,51840.49,Raw Materials,Purchases,debit,reconciled,Quarterly retainer,INR
TXN005631,2026-06-06,V0007,71592.03,Professional Services,Admin & Professional,debit,reconciled,Final settlement,INR
TXN005632,2026-07-04,V0026,74180.55,Manufacturing,Purchases,debit,reconciled,Bulk order advance,INR
TXN005633,2026-02-09,V0040,85147.09,Professional Services,Admin & Professional,debit,reconciled,Invoice payment,INR
TXN005634,2026-02-28,V0016,3186.95,IT Services,Technology,debit,reconciled,Repair and maintenance,INR
TXN005635,2026-02-25,V0007,65712.76,Professional Services,Admin & Professional,debit,pending,Repair and maintenance,INR
TXN005636,2026-04-25,,96993.17,Office Supplies,Bank Charges,debit,reconciled,Invoice payment,INR
TXN005637,2026-04-23,V0038,25886.41,Facilities,Operations,debit,unreconciled,Monthly service charge,INR
TXN005638,2026-07-11,,374998.97,Rent,Bank Charges,debit,reconciled,Invoice payment,INR
TXN005639,2026-08-25,V0006,27716.79,Logistics,Operations,debit,reconciled,Final settlement,INR
TXN005640,2026-04-20,V0005,26651.41,Raw Materials,Purchases,debit,reconciled,Freight charges,INR
TXN005641,2026-04-10,V0029,2901.6,Professional Services,Admin & Professional,debit,reconciled,Quarterly retainer,INR
TXN005642,2025-11-22,V0007,42227.0,Professional Services,Admin & Professional,debit,unreconciled,Monthly service charge,INR
TXN005643,2026-06-04,V0019,98261.57,Raw Materials,Purchases,debit,unreconciled,Subscription renewal,INR
TXN005644,2026-05-04,V0005,24746.82,Raw Materials,Purchases,debit,reconciled,Monthly service charge,INR
TXN005645,2025-10-04,V0001,7845.6,Raw Materials,Purchases,debit,reconciled,Utility bill,INR
TXN005646,2026-01-10,V0001,40668.22,Raw Materials,Purchases,debit,pending,Monthly service charge,INR
TXN005647,2026-03-27,V0036,19798.75,Professional Services,Admin & Professional,debit,unreconciled,Utility bill,INR
TXN005648,2025-08-22,V0038,12099.57,Facilities,Operations,debit,reconciled,Invoice payment,INR
TXN005649,2026-04-22,V0033,193768.06,Logistics,Operations,debit,reconciled,Invoice payment,INR
TXN005650,2026-05-14,V0022,79128.77,Logistics,Operations,debit,reconciled,Utility bill,INR
TXN005651,2026-03-24,V0037,36521.02,Travel,Travel,debit,reconciled,Freight charges,INR
TXN005652,2026-01-17,V0034,72196.44,Packaging,Purchases,debit,reconciled,Quarterly retainer,INR
TXN005653,2025-08-28,,25935.39,Office Supplies,Bank Charges,debit,unreconciled,Final settlement,INR
TXN005654,2025-09-21,V0032,31184.2,Utilities,Utilities,debit,unreconciled,Utility bill,INR
TXN005655,2026-01-05,,489457.88,Salaries & Benefits,Bank Charges,debit,reconciled,Final settlement,INR
TXN005656,2026-08-20,,2015.81,Bank Charges,Bank Charges,debit,reconciled,Utility bill,INR
TXN005657,2026-02-01,V0040,51979.25,Professional Services,Admin & Professional,debit,reconciled,Utility bill,INR
TXN005658,2026-06-02,,609189.96,Salaries & Benefits,Bank Charges,debit,reconciled,Final settlement,INR
TXN005659,2025-11-09,V0005,179048.94,Raw Materials,Purchases,debit,reconciled,Repair and maintenance,INR
TXN005660,2026-05-10,V0031,17572.83,Raw Materials,Purchases,debit,reconciled,Freight charges,INR
TXN005661,2025-10-18,V0019,15609.33,Raw Materials,Purchases,debit,unreconciled,Final settlement,INR
TXN005662,2025-09-08,V0031,113530.21,Raw Materials,Purchases,debit,reconciled,Quarterly retainer,INR
TXN005663,2025-12-03,V0001,102548.65,Raw Materials,Purchases,debit,reconciled,Quarterly retainer,INR
TXN005664,2026-08-11,V0006,12706.43,Logistics,Operations,debit,reconciled,Bulk order advance,INR
TXN005665,2026-05-31,V0022,61430.87,Logistics,Operations,debit,reconciled,Repair and maintenance,INR
TXN005666,2026-05-07,V0034,33810.24,Packaging,Purchases,debit,reconciled,Annual contract,INR
TXN005667,2026-07-29,V0025,29077.72,Logistics,Operations,debit,reconciled,Monthly service charge,INR
TXN005668,2026-08-18,V0040,29512.85,Professional Services,Admin & Professional,debit,pending,Freight charges,INR
TXN005669,2026-04-22,V0037,71755.32,Travel,Travel,debit,reconciled,Invoice payment,INR
TXN005670,2026-01-07,V0030,75164.94,Manufacturing,Purchases,debit,reconciled,Final settlement,INR
TXN005671,2025-11-28,,806495.84,Salaries & Benefits,Bank Charges,debit,reconciled,Monthly service charge,INR
TXN005672,2026-03-02,V0036,43030.63,Professional Services,Admin & Professional,debit,reconciled,Monthly service charge,INR
TXN005673,2026-05-19,V0022,54141.33,Logistics,Operations,debit,unreconciled,Invoice payment,INR
TXN005674,2026-06-28,,103904.67,Office Supplies,Bank Charges,debit,reconciled,Bulk order advance,INR
TXN005675,2025-11-14,V0015,32146.4,Marketing,Marketing,debit,reconciled,Invoice payment,INR
TXN005676,2026-08-09,V0033,18626.46,Logistics,Operations,debit,reconciled,Freight charges,INR
TXN005677,2025-08-11,,134419.95,Office Supplies,Bank Charges,debit,reconciled,Utility bill,INR
TXN005678,2026-04-04,V0037,49606.96,Travel,Travel,debit,unreconciled,Freight charges,INR
TXN005679,2026-06-29,V0007,5316.87,Professional Services,Admin & Professional,debit,unreconciled,Bulk order advance,INR
TXN005680,2026-06-20,V0034,29163.7,Packaging,Purchases,debit,reconciled,Monthly service charge,INR
TXN005681,2026-08-27,V0006,4731.75,Logistics,Operations,debit,reconciled,Monthly service charge,INR
TXN005682,2025-12-28,V0019,18792.77,Raw Materials,Purchases,debit,reconciled,Repair and maintenance,INR
TXN005683,2025-10-24,V0032,8187.07,Utilities,Utilities,debit,reconciled,Final settlement,INR
TXN005684,2026-01-14,V0034,8787.2,Packaging,Purchases,debit,reconciled,Monthly service charge,INR
TXN005685,2026-02-04,V0028,43533.01,Raw Materials,Purchases,debit,reconciled,Quarterly retainer,INR
TXN005686,2025-10-13,V0003,15340.85,Logistics,Operations,debit,reconciled,Repair and maintenance,INR
TXN005687,2026-08-06,V0004,61383.64,IT Services,Technology,debit,reconciled,Subscription renewal,INR
TXN005688,2026-08-03,,497513.62,Salaries & Benefits,Bank Charges,debit,reconciled,Utility bill,INR
TXN005689,2025-12-07,V0007,126950.06,Professional Services,Admin & Professional,debit,reconciled,Repair and maintenance,INR
TXN005690,2026-02-04,V0030,56839.71,Manufacturing,Purchases,debit,reconciled,Freight charges,INR
TXN005691,2026-01-26,,149366.8,Office Supplies,Bank Charges,credit,reconciled,Bulk order advance,INR
TXN005692,2026-07-20,,366353.63,Rent,Bank Charges,debit,reconciled,Bulk order advance,INR
TXN005693,2026-06-25,V0037,34469.2,Travel,Travel,debit,reconciled,Invoice payment,INR
TXN005694,2026-03-22,V0012,8385.47,Raw Materials,Purchases,debit,reconciled,Freight charges,INR
TXN005695,2026-07-16,V0009,21741.28,IT Services,Technology,debit,pending,Quarterly retainer,INR
TXN005696,2026-04-24,V0003,97793.56,Logistics,Operations,debit,reconciled,Final settlement,INR
TXN005697,2026-08-27,,40711.77,Office Supplies,Bank Charges,debit,reconciled,Subscription renewal,INR
TXN005698,2026-06-03,,314238.73,Salaries & Benefits,Bank Charges,debit,unreconciled,Subscription renewal,INR
TXN005699,2026-04-09,,124834.37,Office Supplies,Bank Charges,debit,reconciled,Utility bill,INR
TXN005700,2026-06-26,,700959.99,Rent,Bank Charges,debit,reconciled,Quarterly retainer,INR
TXN005701,2026-01-01,V0033,20248.98,Logistics,Operations,debit,reconciled,Repair and maintenance,INR
TXN005702,2025-10-31,V0034,2804.4,Packaging,Purchases,debit,pending,Freight charges,INR
TXN005703,2026-02-15,V0039,44299.93,Facilities,Operations,debit,reconciled,Subscription renewal,INR
TXN005704,2025-12-18,V0021,24032.93,Raw Materials,Purchases,debit,pending,Bulk order advance,INR
TXN005705,2026-06-24,V0032,30844.38,Utilities,Utilities,debit,reconciled,Bulk order advance,INR
TXN005706,2025-11-22,V0005,27179.28,Raw Materials,Purchases,debit,unreconciled,Quarterly retainer,INR
TXN005707,2025-10-12,V0039,33436.55,Facilities,Operations,debit,reconciled,Quarterly retainer,INR
TXN005708,2026-07-18,,309149.8,Rent,Bank Charges,debit,unreconciled,Utility bill,INR
TXN005709,2026-05-07,V0034,37950.89,Packaging,Purchases,debit,unreconciled,Subscription renewal,INR
TXN005710,2026-06-30,V0037,59869.45,Travel,Travel,debit,reconciled,Freight charges,INR
TXN005711,2025-10-07,V0025,57985.76,Logistics,Operations,debit,unreconciled,Subscription renewal,INR
TXN005712,2026-04-08,V0021,36695.79,Raw Materials,Purchases,debit,unreconciled,Monthly service charge,INR
TXN005713,2026-02-23,V0034,23975.71,Packaging,Purchases,debit,reconciled,Utility bill,INR
TXN005714,2025-11-05,V0006,12757.62,Logistics,Operations,debit,unreconciled,Monthly service charge,INR
TXN005715,2026-05-20,V0029,27289.73,Professional Services,Admin & Professional,debit,reconciled,Quarterly retainer,INR
TXN005716,2026-04-18,V0007,34550.69,Professional Services,Admin & Professional,debit,pending,Invoice payment,INR
TXN005717,2026-03-13,,394313.74,Rent,Bank Charges,debit,unreconciled,Utility bill,INR
TXN005718,2026-02-26,,416148.86,Rent,Bank Charges,debit,reconciled,Bulk order advance,INR
TXN005719,2025-11-11,V0028,43621.85,Raw Materials,Purchases,debit,reconciled,Quarterly retainer,INR
TXN005720,2026-06-03,V0021,11429.6,Raw Materials,Purchases,debit,reconciled,Final settlement,INR
TXN005721,2026-01-09,V0039,266186.99,Facilities,Operations,debit,reconciled,Repair and maintenance,INR
TXN005722,2025-08-25,V0007,120416.86,Professional Services,Admin & Professional,debit,reconciled,Subscription renewal,INR
TXN005723,2025-12-07,,1528.01,Bank Charges,Bank Charges,debit,reconciled,Subscription renewal,INR
TXN005724,2026-04-08,V0032,38793.54,Utilities,Utilities,debit,pending,Freight charges,INR
TXN005725,2026-03-29,V0039,7420.07,Facilities,Operations,debit,reconciled,Monthly service charge,INR
TXN005726,2025-10-09,V0017,6673.37,Manufacturing,Purchases,debit,reconciled,Final settlement,INR
TXN005727,2026-02-22,V0030,8500.05,Manufacturing,Purchases,debit,pending,Invoice payment,INR
TXN005728,2025-09-24,V0009,52300.27,IT Services,Technology,debit,reconciled,Repair and maintenance,INR
TXN005729,2026-06-27,,169587.9,Salaries & Benefits,Bank Charges,debit,unreconciled,Subscription renewal,INR
TXN005730,2026-07-03,,107035.61,Office Supplies,Bank Charges,debit,reconciled,Invoice payment,INR
TXN005731,2026-01-28,V0025,37948.1,Logistics,Operations,debit,reconciled,Annual contract,INR
TXN005732,2026-05-22,V0025,29499.74,Logistics,Operations,debit,unreconciled,Freight charges,INR
TXN005733,2026-02-07,V0012,21840.66,Raw Materials,Purchases,debit,pending,Invoice payment,INR
TXN005734,2026-02-14,V0038,24978.83,Facilities,Operations,debit,pending,Bulk order advance,INR
TXN005735,2025-10-12,V0022,109458.78,Logistics,Operations,debit,reconciled,Bulk order advance,INR
TXN005736,2026-01-18,V0032,59712.92,Utilities,Utilities,debit,reconciled,Final settlement,INR
TXN005737,2026-05-23,V0039,5277.63,Facilities,Operations,debit,reconciled,Freight charges,INR
TXN005738,2026-06-26,V0031,47973.04,Raw Materials,Purchases,debit,pending,Subscription renewal,INR
TXN005739,2026-06-27,,626753.23,Salaries & Benefits,Bank Charges,debit,reconciled,Final settlement,INR
TXN005740,2025-10-12,,2686.31,Bank Charges,Bank Charges,debit,reconciled,Subscription renewal,INR
TXN005741,2025-10-29,V0032,67158.38,Utilities,Utilities,debit,reconciled,Quarterly retainer,INR
TXN005742,2026-08-26,V0030,21319.88,Manufacturing,Purchases,debit,unreconciled,Bulk order advance,INR
TXN005743,2026-05-17,V0021,24757.85,Raw Materials,Purchases,debit,reconciled,Final settlement,INR
TXN005744,2026-02-08,V0022,44447.08,Logistics,Operations,debit,reconciled,Final settlement,INR
TXN005745,2026-08-24,V0038,28109.46,Facilities,Operations,debit,unreconciled,Monthly service charge,INR
TXN005746,2025-12-17,V0026,16746.33,Manufacturing,Purchases,debit,unreconciled,Subscription renewal,INR
TXN005747,2026-03-18,,846228.46,Salaries & Benefits,Bank Charges,debit,reconciled,Annual contract,INR
TXN005748,2026-07-20,V0012,91206.13,Raw Materials,Purchases,debit,reconciled,Utility bill,INR
TXN005749,2026-04-12,V0016,20182.55,IT Services,Technology,debit,reconciled,Monthly service charge,INR
TXN005750,2025-09-29,V0031,15457.86,Raw Materials,Purchases,debit,reconciled,Bulk order advance,INR
TXN005751,2025-08-21,V0007,27589.17,Professional Services,Admin & Professional,debit,unreconciled,Final settlement,INR
TXN005752,2026-03-14,,689152.99,Salaries & Benefits,Bank Charges,debit,unreconciled,Monthly service charge,INR
TXN005753,2025-08-29,,604613.99,Rent,Bank Charges,debit,pending,Monthly service charge,INR
TXN005754,2025-09-23,V0035,44748.53,Travel,Travel,debit,reconciled,Quarterly retainer,INR
TXN005755,2026-02-17,V0026,17134.83,Manufacturing,Purchases,debit,reconciled,Final settlement,INR
TXN005756,2025-10-07,V0015,89974.65,Marketing,Marketing,debit,reconciled,Monthly service charge,INR
TXN005757,2026-02-21,V0036,16268.23,Professional Services,Admin & Professional,debit,unreconciled,Repair and maintenance,INR
TXN005758,2026-04-07,,1191.61,Bank Charges,Bank Charges,debit,reconciled,Utility bill,INR
TXN005759,2026-05-04,,616178.23,Salaries & Benefits,Bank Charges,debit,unreconciled,Final settlement,INR
TXN005760,2025-08-01,V0007,13260.08,Professional Services,Admin & Professional,debit,reconciled,Repair and maintenance,INR
TXN005761,2026-07-17,V0028,66576.1,Raw Materials,Purchases,debit,reconciled,Invoice payment,INR
TXN005762,2026-04-15,,322372.46,Salaries & Benefits,Bank Charges,debit,reconciled,Bulk order advance,INR
TXN005763,2026-03-27,V0018,34051.48,Professional Services,Admin & Professional,debit,reconciled,Utility bill,INR
TXN005764,2026-05-24,V0006,13635.13,Logistics,Operations,debit,pending,Monthly service charge,INR
TXN005765,2026-04-24,V0025,9475.44,Logistics,Operations,debit,pending,Invoice payment,INR
TXN005766,2026-01-10,V0006,12451.99,Logistics,Operations,debit,reconciled,Utility bill,INR
TXN005767,2026-04-22,V0032,18615.85,Utilities,Utilities,debit,unreconciled,Freight charges,INR
TXN005768,2026-07-11,,855062.39,Salaries & Benefits,Bank Charges,debit,reconciled,Subscription renewal,INR
TXN005769,2026-04-10,V0016,16612.06,IT Services,Technology,debit,reconciled,Final settlement,INR
TXN005770,2025-08-26,,135103.79,Office Supplies,Bank Charges,debit,reconciled,Quarterly retainer,INR
TXN005771,2026-08-13,V0040,29644.29,Professional Services,Admin & Professional,debit,reconciled,Repair and maintenance,INR
TXN005772,2026-06-14,V0009,4990.13,IT Services,Technology,debit,reconciled,Annual contract,INR
TXN005773,2025-09-18,V0036,164207.85,Professional Services,Admin & Professional,debit,reconciled,Utility bill,INR
TXN005774,2025-08-18,V0016,7845.31,IT Services,Technology,debit,unreconciled,Invoice payment,INR
TXN005775,2026-07-28,V0032,8887.2,Utilities,Utilities,debit,reconciled,Subscription renewal,INR
TXN005776,2025-11-27,V0039,49350.6,Facilities,Operations,debit,reconciled,Invoice payment,INR
TXN005777,2026-08-11,V0007,17103.02,Professional Services,Admin & Professional,debit,reconciled,Annual contract,INR
TXN005778,2026-08-05,V0032,17131.92,Utilities,Utilities,debit,reconciled,Monthly service charge,INR
TXN005779,2025-12-09,,91063.44,Office Supplies,Bank Charges,debit,reconciled,Monthly service charge,INR
TXN005780,2026-02-18,V0021,34480.77,Raw Materials,Purchases,debit,reconciled,Subscription renewal,INR
TXN005781,2025-10-16,,842141.75,Salaries & Benefits,Bank Charges,credit,reconciled,Subscription renewal,INR
TXN005782,2026-04-26,V0005,70506.47,Raw Materials,Purchases,debit,reconciled,Bulk order advance,INR
TXN005783,2026-06-18,V0031,29668.13,Raw Materials,Purchases,debit,reconciled,Subscription renewal,INR
TXN005784,2026-08-15,V0004,4956.73,IT Services,Technology,debit,reconciled,Monthly service charge,INR
TXN005785,2026-05-21,V0032,23474.45,Utilities,Utilities,debit,unreconciled,Subscription renewal,INR
TXN005786,2025-08-06,,731535.92,Salaries & Benefits,Bank Charges,debit,unreconciled,Annual contract,INR
TXN005787,2026-08-23,V0022,25452.83,Logistics,Operations,debit,unreconciled,Bulk order advance,INR
TXN005788,2026-08-08,V0034,8255.73,Packaging,Purchases,debit,unreconciled,Monthly service charge,INR
TXN005789,2026-01-07,,569.68,Bank Charges,Bank Charges,debit,reconciled,Subscription renewal,INR
TXN005790,2026-01-03,V0036,27406.75,Professional Services,Admin & Professional,debit,reconciled,Invoice payment,INR
TXN005791,2025-10-02,V0022,22768.93,Logistics,Operations,debit,reconciled,Invoice payment,INR
TXN005792,2025-11-05,V0034,104583.23,Packaging,Purchases,debit,reconciled,Quarterly retainer,INR
TXN005793,2025-10-21,V0005,76170.93,Raw Materials,Purchases,debit,reconciled,Bulk order advance,INR
TXN005794,2026-01-10,V0009,20246.13,IT Services,Technology,debit,unreconciled,Utility bill,INR
TXN005795,2026-02-10,V0023,21516.19,Marketing,Marketing,debit,reconciled,Monthly service charge,INR
TXN005796,2026-01-02,V0031,29508.91,Raw Materials,Purchases,debit,reconciled,Monthly service charge,INR
TXN005797,2026-05-23,V0018,34547.84,Professional Services,Admin & Professional,debit,reconciled,Invoice payment,INR
TXN005798,2025-08-30,V0017,7875.39,Manufacturing,Purchases,debit,reconciled,Subscription renewal,INR
TXN005799,2026-04-20,V0017,13122.21,Manufacturing,Purchases,debit,reconciled,Utility bill,INR
TXN005800,2026-07-20,,192061.34,Rent,Bank Charges,debit,reconciled,Subscription renewal,INR
TXN005801,2025-08-23,V0025,63697.76,Logistics,Operations,debit,reconciled,Quarterly retainer,INR
TXN005802,2026-06-07,V0018,20031.49,Professional Services,Admin & Professional,debit,reconciled,Quarterly retainer,INR
TXN005803,2026-08-27,,893370.65,Salaries & Benefits,Bank Charges,debit,reconciled,Bulk order advance,INR
TXN005804,2026-08-15,,330975.9,Salaries & Benefits,Bank Charges,debit,pending,Subscription renewal,INR
TXN005805,2026-08-31,V0029,8763.85,Professional Services,Admin & Professional,debit,reconciled,Bulk order advance,INR
TXN005806,2026-03-09,,560437.8,Rent,Bank Charges,debit,unreconciled,Subscription renewal,INR
TXN005807,2025-09-03,V0018,15857.03,Professional Services,Admin & Professional,debit,reconciled,Subscription renewal,INR
TXN005808,2026-02-13,V0004,22321.05,IT Services,Technology,debit,reconciled,Invoice payment,INR
TXN005809,2026-05-06,V0039,21950.25,Facilities,Operations,debit,unreconciled,Freight charges,INR
TXN005810,2026-02-10,V0029,88150.84,Professional Services,Admin & Professional,debit,pending,Freight charges,INR
TXN005811,2025-11-03,V0037,4094.34,Travel,Travel,debit,unreconciled,Monthly service charge,INR
TXN005812,2026-03-23,V0038,29643.93,Facilities,Operations,debit,unreconciled,Subscription renewal,INR
TXN005813,2026-01-03,,2020.13,Bank Charges,Bank Charges,debit,reconciled,Final settlement,INR
TXN005814,2026-05-22,V0018,62611.37,Professional Services,Admin & Professional,debit,reconciled,Quarterly retainer,INR
TXN005815,2026-08-03,V0039,28831.04,Facilities,Operations,debit,reconciled,Bulk order advance,INR
TXN005816,2025-09-13,V0038,17272.18,Facilities,Operations,debit,reconciled,Annual contract,INR
TXN005817,2026-07-12,V0032,2899.39,Utilities,Utilities,debit,reconciled,Freight charges,INR
TXN005818,2025-09-11,V0023,72420.34,Marketing,Marketing,debit,reconciled,Quarterly retainer,INR
TXN005819,2026-06-13,V0030,20672.02,Manufacturing,Purchases,debit,reconciled,Subscription renewal,INR
TXN005820,2025-12-23,,1266.74,Bank Charges,Bank Charges,debit,reconciled,Quarterly retainer,INR
TXN005821,2025-11-02,V0021,66012.91,Raw Materials,Purchases,debit,unreconciled,Bulk order advance,INR
TXN005822,2026-08-21,V0034,14422.51,Packaging,Purchases,debit,reconciled,Quarterly retainer,INR
TXN005823,2025-08-23,V0026,33228.0,Manufacturing,Purchases,debit,reconciled,Repair and maintenance,INR
TXN005824,2026-06-23,V0032,107489.5,Utilities,Utilities,debit,unreconciled,Final settlement,INR
TXN005825,2025-12-28,V0034,41866.2,Packaging,Purchases,debit,reconciled,Subscription renewal,INR
TXN005826,2026-05-08,V0009,9173.39,IT Services,Technology,debit,reconciled,Utility bill,INR
TXN005827,2026-01-19,V0007,11332.87,Professional Services,Admin & Professional,debit,unreconciled,Annual contract,INR
TXN005828,2026-06-28,V0030,18718.41,Manufacturing,Purchases,debit,reconciled,Utility bill,INR
TXN005829,2025-12-20,,785983.47,Rent,Bank Charges,debit,pending,Invoice payment,INR
TXN005830,2025-12-20,V0001,65193.24,Raw Materials,Purchases,debit,reconciled,Quarterly retainer,INR
TXN005831,2025-10-12,V0039,26107.52,Facilities,Operations,debit,reconciled,Subscription renewal,INR
TXN005832,2026-02-20,,2255.86,Bank Charges,Bank Charges,debit,unreconciled,Subscription renewal,INR
TXN005833,2026-01-31,V0031,65246.49,Raw Materials,Purchases,debit,reconciled,Monthly service charge,INR
TXN005834,2025-10-18,,1652.36,Bank Charges,Bank Charges,debit,reconciled,Monthly service charge,INR
TXN005835,2026-05-29,V0019,10350.83,Raw Materials,Purchases,debit,reconciled,Bulk order advance,INR
TXN005836,2025-09-06,V0019,30397.29,Raw Materials,Purchases,debit,reconciled,Invoice payment,INR
TXN005837,2026-01-02,,383743.79,Salaries & Benefits,Bank Charges,debit,reconciled,Freight charges,INR
TXN005838,2026-02-14,V0039,22654.88,Facilities,Operations,debit,reconciled,Bulk order advance,INR
TXN005839,2026-06-14,V0006,164982.96,Logistics,Operations,debit,reconciled,Subscription renewal,INR
TXN005840,2026-02-11,,2922.1,Bank Charges,Bank Charges,debit,reconciled,Freight charges,INR
TXN005841,2026-01-17,V0033,88904.24,Logistics,Operations,debit,reconciled,Invoice payment,INR
TXN005842,2026-04-07,,90545.78,Office Supplies,Bank Charges,debit,pending,Invoice payment,INR
TXN005843,2025-10-26,V0034,23004.69,Packaging,Purchases,debit,unreconciled,Freight charges,INR
TXN005844,2025-11-04,V0007,20816.12,Professional Services,Admin & Professional,debit,reconciled,Bulk order advance,INR
TXN005845,2025-10-05,,24781.92,Office Supplies,Bank Charges,debit,reconciled,Final settlement,INR
TXN005846,2025-12-13,V0033,8988.49,Logistics,Operations,debit,reconciled,Repair and maintenance,INR
TXN005847,2026-07-22,V0004,60556.54,IT Services,Technology,debit,reconciled,Final settlement,INR
TXN005848,2026-05-10,V0039,14630.7,Facilities,Operations,debit,reconciled,Monthly service charge,INR
TXN005849,2026-07-29,V0015,21994.85,Marketing,Marketing,debit,reconciled,Utility bill,INR
TXN005850,2026-08-09,,1602.53,Bank Charges,Bank Charges,debit,reconciled,Bulk order advance,INR
TXN005851,2026-03-15,,147418.48,Office Supplies,Bank Charges,debit,reconciled,Repair and maintenance,INR
TXN005852,2025-11-17,V0017,63491.63,Manufacturing,Purchases,debit,reconciled,Annual contract,INR
TXN005853,2026-07-25,V0021,42655.14,Raw Materials,Purchases,debit,reconciled,Quarterly retainer,INR
TXN005854,2025-10-13,,72538.23,Office Supplies,Bank Charges,debit,reconciled,Quarterly retainer,INR
TXN005855,2026-02-14,,285669.09,Rent,Bank Charges,debit,reconciled,Final settlement,INR
TXN005856,2026-08-15,V0026,98974.47,Manufacturing,Purchases,debit,reconciled,Final settlement,INR
TXN005857,2025-12-05,,2135.07,Bank Charges,Bank Charges,debit,reconciled,Invoice payment,INR
TXN005858,2025-09-10,V0022,33455.75,Logistics,Operations,debit,unreconciled,Utility bill,INR
TXN005859,2026-03-25,V0038,13059.79,Facilities,Operations,debit,reconciled,Subscription renewal,INR
TXN005860,2026-08-15,V0001,70253.5,Raw Materials,Purchases,debit,reconciled,Freight charges,INR
TXN005861,2026-06-07,,261884.92,Salaries & Benefits,Bank Charges,debit,pending,Annual contract,INR
TXN005862,2025-09-03,V0025,22621.0,Logistics,Operations,debit,reconciled,Repair and maintenance,INR
TXN005863,2026-01-31,V0039,37510.13,Facilities,Operations,debit,reconciled,Monthly service charge,INR
TXN005864,2026-07-01,V0019,20370.87,Raw Materials,Purchases,debit,reconciled,Annual contract,INR
TXN005865,2025-09-22,V0040,163359.57,Professional Services,Admin & Professional,debit,reconciled,Repair and maintenance,INR
TXN005866,2026-03-07,V0021,42024.82,Raw Materials,Purchases,debit,reconciled,Freight charges,INR
TXN005867,2026-01-21,V0037,80149.32,Travel,Travel,debit,pending,Utility bill,INR
TXN005868,2026-06-23,V0015,32633.74,Marketing,Marketing,debit,reconciled,Invoice payment,INR
TXN005869,2025-10-17,V0029,44705.46,Professional Services,Admin & Professional,debit,reconciled,Final settlement,INR
TXN005870,2025-11-12,V0026,188845.08,Manufacturing,Purchases,debit,reconciled,Quarterly retainer,INR
TXN005871,2025-12-01,V0038,14590.25,Facilities,Operations,debit,reconciled,Annual contract,INR
TXN005872,2025-09-25,,388.06,Bank Charges,Bank Charges,debit,unreconciled,Final settlement,INR
TXN005873,2026-03-27,,239509.06,Rent,Bank Charges,debit,reconciled,Final settlement,INR
TXN005874,2026-07-19,V0034,25858.82,Packaging,Purchases,debit,reconciled,Annual contract,INR
TXN005875,2026-07-14,V0038,59066.0,Facilities,Operations,debit,pending,Quarterly retainer,INR
TXN005876,2025-10-07,V0019,17807.7,Raw Materials,Purchases,debit,reconciled,Subscription renewal,INR
TXN005877,2026-03-13,V0009,22010.47,IT Services,Technology,debit,unreconciled,Final settlement,INR
TXN005878,2026-08-03,V0031,101650.48,Raw Materials,Purchases,debit,reconciled,Subscription renewal,INR
TXN005879,2026-02-01,V0034,52127.41,Packaging,Purchases,debit,reconciled,Bulk order advance,INR
TXN005880,2026-06-03,V0033,16092.06,Logistics,Operations,debit,reconciled,Annual contract,INR
TXN005881,2025-10-16,V0007,8526.65,Professional Services,Admin & Professional,debit,reconciled,Utility bill,INR
TXN005882,2026-05-30,V0009,29228.34,IT Services,Technology,debit,reconciled,Monthly service charge,INR
TXN005883,2026-01-29,,485571.14,Salaries & Benefits,Bank Charges,debit,reconciled,Utility bill,INR
TXN005884,2026-02-25,V0005,102212.75,Raw Materials,Purchases,debit,reconciled,Invoice payment,INR
TXN005885,2026-05-04,V0039,40507.15,Facilities,Operations,debit,unreconciled,Invoice payment,INR
TXN005886,2026-05-27,V0006,50547.65,Logistics,Operations,debit,reconciled,Final settlement,INR
TXN005887,2025-11-02,V0025,5582.61,Logistics,Operations,debit,pending,Bulk order advance,INR
TXN005888,2026-07-06,V0035,12901.65,Travel,Travel,debit,unreconciled,Quarterly retainer,INR
TXN005889,2026-05-21,V0040,9132.71,Professional Services,Admin & Professional,debit,reconciled,Invoice payment,INR
TXN005890,2025-09-04,V0040,37535.25,Professional Services,Admin & Professional,debit,reconciled,Repair and maintenance,INR
TXN005891,2026-03-16,V0022,116448.41,Logistics,Operations,debit,unreconciled,Bulk order advance,INR
TXN005892,2026-03-07,V0007,17075.77,Professional Services,Admin & Professional,debit,reconciled,Freight charges,INR
TXN005893,2026-08-17,V0035,12685.54,Travel,Travel,debit,reconciled,Repair and maintenance,INR
TXN005894,2025-08-24,,95379.35,Office Supplies,Bank Charges,debit,unreconciled,Annual contract,INR
TXN005895,2026-07-10,V0025,33031.12,Logistics,Operations,debit,reconciled,Final settlement,INR
TXN005896,2026-07-15,V0030,46154.54,Manufacturing,Purchases,debit,reconciled,Bulk order advance,INR
TXN005897,2025-09-11,V0019,14872.45,Raw Materials,Purchases,debit,unreconciled,Subscription renewal,INR
TXN005898,2025-10-04,V0025,48805.02,Logistics,Operations,debit,pending,Subscription renewal,INR
TXN005899,2026-01-26,V0001,38755.25,Raw Materials,Purchases,debit,reconciled,Repair and maintenance,INR
TXN005900,2025-08-12,,476048.07,Salaries & Benefits,Bank Charges,debit,reconciled,Repair and maintenance,INR
TXN005901,2026-06-02,,708239.81,Rent,Bank Charges,debit,unreconciled,Freight charges,INR
TXN005902,2026-03-08,,523.3,Bank Charges,Bank Charges,debit,reconciled,Quarterly retainer,INR
TXN005903,2026-08-25,V0001,20656.72,Raw Materials,Purchases,debit,unreconciled,Monthly service charge,INR
TXN005904,2025-11-20,V0007,2651.44,Professional Services,Admin & Professional,debit,reconciled,Annual contract,INR
TXN005905,2026-03-26,V0025,16292.1,Logistics,Operations,debit,reconciled,Freight charges,INR
TXN005906,2026-07-14,V0011,55765.64,Marketing,Marketing,debit,reconciled,Annual contract,INR
TXN005907,2026-05-31,V0033,65900.2,Logistics,Operations,debit,pending,Repair and maintenance,INR
TXN005908,2025-12-05,,626554.22,Salaries & Benefits,Bank Charges,debit,reconciled,Repair and maintenance,INR
TXN005909,2026-08-02,V0024,59113.44,IT Services,Technology,debit,pending,Utility bill,INR
TXN005910,2026-07-04,V0006,71402.68,Logistics,Operations,debit,reconciled,Invoice payment,INR
TXN005911,2026-02-12,V0014,26475.97,Logistics,Operations,debit,reconciled,Invoice payment,INR
TXN005912,2026-07-13,V0016,10471.08,IT Services,Technology,debit,reconciled,Annual contract,INR
TXN005913,2025-12-15,V0032,123456.61,Utilities,Utilities,debit,reconciled,Subscription renewal,INR
TXN005914,2025-12-01,V0016,7059.46,IT Services,Technology,debit,reconciled,Freight charges,INR
TXN005915,2026-01-19,V0030,23212.65,Manufacturing,Purchases,debit,reconciled,Final settlement,INR
TXN005916,2026-03-03,V0036,49230.72,Professional Services,Admin & Professional,debit,reconciled,Repair and maintenance,INR
TXN005917,2026-06-21,V0001,11010.8,Raw Materials,Purchases,debit,pending,Bulk order advance,INR
TXN005918,2026-07-04,V0024,31466.11,IT Services,Technology,debit,reconciled,Final settlement,INR
TXN005919,2025-11-04,,13012.71,Office Supplies,Bank Charges,debit,pending,Bulk order advance,INR
TXN005920,2026-07-26,V0009,52290.28,IT Services,Technology,debit,pending,Freight charges,INR
TXN005921,2026-05-14,V0035,6234.08,Travel,Travel,debit,reconciled,Freight charges,INR
TXN005922,2026-03-02,,532004.5,Rent,Bank Charges,debit,pending,Bulk order advance,INR
TXN005923,2026-03-10,V0029,12258.18,Professional Services,Admin & Professional,debit,unreconciled,Quarterly retainer,INR
TXN005924,2025-12-16,V0016,16259.24,IT Services,Technology,debit,reconciled,Final settlement,INR
TXN005925,2026-04-21,,89288.65,Office Supplies,Bank Charges,debit,unreconciled,Monthly service charge,INR
TXN005926,2026-08-05,V0005,40391.42,Raw Materials,Purchases,debit,reconciled,Subscription renewal,INR
TXN005927,2025-08-19,V0036,136952.35,Professional Services,Admin & Professional,debit,reconciled,Utility bill,INR
TXN005928,2026-01-07,V0019,39663.77,Raw Materials,Purchases,debit,pending,Freight charges,INR
TXN005929,2026-02-09,,937.56,Bank Charges,Bank Charges,debit,reconciled,Final settlement,INR
TXN005930,2026-08-30,V0034,131963.83,Packaging,Purchases,debit,reconciled,Repair and maintenance,INR
TXN005931,2026-04-27,V0039,15132.37,Facilities,Operations,debit,reconciled,Bulk order advance,INR
TXN005932,2026-08-22,V0005,20423.77,Raw Materials,Purchases,debit,reconciled,Repair and maintenance,INR
TXN005933,2026-05-10,V0036,32331.29,Professional Services,Admin & Professional,debit,reconciled,Invoice payment,INR
TXN005934,2025-10-26,V0001,263245.73,Raw Materials,Purchases,debit,reconciled,Subscription renewal,INR
TXN005935,2026-02-20,,56612.43,Office Supplies,Bank Charges,debit,pending,Freight charges,INR
TXN005936,2025-12-30,V0006,45222.98,Logistics,Operations,debit,reconciled,Quarterly retainer,INR
TXN005937,2025-10-29,,340126.09,Rent,Bank Charges,debit,reconciled,Quarterly retainer,INR
TXN005938,2025-12-21,V0032,138905.03,Utilities,Utilities,debit,reconciled,Freight charges,INR
TXN005939,2026-06-19,V0040,90028.88,Professional Services,Admin & Professional,debit,reconciled,Annual contract,INR
TXN005940,2026-06-21,V0037,68841.29,Travel,Travel,debit,reconciled,Annual contract,INR
TXN005941,2026-04-25,V0012,44745.55,Raw Materials,Purchases,debit,reconciled,Utility bill,INR
TXN005942,2026-02-24,V0033,26682.08,Logistics,Operations,debit,reconciled,Bulk order advance,INR
TXN005943,2025-11-13,,437206.2,Salaries & Benefits,Bank Charges,debit,reconciled,Repair and maintenance,INR
TXN005944,2026-03-07,V0005,111896.5,Raw Materials,Purchases,debit,pending,Utility bill,INR
TXN005945,2025-11-16,V0019,27677.03,Raw Materials,Purchases,debit,reconciled,Monthly service charge,INR
TXN005946,2025-09-21,V0031,19598.24,Raw Materials,Purchases,debit,reconciled,Final settlement,INR
TXN005947,2025-12-25,V0001,9093.24,Raw Materials,Purchases,debit,reconciled,Invoice payment,INR
TXN005948,2026-07-01,V0007,19739.89,Professional Services,Admin & Professional,debit,reconciled,Utility bill,INR
TXN005949,2026-03-03,V0015,19280.67,Marketing,Marketing,debit,unreconciled,Repair and maintenance,INR
TXN005950,2025-10-02,,719760.44,Rent,Bank Charges,debit,reconciled,Invoice payment,INR
TXN005951,2026-07-24,,444076.31,Rent,Bank Charges,debit,reconciled,Repair and maintenance,INR
TXN005952,2025-12-01,V0030,7792.27,Manufacturing,Purchases,debit,reconciled,Quarterly retainer,INR
TXN005953,2025-09-28,V0005,46970.63,Raw Materials,Purchases,debit,pending,Final settlement,INR
TXN005954,2026-07-01,,1664.35,Bank Charges,Bank Charges,credit,reconciled,Invoice payment,INR
TXN005955,2026-08-07,V0033,109410.51,Logistics,Operations,debit,reconciled,Monthly service charge,INR
TXN005956,2026-03-27,V0021,5602.0,Raw Materials,Purchases,debit,reconciled,Annual contract,INR
TXN005957,2026-05-30,V0033,39732.24,Logistics,Operations,debit,reconciled,Freight charges,INR
TXN005958,2026-07-06,,539491.26,Rent,Bank Charges,debit,reconciled,Final settlement,INR
TXN005959,2025-10-01,V0023,22615.79,Marketing,Marketing,debit,reconciled,Annual contract,INR
TXN005960,2026-03-09,V0036,28601.65,Professional Services,Admin & Professional,debit,reconciled,Monthly service charge,INR
TXN005961,2026-06-06,V0019,66292.81,Raw Materials,Purchases,debit,reconciled,Repair and maintenance,INR
TXN005962,2025-09-12,V0039,13016.11,Facilities,Operations,debit,reconciled,Quarterly retainer,INR
TXN005963,2026-06-25,V0019,10417.31,Raw Materials,Purchases,debit,reconciled,Repair and maintenance,INR
TXN005964,2026-06-11,,489608.53,Rent,Bank Charges,debit,reconciled,Subscription renewal,INR
TXN005965,2025-08-08,,873137.8,Salaries & Benefits,Bank Charges,debit,reconciled,Annual contract,INR
TXN005966,2026-01-24,V0039,101215.77,Facilities,Operations,debit,reconciled,Repair and maintenance,INR
TXN005967,2026-01-26,V0007,28377.36,Professional Services,Admin & Professional,debit,pending,Annual contract,INR
TXN005968,2025-11-05,V0025,10450.44,Logistics,Operations,debit,reconciled,Annual contract,INR
TXN005969,2025-11-03,V0021,18107.06,Raw Materials,Purchases,debit,reconciled,Invoice payment,INR
TXN005970,2026-02-01,V0032,20908.03,Utilities,Utilities,debit,reconciled,Annual contract,INR
TXN005971,2026-05-23,V0039,14877.81,Facilities,Operations,debit,reconciled,Final settlement,INR
TXN005972,2026-07-19,,1593.54,Office Supplies,Bank Charges,debit,unreconciled,Annual contract,INR
TXN005973,2025-09-21,V0029,23257.85,Professional Services,Admin & Professional,debit,reconciled,Freight charges,INR
TXN005974,2026-05-27,,830768.46,Rent,Bank Charges,debit,reconciled,Annual contract,INR
TXN005975,2025-08-15,V0033,50729.45,Logistics,Operations,debit,reconciled,Monthly service charge,INR
TXN005976,2026-05-16,,152028.61,Rent,Bank Charges,debit,unreconciled,Freight charges,INR
TXN005977,2025-09-02,V0007,16683.21,Professional Services,Admin & Professional,debit,reconciled,Monthly service charge,INR
TXN005978,2025-10-13,V0038,199953.31,Facilities,Operations,debit,reconciled,Final settlement,INR
TXN005979,2026-05-29,V0006,45504.7,Logistics,Operations,debit,pending,Quarterly retainer,INR
TXN005980,2026-07-09,V0018,85584.91,Professional Services,Admin & Professional,debit,unreconciled,Utility bill,INR
TXN005981,2025-12-31,V0032,12618.36,Utilities,Utilities,debit,reconciled,Final settlement,INR
TXN005982,2025-12-11,V0007,12366.62,Professional Services,Admin & Professional,debit,reconciled,Final settlement,INR
TXN005983,2026-04-27,V0007,8320.16,Professional Services,Admin & Professional,debit,reconciled,Final settlement,INR
TXN005984,2026-02-25,V0005,11793.89,Raw Materials,Purchases,debit,reconciled,Subscription renewal,INR
TXN005985,2025-10-20,,677891.61,Salaries & Benefits,Bank Charges,debit,unreconciled,Quarterly retainer,INR
TXN005986,2026-06-30,V0029,94044.82,Professional Services,Admin & Professional,debit,pending,Monthly service charge,INR
TXN005987,2025-11-01,V0026,22512.26,Manufacturing,Purchases,debit,reconciled,Subscription renewal,INR
TXN005988,2025-11-02,V0015,12532.62,Marketing,Marketing,debit,pending,Final settlement,INR
TXN005989,2026-02-27,V0007,32419.87,Professional Services,Admin & Professional,debit,reconciled,Freight charges,INR
TXN005990,2026-08-24,V0034,113883.48,Packaging,Purchases,debit,reconciled,Utility bill,INR
TXN005991,2026-03-11,,350413.43,Salaries & Benefits,Bank Charges,debit,reconciled,Final settlement,INR
TXN005992,2026-04-01,V0030,60180.71,Manufacturing,Purchases,debit,reconciled,Monthly service charge,INR
TXN005993,2025-08-23,,647667.8,Rent,Bank Charges,debit,reconciled,Annual contract,INR
TXN005994,2025-11-07,V0012,30301.54,Raw Materials,Purchases,debit,reconciled,Bulk order advance,INR
TXN005995,2025-12-25,V0027,13930.38,Facilities,Operations,debit,reconciled,Quarterly retainer,INR
TXN005996,2025-12-27,V0001,44203.99,Raw Materials,Purchases,debit,reconciled,Quarterly retainer,INR
TXN005997,2025-12-22,V0021,21289.98,Raw Materials,Purchases,debit,reconciled,Quarterly retainer,INR
TXN005998,2026-06-30,V0018,78972.82,Professional Services,Admin & Professional,debit,reconciled,Freight charges,INR
TXN005999,2026-04-23,V0019,22177.62,Raw Materials,Purchases,debit,pending,Final settlement,INR
TXN006000,2026-08-01,V0016,27624.93,IT Services,Technology,debit,reconciled,Final settlement,INR
TXN006001,2026-07-08,,707179.02,Salaries & Benefits,Bank Charges,debit,reconciled,Final settlement,INR
TXN006002,2025-10-08,V0021,27746.9,Raw Materials,Purchases,debit,reconciled,Invoice payment,INR
TXN006003,2025-09-21,V0039,12708.39,Facilities,Operations,debit,unreconciled,Subscription renewal,INR
TXN006004,2026-01-13,V0005,90258.95,Raw Materials,Purchases,debit,reconciled,Annual contract,INR
TXN006005,2025-08-17,V0022,34762.54,Logistics,Operations,debit,reconciled,Utility bill,INR
TXN006006,2025-08-19,,194186.44,Salaries & Benefits,Bank Charges,debit,reconciled,Repair and maintenance,INR
TXN006007,2026-02-07,V0038,65278.61,Facilities,Operations,debit,reconciled,Monthly service charge,INR
TXN006008,2026-05-15,V0017,37747.79,Manufacturing,Purchases,debit,reconciled,Annual contract,INR
TXN006009,2026-08-15,V0034,37717.76,Packaging,Purchases,debit,reconciled,Repair and maintenance,INR
TXN006010,2025-08-24,V0005,70778.93,Raw Materials,Purchases,debit,reconciled,Utility bill,INR
TXN006011,2025-10-17,V0009,59807.22,IT Services,Technology,debit,reconciled,Monthly service charge,INR
TXN006012,2026-01-21,V0036,20291.7,Professional Services,Admin & Professional,debit,reconciled,Quarterly retainer,INR
TXN006013,2026-04-02,V0006,67153.04,Logistics,Operations,debit,unreconciled,Repair and maintenance,INR
TXN006014,2026-05-22,V0031,13705.72,Raw Materials,Purchases,debit,unreconciled,Quarterly retainer,INR
TXN006015,2025-11-03,V0015,40701.43,Marketing,Marketing,debit,reconciled,Annual contract,INR
TXN006016,2026-07-22,,12662.12,Office Supplies,Bank Charges,debit,reconciled,Final settlement,INR
TXN006017,2025-08-02,V0039,23369.5,Facilities,Operations,debit,reconciled,Repair and maintenance,INR
TXN006018,2026-05-18,V0009,18899.41,IT Services,Technology,debit,reconciled,Bulk order advance,INR
TXN006019,2026-08-09,V0006,40567.13,Logistics,Operations,debit,reconciled,Repair and maintenance,INR
TXN006020,2026-06-08,,216164.69,Rent,Bank Charges,debit,pending,Repair and maintenance,INR
TXN006021,2026-04-07,V0038,265171.7,Facilities,Operations,debit,reconciled,Repair and maintenance,INR
TXN006022,2025-12-06,V0021,8864.55,Raw Materials,Purchases,debit,reconciled,Monthly service charge,INR
TXN006023,2025-11-13,V0022,36978.17,Logistics,Operations,debit,reconciled,Repair and maintenance,INR
TXN006024,2026-08-16,V0029,30604.77,Professional Services,Admin & Professional,debit,reconciled,Monthly service charge,INR
TXN006025,2026-08-31,V0034,18145.86,Packaging,Purchases,debit,unreconciled,Subscription renewal,INR
TXN006026,2025-10-22,V0022,11433.69,Logistics,Operations,debit,reconciled,Monthly service charge,INR
TXN006027,2025-10-19,V0033,63800.33,Logistics,Operations,debit,reconciled,Invoice payment,INR
TXN006028,2026-01-07,V0029,32205.57,Professional Services,Admin & Professional,debit,unreconciled,Annual contract,INR
TXN006029,2026-02-17,V0037,5535.23,Travel,Travel,debit,reconciled,Quarterly retainer,INR
TXN006030,2025-12-16,V0022,19903.64,Logistics,Operations,debit,reconciled,Invoice payment,INR
TXN006031,2026-06-29,V0038,7159.18,Facilities,Operations,debit,reconciled,Annual contract,INR
TXN006032,2026-06-02,,2468.21,Bank Charges,Bank Charges,debit,reconciled,Final settlement,INR
TXN006033,2025-12-24,V0040,8669.71,Professional Services,Admin & Professional,debit,reconciled,Repair and maintenance,INR
TXN006034,2026-05-06,V0032,21472.27,Utilities,Utilities,debit,reconciled,Monthly service charge,INR
TXN006035,2026-01-23,V0034,61726.64,Packaging,Purchases,debit,reconciled,Utility bill,INR
TXN006036,2025-09-15,V0034,4839.85,Packaging,Purchases,debit,reconciled,Utility bill,INR
TXN006037,2026-04-22,V0015,27205.57,Marketing,Marketing,debit,reconciled,Annual contract,INR
TXN006038,2026-05-05,,236916.23,Salaries & Benefits,Bank Charges,debit,unreconciled,Freight charges,INR
TXN006039,2026-08-20,,758097.8,Salaries & Benefits,Bank Charges,debit,pending,Bulk order advance,INR
TXN006040,2025-10-03,,117750.0,Office Supplies,Bank Charges,debit,reconciled,Invoice payment,INR
TXN006041,2026-02-18,V0019,27353.27,Raw Materials,Purchases,debit,pending,Invoice payment,INR
TXN006042,2025-11-21,,535786.66,Salaries & Benefits,Bank Charges,debit,pending,Annual contract,INR
TXN006043,2026-03-16,,212222.31,Salaries & Benefits,Bank Charges,debit,pending,Subscription renewal,INR
TXN006044,2026-07-26,V0007,8650.83,Professional Services,Admin & Professional,debit,reconciled,Monthly service charge,INR
TXN006045,2026-02-02,V0034,36913.12,Packaging,Purchases,debit,reconciled,Utility bill,INR
TXN006046,2026-01-31,V0007,10436.58,Professional Services,Admin & Professional,debit,unreconciled,Monthly service charge,INR
TXN006047,2026-05-27,,416350.83,Salaries & Benefits,Bank Charges,debit,pending,Final settlement,INR
TXN006048,2026-03-07,,598.15,Bank Charges,Bank Charges,debit,reconciled,Annual contract,INR
TXN006049,2025-12-06,V0031,45713.36,Raw Materials,Purchases,debit,unreconciled,Subscription renewal,INR
TXN006050,2025-10-14,V0001,82300.57,Raw Materials,Purchases,debit,unreconciled,Subscription renewal,INR
TXN006051,2026-02-19,V0021,9732.06,Raw Materials,Purchases,debit,reconciled,Freight charges,INR
TXN006052,2026-08-14,V0024,35607.02,IT Services,Technology,debit,reconciled,Utility bill,INR
TXN006053,2025-08-28,V0030,24868.08,Manufacturing,Purchases,debit,reconciled,Utility bill,INR
TXN006054,2025-08-11,V0039,19576.61,Facilities,Operations,debit,reconciled,Utility bill,INR
TXN006055,2026-02-16,V0022,16064.66,Logistics,Operations,debit,reconciled,Bulk order advance,INR
TXN006056,2026-03-02,V0034,16741.57,Packaging,Purchases,debit,reconciled,Freight charges,INR
TXN006057,2025-12-16,V0032,23655.65,Utilities,Utilities,debit,unreconciled,Invoice payment,INR
TXN006058,2025-08-26,V0039,105076.38,Facilities,Operations,debit,pending,Monthly service charge,INR
TXN006059,2025-11-26,,229782.84,Rent,Bank Charges,debit,unreconciled,Repair and maintenance,INR
TXN006060,2026-06-21,V0009,7092.28,IT Services,Technology,debit,reconciled,Invoice payment,INR
TXN006061,2025-11-25,V0009,8436.02,IT Services,Technology,debit,reconciled,Quarterly retainer,INR
TXN006062,2025-10-15,,40171.33,Office Supplies,Bank Charges,debit,reconciled,Utility bill,INR
TXN006063,2026-07-18,,738542.95,Rent,Bank Charges,debit,unreconciled,Freight charges,INR
TXN006064,2026-08-28,V0035,68887.05,Travel,Travel,debit,reconciled,Invoice payment,INR
TXN006065,2025-08-31,V0016,21039.51,IT Services,Technology,debit,reconciled,Utility bill,INR
TXN006066,2026-03-04,V0009,28491.73,IT Services,Technology,debit,unreconciled,Bulk order advance,INR
TXN006067,2026-04-08,V0006,70815.09,Logistics,Operations,debit,reconciled,Quarterly retainer,INR
TXN006068,2026-01-23,,62806.33,Office Supplies,Bank Charges,debit,reconciled,Subscription renewal,INR
TXN006069,2025-11-21,V0030,24483.19,Manufacturing,Purchases,debit,unreconciled,Annual contract,INR
TXN006070,2026-04-14,V0021,47297.21,Raw Materials,Purchases,debit,pending,Annual contract,INR
TXN006071,2026-04-07,V0039,38675.98,Facilities,Operations,debit,reconciled,Subscription renewal,INR
TXN006072,2025-11-01,,89562.23,Office Supplies,Bank Charges,debit,reconciled,Annual contract,INR
TXN006073,2025-08-03,V0032,15664.48,Utilities,Utilities,debit,unreconciled,Final settlement,INR
TXN006074,2026-08-06,V0037,16664.44,Travel,Travel,debit,reconciled,Invoice payment,INR
TXN006075,2025-08-07,,1547.59,Bank Charges,Bank Charges,debit,unreconciled,Quarterly retainer,INR
TXN006076,2025-10-22,V0006,36045.79,Logistics,Operations,debit,reconciled,Quarterly retainer,INR
TXN006077,2026-03-04,V0034,40624.92,Packaging,Purchases,debit,reconciled,Quarterly retainer,INR
TXN006078,2026-01-17,V0037,79996.71,Travel,Travel,debit,reconciled,Repair and maintenance,INR
TXN006079,2025-10-07,V0018,29877.48,Professional Services,Admin & Professional,debit,unreconciled,Freight charges,INR
TXN006080,2025-12-31,V0006,14346.29,Logistics,Operations,debit,reconciled,Subscription renewal,INR
TXN006081,2026-07-17,V0036,17253.85,Professional Services,Admin & Professional,debit,reconciled,Utility bill,INR
TXN006082,2026-08-05,,22325.44,Office Supplies,Bank Charges,debit,pending,Quarterly retainer,INR
TXN006083,2026-06-08,V0012,97456.94,Raw Materials,Purchases,debit,reconciled,Invoice payment,INR
TXN006084,2026-01-11,V0009,21899.88,IT Services,Technology,debit,unreconciled,Annual contract,INR
TXN006085,2026-07-11,,1896.01,Bank Charges,Bank Charges,debit,reconciled,Invoice payment,INR
TXN006086,2026-07-11,V0022,83774.04,Logistics,Operations,debit,pending,Utility bill,INR
TXN006087,2025-09-23,V0025,53652.2,Logistics,Operations,debit,unreconciled,Invoice payment,INR
TXN006088,2026-01-30,V0022,46994.41,Logistics,Operations,debit,reconciled,Freight charges,INR
TXN006089,2026-08-02,,686448.16,Rent,Bank Charges,debit,reconciled,Final settlement,INR
TXN006090,2025-08-16,,738597.19,Rent,Bank Charges,debit,reconciled,Bulk order advance,INR
TXN006091,2025-11-16,V0019,13347.28,Raw Materials,Purchases,debit,reconciled,Subscription renewal,INR
TXN006092,2026-07-11,,72159.88,Office Supplies,Bank Charges,debit,reconciled,Invoice payment,INR
TXN006093,2026-06-21,V0001,62208.74,Raw Materials,Purchases,debit,reconciled,Utility bill,INR
TXN006094,2026-04-17,,147617.45,Office Supplies,Bank Charges,debit,reconciled,Bulk order advance,INR
TXN006095,2025-12-21,V0005,9882.53,Raw Materials,Purchases,debit,unreconciled,Subscription renewal,INR
TXN006096,2026-08-18,V0031,83606.82,Raw Materials,Purchases,debit,pending,Quarterly retainer,INR
TXN006097,2025-11-19,V0032,103002.39,Utilities,Utilities,debit,unreconciled,Final settlement,INR
TXN006098,2026-04-07,V0005,9426.94,Raw Materials,Purchases,debit,reconciled,Freight charges,INR
TXN006099,2025-09-29,V0038,10851.27,Facilities,Operations,debit,reconciled,Repair and maintenance,INR
TXN006100,2026-07-20,,108938.21,Office Supplies,Bank Charges,debit,reconciled,Freight charges,INR
TXN006101,2026-04-17,V0022,14004.36,Logistics,Operations,debit,reconciled,Repair and maintenance,INR
TXN006102,2026-07-01,V0007,65934.26,Professional Services,Admin & Professional,debit,pending,Subscription renewal,INR
TXN006103,2025-11-24,V0017,168555.72,Manufacturing,Purchases,debit,unreconciled,Invoice payment,INR
TXN006104,2026-06-11,V0005,15875.0,Raw Materials,Purchases,debit,reconciled,Freight charges,INR
TXN006105,2025-10-14,,256321.39,Salaries & Benefits,Bank Charges,debit,reconciled,Subscription renewal,INR
TXN006106,2026-02-06,V0034,8220.55,Packaging,Purchases,debit,reconciled,Repair and maintenance,INR
TXN006107,2025-12-05,V0031,35542.41,Raw Materials,Purchases,debit,reconciled,Bulk order advance,INR
TXN006108,2025-09-16,V0036,14084.69,Professional Services,Admin & Professional,debit,reconciled,Repair and maintenance,INR
TXN006109,2026-07-09,V0039,46970.24,Facilities,Operations,debit,reconciled,Invoice payment,INR
TXN006110,2025-09-11,,669665.52,Rent,Bank Charges,debit,reconciled,Final settlement,INR
TXN006111,2025-08-15,,1332.53,Bank Charges,Bank Charges,debit,pending,Quarterly retainer,INR
TXN006112,2026-08-16,V0005,17899.11,Raw Materials,Purchases,debit,reconciled,Monthly service charge,INR
TXN006113,2026-03-09,V0040,25603.93,Professional Services,Admin & Professional,debit,reconciled,Bulk order advance,INR
TXN006114,2026-08-20,V0015,86771.89,Marketing,Marketing,debit,reconciled,Quarterly retainer,INR
TXN006115,2026-07-13,V0016,10623.61,IT Services,Technology,debit,reconciled,Quarterly retainer,INR
TXN006116,2026-08-09,V0019,99452.96,Raw Materials,Purchases,debit,unreconciled,Utility bill,INR
TXN006117,2026-06-05,,860416.38,Salaries & Benefits,Bank Charges,debit,unreconciled,Freight charges,INR
TXN006118,2026-08-15,V0039,163483.68,Facilities,Operations,debit,reconciled,Annual contract,INR
TXN006119,2025-08-17,V0039,42931.17,Facilities,Operations,debit,reconciled,Annual contract,INR
TXN006120,2025-11-07,,2807.09,Bank Charges,Bank Charges,debit,unreconciled,Final settlement,INR
TXN006121,2026-02-01,V0038,56220.14,Facilities,Operations,debit,pending,Annual contract,INR
TXN006122,2025-10-04,V0018,11786.86,Professional Services,Admin & Professional,debit,reconciled,Bulk order advance,INR
TXN006123,2026-01-09,V0021,12505.12,Raw Materials,Purchases,debit,reconciled,Bulk order advance,INR
TXN006124,2025-09-11,V0006,37016.68,Logistics,Operations,debit,reconciled,Bulk order advance,INR
TXN006125,2026-07-19,V0025,41261.96,Logistics,Operations,debit,reconciled,Repair and maintenance,INR
TXN006126,2025-10-17,V0006,6144.05,Logistics,Operations,debit,pending,Utility bill,INR
TXN006127,2026-06-01,V0012,6673.35,Raw Materials,Purchases,debit,reconciled,Quarterly retainer,INR
TXN006128,2026-03-05,,527.08,Bank Charges,Bank Charges,debit,unreconciled,Utility bill,INR
TXN006129,2026-03-29,V0006,12459.34,Logistics,Operations,debit,unreconciled,Utility bill,INR
TXN006130,2026-05-05,V0039,27427.66,Facilities,Operations,debit,reconciled,Utility bill,INR
TXN006131,2026-03-20,V0039,35854.9,Facilities,Operations,debit,reconciled,Utility bill,INR
TXN006132,2025-10-31,V0021,571233.47,Raw Materials,Purchases,debit,unreconciled,Final settlement,INR
TXN006133,2025-08-15,V0039,40636.3,Facilities,Operations,debit,reconciled,Monthly service charge,INR
TXN006134,2025-11-05,,139052.64,Office Supplies,Bank Charges,debit,reconciled,Utility bill,INR
TXN006135,2026-03-30,,123901.02,Office Supplies,Bank Charges,debit,reconciled,Quarterly retainer,INR
TXN006136,2026-02-17,V0025,20515.84,Logistics,Operations,debit,pending,Final settlement,INR
TXN006137,2025-11-04,,393272.51,Salaries & Benefits,Bank Charges,debit,reconciled,Bulk order advance,INR
TXN006138,2025-11-06,V0018,22643.62,Professional Services,Admin & Professional,debit,reconciled,Freight charges,INR
TXN006139,2026-05-31,V0035,72080.83,Travel,Travel,debit,reconciled,Subscription renewal,INR
TXN006140,2025-12-16,,1597.62,Bank Charges,Bank Charges,debit,pending,Repair and maintenance,INR
TXN006141,2025-08-26,V0019,7880.27,Raw Materials,Purchases,debit,unreconciled,Annual contract,INR
TXN006142,2026-02-10,,790521.44,Salaries & Benefits,Bank Charges,debit,unreconciled,Annual contract,INR
TXN006143,2026-02-02,V0031,15103.52,Raw Materials,Purchases,debit,unreconciled,Final settlement,INR
TXN006144,2025-12-26,V0032,72124.44,Utilities,Utilities,debit,reconciled,Quarterly retainer,INR
TXN006145,2026-05-02,,638536.84,Rent,Bank Charges,debit,reconciled,Invoice payment,INR
TXN006146,2026-05-25,V0039,7994.52,Facilities,Operations,debit,pending,Invoice payment,INR
TXN006147,2025-12-19,V0035,16679.25,Travel,Travel,debit,pending,Annual contract,INR
TXN006148,2026-03-22,V0018,44455.41,Professional Services,Admin & Professional,debit,pending,Bulk order advance,INR
TXN006149,2026-08-01,,112204.28,Office Supplies,Bank Charges,debit,reconciled,Monthly service charge,INR
TXN006150,2026-06-15,,15393.15,Office Supplies,Bank Charges,debit,reconciled,Final settlement,INR
TXN006151,2026-02-17,,410.93,Bank Charges,Bank Charges,debit,unreconciled,Monthly service charge,INR
TXN006152,2025-10-26,V0005,3753.99,Raw Materials,Purchases,debit,reconciled,Repair and maintenance,INR
TXN006153,2026-07-19,V0021,84631.99,Raw Materials,Purchases,debit,reconciled,Invoice payment,INR
TXN006154,2026-07-03,V0012,19345.82,Raw Materials,Purchases,debit,reconciled,Quarterly retainer,INR
TXN006155,2026-08-02,V0015,29230.31,Marketing,Marketing,debit,reconciled,Monthly service charge,INR
TXN006156,2026-01-03,V0009,11783.16,IT Services,Technology,debit,reconciled,Utility bill,INR
TXN006157,2026-03-28,V0012,8874.21,Raw Materials,Purchases,debit,reconciled,Repair and maintenance,INR
TXN006158,2026-04-30,,627594.46,Rent,Bank Charges,debit,reconciled,Final settlement,INR
TXN006159,2026-03-27,V0022,10431.51,Logistics,Operations,debit,unreconciled,Monthly service charge,INR
TXN006160,2026-07-12,V0029,48106.75,Professional Services,Admin & Professional,debit,reconciled,Quarterly retainer,INR
TXN006161,2026-02-11,V0018,4663.57,Professional Services,Admin & Professional,debit,reconciled,Bulk order advance,INR
TXN006162,2026-05-02,,658502.46,Salaries & Benefits,Bank Charges,debit,reconciled,Utility bill,INR
TXN006163,2025-09-12,V0015,11466.49,Marketing,Marketing,debit,unreconciled,Invoice payment,INR
TXN006164,2025-10-05,,488818.59,Rent,Bank Charges,debit,pending,Utility bill,INR
TXN006165,2026-05-06,V0021,20967.06,Raw Materials,Purchases,debit,reconciled,Subscription renewal,INR
TXN006166,2026-05-25,V0009,7308.56,IT Services,Technology,debit,reconciled,Freight charges,INR
TXN006167,2025-08-22,V0027,70741.05,Facilities,Operations,debit,pending,Annual contract,INR
TXN006168,2025-11-29,,78529.28,Office Supplies,Bank Charges,debit,reconciled,Bulk order advance,INR
TXN006169,2025-12-22,V0033,10197.72,Logistics,Operations,debit,reconciled,Subscription renewal,INR
TXN006170,2026-04-04,V0014,11019.45,Logistics,Operations,debit,reconciled,Monthly service charge,INR
TXN006171,2026-08-12,V0019,41354.11,Raw Materials,Purchases,debit,reconciled,Utility bill,INR
TXN006172,2026-05-12,,2268.49,Bank Charges,Bank Charges,debit,reconciled,Final settlement,INR
TXN006173,2026-04-30,V0040,57339.13,Professional Services,Admin & Professional,debit,reconciled,Utility bill,INR
TXN006174,2025-12-04,,799510.65,Rent,Bank Charges,debit,reconciled,Monthly service charge,INR
TXN006175,2025-12-30,,605192.83,Rent,Bank Charges,debit,reconciled,Utility bill,INR
TXN006176,2026-07-28,,1480.09,Bank Charges,Bank Charges,debit,unreconciled,Annual contract,INR
TXN006177,2026-06-21,,438163.92,Salaries & Benefits,Bank Charges,debit,reconciled,Final settlement,INR
TXN006178,2025-11-27,V0038,39493.57,Facilities,Operations,debit,unreconciled,Bulk order advance,INR
TXN006179,2025-08-09,V0025,31107.98,Logistics,Operations,debit,pending,Repair and maintenance,INR
TXN006180,2025-12-29,V0037,40546.14,Travel,Travel,debit,reconciled,Final settlement,INR
TXN006181,2026-08-03,V0012,95168.23,Raw Materials,Purchases,debit,reconciled,Repair and maintenance,INR
TXN006182,2026-04-06,V0006,14108.41,Logistics,Operations,debit,unreconciled,Subscription renewal,INR
TXN006183,2025-08-29,V0007,15154.3,Professional Services,Admin & Professional,debit,reconciled,Monthly service charge,INR
TXN006184,2025-09-09,V0014,4405.9,Logistics,Operations,debit,unreconciled,Quarterly retainer,INR
TXN006185,2026-01-07,V0038,17824.28,Facilities,Operations,debit,reconciled,Invoice payment,INR
TXN006186,2026-04-05,V0036,73650.69,Professional Services,Admin & Professional,debit,reconciled,Monthly service charge,INR
TXN006187,2026-07-01,V0008,36605.71,Facilities,Operations,debit,pending,Bulk order advance,INR
TXN006188,2025-10-01,V0030,9632.67,Manufacturing,Purchases,debit,reconciled,Annual contract,INR
TXN006189,2026-05-03,,454925.59,Rent,Bank Charges,credit,reconciled,Quarterly retainer,INR
TXN006190,2025-12-13,V0031,29943.42,Raw Materials,Purchases,debit,reconciled,Final settlement,INR
TXN006191,2025-10-14,V0001,53716.64,Raw Materials,Purchases,debit,reconciled,Repair and maintenance,INR
TXN006192,2026-07-09,V0010,24116.47,Packaging,Purchases,debit,reconciled,Monthly service charge,INR
TXN006193,2026-06-23,V0018,46207.23,Professional Services,Admin & Professional,debit,reconciled,Subscription renewal,INR
TXN006194,2025-09-06,,70123.62,Office Supplies,Bank Charges,debit,unreconciled,Final settlement,INR
TXN006195,2026-07-28,V0012,15465.75,Raw Materials,Purchases,debit,reconciled,Bulk order advance,INR
TXN006196,2025-10-24,V0030,25002.52,Manufacturing,Purchases,debit,reconciled,Invoice payment,INR
TXN006197,2026-05-08,V0039,194287.15,Facilities,Operations,debit,unreconciled,Monthly service charge,INR
TXN006198,2025-10-12,V0018,22825.0,Professional Services,Admin & Professional,debit,unreconciled,Utility bill,INR
TXN006199,2026-01-11,V0006,166228.78,Logistics,Operations,debit,reconciled,Repair and maintenance,INR
TXN006200,2025-12-24,V0036,62324.98,Professional Services,Admin & Professional,debit,reconciled,Utility bill,INR
TXN006201,2026-03-03,V0029,25171.03,Professional Services,Admin & Professional,debit,reconciled,Annual contract,INR
TXN006202,2026-02-12,V0039,20562.79,Facilities,Operations,debit,reconciled,Bulk order advance,INR
TXN006203,2025-10-10,V0022,27419.42,Logistics,Operations,debit,reconciled,Monthly service charge,INR
TXN006204,2026-07-19,V0030,21311.18,Manufacturing,Purchases,debit,reconciled,Bulk order advance,INR
TXN006205,2026-03-25,V0035,95411.66,Travel,Travel,debit,unreconciled,Repair and maintenance,INR
TXN006206,2025-12-07,,714261.7,Salaries & Benefits,Bank Charges,debit,reconciled,Final settlement,INR
TXN006207,2025-10-11,V0001,20117.85,Raw Materials,Purchases,debit,reconciled,Annual contract,INR
TXN006208,2026-08-05,V0032,102878.17,Utilities,Utilities,debit,pending,Monthly service charge,INR
TXN006209,2025-11-30,V0030,16150.41,Manufacturing,Purchases,debit,reconciled,Final settlement,INR
TXN006210,2026-06-04,,706066.73,Rent,Bank Charges,credit,reconciled,Repair and maintenance,INR
TXN006211,2026-08-19,V0025,75943.37,Logistics,Operations,debit,pending,Invoice payment,INR
TXN006212,2026-01-20,V0026,15012.27,Manufacturing,Purchases,debit,reconciled,Utility bill,INR
TXN006213,2025-12-23,V0014,87884.65,Logistics,Operations,debit,unreconciled,Repair and maintenance,INR
TXN006214,2026-06-19,V0012,8990.08,Raw Materials,Purchases,debit,unreconciled,Quarterly retainer,INR
TXN006215,2026-03-11,V0032,53424.44,Utilities,Utilities,debit,reconciled,Subscription renewal,INR
TXN006216,2026-01-22,V0040,38745.04,Professional Services,Admin & Professional,debit,reconciled,Annual contract,INR
TXN006217,2026-02-05,V0037,17874.42,Travel,Travel,debit,reconciled,Subscription renewal,INR
TXN006218,2026-02-18,V0038,23077.03,Facilities,Operations,debit,reconciled,Subscription renewal,INR
TXN006219,2026-07-30,V0035,24286.43,Travel,Travel,debit,reconciled,Monthly service charge,INR
TXN006220,2026-06-26,V0007,18680.36,Professional Services,Admin & Professional,debit,reconciled,Monthly service charge,INR
TXN006221,2025-09-12,V0009,33273.41,IT Services,Technology,debit,reconciled,Final settlement,INR
TXN006222,2025-11-19,V0014,39796.33,Logistics,Operations,debit,reconciled,Freight charges,INR
TXN006223,2026-04-02,V0031,20235.42,Raw Materials,Purchases,debit,pending,Invoice payment,INR
TXN006224,2026-04-29,,1901.6,Bank Charges,Bank Charges,debit,reconciled,Final settlement,INR
TXN006225,2026-08-30,V0039,6050.14,Facilities,Operations,debit,reconciled,Subscription renewal,INR
TXN006226,2025-12-23,V0034,22657.58,Packaging,Purchases,debit,reconciled,Annual contract,INR
TXN006227,2025-10-02,,492785.37,Rent,Bank Charges,debit,reconciled,Invoice payment,INR
TXN006228,2026-04-12,V0034,16908.24,Packaging,Purchases,debit,reconciled,Final settlement,INR
TXN006229,2026-02-27,V0034,111952.97,Packaging,Purchases,debit,reconciled,Final settlement,INR
TXN006230,2025-10-20,V0039,51986.74,Facilities,Operations,debit,pending,Final settlement,INR
TXN006231,2026-01-21,V0007,55293.12,Professional Services,Admin & Professional,debit,reconciled,Subscription renewal,INR
TXN006232,2025-11-03,V0016,28061.78,IT Services,Technology,debit,reconciled,Repair and maintenance,INR
TXN006233,2025-09-06,,31342.6,Office Supplies,Bank Charges,debit,reconciled,Invoice payment,INR
TXN006234,2026-08-19,V0019,21039.62,Raw Materials,Purchases,debit,reconciled,Bulk order advance,INR
TXN006235,2026-01-16,V0025,29979.16,Logistics,Operations,debit,reconciled,Subscription renewal,INR
TXN006236,2026-06-19,V0005,79873.76,Raw Materials,Purchases,debit,reconciled,Bulk order advance,INR
TXN006237,2026-08-27,V0015,210735.45,Marketing,Marketing,debit,reconciled,Subscription renewal,INR
TXN006238,2026-06-22,V0031,14116.06,Raw Materials,Purchases,debit,reconciled,Annual contract,INR
TXN006239,2026-03-26,V0025,25718.4,Logistics,Operations,debit,unreconciled,Annual contract,INR
TXN006240,2026-07-31,V0025,51520.82,Logistics,Operations,debit,unreconciled,Bulk order advance,INR
TXN006241,2025-09-04,,69310.2,Office Supplies,Bank Charges,debit,reconciled,Final settlement,INR
TXN006242,2026-01-20,,1058.67,Bank Charges,Bank Charges,debit,pending,Bulk order advance,INR
TXN006243,2025-10-03,V0029,15816.3,Professional Services,Admin & Professional,debit,reconciled,Utility bill,INR
TXN006244,2026-02-05,V0021,15774.34,Raw Materials,Purchases,debit,reconciled,Monthly service charge,INR
TXN006245,2026-02-27,V0021,31916.96,Raw Materials,Purchases,debit,reconciled,Freight charges,INR
TXN006246,2026-07-29,V0026,10933.86,Manufacturing,Purchases,debit,reconciled,Freight charges,INR
TXN006247,2026-06-20,,1021.29,Bank Charges,Bank Charges,credit,reconciled,Final settlement,INR
TXN006248,2026-01-30,V0012,50974.51,Raw Materials,Purchases,debit,pending,Quarterly retainer,INR
TXN006249,2025-10-28,V0040,25571.51,Professional Services,Admin & Professional,debit,unreconciled,Bulk order advance,INR
TXN006250,2026-03-06,V0025,29333.24,Logistics,Operations,debit,reconciled,Utility bill,INR
TXN006251,2025-11-14,V0006,73076.19,Logistics,Operations,debit,reconciled,Invoice payment,INR
TXN006252,2026-07-12,V0021,18253.93,Raw Materials,Purchases,debit,pending,Annual contract,INR
TXN006253,2025-12-21,V0031,26583.35,Raw Materials,Purchases,debit,reconciled,Quarterly retainer,INR
TXN006254,2026-06-26,,37636.81,Office Supplies,Bank Charges,credit,reconciled,Quarterly retainer,INR
TXN006255,2026-07-11,V0013,14470.66,Utilities,Utilities,debit,reconciled,Monthly service charge,INR
TXN006256,2026-03-14,V0040,30073.12,Professional Services,Admin & Professional,debit,pending,Bulk order advance,INR
TXN006257,2025-09-20,V0007,45035.51,Professional Services,Admin & Professional,debit,reconciled,Invoice payment,INR
TXN006258,2026-06-16,V0025,30206.67,Logistics,Operations,debit,reconciled,Quarterly retainer,INR
TXN006259,2026-06-21,V0026,28470.09,Manufacturing,Purchases,debit,pending,Final settlement,INR
TXN006260,2026-04-05,V0033,30467.94,Logistics,Operations,debit,reconciled,Invoice payment,INR
TXN006261,2025-08-08,,785401.27,Salaries & Benefits,Bank Charges,debit,reconciled,Utility bill,INR
TXN006262,2026-03-14,V0015,46500.01,Marketing,Marketing,debit,reconciled,Monthly service charge,INR
TXN006263,2026-05-29,V0006,31696.48,Logistics,Operations,debit,reconciled,Repair and maintenance,INR
TXN006264,2026-03-22,,708692.86,Salaries & Benefits,Bank Charges,debit,reconciled,Quarterly retainer,INR
TXN006265,2026-03-06,,2326.04,Bank Charges,Bank Charges,debit,unreconciled,Bulk order advance,INR
TXN006266,2025-11-26,V0032,30536.99,Utilities,Utilities,debit,reconciled,Subscription renewal,INR
TXN006267,2026-08-23,V0008,6221.32,Facilities,Operations,debit,reconciled,Subscription renewal,INR
TXN006268,2026-07-04,V0033,65937.51,Logistics,Operations,debit,pending,Repair and maintenance,INR
TXN006269,2026-08-05,,521555.84,Rent,Bank Charges,debit,unreconciled,Freight charges,INR
TXN006270,2026-05-11,V0030,52953.08,Manufacturing,Purchases,debit,reconciled,Monthly service charge,INR
TXN006271,2026-04-05,V0001,23887.94,Raw Materials,Purchases,debit,reconciled,Utility bill,INR
TXN006272,2026-02-17,V0029,14689.67,Professional Services,Admin & Professional,debit,reconciled,Final settlement,INR
TXN006273,2026-08-11,V0015,330715.38,Marketing,Marketing,debit,reconciled,Final settlement,INR
TXN006274,2026-07-15,,467147.17,Salaries & Benefits,Bank Charges,debit,reconciled,Repair and maintenance,INR
TXN006275,2026-03-01,V0012,25624.14,Raw Materials,Purchases,debit,reconciled,Bulk order advance,INR
TXN006276,2025-08-15,V0007,4803.21,Professional Services,Admin & Professional,debit,reconciled,Final settlement,INR
TXN006277,2025-09-12,V0015,59107.29,Marketing,Marketing,debit,reconciled,Quarterly retainer,INR
TXN006278,2025-09-03,V0021,15611.6,Raw Materials,Purchases,debit,unreconciled,Monthly service charge,INR
TXN006279,2026-04-30,V0004,13298.4,IT Services,Technology,debit,reconciled,Repair and maintenance,INR
TXN006280,2025-10-24,V0031,27459.52,Raw Materials,Purchases,debit,reconciled,Bulk order advance,INR
TXN006281,2025-11-02,V0009,92899.91,IT Services,Technology,debit,reconciled,Utility bill,INR
TXN006282,2025-09-18,V0033,27061.46,Logistics,Operations,debit,reconciled,Freight charges,INR
TXN006283,2025-10-01,V0006,29430.07,Logistics,Operations,debit,reconciled,Freight charges,INR
TXN006284,2025-09-26,V0033,6250.73,Logistics,Operations,debit,unreconciled,Final settlement,INR
TXN006285,2025-10-05,V0037,7658.54,Travel,Travel,debit,unreconciled,Utility bill,INR
TXN006286,2026-03-26,V0030,20363.34,Manufacturing,Purchases,debit,unreconciled,Utility bill,INR
TXN006287,2026-05-08,V0036,7355.5,Professional Services,Admin & Professional,debit,reconciled,Annual contract,INR
TXN006288,2026-02-15,,475109.49,Salaries & Benefits,Bank Charges,debit,unreconciled,Subscription renewal,INR
TXN006289,2026-04-22,V0039,31657.73,Facilities,Operations,debit,reconciled,Quarterly retainer,INR
TXN006290,2025-11-12,V0009,11680.08,IT Services,Technology,debit,reconciled,Invoice payment,INR
TXN006291,2026-05-12,,4560.6,Office Supplies,Bank Charges,debit,unreconciled,Bulk order advance,INR
TXN006292,2026-05-25,V0039,8101.55,Facilities,Operations,debit,reconciled,Subscription renewal,INR
TXN006293,2026-07-31,V0033,31992.48,Logistics,Operations,debit,unreconciled,Invoice payment,INR
TXN006294,2026-01-08,V0037,24728.71,Travel,Travel,debit,reconciled,Subscription renewal,INR
TXN006295,2026-03-07,,264142.54,Salaries & Benefits,Bank Charges,debit,reconciled,Monthly service charge,INR
TXN006296,2025-10-18,V0012,23033.81,Raw Materials,Purchases,debit,reconciled,Monthly service charge,INR
TXN006297,2026-01-27,V0038,21097.11,Facilities,Operations,debit,pending,Freight charges,INR
TXN006298,2026-03-14,V0036,89091.41,Professional Services,Admin & Professional,debit,pending,Repair and maintenance,INR
TXN006299,2026-02-03,V0040,11669.55,Professional Services,Admin & Professional,debit,reconciled,Monthly service charge,INR
TXN006300,2026-03-20,V0031,2048.66,Raw Materials,Purchases,debit,reconciled,Quarterly retainer,INR
TXN006301,2026-07-23,V0029,75312.41,Professional Services,Admin & Professional,debit,reconciled,Utility bill,INR
TXN006302,2026-04-07,,1110.3,Bank Charges,Bank Charges,debit,reconciled,Subscription renewal,INR
TXN006303,2026-07-21,V0005,21420.13,Raw Materials,Purchases,debit,unreconciled,Monthly service charge,INR
TXN006304,2025-08-05,,812.16,Bank Charges,Bank Charges,debit,unreconciled,Annual contract,INR
TXN006305,2025-08-23,V0018,23021.55,Professional Services,Admin & Professional,debit,reconciled,Invoice payment,INR
TXN006306,2025-08-03,,895618.95,Rent,Bank Charges,debit,pending,Final settlement,INR
TXN006307,2025-11-14,V0004,61685.58,IT Services,Technology,debit,reconciled,Bulk order advance,INR
TXN006308,2026-04-17,V0040,8132.59,Professional Services,Admin & Professional,debit,reconciled,Final settlement,INR
TXN006309,2025-10-11,V0037,10551.35,Travel,Travel,debit,reconciled,Bulk order advance,INR
TXN006310,2026-06-29,V0035,24338.81,Travel,Travel,debit,reconciled,Utility bill,INR
TXN006311,2026-04-15,V0026,8808.9,Manufacturing,Purchases,debit,reconciled,Utility bill,INR
TXN006312,2026-06-17,V0031,51639.34,Raw Materials,Purchases,debit,pending,Utility bill,INR
TXN006313,2025-12-31,V0030,8026.96,Manufacturing,Purchases,debit,reconciled,Bulk order advance,INR
TXN006314,2026-04-09,V0034,29682.65,Packaging,Purchases,debit,unreconciled,Annual contract,INR
TXN006315,2026-07-13,V0037,25129.14,Travel,Travel,debit,reconciled,Final settlement,INR
TXN006316,2026-01-19,V0023,20335.57,Marketing,Marketing,debit,pending,Bulk order advance,INR
TXN006317,2026-06-14,V0023,46345.14,Marketing,Marketing,debit,reconciled,Annual contract,INR
TXN006318,2025-12-21,V0001,25544.58,Raw Materials,Purchases,debit,unreconciled,Freight charges,INR
TXN006319,2026-03-04,V0019,12822.56,Raw Materials,Purchases,debit,reconciled,Final settlement,INR
TXN006320,2026-01-03,V0029,15830.34,Professional Services,Admin & Professional,debit,reconciled,Subscription renewal,INR
TXN006321,2025-11-11,V0015,39836.47,Marketing,Marketing,debit,pending,Subscription renewal,INR
TXN006322,2026-01-09,,636912.19,Salaries & Benefits,Bank Charges,debit,reconciled,Annual contract,INR
TXN006323,2025-08-24,V0005,11604.61,Raw Materials,Purchases,debit,unreconciled,Repair and maintenance,INR
TXN006324,2026-06-30,V0001,73972.28,Raw Materials,Purchases,debit,reconciled,Annual contract,INR
TXN006325,2026-08-05,,352137.03,Rent,Bank Charges,debit,unreconciled,Utility bill,INR
TXN006326,2026-03-08,,435184.4,Rent,Bank Charges,debit,reconciled,Invoice payment,INR
TXN006327,2026-05-20,V0030,17098.03,Manufacturing,Purchases,debit,reconciled,Final settlement,INR
TXN006328,2026-07-25,V0029,35402.53,Professional Services,Admin & Professional,debit,reconciled,Repair and maintenance,INR
TXN006329,2025-10-22,V0001,22462.93,Raw Materials,Purchases,debit,reconciled,Invoice payment,INR
TXN006330,2026-06-15,V0022,29607.26,Logistics,Operations,debit,reconciled,Final settlement,INR
TXN006331,2026-05-13,V0022,20670.35,Logistics,Operations,debit,reconciled,Quarterly retainer,INR
TXN006332,2025-12-27,V0040,10300.31,Professional Services,Admin & Professional,debit,unreconciled,Annual contract,INR
TXN006333,2026-04-24,V0019,61799.56,Raw Materials,Purchases,debit,reconciled,Annual contract,INR
TXN006334,2025-11-12,V0007,55171.46,Professional Services,Admin & Professional,debit,pending,Freight charges,INR
TXN006335,2026-04-08,,767231.22,Rent,Bank Charges,debit,reconciled,Invoice payment,INR
TXN006336,2026-02-26,V0033,69167.37,Logistics,Operations,debit,pending,Monthly service charge,INR
TXN006337,2026-03-14,V0007,77734.57,Professional Services,Admin & Professional,debit,reconciled,Quarterly retainer,INR
TXN006338,2025-12-19,V0009,92822.54,IT Services,Technology,debit,reconciled,Final settlement,INR
TXN006339,2026-08-13,V0037,30296.53,Travel,Travel,debit,reconciled,Monthly service charge,INR
TXN006340,2026-01-09,V0025,46793.13,Logistics,Operations,debit,reconciled,Monthly service charge,INR
TXN006341,2025-11-09,V0040,28431.01,Professional Services,Admin & Professional,debit,reconciled,Bulk order advance,INR
TXN006342,2025-10-10,V0003,42315.18,Logistics,Operations,debit,reconciled,Monthly service charge,INR
TXN006343,2026-04-03,V0025,84418.24,Logistics,Operations,debit,reconciled,Quarterly retainer,INR
TXN006344,2025-10-20,V0034,2580.47,Packaging,Purchases,debit,pending,Quarterly retainer,INR
TXN006345,2025-11-10,V0037,87142.2,Travel,Travel,debit,reconciled,Annual contract,INR
TXN006346,2026-06-29,V0034,33363.39,Packaging,Purchases,debit,reconciled,Repair and maintenance,INR
TXN006347,2026-01-03,V0036,45714.33,Professional Services,Admin & Professional,debit,unreconciled,Quarterly retainer,INR
TXN006348,2026-04-15,V0034,10689.99,Packaging,Purchases,debit,reconciled,Annual contract,INR
TXN006349,2025-12-05,V0022,32624.75,Logistics,Operations,debit,pending,Freight charges,INR
TXN006350,2025-09-25,V0001,20165.99,Raw Materials,Purchases,debit,reconciled,Utility bill,INR
TXN006351,2025-10-01,,713889.0,Salaries & Benefits,Bank Charges,debit,reconciled,Utility bill,INR
TXN006352,2025-12-30,V0012,12184.35,Raw Materials,Purchases,debit,reconciled,Subscription renewal,INR
TXN006353,2026-07-25,V0009,97161.38,IT Services,Technology,debit,reconciled,Invoice payment,INR
TXN006354,2026-04-05,V0019,6078.89,Raw Materials,Purchases,debit,reconciled,Final settlement,INR
TXN006355,2026-06-20,V0025,14992.61,Logistics,Operations,debit,reconciled,Repair and maintenance,INR
TXN006356,2025-09-13,V0001,61702.35,Raw Materials,Purchases,debit,reconciled,Subscription renewal,INR
TXN006357,2026-03-25,V0036,38604.02,Professional Services,Admin & Professional,debit,reconciled,Monthly service charge,INR
TXN006358,2026-02-12,V0019,8947.97,Raw Materials,Purchases,debit,reconciled,Freight charges,INR
TXN006359,2026-05-16,V0037,83541.14,Travel,Travel,debit,reconciled,Utility bill,INR
TXN006360,2026-08-22,V0039,11132.27,Facilities,Operations,debit,reconciled,Annual contract,INR
TXN006361,2026-06-16,,1776.1,Bank Charges,Bank Charges,debit,reconciled,Bulk order advance,INR
TXN006362,2025-11-28,V0038,136399.8,Facilities,Operations,debit,pending,Repair and maintenance,INR
TXN006363,2025-11-01,V0036,37662.93,Professional Services,Admin & Professional,debit,reconciled,Freight charges,INR
TXN006364,2026-02-02,V0038,22547.06,Facilities,Operations,debit,reconciled,Quarterly retainer,INR
TXN006365,2026-07-11,V0025,24066.89,Logistics,Operations,debit,reconciled,Utility bill,INR
TXN006366,2025-08-22,V0017,4988.19,Manufacturing,Purchases,debit,reconciled,Invoice payment,INR
TXN006367,2026-06-21,V0029,54487.95,Professional Services,Admin & Professional,debit,reconciled,Subscription renewal,INR
TXN006368,2026-02-04,V0019,21192.23,Raw Materials,Purchases,debit,reconciled,Annual contract,INR
TXN006369,2026-06-07,V0037,31326.84,Travel,Travel,debit,reconciled,Quarterly retainer,INR
TXN006370,2025-09-23,V0040,10387.98,Professional Services,Admin & Professional,debit,reconciled,Bulk order advance,INR
TXN006371,2025-08-08,V0012,6312.24,Raw Materials,Purchases,debit,reconciled,Utility bill,INR
TXN006372,2025-08-21,V0007,91284.69,Professional Services,Admin & Professional,debit,unreconciled,Quarterly retainer,INR
TXN006373,2026-02-10,V0012,25319.86,Raw Materials,Purchases,debit,unreconciled,Invoice payment,INR
TXN006374,2025-10-27,V0025,44334.21,Logistics,Operations,debit,reconciled,Monthly service charge,INR
TXN006375,2025-10-28,V0031,43594.11,Raw Materials,Purchases,debit,reconciled,Repair and maintenance,INR
TXN006376,2026-04-10,,255515.49,Rent,Bank Charges,credit,reconciled,Annual contract,INR
TXN006377,2026-03-22,V0032,7980.67,Utilities,Utilities,debit,unreconciled,Bulk order advance,INR
TXN006378,2025-11-25,,2429.13,Bank Charges,Bank Charges,debit,reconciled,Bulk order advance,INR
TXN006379,2025-09-06,,1793.51,Bank Charges,Bank Charges,debit,unreconciled,Subscription renewal,INR
TXN006380,2026-04-05,,530324.16,Salaries & Benefits,Bank Charges,debit,reconciled,Utility bill,INR
TXN006381,2026-02-10,,200772.55,Rent,Bank Charges,debit,reconciled,Repair and maintenance,INR
TXN006382,2026-03-19,V0015,15805.84,Marketing,Marketing,debit,reconciled,Utility bill,INR
TXN006383,2026-03-03,V0004,29442.05,IT Services,Technology,debit,pending,Final settlement,INR
TXN006384,2026-02-07,V0040,13192.68,Professional Services,Admin & Professional,debit,reconciled,Utility bill,INR
TXN006385,2026-04-08,V0021,42916.65,Raw Materials,Purchases,debit,reconciled,Invoice payment,INR
TXN006386,2026-04-17,V0021,27902.69,Raw Materials,Purchases,debit,reconciled,Bulk order advance,INR
TXN006387,2026-02-18,V0016,24463.12,IT Services,Technology,debit,reconciled,Subscription renewal,INR
TXN006388,2026-04-26,V0030,7167.37,Manufacturing,Purchases,debit,reconciled,Quarterly retainer,INR
TXN006389,2025-11-21,V0025,23751.85,Logistics,Operations,debit,reconciled,Bulk order advance,INR
TXN006390,2026-08-05,V0005,11523.08,Raw Materials,Purchases,debit,reconciled,Utility bill,INR
TXN006391,2026-01-19,V0037,29106.06,Travel,Travel,debit,unreconciled,Subscription renewal,INR
TXN006392,2026-03-02,V0014,10728.54,Logistics,Operations,debit,unreconciled,Annual contract,INR
TXN006393,2025-12-26,,64221.6,Office Supplies,Bank Charges,debit,reconciled,Quarterly retainer,INR
TXN006394,2026-07-26,V0029,50881.65,Professional Services,Admin & Professional,debit,reconciled,Final settlement,INR
TXN006395,2026-02-10,V0006,5752.39,Logistics,Operations,debit,reconciled,Bulk order advance,INR
TXN006396,2025-08-25,V0034,10331.78,Packaging,Purchases,debit,reconciled,Monthly service charge,INR
TXN006397,2026-04-11,,2321.83,Bank Charges,Bank Charges,debit,reconciled,Repair and maintenance,INR
TXN006398,2026-07-31,V0021,33199.2,Raw Materials,Purchases,debit,reconciled,Annual contract,INR
TXN006399,2026-04-11,V0021,25821.24,Raw Materials,Purchases,debit,reconciled,Final settlement,INR
TXN006400,2026-05-21,,353469.01,Salaries & Benefits,Bank Charges,debit,reconciled,Final settlement,INR
TXN006401,2026-06-14,,135054.15,Office Supplies,Bank Charges,debit,reconciled,Freight charges,INR
TXN006402,2026-05-27,V0036,16690.38,Professional Services,Admin & Professional,debit,reconciled,Utility bill,INR
TXN006403,2025-11-18,,41541.25,Office Supplies,Bank Charges,debit,reconciled,Monthly service charge,INR
TXN006404,2026-02-07,,893428.22,Salaries & Benefits,Bank Charges,debit,reconciled,Invoice payment,INR
TXN006405,2025-09-15,V0003,15170.36,Logistics,Operations,debit,reconciled,Annual contract,INR
TXN006406,2026-02-17,V0039,33726.33,Facilities,Operations,debit,reconciled,Utility bill,INR
TXN006407,2026-01-22,V0004,27028.0,IT Services,Technology,debit,reconciled,Final settlement,INR
TXN006408,2025-11-30,V0005,28139.87,Raw Materials,Purchases,debit,reconciled,Final settlement,INR
TXN006409,2026-07-26,V0006,23102.34,Logistics,Operations,debit,unreconciled,Freight charges,INR
TXN006410,2025-11-25,V0001,37904.53,Raw Materials,Purchases,debit,reconciled,Invoice payment,INR
TXN006411,2026-05-18,V0019,57085.73,Raw Materials,Purchases,debit,pending,Final settlement,INR
TXN006412,2026-05-26,V0005,43131.75,Raw Materials,Purchases,debit,pending,Utility bill,INR
TXN006413,2025-10-09,V0012,37350.49,Raw Materials,Purchases,debit,pending,Bulk order advance,INR
TXN006414,2025-10-03,V0005,31621.15,Raw Materials,Purchases,debit,unreconciled,Invoice payment,INR
TXN006415,2026-07-22,V0038,34721.17,Facilities,Operations,debit,pending,Freight charges,INR
TXN006416,2026-08-08,V0011,32769.67,Marketing,Marketing,debit,reconciled,Freight charges,INR
TXN006417,2025-10-20,,849160.74,Salaries & Benefits,Bank Charges,debit,unreconciled,Bulk order advance,INR
TXN006418,2025-11-16,V0008,10150.74,Facilities,Operations,debit,reconciled,Freight charges,INR
TXN006419,2026-01-04,V0031,7969.08,Raw Materials,Purchases,debit,reconciled,Utility bill,INR
TXN006420,2026-04-21,V0032,3458.7,Utilities,Utilities,debit,unreconciled,Monthly service charge,INR
TXN006421,2026-01-10,V0007,28002.25,Professional Services,Admin & Professional,debit,reconciled,Annual contract,INR
TXN006422,2026-08-29,V0025,40998.04,Logistics,Operations,debit,reconciled,Freight charges,INR
TXN006423,2025-09-12,V0018,7019.19,Professional Services,Admin & Professional,debit,reconciled,Final settlement,INR
TXN006424,2026-07-17,V0007,16593.07,Professional Services,Admin & Professional,debit,reconciled,Repair and maintenance,INR
TXN006425,2026-03-18,V0036,81940.79,Professional Services,Admin & Professional,debit,reconciled,Bulk order advance,INR
TXN006426,2025-10-09,V0039,58779.32,Facilities,Operations,debit,reconciled,Repair and maintenance,INR
TXN006427,2026-04-21,V0030,36407.4,Manufacturing,Purchases,debit,reconciled,Bulk order advance,INR
TXN006428,2025-10-25,V0031,22000.31,Raw Materials,Purchases,debit,reconciled,Utility bill,INR
TXN006429,2026-08-02,V0005,16146.72,Raw Materials,Purchases,debit,reconciled,Invoice payment,INR
TXN006430,2026-02-04,,127651.58,Office Supplies,Bank Charges,debit,unreconciled,Invoice payment,INR
TXN006431,2026-02-20,V0030,97907.86,Manufacturing,Purchases,debit,unreconciled,Subscription renewal,INR
TXN006432,2025-08-01,V0001,37132.24,Raw Materials,Purchases,debit,reconciled,Utility bill,INR
TXN006433,2026-06-01,V0025,5534.01,Logistics,Operations,debit,reconciled,Quarterly retainer,INR
TXN006434,2026-02-26,V0039,11399.26,Facilities,Operations,debit,reconciled,Bulk order advance,INR
TXN006435,2026-05-22,V0029,21114.28,Professional Services,Admin & Professional,debit,reconciled,Subscription renewal,INR
TXN006436,2026-07-05,V0032,11470.21,Utilities,Utilities,debit,pending,Invoice payment,INR
TXN006437,2026-01-13,,26578.24,Office Supplies,Bank Charges,debit,pending,Annual contract,INR
TXN006438,2025-12-20,,2943.37,Bank Charges,Bank Charges,debit,pending,Subscription renewal,INR
TXN006439,2026-07-22,V0018,55070.59,Professional Services,Admin & Professional,debit,reconciled,Repair and maintenance,INR
TXN006440,2025-10-17,V0001,28054.57,Raw Materials,Purchases,debit,reconciled,Bulk order advance,INR
TXN006441,2026-04-21,,136988.31,Office Supplies,Bank Charges,debit,reconciled,Final settlement,INR
TXN006442,2025-09-30,,2902.52,Bank Charges,Bank Charges,debit,reconciled,Annual contract,INR
TXN006443,2026-02-23,,270970.4,Salaries & Benefits,Bank Charges,debit,unreconciled,Bulk order advance,INR
TXN006444,2025-10-03,V0034,34728.25,Packaging,Purchases,debit,reconciled,Quarterly retainer,INR
TXN006445,2026-06-24,V0006,21230.4,Logistics,Operations,debit,pending,Invoice payment,INR
TXN006446,2026-06-03,V0025,36397.69,Logistics,Operations,debit,reconciled,Monthly service charge,INR
TXN006447,2026-07-11,,775104.37,Rent,Bank Charges,debit,pending,Bulk order advance,INR
TXN006448,2025-11-01,V0029,34106.93,Professional Services,Admin & Professional,debit,pending,Subscription renewal,INR
TXN006449,2025-11-09,V0030,17006.68,Manufacturing,Purchases,debit,reconciled,Monthly service charge,INR
TXN006450,2025-09-18,V0029,16213.52,Professional Services,Admin & Professional,debit,unreconciled,Final settlement,INR
TXN006451,2025-09-12,V0038,104429.03,Facilities,Operations,debit,reconciled,Annual contract,INR
TXN006452,2025-08-05,,1224.79,Bank Charges,Bank Charges,debit,reconciled,Subscription renewal,INR
TXN006453,2026-04-06,V0007,125039.22,Professional Services,Admin & Professional,debit,reconciled,Utility bill,INR
TXN006454,2026-02-23,V0006,46994.43,Logistics,Operations,debit,reconciled,Utility bill,INR
TXN006455,2025-09-22,V0027,82737.25,Facilities,Operations,debit,reconciled,Bulk order advance,INR
TXN006456,2026-01-20,V0007,36791.2,Professional Services,Admin & Professional,debit,reconciled,Monthly service charge,INR
TXN006457,2025-09-08,V0015,4716.08,Marketing,Marketing,debit,reconciled,Invoice payment,INR
TXN006458,2026-02-16,,488995.72,Rent,Bank Charges,credit,unreconciled,Quarterly retainer,INR
TXN006459,2025-10-17,V0006,15756.97,Logistics,Operations,debit,reconciled,Utility bill,INR
TXN006460,2026-01-16,,784.35,Bank Charges,Bank Charges,debit,reconciled,Final settlement,INR
TXN006461,2026-04-22,V0039,61589.44,Facilities,Operations,debit,unreconciled,Utility bill,INR
TXN006462,2026-08-16,V0006,38268.96,Logistics,Operations,debit,unreconciled,Subscription renewal,INR
TXN006463,2025-11-28,V0030,39028.93,Manufacturing,Purchases,debit,reconciled,Subscription renewal,INR
TXN006464,2026-04-20,V0037,101741.26,Travel,Travel,debit,pending,Final settlement,INR
TXN006465,2026-08-21,V0032,4868.61,Utilities,Utilities,debit,unreconciled,Freight charges,INR
TXN006466,2025-12-29,V0022,30001.17,Logistics,Operations,debit,reconciled,Bulk order advance,INR
TXN006467,2026-04-19,V0038,58643.78,Facilities,Operations,debit,reconciled,Monthly service charge,INR
TXN006468,2026-07-04,V0039,19748.38,Facilities,Operations,debit,reconciled,Invoice payment,INR
TXN006469,2026-04-01,V0034,23013.8,Packaging,Purchases,debit,unreconciled,Invoice payment,INR
TXN006470,2025-10-22,V0026,9978.39,Manufacturing,Purchases,debit,reconciled,Annual contract,INR
TXN006471,2026-03-26,V0006,10465.3,Logistics,Operations,debit,reconciled,Utility bill,INR
TXN006472,2026-04-24,V0021,75318.54,Raw Materials,Purchases,debit,pending,Subscription renewal,INR
TXN006473,2025-10-02,V0037,25920.97,Travel,Travel,debit,unreconciled,Quarterly retainer,INR
TXN006474,2025-10-01,V0012,7028.66,Raw Materials,Purchases,debit,unreconciled,Freight charges,INR
TXN006475,2026-08-28,V0027,1641.47,Facilities,Operations,debit,reconciled,Annual contract,INR
TXN006476,2026-06-17,V0012,12919.05,Raw Materials,Purchases,debit,reconciled,Final settlement,INR
TXN006477,2026-07-01,V0003,26443.86,Logistics,Operations,debit,reconciled,Invoice payment,INR
TXN006478,2026-03-05,,763.71,Bank Charges,Bank Charges,debit,reconciled,Freight charges,INR
TXN006479,2025-09-03,V0005,35853.88,Raw Materials,Purchases,debit,reconciled,Final settlement,INR
TXN006480,2026-06-08,V0031,5045.31,Raw Materials,Purchases,debit,reconciled,Utility bill,INR
TXN006481,2026-05-15,,641987.89,Rent,Bank Charges,debit,reconciled,Repair and maintenance,INR
TXN006482,2025-09-24,V0015,13996.58,Marketing,Marketing,debit,unreconciled,Utility bill,INR
TXN006483,2026-06-10,V0019,15690.83,Raw Materials,Purchases,debit,reconciled,Quarterly retainer,INR
TXN006484,2025-09-10,,19376.68,Office Supplies,Bank Charges,debit,unreconciled,Bulk order advance,INR
TXN006485,2025-12-28,V0034,28911.19,Packaging,Purchases,debit,reconciled,Monthly service charge,INR
TXN006486,2026-02-06,V0029,38357.28,Professional Services,Admin & Professional,debit,reconciled,Annual contract,INR
TXN006487,2026-03-27,V0033,51538.25,Logistics,Operations,debit,reconciled,Annual contract,INR
TXN006488,2026-07-22,,1299.57,Bank Charges,Bank Charges,debit,pending,Quarterly retainer,INR
TXN006489,2026-08-20,V0025,14679.68,Logistics,Operations,debit,pending,Annual contract,INR
TXN006490,2026-03-13,V0023,66930.24,Marketing,Marketing,debit,reconciled,Invoice payment,INR
TXN006491,2025-12-11,V0034,41364.22,Packaging,Purchases,debit,reconciled,Invoice payment,INR
TXN006492,2026-02-26,V0005,20675.11,Raw Materials,Purchases,debit,reconciled,Subscription renewal,INR
TXN006493,2026-01-05,,75783.29,Office Supplies,Bank Charges,debit,reconciled,Quarterly retainer,INR
TXN006494,2025-09-12,V0016,35512.98,IT Services,Technology,debit,unreconciled,Bulk order advance,INR
TXN006495,2026-04-28,V0015,7293.68,Marketing,Marketing,debit,reconciled,Repair and maintenance,INR
TXN006496,2025-08-22,V0030,90610.62,Manufacturing,Purchases,debit,unreconciled,Annual contract,INR
TXN006497,2025-11-15,,541532.32,Salaries & Benefits,Bank Charges,debit,reconciled,Quarterly retainer,INR
TXN006498,2026-02-17,V0032,6738.78,Utilities,Utilities,debit,unreconciled,Bulk order advance,INR
TXN006499,2025-12-30,V0022,6901.25,Logistics,Operations,debit,reconciled,Monthly service charge,INR
TXN006500,2026-07-06,V0039,14434.17,Facilities,Operations,debit,reconciled,Quarterly retainer,INR
TXN006501,2026-07-02,,512349.27,Salaries & Benefits,Bank Charges,debit,reconciled,Invoice payment,INR
TXN006502,2026-08-10,V0028,29890.0,Raw Materials,Purchases,debit,reconciled,Bulk order advance,INR
TXN006503,2026-07-30,,1167.35,Bank Charges,Bank Charges,credit,unreconciled,Annual contract,INR
TXN006504,2026-07-19,,2791.44,Bank Charges,Bank Charges,debit,reconciled,Annual contract,INR
TXN006505,2026-07-23,V0025,17120.68,Logistics,Operations,debit,reconciled,Bulk order advance,INR
TXN006506,2026-05-27,V0036,6610.98,Professional Services,Admin & Professional,debit,reconciled,Subscription renewal,INR
TXN006507,2026-05-06,V0033,12750.31,Logistics,Operations,debit,reconciled,Subscription renewal,INR
TXN006508,2025-08-11,V0021,6134.52,Raw Materials,Purchases,debit,pending,Quarterly retainer,INR
TXN006509,2026-03-26,,1391.14,Bank Charges,Bank Charges,debit,reconciled,Utility bill,INR
TXN006510,2026-03-09,V0038,51896.44,Facilities,Operations,debit,reconciled,Repair and maintenance,INR
TXN006511,2026-02-23,,344308.13,Salaries & Benefits,Bank Charges,debit,reconciled,Subscription renewal,INR
TXN006512,2026-05-04,V0025,159106.83,Logistics,Operations,debit,reconciled,Repair and maintenance,INR
TXN006513,2025-08-13,V0007,33357.06,Professional Services,Admin & Professional,debit,unreconciled,Annual contract,INR
TXN006514,2026-06-19,V0035,43575.47,Travel,Travel,debit,reconciled,Invoice payment,INR
TXN006515,2026-03-09,,323185.67,Rent,Bank Charges,debit,reconciled,Subscription renewal,INR
TXN006516,2026-03-31,,888897.64,Salaries & Benefits,Bank Charges,debit,reconciled,Invoice payment,INR
TXN006517,2026-03-15,V0019,26456.97,Raw Materials,Purchases,debit,unreconciled,Bulk order advance,INR
TXN006518,2025-10-16,,52335.56,Office Supplies,Bank Charges,debit,reconciled,Subscription renewal,INR
TXN006519,2026-08-22,,1836.9,Bank Charges,Bank Charges,debit,reconciled,Annual contract,INR
TXN006520,2026-08-08,,220474.82,Rent,Bank Charges,debit,reconciled,Bulk order advance,INR
TXN006521,2025-08-14,V0037,74287.11,Travel,Travel,debit,unreconciled,Annual contract,INR
TXN006522,2025-12-16,V0025,17918.71,Logistics,Operations,debit,unreconciled,Subscription renewal,INR
TXN006523,2025-09-28,V0019,38582.5,Raw Materials,Purchases,debit,reconciled,Freight charges,INR
TXN006524,2026-03-27,V0031,73346.79,Raw Materials,Purchases,debit,unreconciled,Invoice payment,INR
TXN006525,2026-01-17,V0025,51747.1,Logistics,Operations,debit,unreconciled,Utility bill,INR
TXN006526,2026-07-09,V0036,17788.02,Professional Services,Admin & Professional,debit,unreconciled,Repair and maintenance,INR
TXN006527,2026-03-18,V0012,10372.35,Raw Materials,Purchases,debit,reconciled,Utility bill,INR
TXN006528,2026-01-06,,71685.29,Office Supplies,Bank Charges,debit,reconciled,Utility bill,INR
TXN006529,2025-10-30,,248571.24,Salaries & Benefits,Bank Charges,debit,reconciled,Bulk order advance,INR
TXN006530,2026-05-18,V0022,44853.81,Logistics,Operations,debit,reconciled,Subscription renewal,INR
TXN006531,2025-12-23,,67247.9,Office Supplies,Bank Charges,debit,reconciled,Monthly service charge,INR
TXN006532,2026-08-16,V0037,39939.57,Travel,Travel,debit,unreconciled,Annual contract,INR
TXN006533,2026-03-22,V0003,49974.01,Logistics,Operations,debit,reconciled,Monthly service charge,INR
TXN006534,2025-10-01,V0030,12669.82,Manufacturing,Purchases,debit,reconciled,Monthly service charge,INR
TXN006535,2025-09-19,V0029,18448.29,Professional Services,Admin & Professional,debit,reconciled,Invoice payment,INR
TXN006536,2026-06-15,V0033,36572.23,Logistics,Operations,debit,unreconciled,Freight charges,INR
TXN006537,2026-08-28,V0021,36902.18,Raw Materials,Purchases,debit,unreconciled,Subscription renewal,INR
TXN006538,2025-11-15,,260175.01,Rent,Bank Charges,debit,unreconciled,Freight charges,INR
TXN006539,2025-10-29,V0029,37086.16,Professional Services,Admin & Professional,debit,reconciled,Invoice payment,INR
TXN006540,2026-04-20,V0039,22028.01,Facilities,Operations,debit,reconciled,Bulk order advance,INR
TXN006541,2026-03-15,,101711.25,Office Supplies,Bank Charges,debit,unreconciled,Freight charges,INR
TXN006542,2025-12-16,V0008,32193.14,Facilities,Operations,debit,reconciled,Final settlement,INR
TXN006543,2025-10-01,V0038,23114.53,Facilities,Operations,debit,unreconciled,Monthly service charge,INR
TXN006544,2025-08-18,V0040,9815.17,Professional Services,Admin & Professional,debit,reconciled,Final settlement,INR
TXN006545,2025-12-26,,2286.2,Bank Charges,Bank Charges,debit,reconciled,Annual contract,INR
TXN006546,2026-04-07,,1645.11,Bank Charges,Bank Charges,debit,reconciled,Monthly service charge,INR
TXN006547,2025-09-24,V0033,12470.15,Logistics,Operations,debit,reconciled,Bulk order advance,INR
TXN006548,2026-05-31,V0030,64262.74,Manufacturing,Purchases,debit,reconciled,Quarterly retainer,INR
TXN006549,2025-11-17,V0012,23507.27,Raw Materials,Purchases,debit,unreconciled,Annual contract,INR
TXN006550,2026-03-23,,592381.1,Rent,Bank Charges,debit,unreconciled,Annual contract,INR
TXN006551,2025-09-04,V0021,25188.94,Raw Materials,Purchases,debit,reconciled,Utility bill,INR
TXN006552,2026-07-20,V0024,11194.81,IT Services,Technology,debit,reconciled,Quarterly retainer,INR
TXN006553,2026-07-08,V0007,46572.47,Professional Services,Admin & Professional,debit,reconciled,Freight charges,INR
TXN006554,2026-02-23,V0022,9356.2,Logistics,Operations,debit,reconciled,Final settlement,INR
TXN006555,2026-05-11,,65267.75,Office Supplies,Bank Charges,debit,unreconciled,Freight charges,INR
TXN006556,2025-12-22,V0016,27902.72,IT Services,Technology,debit,reconciled,Invoice payment,INR
TXN006557,2026-02-24,V0006,43941.61,Logistics,Operations,debit,reconciled,Annual contract,INR
TXN006558,2026-04-10,V0006,83474.03,Logistics,Operations,debit,reconciled,Bulk order advance,INR
TXN006559,2026-05-16,V0005,25652.69,Raw Materials,Purchases,debit,reconciled,Subscription renewal,INR
TXN006560,2025-12-15,V0017,45471.37,Manufacturing,Purchases,debit,pending,Annual contract,INR
TXN006561,2026-08-06,V0032,25671.09,Utilities,Utilities,debit,reconciled,Repair and maintenance,INR
TXN006562,2026-05-14,V0040,19966.92,Professional Services,Admin & Professional,debit,reconciled,Monthly service charge,INR
TXN006563,2026-01-05,,65913.44,Office Supplies,Bank Charges,debit,reconciled,Bulk order advance,INR
TXN006564,2026-01-18,V0012,42023.45,Raw Materials,Purchases,debit,unreconciled,Subscription renewal,INR
TXN006565,2026-04-04,V0037,15912.81,Travel,Travel,debit,reconciled,Subscription renewal,INR
TXN006566,2025-09-30,V0032,20902.43,Utilities,Utilities,debit,unreconciled,Monthly service charge,INR
TXN006567,2026-04-11,V0016,18386.95,IT Services,Technology,debit,reconciled,Invoice payment,INR
TXN006568,2026-04-24,V0026,8152.56,Manufacturing,Purchases,debit,reconciled,Annual contract,INR
TXN006569,2025-11-13,V0036,37414.19,Professional Services,Admin & Professional,debit,reconciled,Bulk order advance,INR
TXN006570,2026-01-28,V0039,8110.24,Facilities,Operations,debit,unreconciled,Monthly service charge,INR
TXN006571,2025-10-14,,596266.48,Salaries & Benefits,Bank Charges,debit,reconciled,Utility bill,INR
TXN006572,2025-08-28,,113030.8,Office Supplies,Bank Charges,debit,unreconciled,Invoice payment,INR
TXN006573,2026-02-09,V0033,2650.71,Logistics,Operations,debit,reconciled,Utility bill,INR
TXN006574,2026-01-10,V0016,180642.81,IT Services,Technology,debit,reconciled,Repair and maintenance,INR
TXN006575,2026-04-09,,379630.06,Salaries & Benefits,Bank Charges,debit,reconciled,Annual contract,INR
TXN006576,2026-05-30,V0015,53425.57,Marketing,Marketing,debit,reconciled,Repair and maintenance,INR
TXN006577,2025-09-08,V0036,39316.69,Professional Services,Admin & Professional,debit,reconciled,Repair and maintenance,INR
TXN006578,2026-06-02,V0021,12933.29,Raw Materials,Purchases,debit,reconciled,Quarterly retainer,INR
TXN006579,2026-07-03,V0016,35808.26,IT Services,Technology,debit,reconciled,Subscription renewal,INR
TXN006580,2026-06-29,,227507.73,Rent,Bank Charges,debit,reconciled,Quarterly retainer,INR
TXN006581,2025-11-22,,553725.64,Rent,Bank Charges,debit,reconciled,Quarterly retainer,INR
TXN006582,2026-08-01,V0021,15322.09,Raw Materials,Purchases,debit,reconciled,Subscription renewal,INR
TXN006583,2026-06-05,V0004,119685.38,IT Services,Technology,debit,reconciled,Repair and maintenance,INR
TXN006584,2025-09-21,V0022,156413.08,Logistics,Operations,debit,reconciled,Monthly service charge,INR
TXN006585,2026-07-22,,94696.6,Office Supplies,Bank Charges,debit,reconciled,Monthly service charge,INR
TXN006586,2026-07-23,V0031,9202.23,Raw Materials,Purchases,debit,reconciled,Invoice payment,INR
TXN006587,2025-10-17,V0036,67064.56,Professional Services,Admin & Professional,debit,reconciled,Repair and maintenance,INR
TXN006588,2025-12-10,V0034,50745.17,Packaging,Purchases,debit,pending,Freight charges,INR
TXN006589,2025-09-16,V0005,8323.96,Raw Materials,Purchases,debit,reconciled,Final settlement,INR
TXN006590,2026-04-19,V0039,50267.94,Facilities,Operations,debit,reconciled,Annual contract,INR
TXN006591,2026-01-29,V0025,20208.53,Logistics,Operations,debit,unreconciled,Final settlement,INR
TXN006592,2025-11-12,V0035,29802.99,Travel,Travel,debit,reconciled,Quarterly retainer,INR
TXN006593,2026-05-21,V0007,18312.93,Professional Services,Admin & Professional,debit,reconciled,Annual contract,INR
TXN006594,2025-11-03,,805942.47,Salaries & Benefits,Bank Charges,debit,reconciled,Invoice payment,INR
TXN006595,2026-04-26,V0015,91346.5,Marketing,Marketing,debit,reconciled,Utility bill,INR
TXN006596,2026-03-07,V0036,52015.69,Professional Services,Admin & Professional,debit,reconciled,Subscription renewal,INR
TXN006597,2026-08-18,V0010,9666.85,Packaging,Purchases,debit,reconciled,Monthly service charge,INR
TXN006598,2025-08-05,V0039,25892.17,Facilities,Operations,debit,reconciled,Quarterly retainer,INR
TXN006599,2026-01-17,V0040,5876.08,Professional Services,Admin & Professional,debit,reconciled,Final settlement,INR
TXN006600,2026-07-27,V0033,69637.52,Logistics,Operations,debit,unreconciled,Annual contract,INR
TXN006601,2026-07-06,V0029,12602.37,Professional Services,Admin & Professional,debit,pending,Repair and maintenance,INR
TXN006602,2025-11-19,,779855.52,Rent,Bank Charges,debit,unreconciled,Monthly service charge,INR
TXN006603,2026-01-22,V0004,6779.84,IT Services,Technology,debit,reconciled,Bulk order advance,INR
TXN006604,2025-10-23,V0023,24583.66,Marketing,Marketing,debit,unreconciled,Utility bill,INR
TXN006605,2026-03-17,V0021,19194.35,Raw Materials,Purchases,debit,reconciled,Annual contract,INR
TXN006606,2026-05-06,V0007,20303.04,Professional Services,Admin & Professional,debit,unreconciled,Freight charges,INR
TXN006607,2026-03-26,V0022,155204.73,Logistics,Operations,debit,reconciled,Repair and maintenance,INR
TXN006608,2025-08-21,V0025,37406.64,Logistics,Operations,debit,reconciled,Final settlement,INR
TXN006609,2025-12-24,V0004,188993.48,IT Services,Technology,debit,pending,Utility bill,INR
TXN006610,2025-11-13,V0029,8296.89,Professional Services,Admin & Professional,debit,pending,Repair and maintenance,INR
TXN006611,2026-02-18,V0004,72165.03,IT Services,Technology,debit,reconciled,Invoice payment,INR
TXN006612,2026-07-03,V0025,6776.97,Logistics,Operations,debit,reconciled,Monthly service charge,INR
TXN006613,2025-12-05,,6499.95,Office Supplies,Bank Charges,debit,reconciled,Monthly service charge,INR
TXN006614,2025-09-07,V0022,13501.91,Logistics,Operations,debit,reconciled,Freight charges,INR
TXN006615,2026-07-17,V0018,10623.17,Professional Services,Admin & Professional,debit,reconciled,Bulk order advance,INR
TXN006616,2026-07-21,V0019,93193.42,Raw Materials,Purchases,debit,reconciled,Subscription renewal,INR
TXN006617,2026-08-30,V0018,18611.64,Professional Services,Admin & Professional,debit,reconciled,Freight charges,INR
TXN006618,2026-03-19,V0014,104410.15,Logistics,Operations,debit,reconciled,Final settlement,INR
TXN006619,2026-05-06,V0039,32866.27,Facilities,Operations,debit,reconciled,Bulk order advance,INR
TXN006620,2026-01-07,V0015,12669.62,Marketing,Marketing,debit,reconciled,Repair and maintenance,INR
TXN006621,2025-11-02,V0019,14116.13,Raw Materials,Purchases,debit,reconciled,Annual contract,INR
TXN006622,2025-08-05,V0015,39078.11,Marketing,Marketing,debit,reconciled,Monthly service charge,INR
TXN006623,2026-08-02,V0036,64992.91,Professional Services,Admin & Professional,debit,reconciled,Monthly service charge,INR
TXN006624,2026-06-18,V0035,166257.33,Travel,Travel,debit,unreconciled,Invoice payment,INR
TXN006625,2026-05-13,V0012,17198.51,Raw Materials,Purchases,debit,reconciled,Freight charges,INR
TXN006626,2025-12-05,V0037,5230.63,Travel,Travel,debit,reconciled,Repair and maintenance,INR
TXN006627,2025-12-06,V0040,36394.55,Professional Services,Admin & Professional,debit,reconciled,Subscription renewal,INR
TXN006628,2025-11-04,V0022,17104.74,Logistics,Operations,debit,reconciled,Repair and maintenance,INR
TXN006629,2025-11-22,V0038,15929.14,Facilities,Operations,debit,reconciled,Annual contract,INR
TXN006630,2026-03-22,V0022,73272.12,Logistics,Operations,debit,reconciled,Subscription renewal,INR
TXN006631,2025-12-10,V0019,9820.21,Raw Materials,Purchases,debit,reconciled,Invoice payment,INR
TXN006632,2026-05-29,V0018,30408.71,Professional Services,Admin & Professional,debit,pending,Utility bill,INR
TXN006633,2025-09-01,V0015,10522.65,Marketing,Marketing,debit,reconciled,Annual contract,INR
TXN006634,2025-11-12,V0033,47965.97,Logistics,Operations,debit,unreconciled,Quarterly retainer,INR
TXN006635,2025-09-23,,225899.88,Rent,Bank Charges,debit,unreconciled,Freight charges,INR
TXN006636,2026-01-30,,305186.71,Rent,Bank Charges,debit,reconciled,Monthly service charge,INR
TXN006637,2025-12-06,V0005,6444.27,Raw Materials,Purchases,debit,reconciled,Utility bill,INR
TXN006638,2025-09-07,V0029,33407.19,Professional Services,Admin & Professional,debit,reconciled,Invoice payment,INR
TXN006639,2026-05-12,,218.92,Bank Charges,Bank Charges,debit,reconciled,Repair and maintenance,INR
TXN006640,2025-09-09,V0011,15906.48,Marketing,Marketing,debit,reconciled,Bulk order advance,INR
TXN006641,2026-03-16,V0039,17251.12,Facilities,Operations,debit,reconciled,Invoice payment,INR
TXN006642,2025-10-16,V0029,17750.12,Professional Services,Admin & Professional,debit,reconciled,Invoice payment,INR
TXN006643,2025-10-24,V0006,22647.44,Logistics,Operations,debit,pending,Monthly service charge,INR
TXN006644,2026-04-10,V0007,11643.56,Professional Services,Admin & Professional,debit,reconciled,Annual contract,INR
TXN006645,2026-04-11,V0018,20854.21,Professional Services,Admin & Professional,debit,pending,Bulk order advance,INR
TXN006646,2026-01-31,V0038,235947.61,Facilities,Operations,debit,unreconciled,Bulk order advance,INR
TXN006647,2026-02-24,,83762.75,Office Supplies,Bank Charges,credit,reconciled,Quarterly retainer,INR
TXN006648,2026-05-23,V0021,21831.81,Raw Materials,Purchases,debit,reconciled,Repair and maintenance,INR
TXN006649,2025-10-29,V0029,25271.84,Professional Services,Admin & Professional,debit,reconciled,Final settlement,INR
TXN006650,2026-02-09,V0019,14723.93,Raw Materials,Purchases,debit,reconciled,Utility bill,INR
TXN006651,2026-03-14,,404068.37,Salaries & Benefits,Bank Charges,debit,reconciled,Utility bill,INR
TXN006652,2026-04-15,,1779.09,Bank Charges,Bank Charges,debit,reconciled,Annual contract,INR
TXN006653,2026-08-21,,870471.68,Salaries & Benefits,Bank Charges,debit,unreconciled,Bulk order advance,INR
TXN006654,2025-09-03,V0034,73653.62,Packaging,Purchases,debit,pending,Invoice payment,INR
TXN006655,2026-08-24,,1655.08,Bank Charges,Bank Charges,debit,reconciled,Bulk order advance,INR
TXN006656,2025-08-26,V0022,27723.31,Logistics,Operations,debit,reconciled,Bulk order advance,INR
TXN006657,2025-09-28,,806174.27,Salaries & Benefits,Bank Charges,debit,reconciled,Subscription renewal,INR
TXN006658,2026-06-09,V0033,8519.59,Logistics,Operations,debit,reconciled,Utility bill,INR
TXN006659,2025-11-29,V0007,33306.87,Professional Services,Admin & Professional,debit,pending,Freight charges,INR
TXN006660,2026-01-10,V0039,49912.09,Facilities,Operations,debit,pending,Utility bill,INR
TXN006661,2026-04-22,V0031,56818.63,Raw Materials,Purchases,debit,reconciled,Bulk order advance,INR
TXN006662,2026-08-29,V0026,24334.99,Manufacturing,Purchases,debit,reconciled,Final settlement,INR
TXN006663,2026-05-08,V0033,29605.29,Logistics,Operations,debit,reconciled,Quarterly retainer,INR
TXN006664,2026-08-17,V0031,8698.8,Raw Materials,Purchases,debit,unreconciled,Final settlement,INR
TXN006665,2026-03-30,V0036,15211.76,Professional Services,Admin & Professional,debit,reconciled,Utility bill,INR
TXN006666,2026-07-31,V0030,10659.46,Manufacturing,Purchases,debit,reconciled,Repair and maintenance,INR
TXN006667,2025-11-30,V0011,135656.44,Marketing,Marketing,debit,reconciled,Freight charges,INR
TXN006668,2025-08-18,V0007,54882.76,Professional Services,Admin & Professional,debit,reconciled,Invoice payment,INR
TXN006669,2025-09-30,V0040,26199.49,Professional Services,Admin & Professional,debit,reconciled,Annual contract,INR
TXN006670,2025-11-10,V0037,160401.2,Travel,Travel,debit,unreconciled,Utility bill,INR
TXN006671,2026-08-05,V0032,63288.25,Utilities,Utilities,debit,reconciled,Bulk order advance,INR
TXN006672,2026-08-03,V0034,22562.37,Packaging,Purchases,debit,pending,Freight charges,INR
TXN006673,2026-05-02,V0006,38973.38,Logistics,Operations,debit,unreconciled,Quarterly retainer,INR
TXN006674,2025-08-15,,1641.08,Bank Charges,Bank Charges,debit,reconciled,Repair and maintenance,INR
TXN006675,2026-07-12,V0007,12175.1,Professional Services,Admin & Professional,debit,reconciled,Utility bill,INR
TXN006676,2025-08-29,V0036,29107.61,Professional Services,Admin & Professional,debit,unreconciled,Utility bill,INR
TXN006677,2025-12-04,V0015,21434.82,Marketing,Marketing,debit,reconciled,Bulk order advance,INR
TXN006678,2026-07-15,V0006,11382.94,Logistics,Operations,debit,unreconciled,Monthly service charge,INR
TXN006679,2026-02-02,V0018,71656.34,Professional Services,Admin & Professional,debit,reconciled,Final settlement,INR
TXN006680,2026-01-08,V0007,18698.81,Professional Services,Admin & Professional,debit,reconciled,Quarterly retainer,INR
TXN006681,2025-09-05,,868727.63,Rent,Bank Charges,debit,pending,Monthly service charge,INR
TXN006682,2026-08-20,V0015,19002.84,Marketing,Marketing,debit,pending,Final settlement,INR
TXN006683,2026-01-18,V0022,34405.3,Logistics,Operations,debit,reconciled,Freight charges,INR
TXN006684,2025-11-29,,94157.03,Office Supplies,Bank Charges,debit,unreconciled,Bulk order advance,INR
TXN006685,2026-03-14,V0001,41738.84,Raw Materials,Purchases,debit,reconciled,Final settlement,INR
TXN006686,2025-09-03,V0006,54223.33,Logistics,Operations,debit,reconciled,Quarterly retainer,INR
TXN006687,2026-04-30,V0026,100801.65,Manufacturing,Purchases,debit,unreconciled,Utility bill,INR
TXN006688,2025-11-13,V0006,6509.4,Logistics,Operations,debit,pending,Final settlement,INR
TXN006689,2026-08-22,,2123.53,Bank Charges,Bank Charges,debit,unreconciled,Monthly service charge,INR
TXN006690,2025-08-26,V0032,128652.18,Utilities,Utilities,debit,reconciled,Final settlement,INR
TXN006691,2026-06-01,V0025,8927.16,Logistics,Operations,debit,reconciled,Subscription renewal,INR
TXN006692,2025-11-19,V0016,14162.8,IT Services,Technology,debit,reconciled,Invoice payment,INR
TXN006693,2026-07-20,V0017,20117.21,Manufacturing,Purchases,debit,reconciled,Final settlement,INR
TXN006694,2026-05-27,V0035,133752.27,Travel,Travel,debit,reconciled,Annual contract,INR
TXN006695,2026-08-10,V0007,72461.05,Professional Services,Admin & Professional,debit,reconciled,Quarterly retainer,INR
TXN006696,2026-07-27,V0025,36988.97,Logistics,Operations,debit,unreconciled,Monthly service charge,INR
TXN006697,2026-07-14,V0039,116896.85,Facilities,Operations,debit,pending,Subscription renewal,INR
TXN006698,2025-11-28,V0009,67104.18,IT Services,Technology,debit,unreconciled,Utility bill,INR
TXN006699,2026-06-02,,177938.56,Salaries & Benefits,Bank Charges,debit,unreconciled,Bulk order advance,INR
TXN006700,2025-08-26,V0022,12914.47,Logistics,Operations,debit,pending,Utility bill,INR
TXN006701,2026-03-11,V0018,32541.15,Professional Services,Admin & Professional,debit,reconciled,Repair and maintenance,INR
TXN006702,2026-07-07,V0031,26159.74,Raw Materials,Purchases,debit,pending,Repair and maintenance,INR
TXN006703,2026-03-22,,6183.39,Office Supplies,Bank Charges,debit,reconciled,Repair and maintenance,INR
TXN006704,2026-05-09,,1684.38,Bank Charges,Bank Charges,debit,reconciled,Bulk order advance,INR
TXN006705,2025-12-14,V0007,49120.78,Professional Services,Admin & Professional,debit,reconciled,Final settlement,INR
TXN006706,2026-02-06,V0001,33189.05,Raw Materials,Purchases,debit,reconciled,Invoice payment,INR
TXN006707,2025-10-25,V0034,88128.76,Packaging,Purchases,debit,reconciled,Final settlement,INR
TXN006708,2026-05-18,V0034,23195.69,Packaging,Purchases,debit,reconciled,Quarterly retainer,INR
TXN006709,2026-06-15,V0018,54787.21,Professional Services,Admin & Professional,debit,reconciled,Repair and maintenance,INR
TXN006710,2026-07-07,V0006,8823.84,Logistics,Operations,debit,unreconciled,Repair and maintenance,INR
TXN006711,2026-04-24,V0032,11564.41,Utilities,Utilities,debit,unreconciled,Freight charges,INR
TXN006712,2026-04-01,V0019,41564.02,Raw Materials,Purchases,debit,reconciled,Monthly service charge,INR
TXN006713,2026-01-13,V0031,28853.69,Raw Materials,Purchases,debit,unreconciled,Quarterly retainer,INR
TXN006714,2026-07-08,,1659.24,Bank Charges,Bank Charges,debit,reconciled,Bulk order advance,INR
TXN006715,2026-04-17,V0009,26792.54,IT Services,Technology,debit,reconciled,Utility bill,INR
TXN006716,2025-11-18,,737303.71,Rent,Bank Charges,debit,reconciled,Quarterly retainer,INR
TXN006717,2026-03-06,V0009,8255.67,IT Services,Technology,debit,reconciled,Bulk order advance,INR
TXN006718,2026-04-09,V0033,42175.29,Logistics,Operations,debit,unreconciled,Annual contract,INR
TXN006719,2025-12-03,,67417.51,Office Supplies,Bank Charges,debit,reconciled,Bulk order advance,INR
TXN006720,2025-08-31,V0038,6579.11,Facilities,Operations,debit,unreconciled,Utility bill,INR
TXN006721,2026-01-21,V0025,13441.15,Logistics,Operations,debit,reconciled,Annual contract,INR
TXN006722,2026-04-04,V0040,14601.96,Professional Services,Admin & Professional,debit,reconciled,Bulk order advance,INR
TXN006723,2025-10-04,V0007,9277.33,Professional Services,Admin & Professional,debit,unreconciled,Annual contract,INR
TXN006724,2025-11-14,V0011,39508.58,Marketing,Marketing,debit,unreconciled,Annual contract,INR
TXN006725,2026-04-19,V0015,24759.11,Marketing,Marketing,debit,reconciled,Invoice payment,INR
TXN006726,2026-03-09,,594091.66,Salaries & Benefits,Bank Charges,debit,reconciled,Freight charges,INR
TXN006727,2025-08-11,,584676.69,Rent,Bank Charges,debit,reconciled,Quarterly retainer,INR
TXN006728,2026-08-10,V0033,72576.32,Logistics,Operations,debit,reconciled,Quarterly retainer,INR
TXN006729,2026-05-25,,612173.7,Rent,Bank Charges,debit,reconciled,Subscription renewal,INR
TXN006730,2026-03-30,V0034,13311.73,Packaging,Purchases,debit,pending,Utility bill,INR
TXN006731,2026-06-24,V0011,26723.27,Marketing,Marketing,debit,reconciled,Bulk order advance,INR
TXN006732,2025-09-03,V0022,183939.92,Logistics,Operations,debit,unreconciled,Final settlement,INR
TXN006733,2026-01-31,V0012,131172.83,Raw Materials,Purchases,debit,pending,Monthly service charge,INR
TXN006734,2026-01-01,,784192.88,Salaries & Benefits,Bank Charges,debit,reconciled,Monthly service charge,INR
TXN006735,2026-05-31,V0022,29140.6,Logistics,Operations,debit,reconciled,Monthly service charge,INR
TXN006736,2026-04-08,,109843.5,Office Supplies,Bank Charges,debit,reconciled,Utility bill,INR
TXN006737,2025-11-23,,544144.84,Salaries & Benefits,Bank Charges,debit,reconciled,Invoice payment,INR
TXN006738,2026-07-27,V0030,14101.83,Manufacturing,Purchases,debit,reconciled,Quarterly retainer,INR
TXN006739,2026-06-30,V0018,36382.61,Professional Services,Admin & Professional,debit,reconciled,Final settlement,INR
TXN006740,2026-03-06,V0012,54788.02,Raw Materials,Purchases,debit,reconciled,Annual contract,INR
TXN006741,2026-07-02,,427116.55,Rent,Bank Charges,debit,reconciled,Invoice payment,INR
TXN006742,2026-08-19,V0018,14510.35,Professional Services,Admin & Professional,debit,reconciled,Invoice payment,INR
TXN006743,2026-06-16,,2976.85,Bank Charges,Bank Charges,debit,reconciled,Final settlement,INR
TXN006744,2026-08-20,V0017,61626.1,Manufacturing,Purchases,debit,unreconciled,Freight charges,INR
TXN006745,2026-02-23,V0015,21008.06,Marketing,Marketing,debit,reconciled,Annual contract,INR
TXN006746,2025-10-08,V0023,13511.7,Marketing,Marketing,debit,reconciled,Freight charges,INR
TXN006747,2025-10-09,V0033,8083.67,Logistics,Operations,debit,reconciled,Bulk order advance,INR
TXN006748,2025-10-29,V0025,26537.59,Logistics,Operations,debit,reconciled,Invoice payment,INR
TXN006749,2025-09-01,V0023,2879.62,Marketing,Marketing,debit,reconciled,Quarterly retainer,INR
TXN006750,2026-07-22,,1105.16,Bank Charges,Bank Charges,debit,reconciled,Invoice payment,INR
TXN006751,2026-05-14,V0007,122652.86,Professional Services,Admin & Professional,debit,pending,Annual contract,INR
TXN006752,2025-08-30,V0022,13909.06,Logistics,Operations,debit,reconciled,Final settlement,INR
TXN006753,2026-05-12,V0037,10744.97,Travel,Travel,debit,reconciled,Annual contract,INR
TXN006754,2025-08-31,V0021,42628.18,Raw Materials,Purchases,debit,reconciled,Utility bill,INR
TXN006755,2026-07-21,V0019,50756.97,Raw Materials,Purchases,debit,reconciled,Annual contract,INR
TXN006756,2026-04-15,V0018,73900.66,Professional Services,Admin & Professional,debit,reconciled,Final settlement,INR
TXN006757,2025-12-11,V0039,56103.22,Facilities,Operations,debit,reconciled,Utility bill,INR
TXN006758,2026-03-12,,203936.61,Salaries & Benefits,Bank Charges,debit,unreconciled,Freight charges,INR
TXN006759,2025-12-19,,19998.35,Office Supplies,Bank Charges,debit,reconciled,Invoice payment,INR
TXN006760,2025-10-10,,2328.41,Bank Charges,Bank Charges,debit,unreconciled,Invoice payment,INR
TXN006761,2025-10-19,V0031,8766.83,Raw Materials,Purchases,debit,reconciled,Freight charges,INR
TXN006762,2026-07-12,V0001,34273.52,Raw Materials,Purchases,debit,reconciled,Quarterly retainer,INR
TXN006763,2026-04-26,V0037,58574.79,Travel,Travel,debit,reconciled,Freight charges,INR
TXN006764,2026-03-25,V0037,13967.31,Travel,Travel,debit,reconciled,Freight charges,INR
TXN006765,2026-07-20,V0032,147039.53,Utilities,Utilities,debit,reconciled,Monthly service charge,INR
TXN006766,2025-08-10,,678141.65,Salaries & Benefits,Bank Charges,debit,reconciled,Freight charges,INR
TXN006767,2025-11-04,V0026,30844.98,Manufacturing,Purchases,debit,reconciled,Quarterly retainer,INR
TXN006768,2026-02-21,V0034,41061.37,Packaging,Purchases,debit,reconciled,Invoice payment,INR
TXN006769,2025-08-18,V0009,30731.85,IT Services,Technology,debit,reconciled,Subscription renewal,INR
TXN006770,2025-11-29,V0031,11459.05,Raw Materials,Purchases,debit,reconciled,Subscription renewal,INR
TXN006771,2025-12-03,V0018,6713.84,Professional Services,Admin & Professional,debit,reconciled,Monthly service charge,INR
TXN006772,2025-09-06,V0005,108565.43,Raw Materials,Purchases,debit,pending,Final settlement,INR
TXN006773,2026-07-25,V0001,10195.92,Raw Materials,Purchases,debit,reconciled,Freight charges,INR
TXN006774,2025-12-16,V0029,78970.35,Professional Services,Admin & Professional,debit,reconciled,Utility bill,INR
TXN006775,2026-06-26,,2123.85,Bank Charges,Bank Charges,debit,reconciled,Subscription renewal,INR
TXN006776,2026-08-12,V0006,27942.73,Logistics,Operations,debit,reconciled,Repair and maintenance,INR
TXN006777,2026-02-10,V0015,63039.18,Marketing,Marketing,debit,reconciled,Bulk order advance,INR
TXN006778,2026-08-11,V0038,11352.28,Facilities,Operations,debit,reconciled,Quarterly retainer,INR
TXN006779,2026-01-05,V0037,137155.21,Travel,Travel,debit,reconciled,Annual contract,INR
TXN006780,2026-04-09,,83137.49,Office Supplies,Bank Charges,debit,reconciled,Subscription renewal,INR
TXN006781,2025-08-13,,47129.46,Office Supplies,Bank Charges,debit,unreconciled,Freight charges,INR
TXN006782,2025-08-12,V0022,20276.25,Logistics,Operations,debit,reconciled,Freight charges,INR
TXN006783,2025-10-03,,497.47,Bank Charges,Bank Charges,debit,reconciled,Freight charges,INR
TXN006784,2026-02-19,V0018,11894.82,Professional Services,Admin & Professional,debit,reconciled,Final settlement,INR
TXN006785,2026-03-15,,710105.54,Rent,Bank Charges,debit,reconciled,Annual contract,INR
TXN006786,2025-12-05,V0038,23462.79,Facilities,Operations,debit,pending,Final settlement,INR
TXN006787,2026-06-15,V0034,24337.95,Packaging,Purchases,debit,pending,Final settlement,INR
TXN006788,2026-08-25,,52994.44,Office Supplies,Bank Charges,debit,pending,Quarterly retainer,INR
TXN006789,2026-01-03,,92842.12,Office Supplies,Bank Charges,debit,reconciled,Quarterly retainer,INR
TXN006790,2025-12-11,V0001,47312.07,Raw Materials,Purchases,debit,reconciled,Annual contract,INR
TXN006791,2026-05-12,V0018,40886.43,Professional Services,Admin & Professional,debit,pending,Utility bill,INR
TXN006792,2026-07-05,,301313.31,Rent,Bank Charges,debit,reconciled,Quarterly retainer,INR
TXN006793,2026-08-22,,2308.87,Bank Charges,Bank Charges,credit,reconciled,Freight charges,INR
TXN006794,2026-05-06,V0031,19877.83,Raw Materials,Purchases,debit,pending,Freight charges,INR
TXN006795,2025-09-29,V0025,153086.57,Logistics,Operations,debit,reconciled,Final settlement,INR
TXN006796,2026-01-07,V0007,21982.01,Professional Services,Admin & Professional,debit,reconciled,Quarterly retainer,INR
TXN006797,2026-08-25,,415007.14,Salaries & Benefits,Bank Charges,debit,reconciled,Bulk order advance,INR
TXN006798,2026-05-03,V0001,24157.48,Raw Materials,Purchases,debit,reconciled,Bulk order advance,INR
TXN006799,2025-09-10,V0016,8974.19,IT Services,Technology,debit,reconciled,Utility bill,INR
TXN006800,2026-06-24,,505.72,Bank Charges,Bank Charges,debit,reconciled,Repair and maintenance,INR
TXN006801,2026-05-09,V0023,45446.25,Marketing,Marketing,debit,unreconciled,Quarterly retainer,INR
TXN006802,2026-08-16,V0040,24869.1,Professional Services,Admin & Professional,debit,reconciled,Quarterly retainer,INR
TXN006803,2026-08-27,V0006,3987.04,Logistics,Operations,debit,reconciled,Monthly service charge,INR
TXN006804,2025-08-12,V0032,23232.65,Utilities,Utilities,debit,reconciled,Bulk order advance,INR
TXN006805,2025-12-26,V0039,7948.94,Facilities,Operations,debit,unreconciled,Annual contract,INR
TXN006806,2026-08-21,V0029,8516.65,Professional Services,Admin & Professional,debit,reconciled,Utility bill,INR
TXN006807,2026-04-04,V0025,57032.02,Logistics,Operations,debit,reconciled,Bulk order advance,INR
TXN006808,2026-07-25,V0029,30057.78,Professional Services,Admin & Professional,debit,reconciled,Annual contract,INR
TXN006809,2026-02-11,V0026,17593.55,Manufacturing,Purchases,debit,unreconciled,Annual contract,INR
TXN006810,2026-07-22,V0009,78404.87,IT Services,Technology,debit,reconciled,Subscription renewal,INR
TXN006811,2025-08-17,V0025,67370.18,Logistics,Operations,debit,pending,Subscription renewal,INR
TXN006812,2025-09-18,,544279.93,Salaries & Benefits,Bank Charges,debit,unreconciled,Final settlement,INR
TXN006813,2026-04-24,V0004,28105.98,IT Services,Technology,debit,reconciled,Subscription renewal,INR
TXN006814,2025-09-19,V0034,30268.64,Packaging,Purchases,debit,reconciled,Monthly service charge,INR
TXN006815,2026-08-07,,143054.11,Office Supplies,Bank Charges,debit,reconciled,Freight charges,INR
TXN006816,2025-08-09,V0032,67788.4,Utilities,Utilities,debit,unreconciled,Quarterly retainer,INR
TXN006817,2026-08-03,V0028,16404.65,Raw Materials,Purchases,debit,reconciled,Bulk order advance,INR
TXN006818,2025-12-01,V0018,9581.6,Professional Services,Admin & Professional,debit,reconciled,Subscription renewal,INR
TXN006819,2026-04-08,V0031,5775.6,Raw Materials,Purchases,debit,reconciled,Utility bill,INR
TXN006820,2026-06-07,,554284.42,Salaries & Benefits,Bank Charges,debit,reconciled,Annual contract,INR
TXN006821,2025-09-28,V0007,78235.55,Professional Services,Admin & Professional,debit,reconciled,Monthly service charge,INR
TXN006822,2025-11-16,V0030,14399.01,Manufacturing,Purchases,debit,reconciled,Subscription renewal,INR
TXN006823,2026-07-17,V0015,24701.4,Marketing,Marketing,debit,unreconciled,Subscription renewal,INR
TXN006824,2026-01-14,V0015,47541.11,Marketing,Marketing,debit,reconciled,Quarterly retainer,INR
TXN006825,2026-06-16,V0018,14350.16,Professional Services,Admin & Professional,debit,reconciled,Monthly service charge,INR
TXN006826,2026-07-27,V0001,46064.41,Raw Materials,Purchases,debit,reconciled,Bulk order advance,INR
TXN006827,2026-01-19,V0036,62250.13,Professional Services,Admin & Professional,debit,reconciled,Annual contract,INR
TXN006828,2026-01-24,V0016,60457.75,IT Services,Technology,debit,reconciled,Invoice payment,INR
TXN006829,2026-05-22,V0031,60950.08,Raw Materials,Purchases,debit,reconciled,Invoice payment,INR
TXN006830,2025-08-15,V0019,5035.73,Raw Materials,Purchases,debit,reconciled,Final settlement,INR
TXN006831,2026-05-23,V0021,34663.41,Raw Materials,Purchases,debit,reconciled,Freight charges,INR
TXN006832,2026-06-24,V0021,34396.88,Raw Materials,Purchases,debit,reconciled,Freight charges,INR
TXN006833,2026-01-01,V0006,55088.76,Logistics,Operations,debit,reconciled,Bulk order advance,INR
TXN006834,2026-06-06,V0037,53352.0,Travel,Travel,debit,reconciled,Annual contract,INR
TXN006835,2025-11-06,V0019,62022.79,Raw Materials,Purchases,debit,reconciled,Subscription renewal,INR
TXN006836,2026-06-15,,1153.99,Bank Charges,Bank Charges,debit,pending,Bulk order advance,INR
TXN006837,2025-08-05,,620181.44,Salaries & Benefits,Bank Charges,debit,pending,Repair and maintenance,INR
TXN006838,2026-08-30,V0034,42506.54,Packaging,Purchases,debit,reconciled,Subscription renewal,INR
TXN006839,2026-03-02,,750251.74,Salaries & Benefits,Bank Charges,debit,reconciled,Bulk order advance,INR
TXN006840,2025-09-10,V0024,7658.17,IT Services,Technology,debit,reconciled,Final settlement,INR
TXN006841,2025-10-16,V0025,61879.49,Logistics,Operations,debit,unreconciled,Final settlement,INR
TXN006842,2026-01-14,V0025,13746.24,Logistics,Operations,debit,reconciled,Quarterly retainer,INR
TXN006843,2025-12-04,V0038,23193.86,Facilities,Operations,debit,reconciled,Quarterly retainer,INR
TXN006844,2026-07-16,V0007,37846.7,Professional Services,Admin & Professional,debit,reconciled,Final settlement,INR
TXN006845,2026-08-02,V0039,21116.6,Facilities,Operations,debit,reconciled,Annual contract,INR
TXN006846,2025-12-27,V0021,36879.24,Raw Materials,Purchases,debit,reconciled,Monthly service charge,INR
TXN006847,2026-02-23,,637694.76,Salaries & Benefits,Bank Charges,debit,reconciled,Quarterly retainer,INR
TXN006848,2025-09-21,V0032,30090.95,Utilities,Utilities,debit,reconciled,Quarterly retainer,INR
TXN006849,2026-02-17,V0021,27361.65,Raw Materials,Purchases,debit,unreconciled,Monthly service charge,INR
TXN006850,2025-11-25,,378396.87,Salaries & Benefits,Bank Charges,debit,reconciled,Freight charges,INR
TXN006851,2026-01-10,V0032,89838.69,Utilities,Utilities,debit,reconciled,Quarterly retainer,INR
TXN006852,2025-12-29,V0015,65332.11,Marketing,Marketing,debit,reconciled,Bulk order advance,INR
TXN006853,2025-12-10,V0005,324414.69,Raw Materials,Purchases,debit,unreconciled,Bulk order advance,INR
TXN006854,2026-03-31,V0029,77254.45,Professional Services,Admin & Professional,debit,reconciled,Invoice payment,INR
TXN006855,2025-10-20,,1291.73,Bank Charges,Bank Charges,debit,pending,Invoice payment,INR
TXN006856,2026-03-06,V0040,5749.96,Professional Services,Admin & Professional,debit,pending,Final settlement,INR
TXN006857,2026-01-25,V0034,27035.06,Packaging,Purchases,debit,reconciled,Monthly service charge,INR
TXN006858,2025-12-13,V0021,24005.7,Raw Materials,Purchases,debit,reconciled,Bulk order advance,INR
TXN006859,2026-03-31,V0006,72295.72,Logistics,Operations,debit,reconciled,Bulk order advance,INR
TXN006860,2025-12-08,V0033,55474.13,Logistics,Operations,debit,unreconciled,Annual contract,INR
TXN006861,2025-10-09,V0030,6694.38,Manufacturing,Purchases,debit,reconciled,Utility bill,INR
TXN006862,2026-01-16,V0028,14719.9,Raw Materials,Purchases,debit,reconciled,Repair and maintenance,INR
TXN006863,2026-03-05,V0021,13522.08,Raw Materials,Purchases,debit,reconciled,Invoice payment,INR
TXN006864,2026-04-29,V0030,10141.64,Manufacturing,Purchases,debit,reconciled,Repair and maintenance,INR
TXN006865,2026-05-28,V0034,26881.31,Packaging,Purchases,debit,reconciled,Utility bill,INR
TXN006866,2026-07-12,V0012,72066.57,Raw Materials,Purchases,debit,reconciled,Invoice payment,INR
TXN006867,2025-10-11,V0028,22293.05,Raw Materials,Purchases,debit,reconciled,Final settlement,INR
TXN006868,2026-04-14,V0037,81807.97,Travel,Travel,debit,unreconciled,Quarterly retainer,INR
TXN006869,2025-12-23,V0038,63868.14,Facilities,Operations,debit,reconciled,Bulk order advance,INR
TXN006870,2026-08-02,V0029,25019.86,Professional Services,Admin & Professional,debit,reconciled,Freight charges,INR
TXN006871,2025-11-16,V0006,15133.12,Logistics,Operations,debit,reconciled,Freight charges,INR
TXN006872,2025-11-22,V0029,20221.54,Professional Services,Admin & Professional,debit,reconciled,Annual contract,INR
TXN006873,2025-08-06,V0034,46581.51,Packaging,Purchases,debit,pending,Utility bill,INR
TXN006874,2025-11-30,,1894.4,Bank Charges,Bank Charges,debit,reconciled,Monthly service charge,INR
TXN006875,2026-08-13,V0014,5132.42,Logistics,Operations,debit,reconciled,Utility bill,INR
TXN006876,2026-07-05,V0034,75477.5,Packaging,Purchases,debit,unreconciled,Subscription renewal,INR
TXN006877,2025-08-21,V0007,73416.84,Professional Services,Admin & Professional,debit,reconciled,Final settlement,INR
TXN006878,2026-04-29,V0036,20637.73,Professional Services,Admin & Professional,debit,pending,Final settlement,INR
TXN006879,2025-12-07,V0035,156716.26,Travel,Travel,debit,reconciled,Final settlement,INR
TXN006880,2026-07-15,V0007,11411.18,Professional Services,Admin & Professional,debit,unreconciled,Final settlement,INR
TXN006881,2026-01-18,V0036,12450.89,Professional Services,Admin & Professional,debit,reconciled,Invoice payment,INR
TXN006882,2026-06-21,V0034,76519.43,Packaging,Purchases,debit,reconciled,Final settlement,INR
TXN006883,2026-06-20,V0012,29215.31,Raw Materials,Purchases,debit,reconciled,Utility bill,INR
TXN006884,2025-11-29,V0036,29879.12,Professional Services,Admin & Professional,debit,reconciled,Invoice payment,INR
TXN006885,2026-03-13,V0032,71830.13,Utilities,Utilities,debit,reconciled,Subscription renewal,INR
TXN006886,2025-11-27,V0026,16925.06,Manufacturing,Purchases,debit,reconciled,Utility bill,INR
TXN006887,2026-04-26,V0025,46344.54,Logistics,Operations,debit,reconciled,Quarterly retainer,INR
TXN006888,2026-08-01,V0032,43618.34,Utilities,Utilities,debit,reconciled,Bulk order advance,INR
TXN006889,2026-02-11,V0025,56938.77,Logistics,Operations,debit,reconciled,Subscription renewal,INR
TXN006890,2026-04-13,V0012,28938.31,Raw Materials,Purchases,debit,reconciled,Utility bill,INR
TXN006891,2026-03-19,,1927.23,Bank Charges,Bank Charges,debit,reconciled,Invoice payment,INR
TXN006892,2025-11-27,V0014,40646.96,Logistics,Operations,debit,pending,Final settlement,INR
TXN006893,2025-10-06,V0033,73320.91,Logistics,Operations,debit,reconciled,Subscription renewal,INR
TXN006894,2026-08-10,V0029,11105.69,Professional Services,Admin & Professional,debit,reconciled,Subscription renewal,INR
TXN006895,2025-09-30,V0032,14634.16,Utilities,Utilities,debit,reconciled,Repair and maintenance,INR
TXN006896,2026-08-29,,510.61,Bank Charges,Bank Charges,debit,reconciled,Quarterly retainer,INR
TXN006897,2025-12-31,V0017,51332.7,Manufacturing,Purchases,debit,reconciled,Annual contract,INR
TXN006898,2025-11-16,V0006,53222.78,Logistics,Operations,debit,unreconciled,Subscription renewal,INR
TXN006899,2026-07-14,V0019,22593.21,Raw Materials,Purchases,debit,reconciled,Quarterly retainer,INR
TXN006900,2025-08-05,V0007,23257.11,Professional Services,Admin & Professional,debit,reconciled,Annual contract,INR
TXN006901,2025-10-30,V0034,25212.99,Packaging,Purchases,debit,reconciled,Quarterly retainer,INR
TXN006902,2026-02-26,V0031,40290.01,Raw Materials,Purchases,debit,unreconciled,Final settlement,INR
TXN006903,2025-08-07,V0025,70388.01,Logistics,Operations,debit,unreconciled,Subscription renewal,INR
TXN006904,2026-05-27,V0033,8830.42,Logistics,Operations,debit,reconciled,Quarterly retainer,INR
TXN006905,2026-05-10,V0007,21498.03,Professional Services,Admin & Professional,debit,reconciled,Freight charges,INR
TXN006906,2025-11-05,,2428.03,Bank Charges,Bank Charges,debit,reconciled,Bulk order advance,INR
TXN006907,2026-04-04,V0033,24989.8,Logistics,Operations,debit,reconciled,Annual contract,INR
TXN006908,2025-08-27,V0025,64490.91,Logistics,Operations,debit,reconciled,Quarterly retainer,INR
TXN006909,2026-03-04,V0039,7288.15,Facilities,Operations,debit,reconciled,Bulk order advance,INR
TXN006910,2026-01-03,V0021,23780.69,Raw Materials,Purchases,debit,reconciled,Utility bill,INR
TXN006911,2026-04-16,,655555.51,Salaries & Benefits,Bank Charges,debit,unreconciled,Subscription renewal,INR
TXN006912,2025-09-01,V0036,18967.74,Professional Services,Admin & Professional,debit,reconciled,Freight charges,INR
TXN006913,2026-02-25,,204485.08,Salaries & Benefits,Bank Charges,debit,pending,Invoice payment,INR
TXN006914,2026-08-16,V0038,23467.45,Facilities,Operations,debit,reconciled,Utility bill,INR
TXN006915,2026-07-05,V0022,59152.82,Logistics,Operations,debit,unreconciled,Invoice payment,INR
TXN006916,2026-03-11,V0014,49243.33,Logistics,Operations,debit,reconciled,Quarterly retainer,INR
TXN006917,2025-11-16,V0019,25145.66,Raw Materials,Purchases,debit,unreconciled,Monthly service charge,INR
TXN006918,2026-06-14,,925.89,Bank Charges,Bank Charges,debit,reconciled,Freight charges,INR
TXN006919,2026-01-23,,1673.76,Bank Charges,Bank Charges,debit,reconciled,Subscription renewal,INR
TXN006920,2025-12-29,V0036,26430.54,Professional Services,Admin & Professional,debit,reconciled,Utility bill,INR
TXN006921,2026-07-29,V0023,5728.2,Marketing,Marketing,debit,reconciled,Utility bill,INR
TXN006922,2026-06-19,V0019,40005.52,Raw Materials,Purchases,debit,pending,Bulk order advance,INR
TXN006923,2026-01-03,V0005,111851.21,Raw Materials,Purchases,debit,pending,Final settlement,INR
TXN006924,2025-10-20,V0019,4533.19,Raw Materials,Purchases,debit,reconciled,Monthly service charge,INR
TXN006925,2025-08-27,V0029,14679.43,Professional Services,Admin & Professional,debit,reconciled,Repair and maintenance,INR
TXN006926,2026-06-19,V0014,55872.69,Logistics,Operations,debit,reconciled,Freight charges,INR
TXN006927,2026-03-22,,384982.23,Rent,Bank Charges,debit,pending,Freight charges,INR
TXN006928,2026-07-17,V0007,10257.21,Professional Services,Admin & Professional,debit,reconciled,Utility bill,INR
TXN006929,2025-11-30,V0015,39472.44,Marketing,Marketing,debit,unreconciled,Annual contract,INR
TXN006930,2026-05-11,V0030,37633.71,Manufacturing,Purchases,debit,reconciled,Final settlement,INR
TXN006931,2026-04-28,V0021,23274.16,Raw Materials,Purchases,debit,pending,Subscription renewal,INR
TXN006932,2026-06-03,V0040,9178.06,Professional Services,Admin & Professional,debit,reconciled,Quarterly retainer,INR
TXN006933,2026-07-11,,1277.2,Bank Charges,Bank Charges,debit,reconciled,Freight charges,INR
TXN006934,2025-11-04,V0009,24283.16,IT Services,Technology,debit,unreconciled,Bulk order advance,INR
TXN006935,2025-08-13,,882086.35,Rent,Bank Charges,debit,reconciled,Bulk order advance,INR
TXN006936,2025-12-03,V0032,5990.3,Utilities,Utilities,debit,reconciled,Freight charges,INR
TXN006937,2025-09-03,V0035,51029.44,Travel,Travel,debit,reconciled,Repair and maintenance,INR
TXN006938,2025-08-22,V0036,13038.04,Professional Services,Admin & Professional,debit,reconciled,Invoice payment,INR
TXN006939,2026-01-17,V0037,26241.13,Travel,Travel,debit,reconciled,Invoice payment,INR
TXN006940,2026-07-05,V0031,7158.25,Raw Materials,Purchases,debit,pending,Annual contract,INR
TXN006941,2026-02-24,,39394.48,Office Supplies,Bank Charges,debit,unreconciled,Monthly service charge,INR
TXN006942,2025-09-12,,299326.41,Salaries & Benefits,Bank Charges,credit,reconciled,Bulk order advance,INR
TXN006943,2025-11-20,V0005,57763.69,Raw Materials,Purchases,debit,pending,Final settlement,INR
TXN006944,2025-08-27,V0001,59726.98,Raw Materials,Purchases,debit,reconciled,Subscription renewal,INR
TXN006945,2026-01-21,V0039,10646.82,Facilities,Operations,debit,unreconciled,Repair and maintenance,INR
TXN006946,2026-03-24,V0012,38314.64,Raw Materials,Purchases,debit,unreconciled,Subscription renewal,INR
TXN006947,2025-11-13,V0023,6481.84,Marketing,Marketing,debit,reconciled,Quarterly retainer,INR
TXN006948,2026-01-13,,660327.7,Salaries & Benefits,Bank Charges,debit,pending,Subscription renewal,INR
TXN006949,2025-10-26,V0036,89434.14,Professional Services,Admin & Professional,debit,unreconciled,Invoice payment,INR
TXN006950,2025-11-13,,251219.93,Rent,Bank Charges,debit,reconciled,Monthly service charge,INR
TXN006951,2025-09-01,V0038,8970.68,Facilities,Operations,debit,reconciled,Invoice payment,INR
TXN006952,2026-05-22,V0021,92494.67,Raw Materials,Purchases,debit,pending,Subscription renewal,INR
TXN006953,2026-05-16,V0005,7428.81,Raw Materials,Purchases,debit,unreconciled,Final settlement,INR
TXN006954,2026-07-09,V0013,233070.44,Utilities,Utilities,debit,unreconciled,Invoice payment,INR
TXN006955,2026-01-08,V0031,71123.64,Raw Materials,Purchases,debit,reconciled,Monthly service charge,INR
TXN006956,2026-08-25,,49512.12,Office Supplies,Bank Charges,debit,reconciled,Utility bill,INR
TXN006957,2026-05-14,V0013,25731.58,Utilities,Utilities,debit,reconciled,Bulk order advance,INR
TXN006958,2026-01-28,V0007,26259.44,Professional Services,Admin & Professional,debit,reconciled,Annual contract,INR
TXN006959,2025-11-26,,49470.66,Office Supplies,Bank Charges,debit,reconciled,Freight charges,INR
TXN006960,2026-08-30,V0025,10070.61,Logistics,Operations,debit,reconciled,Invoice payment,INR
TXN006961,2026-02-02,V0029,6425.91,Professional Services,Admin & Professional,debit,reconciled,Final settlement,INR
TXN006962,2026-03-27,V0039,13307.74,Facilities,Operations,debit,reconciled,Freight charges,INR
TXN006963,2026-05-28,V0039,61885.32,Facilities,Operations,debit,unreconciled,Utility bill,INR
TXN006964,2026-07-11,V0001,81106.8,Raw Materials,Purchases,debit,reconciled,Monthly service charge,INR
TXN006965,2026-05-02,V0036,21186.32,Professional Services,Admin & Professional,debit,pending,Repair and maintenance,INR
TXN006966,2026-02-24,V0038,50152.14,Facilities,Operations,debit,unreconciled,Quarterly retainer,INR
TXN006967,2025-08-08,V0019,70816.87,Raw Materials,Purchases,debit,reconciled,Monthly service charge,INR
TXN006968,2026-02-02,V0001,39642.88,Raw Materials,Purchases,debit,reconciled,Invoice payment,INR
TXN006969,2025-11-25,V0019,51505.22,Raw Materials,Purchases,debit,reconciled,Subscription renewal,INR
TXN006970,2026-01-18,V0006,56647.51,Logistics,Operations,debit,reconciled,Bulk order advance,INR
TXN006971,2025-09-13,,69745.7,Office Supplies,Bank Charges,debit,reconciled,Freight charges,INR
TXN006972,2026-03-28,V0018,201353.1,Professional Services,Admin & Professional,debit,pending,Subscription renewal,INR
TXN006973,2026-07-24,V0016,7989.56,IT Services,Technology,debit,reconciled,Freight charges,INR
TXN006974,2026-07-07,V0025,41954.75,Logistics,Operations,debit,reconciled,Final settlement,INR
TXN006975,2026-08-13,V0033,17670.18,Logistics,Operations,debit,reconciled,Utility bill,INR
TXN006976,2025-12-03,V0016,36461.86,IT Services,Technology,debit,reconciled,Repair and maintenance,INR
TXN006977,2025-09-23,,893451.11,Rent,Bank Charges,debit,unreconciled,Quarterly retainer,INR
TXN006978,2026-08-02,V0033,79635.09,Logistics,Operations,debit,reconciled,Utility bill,INR
TXN006979,2026-04-22,,119969.33,Office Supplies,Bank Charges,debit,reconciled,Repair and maintenance,INR
TXN006980,2026-02-27,V0029,51212.26,Professional Services,Admin & Professional,debit,reconciled,Utility bill,INR
TXN006981,2026-07-05,V0018,80684.62,Professional Services,Admin & Professional,debit,reconciled,Monthly service charge,INR
TXN006982,2025-09-28,V0022,61385.98,Logistics,Operations,debit,reconciled,Utility bill,INR
TXN006983,2026-01-25,V0011,206401.76,Marketing,Marketing,debit,reconciled,Subscription renewal,INR
TXN006984,2026-06-19,V0032,4105.1,Utilities,Utilities,debit,reconciled,Monthly service charge,INR
TXN006985,2025-09-28,V0029,11598.98,Professional Services,Admin & Professional,debit,unreconciled,Final settlement,INR
TXN006986,2026-06-19,V0005,28237.57,Raw Materials,Purchases,debit,unreconciled,Repair and maintenance,INR
TXN006987,2026-07-17,,314333.46,Salaries & Benefits,Bank Charges,debit,pending,Repair and maintenance,INR
TXN006988,2025-12-13,V0034,11795.56,Packaging,Purchases,debit,reconciled,Quarterly retainer,INR
TXN006989,2026-08-20,,107987.25,Office Supplies,Bank Charges,debit,reconciled,Final settlement,INR
TXN006990,2026-01-28,,66935.85,Office Supplies,Bank Charges,debit,reconciled,Quarterly retainer,INR
TXN006991,2026-04-03,V0007,17738.7,Professional Services,Admin & Professional,debit,reconciled,Invoice payment,INR
TXN006992,2025-10-07,V0009,97203.86,IT Services,Technology,debit,pending,Monthly service charge,INR
TXN006993,2026-08-18,V0031,25150.71,Raw Materials,Purchases,debit,reconciled,Repair and maintenance,INR
TXN006994,2026-06-15,V0007,25607.57,Professional Services,Admin & Professional,debit,reconciled,Invoice payment,INR
TXN006995,2025-12-26,,67272.66,Office Supplies,Bank Charges,credit,unreconciled,Final settlement,INR
TXN006996,2026-05-13,,242014.83,Rent,Bank Charges,debit,unreconciled,Monthly service charge,INR
TXN006997,2026-03-04,V0012,165519.6,Raw Materials,Purchases,debit,reconciled,Subscription renewal,INR
TXN006998,2025-12-24,V0019,12789.67,Raw Materials,Purchases,debit,reconciled,Monthly service charge,INR
TXN006999,2026-02-14,,765082.26,Rent,Bank Charges,debit,reconciled,Quarterly retainer,INR
TXN007000,2026-03-29,,2455.2,Bank Charges,Bank Charges,debit,reconciled,Bulk order advance,INR
TXN007001,2025-11-06,,37300.92,Office Supplies,Bank Charges,debit,reconciled,Freight charges,INR
TXN007002,2025-12-25,V0023,64545.04,Marketing,Marketing,debit,reconciled,Annual contract,INR
TXN007003,2025-09-15,V0003,31364.3,Logistics,Operations,debit,reconciled,Utility bill,INR
TXN007004,2025-10-22,V0021,8023.99,Raw Materials,Purchases,debit,reconciled,Invoice payment,INR
TXN007005,2025-09-24,V0032,13412.56,Utilities,Utilities,debit,reconciled,Invoice payment,INR
TXN007006,2025-11-15,V0035,27345.54,Travel,Travel,debit,reconciled,Final settlement,INR
TXN007007,2026-04-13,V0030,121340.93,Manufacturing,Purchases,debit,reconciled,Monthly service charge,INR
TXN007008,2026-07-19,,1511.14,Bank Charges,Bank Charges,debit,reconciled,Invoice payment,INR
TXN007009,2025-11-15,V0005,8569.57,Raw Materials,Purchases,debit,reconciled,Repair and maintenance,INR
TXN007010,2026-08-28,V0022,21997.23,Logistics,Operations,debit,reconciled,Utility bill,INR
TXN007011,2025-09-27,,597101.33,Rent,Bank Charges,debit,unreconciled,Bulk order advance,INR
TXN007012,2025-09-24,V0009,7906.37,IT Services,Technology,debit,reconciled,Quarterly retainer,INR
TXN007013,2025-08-12,V0038,10926.27,Facilities,Operations,debit,reconciled,Bulk order advance,INR
TXN007014,2025-12-10,,1904.98,Bank Charges,Bank Charges,debit,reconciled,Annual contract,INR
TXN007015,2026-05-09,,28223.76,Office Supplies,Bank Charges,debit,reconciled,Repair and maintenance,INR
TXN007016,2026-03-27,V0018,5605.55,Professional Services,Admin & Professional,debit,reconciled,Quarterly retainer,INR
TXN007017,2026-06-19,,263727.39,Rent,Bank Charges,debit,reconciled,Freight charges,INR
TXN007018,2026-08-08,V0022,97555.91,Logistics,Operations,debit,reconciled,Invoice payment,INR
TXN007019,2026-04-15,V0024,40075.66,IT Services,Technology,debit,reconciled,Subscription renewal,INR
TXN007020,2026-02-09,V0016,139884.37,IT Services,Technology,debit,unreconciled,Bulk order advance,INR
TXN007021,2026-06-24,V0033,53544.73,Logistics,Operations,debit,reconciled,Repair and maintenance,INR
TXN007022,2026-01-11,V0015,94950.55,Marketing,Marketing,debit,reconciled,Bulk order advance,INR
TXN007023,2025-08-04,V0019,29163.52,Raw Materials,Purchases,debit,reconciled,Utility bill,INR
TXN007024,2026-05-12,V0009,20240.29,IT Services,Technology,debit,pending,Quarterly retainer,INR
TXN007025,2026-03-15,,313906.98,Salaries & Benefits,Bank Charges,debit,unreconciled,Subscription renewal,INR
TXN007026,2026-08-07,V0023,86469.32,Marketing,Marketing,debit,reconciled,Bulk order advance,INR
TXN007027,2026-03-17,V0031,8579.99,Raw Materials,Purchases,debit,reconciled,Final settlement,INR
TXN007028,2026-06-22,V0032,27432.44,Utilities,Utilities,debit,reconciled,Final settlement,INR
TXN007029,2026-02-02,V0016,8349.04,IT Services,Technology,debit,reconciled,Repair and maintenance,INR
TXN007030,2025-12-02,V0034,5224.54,Packaging,Purchases,debit,unreconciled,Utility bill,INR
TXN007031,2026-06-07,V0003,40328.88,Logistics,Operations,debit,reconciled,Quarterly retainer,INR
TXN007032,2026-07-14,V0034,123501.43,Packaging,Purchases,debit,reconciled,Utility bill,INR
TXN007033,2026-01-14,,89506.15,Office Supplies,Bank Charges,debit,reconciled,Monthly service charge,INR
TXN007034,2025-10-11,V0034,7490.89,Packaging,Purchases,debit,reconciled,Final settlement,INR
TXN007035,2026-01-10,V0028,15814.7,Raw Materials,Purchases,debit,reconciled,Annual contract,INR
TXN007036,2025-10-22,,196176.2,Rent,Bank Charges,debit,reconciled,Utility bill,INR
TXN007037,2025-11-13,V0019,13527.24,Raw Materials,Purchases,debit,reconciled,Freight charges,INR
TXN007038,2026-08-03,V0038,11699.3,Facilities,Operations,debit,reconciled,Utility bill,INR
TXN007039,2026-01-30,V0006,57471.77,Logistics,Operations,debit,reconciled,Invoice payment,INR
TXN007040,2026-02-25,V0022,17585.08,Logistics,Operations,debit,pending,Repair and maintenance,INR
TXN007041,2026-04-20,,1281.73,Bank Charges,Bank Charges,debit,unreconciled,Freight charges,INR
TXN007042,2026-02-01,V0035,23544.96,Travel,Travel,debit,unreconciled,Bulk order advance,INR
TXN007043,2025-12-03,,112.36,Bank Charges,Bank Charges,debit,reconciled,Quarterly retainer,INR
TXN007044,2025-12-12,V0006,112680.85,Logistics,Operations,debit,reconciled,Monthly service charge,INR
TXN007045,2026-02-17,,1091.25,Bank Charges,Bank Charges,debit,unreconciled,Quarterly retainer,INR
TXN007046,2025-09-10,V0029,27674.14,Professional Services,Admin & Professional,debit,reconciled,Final settlement,INR
TXN007047,2025-08-17,V0040,13077.53,Professional Services,Admin & Professional,debit,unreconciled,Invoice payment,INR
TXN007048,2026-03-10,V0015,32088.52,Marketing,Marketing,debit,pending,Monthly service charge,INR
TXN007049,2026-05-29,V0016,7258.31,IT Services,Technology,debit,unreconciled,Freight charges,INR
TXN007050,2026-01-12,V0011,56730.36,Marketing,Marketing,debit,reconciled,Quarterly retainer,INR
TXN007051,2026-01-14,V0037,28541.84,Travel,Travel,debit,reconciled,Invoice payment,INR
TXN007052,2025-10-19,V0031,18318.32,Raw Materials,Purchases,debit,reconciled,Subscription renewal,INR
TXN007053,2025-08-14,V0029,28045.47,Professional Services,Admin & Professional,debit,reconciled,Invoice payment,INR
TXN007054,2026-06-17,V0016,129414.38,IT Services,Technology,debit,reconciled,Quarterly retainer,INR
TXN007055,2026-07-18,V0025,23233.65,Logistics,Operations,debit,reconciled,Monthly service charge,INR
TXN007056,2026-04-14,,194588.22,Rent,Bank Charges,debit,reconciled,Annual contract,INR
TXN007057,2025-10-05,,997.6,Bank Charges,Bank Charges,debit,pending,Final settlement,INR
TXN007058,2026-03-21,V0017,15827.01,Manufacturing,Purchases,debit,reconciled,Subscription renewal,INR
TXN007059,2026-01-12,V0037,35102.44,Travel,Travel,debit,reconciled,Monthly service charge,INR
TXN007060,2026-07-12,V0024,26234.51,IT Services,Technology,debit,reconciled,Repair and maintenance,INR
TXN007061,2026-03-16,V0039,6640.07,Facilities,Operations,debit,reconciled,Repair and maintenance,INR
TXN007062,2026-05-18,,235981.64,Salaries & Benefits,Bank Charges,debit,reconciled,Repair and maintenance,INR
TXN007063,2025-08-26,V0016,88066.84,IT Services,Technology,debit,unreconciled,Annual contract,INR
TXN007064,2025-10-14,,205354.23,Rent,Bank Charges,debit,reconciled,Utility bill,INR
TXN007065,2025-08-07,V0029,75231.08,Professional Services,Admin & Professional,debit,reconciled,Subscription renewal,INR
TXN007066,2025-10-18,,18115.52,Office Supplies,Bank Charges,debit,pending,Freight charges,INR
TXN007067,2026-01-10,V0040,21644.1,Professional Services,Admin & Professional,debit,unreconciled,Monthly service charge,INR
TXN007068,2026-08-11,V0039,14290.51,Facilities,Operations,debit,unreconciled,Annual contract,INR
TXN007069,2026-05-20,V0022,62183.68,Logistics,Operations,debit,unreconciled,Monthly service charge,INR
TXN007070,2026-01-18,V0021,14210.2,Raw Materials,Purchases,debit,reconciled,Annual contract,INR
TXN007071,2025-10-08,V0002,57564.9,Manufacturing,Purchases,debit,reconciled,Annual contract,INR
TXN007072,2026-06-07,V0029,14899.56,Professional Services,Admin & Professional,debit,reconciled,Annual contract,INR
TXN007073,2025-11-20,,779.01,Bank Charges,Bank Charges,debit,reconciled,Invoice payment,INR
TXN007074,2025-10-15,V0004,24746.44,IT Services,Technology,debit,reconciled,Subscription renewal,INR
TXN007075,2026-02-28,V0039,27109.44,Facilities,Operations,debit,reconciled,Subscription renewal,INR
TXN007076,2025-09-19,V0037,27102.12,Travel,Travel,debit,pending,Bulk order advance,INR
TXN007077,2026-05-25,V0015,16567.7,Marketing,Marketing,debit,reconciled,Repair and maintenance,INR
TXN007078,2026-01-31,V0018,52328.37,Professional Services,Admin & Professional,debit,reconciled,Monthly service charge,INR
TXN007079,2026-05-24,V0035,55506.95,Travel,Travel,debit,unreconciled,Invoice payment,INR
TXN007080,2025-09-04,,1431.65,Bank Charges,Bank Charges,debit,reconciled,Utility bill,INR
TXN007081,2026-03-26,V0034,24317.8,Packaging,Purchases,debit,reconciled,Repair and maintenance,INR
TXN007082,2026-02-20,V0007,50949.3,Professional Services,Admin & Professional,debit,unreconciled,Final settlement,INR
TXN007083,2025-12-11,V0018,19082.97,Professional Services,Admin & Professional,debit,reconciled,Freight charges,INR
TXN007084,2026-06-04,V0016,28704.73,IT Services,Technology,debit,pending,Quarterly retainer,INR
TXN007085,2025-08-08,,92774.54,Office Supplies,Bank Charges,debit,reconciled,Final settlement,INR
TXN007086,2025-11-05,V0019,7339.27,Raw Materials,Purchases,debit,reconciled,Final settlement,INR
TXN007087,2025-09-10,V0024,19983.61,IT Services,Technology,debit,reconciled,Bulk order advance,INR
TXN007088,2026-05-22,V0025,12918.63,Logistics,Operations,debit,reconciled,Annual contract,INR
TXN007089,2026-05-21,V0021,12409.13,Raw Materials,Purchases,debit,pending,Invoice payment,INR
TXN007090,2025-10-02,V0036,66348.93,Professional Services,Admin & Professional,debit,unreconciled,Monthly service charge,INR
TXN007091,2025-10-19,V0039,22946.61,Facilities,Operations,debit,reconciled,Monthly service charge,INR
TXN007092,2025-09-14,,669743.11,Rent,Bank Charges,debit,reconciled,Quarterly retainer,INR
TXN007093,2025-11-30,V0030,21230.83,Manufacturing,Purchases,debit,reconciled,Invoice payment,INR
TXN007094,2025-09-30,V0037,20714.68,Travel,Travel,debit,reconciled,Freight charges,INR
TXN007095,2026-08-09,V0022,62520.08,Logistics,Operations,debit,reconciled,Subscription renewal,INR
TXN007096,2026-03-28,V0039,100629.39,Facilities,Operations,debit,unreconciled,Subscription renewal,INR
TXN007097,2025-10-16,V0032,6973.29,Utilities,Utilities,debit,unreconciled,Invoice payment,INR
TXN007098,2026-03-02,V0006,51431.83,Logistics,Operations,debit,reconciled,Freight charges,INR
TXN007099,2026-04-19,V0007,51449.96,Professional Services,Admin & Professional,debit,reconciled,Invoice payment,INR
TXN007100,2026-05-17,,1903.91,Bank Charges,Bank Charges,debit,reconciled,Quarterly retainer,INR
TXN007101,2025-11-03,,509026.64,Rent,Bank Charges,debit,reconciled,Freight charges,INR
TXN007102,2026-08-18,,2074.0,Bank Charges,Bank Charges,debit,unreconciled,Subscription renewal,INR
TXN007103,2026-01-16,V0025,81434.04,Logistics,Operations,debit,unreconciled,Final settlement,INR
TXN007104,2025-12-25,V0038,111464.54,Facilities,Operations,debit,reconciled,Final settlement,INR
TXN007105,2026-01-24,V0007,19549.07,Professional Services,Admin & Professional,debit,unreconciled,Subscription renewal,INR
TXN007106,2026-03-16,,142292.99,Office Supplies,Bank Charges,debit,reconciled,Final settlement,INR
TXN007107,2026-05-04,,14204.69,Office Supplies,Bank Charges,debit,pending,Quarterly retainer,INR
TXN007108,2026-04-22,V0036,21160.47,Professional Services,Admin & Professional,debit,pending,Utility bill,INR
TXN007109,2026-03-02,V0029,10525.09,Professional Services,Admin & Professional,debit,reconciled,Utility bill,INR
TXN007110,2026-07-24,V0007,18373.76,Professional Services,Admin & Professional,debit,reconciled,Utility bill,INR
TXN007111,2025-08-06,,251788.74,Salaries & Benefits,Bank Charges,debit,reconciled,Monthly service charge,INR
TXN007112,2025-10-30,V0039,19857.26,Facilities,Operations,debit,reconciled,Final settlement,INR
TXN007113,2025-12-18,,344015.62,Rent,Bank Charges,debit,reconciled,Final settlement,INR
TXN007114,2026-02-05,V0019,35093.17,Raw Materials,Purchases,debit,reconciled,Invoice payment,INR
TXN007115,2025-09-27,,65775.05,Office Supplies,Bank Charges,debit,pending,Annual contract,INR
TXN007116,2026-03-29,V0040,54127.5,Professional Services,Admin & Professional,debit,reconciled,Repair and maintenance,INR
TXN007117,2026-07-23,V0039,38032.45,Facilities,Operations,debit,reconciled,Final settlement,INR
TXN007118,2026-02-18,V0029,59320.75,Professional Services,Admin & Professional,debit,reconciled,Quarterly retainer,INR
TXN007119,2026-03-08,V0004,44369.04,IT Services,Technology,debit,reconciled,Quarterly retainer,INR
TXN007120,2025-10-07,V0019,139834.33,Raw Materials,Purchases,debit,reconciled,Repair and maintenance,INR
TXN007121,2026-03-31,,166484.55,Salaries & Benefits,Bank Charges,debit,reconciled,Freight charges,INR
TXN007122,2026-03-29,V0022,28149.95,Logistics,Operations,debit,reconciled,Freight charges,INR
TXN007123,2026-02-11,V0024,111369.94,IT Services,Technology,debit,reconciled,Quarterly retainer,INR
TXN007124,2026-04-26,V0033,14906.35,Logistics,Operations,debit,reconciled,Monthly service charge,INR
TXN007125,2025-09-17,V0025,31954.5,Logistics,Operations,debit,unreconciled,Annual contract,INR
TXN007126,2026-06-30,V0039,31938.47,Facilities,Operations,debit,reconciled,Bulk order advance,INR
TXN007127,2026-08-20,,876219.16,Rent,Bank Charges,debit,reconciled,Freight charges,INR
TXN007128,2025-08-24,V0022,130537.37,Logistics,Operations,debit,reconciled,Repair and maintenance,INR
TXN007129,2026-03-28,V0006,37523.37,Logistics,Operations,debit,reconciled,Annual contract,INR
TXN007130,2026-07-20,V0018,10810.08,Professional Services,Admin & Professional,debit,pending,Bulk order advance,INR
TXN007131,2026-03-09,V0019,37252.56,Raw Materials,Purchases,debit,reconciled,Repair and maintenance,INR
TXN007132,2025-10-21,V0039,38248.59,Facilities,Operations,debit,reconciled,Final settlement,INR
TXN007133,2025-08-30,V0031,23742.51,Raw Materials,Purchases,debit,reconciled,Freight charges,INR
TXN007134,2025-09-10,V0015,71077.82,Marketing,Marketing,debit,reconciled,Subscription renewal,INR
TXN007135,2025-10-31,V0015,21439.21,Marketing,Marketing,debit,unreconciled,Repair and maintenance,INR
TXN007136,2026-06-12,V0021,58569.96,Raw Materials,Purchases,debit,reconciled,Bulk order advance,INR
TXN007137,2026-08-04,V0016,161101.34,IT Services,Technology,debit,reconciled,Bulk order advance,INR
TXN007138,2026-04-15,V0019,34408.66,Raw Materials,Purchases,debit,reconciled,Subscription renewal,INR
TXN007139,2025-11-27,V0023,11280.84,Marketing,Marketing,debit,reconciled,Bulk order advance,INR
TXN007140,2026-04-26,V0006,19876.06,Logistics,Operations,debit,reconciled,Final settlement,INR
TXN007141,2026-05-06,V0030,108171.53,Manufacturing,Purchases,debit,reconciled,Utility bill,INR
TXN007142,2026-01-27,V0003,17502.82,Logistics,Operations,debit,reconciled,Bulk order advance,INR
TXN007143,2026-02-19,V0032,35882.47,Utilities,Utilities,debit,reconciled,Bulk order advance,INR
TXN007144,2025-08-04,V0037,8085.83,Travel,Travel,debit,unreconciled,Monthly service charge,INR
TXN007145,2026-05-09,V0018,23605.16,Professional Services,Admin & Professional,debit,pending,Quarterly retainer,INR
TXN007146,2026-03-29,V0012,107963.66,Raw Materials,Purchases,debit,pending,Final settlement,INR
TXN007147,2025-11-14,V0032,59001.75,Utilities,Utilities,debit,pending,Bulk order advance,INR
TXN007148,2025-09-21,,394.91,Bank Charges,Bank Charges,debit,reconciled,Bulk order advance,INR
TXN007149,2026-02-28,V0040,15085.4,Professional Services,Admin & Professional,debit,unreconciled,Quarterly retainer,INR
TXN007150,2025-08-19,V0022,13930.81,Logistics,Operations,debit,reconciled,Annual contract,INR
TXN007151,2025-11-25,V0006,25937.84,Logistics,Operations,debit,reconciled,Annual contract,INR
TXN007152,2026-08-12,,1994.49,Bank Charges,Bank Charges,debit,reconciled,Quarterly retainer,INR
TXN007153,2026-03-16,,100244.4,Office Supplies,Bank Charges,debit,reconciled,Bulk order advance,INR
TXN007154,2026-05-07,V0038,116741.7,Facilities,Operations,debit,pending,Annual contract,INR
TXN007155,2026-05-27,V0022,13444.88,Logistics,Operations,debit,unreconciled,Annual contract,INR
TXN007156,2026-06-03,V0036,32336.44,Professional Services,Admin & Professional,debit,unreconciled,Quarterly retainer,INR
TXN007157,2026-03-03,,612923.33,Rent,Bank Charges,debit,reconciled,Bulk order advance,INR
TXN007158,2026-05-20,V0033,41571.22,Logistics,Operations,debit,unreconciled,Monthly service charge,INR
TXN007159,2026-02-03,V0025,28253.4,Logistics,Operations,debit,unreconciled,Annual contract,INR
TXN007160,2025-11-25,V0011,19127.91,Marketing,Marketing,debit,reconciled,Final settlement,INR
TXN007161,2026-05-29,V0015,4205.11,Marketing,Marketing,debit,reconciled,Final settlement,INR
TXN007162,2025-11-04,,778273.97,Salaries & Benefits,Bank Charges,debit,pending,Invoice payment,INR
TXN007163,2025-08-08,V0036,84377.35,Professional Services,Admin & Professional,debit,reconciled,Quarterly retainer,INR
TXN007164,2025-08-11,V0003,31331.79,Logistics,Operations,debit,reconciled,Monthly service charge,INR
TXN007165,2026-05-23,,1011.84,Office Supplies,Bank Charges,debit,pending,Final settlement,INR
TXN007166,2026-06-18,V0031,34790.03,Raw Materials,Purchases,debit,reconciled,Repair and maintenance,INR
TXN007167,2025-09-14,V0012,14068.53,Raw Materials,Purchases,debit,unreconciled,Annual contract,INR
TXN007168,2025-10-25,,117065.19,Office Supplies,Bank Charges,debit,reconciled,Subscription renewal,INR
TXN007169,2026-08-06,,109822.22,Office Supplies,Bank Charges,debit,reconciled,Annual contract,INR
TXN007170,2026-03-04,V0039,11810.61,Facilities,Operations,debit,pending,Bulk order advance,INR
TXN007171,2026-06-19,V0019,39960.43,Raw Materials,Purchases,debit,reconciled,Monthly service charge,INR
TXN007172,2026-07-05,V0021,2400.56,Raw Materials,Purchases,debit,reconciled,Quarterly retainer,INR
TXN007173,2026-07-19,V0029,13612.41,Professional Services,Admin & Professional,debit,reconciled,Final settlement,INR
TXN007174,2026-08-30,,38842.4,Office Supplies,Bank Charges,credit,reconciled,Monthly service charge,INR
TXN007175,2026-04-17,V0016,18954.83,IT Services,Technology,debit,reconciled,Invoice payment,INR
TXN007176,2026-01-08,V0039,11524.24,Facilities,Operations,debit,reconciled,Subscription renewal,INR
TXN007177,2026-01-02,V0036,7736.84,Professional Services,Admin & Professional,debit,reconciled,Annual contract,INR
TXN007178,2025-08-26,V0007,29356.18,Professional Services,Admin & Professional,debit,reconciled,Monthly service charge,INR
TXN007179,2025-09-17,V0016,35247.68,IT Services,Technology,debit,reconciled,Utility bill,INR
TXN007180,2025-08-11,V0023,31926.3,Marketing,Marketing,debit,reconciled,Invoice payment,INR
TXN007181,2025-12-22,V0004,34279.35,IT Services,Technology,debit,reconciled,Monthly service charge,INR
TXN007182,2026-05-26,V0031,32821.83,Raw Materials,Purchases,debit,reconciled,Annual contract,INR
TXN007183,2026-03-21,,126286.14,Office Supplies,Bank Charges,debit,pending,Annual contract,INR
TXN007184,2025-11-05,,243932.19,Rent,Bank Charges,debit,reconciled,Quarterly retainer,INR
TXN007185,2026-02-15,V0016,19585.79,IT Services,Technology,debit,reconciled,Quarterly retainer,INR
TXN007186,2026-06-14,V0012,66865.76,Raw Materials,Purchases,debit,reconciled,Invoice payment,INR
TXN007187,2025-09-14,,788737.72,Rent,Bank Charges,debit,reconciled,Utility bill,INR
TXN007188,2026-08-01,V0025,57235.01,Logistics,Operations,debit,reconciled,Monthly service charge,INR
TXN007189,2026-06-03,V0034,45790.1,Packaging,Purchases,debit,reconciled,Monthly service charge,INR
TXN007190,2026-08-25,V0019,6254.92,Raw Materials,Purchases,debit,unreconciled,Utility bill,INR
TXN007191,2025-11-14,V0038,73686.92,Facilities,Operations,debit,reconciled,Final settlement,INR
TXN007192,2026-03-30,,208967.42,Rent,Bank Charges,debit,unreconciled,Subscription renewal,INR
TXN007193,2026-04-05,V0025,26048.5,Logistics,Operations,debit,reconciled,Bulk order advance,INR
TXN007194,2026-05-13,V0032,9216.24,Utilities,Utilities,debit,reconciled,Annual contract,INR
TXN007195,2025-10-02,V0022,12587.63,Logistics,Operations,debit,reconciled,Final settlement,INR
TXN007196,2025-11-08,,592736.01,Rent,Bank Charges,debit,unreconciled,Final settlement,INR
TXN007197,2025-08-28,V0037,23295.59,Travel,Travel,debit,reconciled,Repair and maintenance,INR
TXN007198,2025-09-01,V0025,32661.52,Logistics,Operations,debit,reconciled,Quarterly retainer,INR
TXN007199,2026-03-24,V0031,8748.23,Raw Materials,Purchases,debit,pending,Bulk order advance,INR
TXN007200,2025-11-08,V0019,19941.66,Raw Materials,Purchases,debit,reconciled,Repair and maintenance,INR
TXN007201,2025-11-01,V0037,77320.57,Travel,Travel,debit,unreconciled,Invoice payment,INR
TXN007202,2026-05-27,V0029,46551.66,Professional Services,Admin & Professional,debit,reconciled,Subscription renewal,INR
TXN007203,2026-03-17,,175.96,Bank Charges,Bank Charges,debit,reconciled,Quarterly retainer,INR
TXN007204,2026-06-20,,21228.52,Office Supplies,Bank Charges,debit,reconciled,Bulk order advance,INR
TXN007205,2025-11-23,V0024,68455.8,IT Services,Technology,debit,unreconciled,Repair and maintenance,INR
TXN007206,2025-10-10,V0032,9222.27,Utilities,Utilities,debit,pending,Monthly service charge,INR
TXN007207,2026-07-21,,136925.92,Office Supplies,Bank Charges,debit,reconciled,Utility bill,INR
TXN007208,2026-02-02,V0029,119737.49,Professional Services,Admin & Professional,debit,reconciled,Annual contract,INR
TXN007209,2025-09-08,V0039,63644.77,Facilities,Operations,debit,unreconciled,Repair and maintenance,INR
TXN007210,2026-04-26,V0030,34919.13,Manufacturing,Purchases,debit,reconciled,Monthly service charge,INR
TXN007211,2026-01-17,V0005,57207.44,Raw Materials,Purchases,debit,reconciled,Subscription renewal,INR
TXN007212,2026-02-26,V0030,23133.15,Manufacturing,Purchases,debit,reconciled,Bulk order advance,INR
TXN007213,2026-05-04,V0007,29362.82,Professional Services,Admin & Professional,debit,reconciled,Utility bill,INR
TXN007214,2026-05-23,V0001,11601.37,Raw Materials,Purchases,debit,reconciled,Annual contract,INR
TXN007215,2025-08-18,V0022,13119.83,Logistics,Operations,debit,reconciled,Monthly service charge,INR
TXN007216,2026-01-12,V0019,59666.95,Raw Materials,Purchases,debit,unreconciled,Annual contract,INR
TXN007217,2026-06-10,V0037,9351.36,Travel,Travel,debit,reconciled,Utility bill,INR
TXN007218,2025-10-26,,321638.79,Rent,Bank Charges,debit,unreconciled,Quarterly retainer,INR
TXN007219,2025-12-19,,884654.05,Salaries & Benefits,Bank Charges,credit,reconciled,Final settlement,INR
TXN007220,2026-03-02,V0031,26293.86,Raw Materials,Purchases,debit,reconciled,Freight charges,INR
TXN007221,2026-01-14,V0031,88680.44,Raw Materials,Purchases,debit,reconciled,Final settlement,INR
TXN007222,2026-03-03,V0032,39449.86,Utilities,Utilities,debit,reconciled,Quarterly retainer,INR
TXN007223,2026-07-11,V0035,8917.53,Travel,Travel,debit,pending,Repair and maintenance,INR
TXN007224,2026-06-14,V0007,206066.35,Professional Services,Admin & Professional,debit,pending,Bulk order advance,INR
TXN007225,2026-06-24,,2673.96,Bank Charges,Bank Charges,debit,reconciled,Utility bill,INR
TXN007226,2026-03-29,V0025,10598.03,Logistics,Operations,debit,reconciled,Bulk order advance,INR
TXN007227,2025-10-03,V0040,26925.2,Professional Services,Admin & Professional,debit,reconciled,Bulk order advance,INR
TXN007228,2026-01-17,V0007,33508.72,Professional Services,Admin & Professional,debit,reconciled,Quarterly retainer,INR
TXN007229,2026-01-13,V0014,108675.11,Logistics,Operations,debit,reconciled,Invoice payment,INR
TXN007230,2025-11-11,,1518.93,Bank Charges,Bank Charges,debit,unreconciled,Utility bill,INR
TXN007231,2026-01-20,,129214.35,Office Supplies,Bank Charges,debit,reconciled,Repair and maintenance,INR
TXN007232,2025-12-10,V0027,73074.61,Facilities,Operations,debit,pending,Bulk order advance,INR
TXN007233,2025-11-07,,659527.12,Salaries & Benefits,Bank Charges,debit,pending,Bulk order advance,INR
TXN007234,2026-01-15,,581899.31,Rent,Bank Charges,debit,reconciled,Final settlement,INR
TXN007235,2026-06-09,V0033,36576.96,Logistics,Operations,debit,pending,Invoice payment,INR
TXN007236,2026-02-18,V0033,114968.08,Logistics,Operations,debit,reconciled,Annual contract,INR
TXN007237,2026-04-14,V0017,28374.05,Manufacturing,Purchases,debit,reconciled,Bulk order advance,INR
TXN007238,2026-07-11,V0021,18425.36,Raw Materials,Purchases,debit,reconciled,Final settlement,INR
TXN007239,2026-07-24,,206990.15,Rent,Bank Charges,debit,reconciled,Final settlement,INR
TXN007240,2026-03-18,V0005,38410.61,Raw Materials,Purchases,debit,reconciled,Quarterly retainer,INR
TXN007241,2026-01-24,V0016,18816.89,IT Services,Technology,debit,reconciled,Subscription renewal,INR
TXN007242,2026-04-16,V0040,43761.85,Professional Services,Admin & Professional,debit,reconciled,Subscription renewal,INR
TXN007243,2026-01-30,V0023,13623.63,Marketing,Marketing,debit,reconciled,Repair and maintenance,INR
TXN007244,2026-05-10,V0024,35781.36,IT Services,Technology,debit,unreconciled,Utility bill,INR
TXN007245,2026-01-30,V0007,42979.84,Professional Services,Admin & Professional,debit,reconciled,Monthly service charge,INR
TXN007246,2026-07-12,V0023,75284.73,Marketing,Marketing,debit,reconciled,Monthly service charge,INR
TXN007247,2026-01-04,V0022,196188.31,Logistics,Operations,debit,reconciled,Annual contract,INR
TXN007248,2026-02-12,V0005,12026.26,Raw Materials,Purchases,debit,reconciled,Monthly service charge,INR
TXN007249,2025-11-25,,275165.58,Rent,Bank Charges,debit,reconciled,Utility bill,INR
TXN007250,2025-11-11,,404979.38,Rent,Bank Charges,debit,pending,Freight charges,INR
TXN007251,2026-04-02,V0006,9604.16,Logistics,Operations,debit,reconciled,Invoice payment,INR
TXN007252,2025-10-08,V0022,39913.82,Logistics,Operations,debit,reconciled,Invoice payment,INR
TXN007253,2026-01-24,V0011,12253.93,Marketing,Marketing,debit,reconciled,Subscription renewal,INR
TXN007254,2026-07-21,V0035,17423.34,Travel,Travel,debit,reconciled,Monthly service charge,INR
TXN007255,2026-08-24,,380711.24,Rent,Bank Charges,debit,reconciled,Invoice payment,INR
TXN007256,2025-08-07,V0038,21878.49,Facilities,Operations,debit,reconciled,Invoice payment,INR
TXN007257,2026-04-18,,2749.69,Bank Charges,Bank Charges,debit,reconciled,Monthly service charge,INR
TXN007258,2025-11-30,V0021,65334.41,Raw Materials,Purchases,debit,reconciled,Annual contract,INR
TXN007259,2026-06-09,V0030,18707.93,Manufacturing,Purchases,debit,reconciled,Final settlement,INR
TXN007260,2026-03-05,V0031,29834.07,Raw Materials,Purchases,debit,reconciled,Repair and maintenance,INR
TXN007261,2026-03-10,V0026,17100.01,Manufacturing,Purchases,debit,unreconciled,Quarterly retainer,INR
TXN007262,2026-08-19,,620502.93,Rent,Bank Charges,credit,pending,Final settlement,INR
TXN007263,2026-02-04,V0001,64884.18,Raw Materials,Purchases,debit,reconciled,Quarterly retainer,INR
TXN007264,2025-12-11,,774.96,Bank Charges,Bank Charges,debit,reconciled,Final settlement,INR
TXN007265,2026-04-27,V0033,91905.73,Logistics,Operations,debit,reconciled,Repair and maintenance,INR
TXN007266,2025-12-31,V0040,10568.92,Professional Services,Admin & Professional,debit,reconciled,Repair and maintenance,INR
TXN007267,2026-04-25,V0031,5785.71,Raw Materials,Purchases,debit,reconciled,Final settlement,INR
TXN007268,2026-04-15,V0031,31104.77,Raw Materials,Purchases,debit,reconciled,Subscription renewal,INR
TXN007269,2025-10-16,V0016,52691.41,IT Services,Technology,debit,reconciled,Bulk order advance,INR
TXN007270,2025-12-26,V0037,9686.83,Travel,Travel,debit,reconciled,Freight charges,INR
TXN007271,2025-09-30,V0025,45264.15,Logistics,Operations,debit,unreconciled,Quarterly retainer,INR
TXN007272,2025-10-02,V0025,33077.07,Logistics,Operations,debit,reconciled,Repair and maintenance,INR
TXN007273,2026-08-08,V0008,20632.25,Facilities,Operations,debit,reconciled,Final settlement,INR
TXN007274,2026-04-06,V0001,36701.74,Raw Materials,Purchases,debit,reconciled,Subscription renewal,INR
TXN007275,2025-12-11,V0034,23166.09,Packaging,Purchases,debit,reconciled,Repair and maintenance,INR
TXN007276,2026-06-15,V0008,32014.7,Facilities,Operations,debit,reconciled,Monthly service charge,INR
TXN007277,2025-12-13,V0022,33269.49,Logistics,Operations,debit,reconciled,Bulk order advance,INR
TXN007278,2026-06-09,,2718.46,Bank Charges,Bank Charges,debit,reconciled,Annual contract,INR
TXN007279,2026-01-04,V0007,10505.47,Professional Services,Admin & Professional,debit,pending,Annual contract,INR
TXN007280,2026-05-30,V0017,5970.42,Manufacturing,Purchases,debit,reconciled,Invoice payment,INR
TXN007281,2025-10-07,V0017,32084.66,Manufacturing,Purchases,debit,reconciled,Monthly service charge,INR
TXN007282,2026-06-10,,21355.48,Office Supplies,Bank Charges,debit,reconciled,Repair and maintenance,INR
TXN007283,2026-06-05,V0035,17715.01,Travel,Travel,debit,reconciled,Monthly service charge,INR
TXN007284,2025-11-16,,369391.6,Salaries & Benefits,Bank Charges,debit,unreconciled,Annual contract,INR
TXN007285,2026-05-22,,224064.11,Rent,Bank Charges,debit,reconciled,Utility bill,INR
TXN007286,2025-11-02,V0019,8827.22,Raw Materials,Purchases,debit,reconciled,Monthly service charge,INR
TXN007287,2026-08-06,V0005,57964.63,Raw Materials,Purchases,debit,reconciled,Final settlement,INR
TXN007288,2025-11-13,V0006,15428.96,Logistics,Operations,debit,pending,Annual contract,INR
TXN007289,2026-07-25,V0007,56665.27,Professional Services,Admin & Professional,debit,reconciled,Freight charges,INR
TXN007290,2026-07-10,V0034,6800.88,Packaging,Purchases,debit,reconciled,Quarterly retainer,INR
TXN007291,2026-08-05,,897840.09,Rent,Bank Charges,debit,unreconciled,Invoice payment,INR
TXN007292,2025-11-25,,39984.48,Office Supplies,Bank Charges,debit,reconciled,Monthly service charge,INR
TXN007293,2026-08-17,V0004,28306.2,IT Services,Technology,debit,reconciled,Repair and maintenance,INR
TXN007294,2026-08-10,V0001,45084.99,Raw Materials,Purchases,debit,reconciled,Quarterly retainer,INR
TXN007295,2026-06-23,,165400.72,Rent,Bank Charges,debit,reconciled,Bulk order advance,INR
TXN007296,2026-07-11,V0015,5458.45,Marketing,Marketing,debit,reconciled,Freight charges,INR
TXN007297,2025-10-25,V0025,31292.73,Logistics,Operations,debit,unreconciled,Bulk order advance,INR
TXN007298,2026-01-11,V0001,12535.68,Raw Materials,Purchases,debit,reconciled,Invoice payment,INR
TXN007299,2026-06-21,V0005,9655.12,Raw Materials,Purchases,debit,unreconciled,Final settlement,INR
TXN007300,2026-02-02,V0006,7282.47,Logistics,Operations,debit,reconciled,Monthly service charge,INR
TXN007301,2026-07-15,V0021,20946.98,Raw Materials,Purchases,debit,reconciled,Repair and maintenance,INR
TXN007302,2025-09-12,V0029,9462.49,Professional Services,Admin & Professional,debit,reconciled,Bulk order advance,INR
TXN007303,2026-06-14,V0016,16149.21,IT Services,Technology,debit,reconciled,Repair and maintenance,INR
TXN007304,2026-08-22,V0005,38575.41,Raw Materials,Purchases,debit,unreconciled,Freight charges,INR
TXN007305,2026-05-04,V0037,36138.13,Travel,Travel,debit,reconciled,Final settlement,INR
TXN007306,2026-03-17,V0006,201392.09,Logistics,Operations,debit,reconciled,Utility bill,INR
TXN007307,2025-12-21,V0005,6774.05,Raw Materials,Purchases,debit,pending,Monthly service charge,INR
TXN007308,2026-08-18,,815.09,Bank Charges,Bank Charges,debit,unreconciled,Invoice payment,INR
TXN007309,2026-01-11,,834949.19,Salaries & Benefits,Bank Charges,debit,reconciled,Repair and maintenance,INR
TXN007310,2026-07-01,,294215.44,Salaries & Benefits,Bank Charges,debit,reconciled,Bulk order advance,INR
TXN007311,2025-08-19,V0035,2382.94,Travel,Travel,debit,unreconciled,Annual contract,INR
TXN007312,2026-07-06,V0015,111701.37,Marketing,Marketing,debit,reconciled,Quarterly retainer,INR
TXN007313,2026-03-25,V0039,92675.65,Facilities,Operations,debit,reconciled,Quarterly retainer,INR
TXN007314,2026-04-20,V0017,12441.16,Manufacturing,Purchases,debit,unreconciled,Annual contract,INR
TXN007315,2026-08-28,V0021,23489.03,Raw Materials,Purchases,debit,reconciled,Freight charges,INR
TXN007316,2025-10-01,V0039,38969.28,Facilities,Operations,debit,unreconciled,Invoice payment,INR
TXN007317,2026-07-03,V0029,32261.74,Professional Services,Admin & Professional,debit,reconciled,Bulk order advance,INR
TXN007318,2026-06-09,V0039,61282.69,Facilities,Operations,debit,reconciled,Utility bill,INR
TXN007319,2026-06-04,V0009,196931.06,IT Services,Technology,debit,unreconciled,Repair and maintenance,INR
TXN007320,2025-08-11,V0012,49567.49,Raw Materials,Purchases,debit,unreconciled,Quarterly retainer,INR
TXN007321,2025-12-15,V0015,36714.15,Marketing,Marketing,debit,reconciled,Monthly service charge,INR
TXN007322,2025-08-31,V0025,20867.05,Logistics,Operations,debit,reconciled,Repair and maintenance,INR
TXN007323,2025-11-24,V0036,311878.37,Professional Services,Admin & Professional,debit,reconciled,Quarterly retainer,INR
TXN007324,2025-10-06,,158427.35,Rent,Bank Charges,debit,reconciled,Quarterly retainer,INR
TXN007325,2025-12-13,V0001,24989.48,Raw Materials,Purchases,debit,unreconciled,Monthly service charge,INR
TXN007326,2026-04-11,V0029,21975.92,Professional Services,Admin & Professional,debit,reconciled,Invoice payment,INR
TXN007327,2026-05-19,V0032,14644.39,Utilities,Utilities,debit,reconciled,Quarterly retainer,INR
TXN007328,2026-03-05,V0037,11400.77,Travel,Travel,debit,pending,Subscription renewal,INR
TXN007329,2026-06-19,V0001,16427.42,Raw Materials,Purchases,debit,unreconciled,Repair and maintenance,INR
TXN007330,2026-04-20,,1686.86,Bank Charges,Bank Charges,debit,reconciled,Monthly service charge,INR
TXN007331,2025-11-16,,156562.45,Salaries & Benefits,Bank Charges,debit,reconciled,Repair and maintenance,INR
TXN007332,2025-10-05,,829316.56,Salaries & Benefits,Bank Charges,debit,reconciled,Subscription renewal,INR
TXN007333,2026-06-16,V0007,73832.68,Professional Services,Admin & Professional,debit,reconciled,Invoice payment,INR
TXN007334,2026-05-16,V0033,7706.57,Logistics,Operations,debit,reconciled,Repair and maintenance,INR
TXN007335,2026-06-12,V0034,23318.96,Packaging,Purchases,debit,unreconciled,Annual contract,INR
TXN007336,2026-08-01,V0025,10032.99,Logistics,Operations,debit,unreconciled,Quarterly retainer,INR
TXN007337,2026-04-09,V0039,32207.86,Facilities,Operations,debit,reconciled,Invoice payment,INR
TXN007338,2025-12-06,V0001,14183.21,Raw Materials,Purchases,debit,unreconciled,Monthly service charge,INR
TXN007339,2026-08-20,,416684.67,Rent,Bank Charges,debit,reconciled,Final settlement,INR
TXN007340,2025-08-25,V0033,85696.37,Logistics,Operations,debit,reconciled,Quarterly retainer,INR
TXN007341,2026-07-05,V0040,10188.8,Professional Services,Admin & Professional,debit,reconciled,Utility bill,INR
TXN007342,2026-04-10,V0029,24719.65,Professional Services,Admin & Professional,debit,reconciled,Invoice payment,INR
TXN007343,2026-08-20,,214699.46,Rent,Bank Charges,debit,reconciled,Monthly service charge,INR
TXN007344,2025-08-04,V0023,28605.4,Marketing,Marketing,debit,reconciled,Annual contract,INR
TXN007345,2026-04-25,V0037,39520.42,Travel,Travel,debit,unreconciled,Utility bill,INR
TXN007346,2025-12-13,V0025,28073.09,Logistics,Operations,debit,reconciled,Annual contract,INR
TXN007347,2026-03-14,V0032,6117.3,Utilities,Utilities,debit,reconciled,Quarterly retainer,INR
TXN007348,2026-04-01,V0021,8584.29,Raw Materials,Purchases,debit,unreconciled,Annual contract,INR
TXN007349,2026-05-27,,826.75,Bank Charges,Bank Charges,debit,reconciled,Utility bill,INR
TXN007350,2026-01-04,,2622.93,Bank Charges,Bank Charges,debit,pending,Bulk order advance,INR
TXN007351,2026-06-24,,557913.42,Salaries & Benefits,Bank Charges,debit,reconciled,Utility bill,INR
TXN007352,2025-09-25,V0024,28583.79,IT Services,Technology,debit,reconciled,Repair and maintenance,INR
TXN007353,2026-03-31,V0037,23946.98,Travel,Travel,debit,unreconciled,Final settlement,INR
TXN007354,2026-07-11,V0022,18586.48,Logistics,Operations,debit,pending,Bulk order advance,INR
TXN007355,2026-05-16,V0039,8903.64,Facilities,Operations,debit,reconciled,Invoice payment,INR
TXN007356,2026-01-07,V0009,48810.8,IT Services,Technology,debit,reconciled,Subscription renewal,INR
TXN007357,2026-04-27,V0017,21097.94,Manufacturing,Purchases,debit,pending,Annual contract,INR
TXN007358,2025-11-07,V0001,42018.96,Raw Materials,Purchases,debit,reconciled,Bulk order advance,INR
TXN007359,2025-09-06,V0040,53000.59,Professional Services,Admin & Professional,debit,reconciled,Monthly service charge,INR
TXN007360,2026-03-09,V0034,48727.64,Packaging,Purchases,debit,unreconciled,Freight charges,INR
TXN007361,2026-03-03,V0039,22955.56,Facilities,Operations,debit,pending,Freight charges,INR
TXN007362,2025-10-26,V0002,28328.68,Manufacturing,Purchases,debit,pending,Subscription renewal,INR
TXN007363,2026-02-21,V0037,71754.28,Travel,Travel,debit,reconciled,Final settlement,INR
TXN007364,2026-04-05,V0015,6753.09,Marketing,Marketing,debit,reconciled,Monthly service charge,INR
TXN007365,2025-10-12,V0007,64573.86,Professional Services,Admin & Professional,debit,reconciled,Repair and maintenance,INR
TXN007366,2026-06-26,V0037,18440.64,Travel,Travel,debit,reconciled,Quarterly retainer,INR
TXN007367,2026-03-05,V0015,14512.59,Marketing,Marketing,debit,reconciled,Utility bill,INR
TXN007368,2025-09-10,V0033,31077.19,Logistics,Operations,debit,pending,Quarterly retainer,INR
TXN007369,2026-01-12,V0040,55840.5,Professional Services,Admin & Professional,debit,reconciled,Quarterly retainer,INR
TXN007370,2026-02-04,V0001,10860.04,Raw Materials,Purchases,debit,unreconciled,Invoice payment,INR
TXN007371,2026-06-06,V0012,12855.78,Raw Materials,Purchases,debit,reconciled,Quarterly retainer,INR
TXN007372,2026-08-23,V0006,5238.45,Logistics,Operations,debit,unreconciled,Repair and maintenance,INR
TXN007373,2025-12-31,,670000.63,Salaries & Benefits,Bank Charges,debit,reconciled,Repair and maintenance,INR
TXN007374,2026-06-10,V0001,44348.38,Raw Materials,Purchases,debit,unreconciled,Annual contract,INR
TXN007375,2026-06-30,V0039,63158.98,Facilities,Operations,debit,reconciled,Monthly service charge,INR
TXN007376,2026-01-28,,291800.48,Rent,Bank Charges,credit,reconciled,Freight charges,INR
TXN007377,2026-07-14,,332892.98,Salaries & Benefits,Bank Charges,debit,pending,Invoice payment,INR
TXN007378,2026-01-16,V0012,12336.83,Raw Materials,Purchases,debit,reconciled,Invoice payment,INR
TXN007379,2026-02-18,,36926.57,Office Supplies,Bank Charges,debit,reconciled,Quarterly retainer,INR
TXN007380,2026-06-06,,826319.64,Salaries & Benefits,Bank Charges,debit,reconciled,Freight charges,INR
TXN007381,2025-08-30,,543323.7,Rent,Bank Charges,debit,reconciled,Quarterly retainer,INR
TXN007382,2025-10-02,V0006,15976.47,Logistics,Operations,debit,reconciled,Annual contract,INR
TXN007383,2026-04-13,V0025,11748.31,Logistics,Operations,debit,reconciled,Subscription renewal,INR
TXN007384,2026-08-19,V0016,46497.76,IT Services,Technology,debit,reconciled,Final settlement,INR
TXN007385,2026-04-28,V0012,29226.85,Raw Materials,Purchases,debit,reconciled,Invoice payment,INR
TXN007386,2026-07-24,V0022,6701.27,Logistics,Operations,debit,reconciled,Quarterly retainer,INR
TXN007387,2025-08-13,V0001,9424.99,Raw Materials,Purchases,debit,reconciled,Freight charges,INR
TXN007388,2026-03-26,V0025,14825.96,Logistics,Operations,debit,reconciled,Utility bill,INR
TXN007389,2026-07-24,V0040,27688.78,Professional Services,Admin & Professional,debit,reconciled,Repair and maintenance,INR
TXN007390,2026-05-17,V0037,258723.28,Travel,Travel,debit,reconciled,Quarterly retainer,INR
TXN007391,2025-11-16,V0024,63332.17,IT Services,Technology,debit,reconciled,Invoice payment,INR
TXN007392,2026-03-05,,735660.04,Salaries & Benefits,Bank Charges,debit,reconciled,Annual contract,INR
TXN007393,2026-06-03,V0007,25162.21,Professional Services,Admin & Professional,debit,reconciled,Bulk order advance,INR
TXN007394,2026-07-14,V0028,27122.16,Raw Materials,Purchases,debit,pending,Final settlement,INR
TXN007395,2025-12-04,,252638.67,Salaries & Benefits,Bank Charges,debit,pending,Repair and maintenance,INR
TXN007396,2025-11-21,V0026,43218.2,Manufacturing,Purchases,debit,reconciled,Freight charges,INR
TXN007397,2026-06-08,V0037,11993.35,Travel,Travel,debit,reconciled,Monthly service charge,INR
TXN007398,2026-05-29,V0025,3849.17,Logistics,Operations,debit,pending,Utility bill,INR
TXN007399,2025-08-29,V0037,19671.36,Travel,Travel,debit,reconciled,Annual contract,INR
TXN007400,2025-11-15,V0012,71568.06,Raw Materials,Purchases,debit,unreconciled,Final settlement,INR
TXN007401,2026-07-13,V0018,10489.09,Professional Services,Admin & Professional,debit,reconciled,Invoice payment,INR
TXN007402,2026-03-03,V0039,81614.25,Facilities,Operations,debit,reconciled,Monthly service charge,INR
TXN007403,2025-08-20,V0006,78837.27,Logistics,Operations,debit,reconciled,Monthly service charge,INR
TXN007404,2025-09-15,V0030,26920.08,Manufacturing,Purchases,debit,reconciled,Subscription renewal,INR
TXN007405,2025-09-24,V0019,13002.89,Raw Materials,Purchases,debit,reconciled,Final settlement,INR
TXN007406,2026-04-11,V0032,18350.03,Utilities,Utilities,debit,reconciled,Quarterly retainer,INR
TXN007407,2026-02-04,V0031,79585.29,Raw Materials,Purchases,debit,unreconciled,Quarterly retainer,INR
TXN007408,2026-05-09,V0036,44335.51,Professional Services,Admin & Professional,debit,pending,Repair and maintenance,INR
TXN007409,2026-03-30,V0031,46599.69,Raw Materials,Purchases,debit,reconciled,Freight charges,INR
TXN007410,2025-08-13,,595552.72,Rent,Bank Charges,debit,unreconciled,Utility bill,INR
TXN007411,2025-11-10,,272280.71,Salaries & Benefits,Bank Charges,debit,reconciled,Freight charges,INR
TXN007412,2025-09-13,V0037,23276.77,Travel,Travel,debit,reconciled,Invoice payment,INR
TXN007413,2026-03-05,V0040,36517.54,Professional Services,Admin & Professional,debit,pending,Utility bill,INR
TXN007414,2026-01-08,V0006,24451.41,Logistics,Operations,debit,reconciled,Utility bill,INR
TXN007415,2026-03-13,V0018,91397.43,Professional Services,Admin & Professional,debit,reconciled,Freight charges,INR
TXN007416,2026-08-04,V0025,10091.91,Logistics,Operations,debit,pending,Freight charges,INR
TXN007417,2026-03-09,V0005,10718.37,Raw Materials,Purchases,debit,pending,Subscription renewal,INR
TXN007418,2026-03-13,V0038,27802.54,Facilities,Operations,debit,reconciled,Annual contract,INR
TXN007419,2026-07-18,,125183.36,Office Supplies,Bank Charges,debit,unreconciled,Final settlement,INR
TXN007420,2026-07-17,,561139.04,Salaries & Benefits,Bank Charges,debit,unreconciled,Annual contract,INR
TXN007421,2025-09-12,,1394.59,Bank Charges,Bank Charges,debit,reconciled,Bulk order advance,INR
TXN007422,2025-09-05,V0037,29932.36,Travel,Travel,debit,reconciled,Subscription renewal,INR
TXN007423,2025-11-24,V0018,141874.94,Professional Services,Admin & Professional,debit,reconciled,Freight charges,INR
TXN007424,2025-09-28,V0040,17651.01,Professional Services,Admin & Professional,debit,pending,Repair and maintenance,INR
TXN007425,2026-05-12,V0001,15398.02,Raw Materials,Purchases,debit,reconciled,Subscription renewal,INR
TXN007426,2026-05-01,V0036,10760.71,Professional Services,Admin & Professional,debit,reconciled,Quarterly retainer,INR
TXN007427,2025-10-03,V0003,44679.37,Logistics,Operations,debit,unreconciled,Subscription renewal,INR
TXN007428,2026-07-26,V0005,33150.56,Raw Materials,Purchases,debit,pending,Freight charges,INR
TXN007429,2026-07-04,,379408.92,Salaries & Benefits,Bank Charges,debit,pending,Invoice payment,INR
TXN007430,2026-08-21,V0019,41043.19,Raw Materials,Purchases,debit,reconciled,Utility bill,INR
TXN007431,2026-08-04,V0015,46532.9,Marketing,Marketing,debit,reconciled,Repair and maintenance,INR
TXN007432,2025-12-24,V0018,54824.26,Professional Services,Admin & Professional,debit,reconciled,Quarterly retainer,INR
TXN007433,2026-02-24,,767338.27,Salaries & Benefits,Bank Charges,debit,reconciled,Repair and maintenance,INR
TXN007434,2026-02-01,,390290.83,Rent,Bank Charges,debit,reconciled,Monthly service charge,INR
TXN007435,2026-03-23,V0001,8030.04,Raw Materials,Purchases,debit,reconciled,Annual contract,INR
TXN007436,2025-09-11,V0029,8849.23,Professional Services,Admin & Professional,debit,reconciled,Invoice payment,INR
TXN007437,2026-02-21,,173158.5,Salaries & Benefits,Bank Charges,debit,reconciled,Bulk order advance,INR
TXN007438,2026-07-10,V0026,32529.18,Manufacturing,Purchases,debit,reconciled,Invoice payment,INR
TXN007439,2026-02-21,V0007,29702.52,Professional Services,Admin & Professional,debit,pending,Quarterly retainer,INR
TXN007440,2026-03-20,V0032,76367.5,Utilities,Utilities,debit,unreconciled,Bulk order advance,INR
TXN007441,2026-05-03,V0031,8416.98,Raw Materials,Purchases,debit,unreconciled,Utility bill,INR
TXN007442,2025-12-01,V0021,27691.46,Raw Materials,Purchases,debit,reconciled,Annual contract,INR
TXN007443,2026-03-14,V0025,20037.49,Logistics,Operations,debit,reconciled,Utility bill,INR
TXN007444,2026-05-24,,784385.09,Rent,Bank Charges,debit,reconciled,Utility bill,INR
TXN007445,2026-02-02,V0040,6835.1,Professional Services,Admin & Professional,debit,unreconciled,Bulk order advance,INR
TXN007446,2025-08-10,V0006,59894.39,Logistics,Operations,debit,reconciled,Monthly service charge,INR
TXN007447,2025-11-16,V0038,64804.26,Facilities,Operations,debit,reconciled,Utility bill,INR
TXN007448,2026-03-30,V0005,27150.19,Raw Materials,Purchases,debit,unreconciled,Utility bill,INR
TXN007449,2026-02-25,V0009,23566.57,IT Services,Technology,debit,reconciled,Repair and maintenance,INR
TXN007450,2025-09-01,V0025,22925.79,Logistics,Operations,debit,reconciled,Monthly service charge,INR
TXN007451,2026-07-27,V0031,32381.17,Raw Materials,Purchases,debit,reconciled,Freight charges,INR
TXN007452,2026-08-11,,475888.97,Rent,Bank Charges,debit,reconciled,Quarterly retainer,INR
TXN007453,2025-12-23,V0007,135789.26,Professional Services,Admin & Professional,debit,pending,Quarterly retainer,INR
TXN007454,2026-01-24,V0019,5995.92,Raw Materials,Purchases,debit,reconciled,Invoice payment,INR
TXN007455,2026-07-12,V0012,30340.2,Raw Materials,Purchases,debit,reconciled,Utility bill,INR
TXN007456,2026-02-26,,464418.04,Salaries & Benefits,Bank Charges,debit,reconciled,Quarterly retainer,INR
TXN007457,2025-12-11,V0007,5332.94,Professional Services,Admin & Professional,debit,reconciled,Invoice payment,INR
TXN007458,2026-06-07,,249387.98,Rent,Bank Charges,credit,reconciled,Subscription renewal,INR
TXN007459,2026-02-20,V0019,55430.73,Raw Materials,Purchases,debit,pending,Invoice payment,INR
TXN007460,2026-05-20,V0005,13459.34,Raw Materials,Purchases,debit,reconciled,Quarterly retainer,INR
TXN007461,2025-09-17,V0013,20191.03,Utilities,Utilities,debit,reconciled,Annual contract,INR
TXN007462,2026-07-03,V0021,12972.69,Raw Materials,Purchases,debit,reconciled,Repair and maintenance,INR
TXN007463,2026-03-02,,668555.89,Salaries & Benefits,Bank Charges,debit,pending,Repair and maintenance,INR
TXN007464,2025-10-25,V0018,58042.38,Professional Services,Admin & Professional,debit,reconciled,Annual contract,INR
TXN007465,2025-10-07,,88632.29,Office Supplies,Bank Charges,debit,reconciled,Repair and maintenance,INR
TXN007466,2025-11-29,V0015,111155.7,Marketing,Marketing,debit,unreconciled,Quarterly retainer,INR
TXN007467,2026-04-16,V0039,15560.88,Facilities,Operations,debit,unreconciled,Invoice payment,INR
TXN007468,2026-06-11,V0023,28465.72,Marketing,Marketing,debit,pending,Quarterly retainer,INR
TXN007469,2026-07-12,V0037,71253.31,Travel,Travel,debit,reconciled,Repair and maintenance,INR
TXN007470,2026-08-27,V0015,179852.36,Marketing,Marketing,debit,pending,Utility bill,INR
TXN007471,2025-10-31,V0006,22138.28,Logistics,Operations,debit,reconciled,Repair and maintenance,INR
TXN007472,2026-05-13,,709706.15,Rent,Bank Charges,debit,unreconciled,Subscription renewal,INR
TXN007473,2026-01-27,V0022,123333.68,Logistics,Operations,debit,reconciled,Utility bill,INR
TXN007474,2026-04-02,V0039,7458.8,Facilities,Operations,debit,pending,Utility bill,INR
TXN007475,2026-07-31,V0036,5966.37,Professional Services,Admin & Professional,debit,reconciled,Invoice payment,INR
TXN007476,2025-10-16,,69330.39,Office Supplies,Bank Charges,debit,reconciled,Annual contract,INR
TXN007477,2026-03-03,V0007,35197.8,Professional Services,Admin & Professional,debit,unreconciled,Monthly service charge,INR
TXN007478,2025-10-27,V0017,12073.05,Manufacturing,Purchases,debit,reconciled,Monthly service charge,INR
TXN007479,2026-04-10,V0021,83765.23,Raw Materials,Purchases,debit,reconciled,Monthly service charge,INR
TXN007480,2026-03-11,V0030,53206.53,Manufacturing,Purchases,debit,reconciled,Annual contract,INR
TXN007481,2026-02-10,V0030,11882.88,Manufacturing,Purchases,debit,reconciled,Freight charges,INR
TXN007482,2026-03-06,,86927.43,Office Supplies,Bank Charges,debit,pending,Final settlement,INR
TXN007483,2026-01-30,V0015,204440.11,Marketing,Marketing,debit,unreconciled,Utility bill,INR
TXN007484,2026-08-25,,867370.65,Salaries & Benefits,Bank Charges,debit,reconciled,Monthly service charge,INR
TXN007485,2026-08-25,V0037,10874.43,Travel,Travel,debit,reconciled,Repair and maintenance,INR
TXN007486,2025-11-28,V0012,58108.56,Raw Materials,Purchases,debit,reconciled,Quarterly retainer,INR
TXN007487,2025-11-07,V0031,4770.28,Raw Materials,Purchases,debit,pending,Final settlement,INR
TXN007488,2026-01-18,V0001,20711.49,Raw Materials,Purchases,debit,reconciled,Invoice payment,INR
TXN007489,2026-05-05,V0039,70606.66,Facilities,Operations,debit,unreconciled,Bulk order advance,INR
TXN007490,2026-04-26,V0034,55877.13,Packaging,Purchases,debit,reconciled,Invoice payment,INR
TXN007491,2025-08-05,V0037,33052.03,Travel,Travel,debit,reconciled,Repair and maintenance,INR
TXN007492,2026-04-02,V0032,25039.14,Utilities,Utilities,debit,unreconciled,Bulk order advance,INR
TXN007493,2025-11-02,,210.22,Bank Charges,Bank Charges,debit,reconciled,Invoice payment,INR
TXN007494,2025-12-20,,17741.3,Office Supplies,Bank Charges,debit,reconciled,Utility bill,INR
TXN007495,2025-09-23,V0037,7874.43,Travel,Travel,debit,unreconciled,Subscription renewal,INR
TXN007496,2025-08-29,,282138.1,Rent,Bank Charges,debit,reconciled,Repair and maintenance,INR
TXN007497,2025-11-22,V0004,24829.75,IT Services,Technology,debit,reconciled,Final settlement,INR
TXN007498,2025-10-29,,1110.69,Bank Charges,Bank Charges,debit,pending,Utility bill,INR
TXN007499,2025-10-18,V0016,57170.24,IT Services,Technology,debit,reconciled,Monthly service charge,INR
TXN007500,2026-02-17,V0016,13883.94,IT Services,Technology,debit,reconciled,Monthly service charge,INR
TXN007501,2025-08-12,V0033,24133.2,Logistics,Operations,debit,reconciled,Invoice payment,INR
TXN007502,2025-08-24,V0014,14936.8,Logistics,Operations,debit,pending,Annual contract,INR
TXN007503,2025-12-14,V0036,3564.73,Professional Services,Admin & Professional,debit,reconciled,Quarterly retainer,INR
TXN007504,2026-01-16,V0039,16842.44,Facilities,Operations,debit,reconciled,Utility bill,INR
TXN007505,2026-07-03,V0033,5937.71,Logistics,Operations,debit,reconciled,Repair and maintenance,INR
TXN007506,2026-07-01,V0029,10610.0,Professional Services,Admin & Professional,debit,unreconciled,Freight charges,INR
TXN007507,2026-07-16,,1300.19,Bank Charges,Bank Charges,debit,reconciled,Quarterly retainer,INR
TXN007508,2025-10-12,V0030,48743.8,Manufacturing,Purchases,debit,reconciled,Bulk order advance,INR
TXN007509,2025-10-24,V0038,10169.98,Facilities,Operations,debit,reconciled,Monthly service charge,INR
TXN007510,2026-03-16,V0037,67215.5,Travel,Travel,debit,unreconciled,Monthly service charge,INR
TXN007511,2026-03-04,V0003,14866.2,Logistics,Operations,debit,pending,Freight charges,INR
TXN007512,2026-06-04,V0029,28795.29,Professional Services,Admin & Professional,debit,unreconciled,Utility bill,INR
TXN007513,2025-12-28,V0009,67887.68,IT Services,Technology,debit,reconciled,Annual contract,INR
TXN007514,2025-10-19,V0034,27617.78,Packaging,Purchases,debit,reconciled,Monthly service charge,INR
TXN007515,2026-03-16,,91011.22,Office Supplies,Bank Charges,debit,reconciled,Bulk order advance,INR
TXN007516,2026-06-17,V0022,3092.3,Logistics,Operations,debit,reconciled,Monthly service charge,INR
TXN007517,2026-06-26,,930.7,Bank Charges,Bank Charges,debit,reconciled,Repair and maintenance,INR
TXN007518,2025-08-28,V0040,20845.15,Professional Services,Admin & Professional,debit,unreconciled,Freight charges,INR
TXN007519,2026-05-04,,238301.63,Rent,Bank Charges,debit,unreconciled,Repair and maintenance,INR
TXN007520,2026-08-07,,2594.57,Bank Charges,Bank Charges,debit,reconciled,Quarterly retainer,INR
TXN007521,2025-11-24,V0040,13053.22,Professional Services,Admin & Professional,debit,reconciled,Quarterly retainer,INR
TXN007522,2026-05-27,V0007,21937.66,Professional Services,Admin & Professional,debit,reconciled,Invoice payment,INR
TXN007523,2026-04-07,V0034,42235.21,Packaging,Purchases,debit,reconciled,Subscription renewal,INR
TXN007524,2026-06-22,,637235.02,Salaries & Benefits,Bank Charges,debit,reconciled,Quarterly retainer,INR
TXN007525,2026-05-17,V0034,12567.1,Packaging,Purchases,debit,reconciled,Subscription renewal,INR
TXN007526,2026-05-27,V0034,28256.72,Packaging,Purchases,debit,reconciled,Annual contract,INR
TXN007527,2026-08-19,V0038,316133.96,Facilities,Operations,debit,reconciled,Final settlement,INR
TXN007528,2026-07-19,V0024,55788.39,IT Services,Technology,debit,reconciled,Quarterly retainer,INR
TXN007529,2026-03-11,V0037,39640.75,Travel,Travel,debit,pending,Final settlement,INR
TXN007530,2026-08-06,V0033,161182.21,Logistics,Operations,debit,reconciled,Annual contract,INR
TXN007531,2025-10-29,V0034,37825.77,Packaging,Purchases,debit,reconciled,Invoice payment,INR
TXN007532,2025-08-07,,600.21,Bank Charges,Bank Charges,debit,reconciled,Monthly service charge,INR
TXN007533,2026-07-24,V0021,57276.91,Raw Materials,Purchases,debit,reconciled,Monthly service charge,INR
TXN007534,2025-08-27,,770631.85,Salaries & Benefits,Bank Charges,debit,reconciled,Bulk order advance,INR
TXN007535,2026-01-02,,874.84,Bank Charges,Bank Charges,debit,reconciled,Subscription renewal,INR
TXN007536,2026-02-20,V0009,96219.61,IT Services,Technology,debit,reconciled,Bulk order advance,INR
TXN007537,2026-01-11,V0021,78377.0,Raw Materials,Purchases,debit,unreconciled,Bulk order advance,INR
TXN007538,2025-12-07,,326507.81,Salaries & Benefits,Bank Charges,credit,reconciled,Quarterly retainer,INR
TXN007539,2026-01-25,V0009,76308.46,IT Services,Technology,debit,reconciled,Annual contract,INR
TXN007540,2025-09-30,V0005,13012.85,Raw Materials,Purchases,debit,reconciled,Subscription renewal,INR
TXN007541,2026-02-19,,115156.98,Office Supplies,Bank Charges,debit,unreconciled,Subscription renewal,INR
TXN007542,2025-11-18,V0040,34280.38,Professional Services,Admin & Professional,debit,reconciled,Invoice payment,INR
TXN007543,2026-07-05,V0021,18356.19,Raw Materials,Purchases,debit,reconciled,Annual contract,INR
TXN007544,2026-07-19,V0029,42306.57,Professional Services,Admin & Professional,debit,pending,Freight charges,INR
TXN007545,2026-04-22,V0036,34784.06,Professional Services,Admin & Professional,debit,unreconciled,Annual contract,INR
TXN007546,2026-06-08,V0036,3303.29,Professional Services,Admin & Professional,debit,reconciled,Invoice payment,INR
TXN007547,2025-09-21,V0023,31040.88,Marketing,Marketing,debit,reconciled,Final settlement,INR
TXN007548,2025-09-15,V0038,53943.64,Facilities,Operations,debit,reconciled,Monthly service charge,INR
TXN007549,2025-12-09,V0022,33652.78,Logistics,Operations,debit,reconciled,Repair and maintenance,INR
TXN007550,2026-05-26,V0026,41723.07,Manufacturing,Purchases,debit,reconciled,Invoice payment,INR
TXN007551,2025-09-29,V0021,40217.18,Raw Materials,Purchases,debit,pending,Annual contract,INR
TXN007552,2025-08-29,V0003,16973.88,Logistics,Operations,debit,unreconciled,Annual contract,INR
TXN007553,2025-08-29,V0039,26068.37,Facilities,Operations,debit,reconciled,Freight charges,INR
TXN007554,2026-06-12,V0031,64586.36,Raw Materials,Purchases,debit,reconciled,Annual contract,INR
TXN007555,2026-02-09,,323572.54,Rent,Bank Charges,debit,reconciled,Invoice payment,INR
TXN007556,2026-04-14,V0037,16505.03,Travel,Travel,debit,reconciled,Annual contract,INR
TXN007557,2025-12-26,V0001,36701.82,Raw Materials,Purchases,debit,unreconciled,Freight charges,INR
TXN007558,2026-03-19,V0019,51801.38,Raw Materials,Purchases,debit,reconciled,Invoice payment,INR
TXN007559,2026-04-12,,2353.79,Bank Charges,Bank Charges,debit,unreconciled,Bulk order advance,INR
TXN007560,2026-07-22,V0029,44023.37,Professional Services,Admin & Professional,debit,reconciled,Quarterly retainer,INR
TXN007561,2025-09-02,V0023,65507.53,Marketing,Marketing,debit,reconciled,Subscription renewal,INR
TXN007562,2025-12-11,,584275.94,Rent,Bank Charges,debit,reconciled,Utility bill,INR
TXN007563,2026-07-14,V0019,4810.14,Raw Materials,Purchases,debit,unreconciled,Final settlement,INR
TXN007564,2026-06-20,V0018,17653.02,Professional Services,Admin & Professional,debit,reconciled,Quarterly retainer,INR
TXN007565,2026-08-06,V0005,15873.33,Raw Materials,Purchases,debit,reconciled,Annual contract,INR
TXN007566,2025-10-27,V0003,54455.29,Logistics,Operations,debit,reconciled,Freight charges,INR
TXN007567,2025-11-17,V0007,61935.79,Professional Services,Admin & Professional,debit,reconciled,Freight charges,INR
TXN007568,2026-01-17,V0017,7896.5,Manufacturing,Purchases,debit,unreconciled,Subscription renewal,INR
TXN007569,2025-11-18,,1630.46,Bank Charges,Bank Charges,debit,reconciled,Subscription renewal,INR
TXN007570,2026-04-04,V0006,15374.13,Logistics,Operations,debit,reconciled,Monthly service charge,INR
TXN007571,2025-10-19,V0037,36017.34,Travel,Travel,debit,reconciled,Annual contract,INR
TXN007572,2026-06-19,V0038,8013.23,Facilities,Operations,debit,unreconciled,Annual contract,INR
TXN007573,2026-02-14,V0037,50239.44,Travel,Travel,debit,unreconciled,Subscription renewal,INR
TXN007574,2025-08-29,V0021,15959.0,Raw Materials,Purchases,debit,reconciled,Monthly service charge,INR
TXN007575,2026-08-22,V0039,9454.56,Facilities,Operations,debit,unreconciled,Bulk order advance,INR
TXN007576,2026-03-25,V0029,47818.85,Professional Services,Admin & Professional,debit,reconciled,Annual contract,INR
TXN007577,2026-08-08,V0029,75077.28,Professional Services,Admin & Professional,debit,reconciled,Utility bill,INR
TXN007578,2025-12-04,,483630.95,Rent,Bank Charges,debit,reconciled,Final settlement,INR
TXN007579,2026-06-17,,660089.31,Salaries & Benefits,Bank Charges,debit,reconciled,Invoice payment,INR
TXN007580,2026-03-23,V0029,7801.86,Professional Services,Admin & Professional,debit,reconciled,Quarterly retainer,INR
TXN007581,2026-03-23,V0018,19042.18,Professional Services,Admin & Professional,debit,unreconciled,Annual contract,INR
TXN007582,2026-04-09,,1733.47,Bank Charges,Bank Charges,debit,reconciled,Bulk order advance,INR
TXN007583,2026-04-28,,1314.93,Bank Charges,Bank Charges,debit,pending,Bulk order advance,INR
TXN007584,2026-04-17,V0031,47147.74,Raw Materials,Purchases,debit,reconciled,Freight charges,INR
TXN007585,2026-06-14,,611.57,Bank Charges,Bank Charges,debit,reconciled,Utility bill,INR
TXN007586,2025-11-09,,843.67,Bank Charges,Bank Charges,debit,reconciled,Repair and maintenance,INR
TXN007587,2026-04-29,V0035,43403.66,Travel,Travel,debit,reconciled,Annual contract,INR
TXN007588,2026-08-06,V0019,11051.05,Raw Materials,Purchases,debit,reconciled,Quarterly retainer,INR
TXN007589,2026-08-08,V0031,14781.42,Raw Materials,Purchases,debit,pending,Quarterly retainer,INR
TXN007590,2026-08-23,,1050.12,Bank Charges,Bank Charges,debit,reconciled,Bulk order advance,INR
TXN007591,2026-06-10,,228.93,Bank Charges,Bank Charges,debit,reconciled,Repair and maintenance,INR
TXN007592,2026-04-05,,588767.67,Rent,Bank Charges,debit,unreconciled,Invoice payment,INR
TXN007593,2026-08-15,V0033,3902.7,Logistics,Operations,debit,reconciled,Final settlement,INR
TXN007594,2026-06-07,,60023.71,Office Supplies,Bank Charges,debit,reconciled,Subscription renewal,INR
TXN007595,2026-01-06,V0033,15218.99,Logistics,Operations,debit,reconciled,Invoice payment,INR
TXN007596,2026-02-18,V0008,28108.81,Facilities,Operations,debit,reconciled,Utility bill,INR
TXN007597,2025-09-11,V0021,7820.44,Raw Materials,Purchases,debit,reconciled,Monthly service charge,INR
TXN007598,2025-08-30,,2150.79,Bank Charges,Bank Charges,debit,pending,Annual contract,INR
TXN007599,2026-07-06,V0001,11906.94,Raw Materials,Purchases,debit,reconciled,Quarterly retainer,INR
TXN007600,2026-03-17,V0035,147855.48,Travel,Travel,debit,unreconciled,Freight charges,INR
TXN007601,2025-10-28,V0037,10176.0,Travel,Travel,debit,unreconciled,Subscription renewal,INR
TXN007602,2025-09-29,V0034,37854.98,Packaging,Purchases,debit,reconciled,Monthly service charge,INR
TXN007603,2025-08-04,,485927.55,Salaries & Benefits,Bank Charges,debit,reconciled,Bulk order advance,INR
TXN007604,2026-08-07,V0033,46131.22,Logistics,Operations,debit,reconciled,Repair and maintenance,INR
TXN007605,2025-10-30,V0019,29465.93,Raw Materials,Purchases,debit,unreconciled,Repair and maintenance,INR
TXN007606,2026-04-03,,7453.7,Office Supplies,Bank Charges,debit,reconciled,Freight charges,INR
TXN007607,2025-10-31,V0007,8845.35,Professional Services,Admin & Professional,debit,reconciled,Utility bill,INR
TXN007608,2026-01-17,V0037,207915.83,Travel,Travel,debit,reconciled,Monthly service charge,INR
TXN007609,2026-01-07,V0037,29677.31,Travel,Travel,debit,unreconciled,Subscription renewal,INR
TXN007610,2026-04-17,V0006,20631.43,Logistics,Operations,debit,reconciled,Repair and maintenance,INR
TXN007611,2026-05-15,V0011,38988.28,Marketing,Marketing,debit,unreconciled,Final settlement,INR
TXN007612,2026-01-10,V0001,32400.27,Raw Materials,Purchases,debit,reconciled,Final settlement,INR
TXN007613,2026-01-23,V0029,14925.18,Professional Services,Admin & Professional,debit,reconciled,Final settlement,INR
TXN007614,2026-04-06,V0021,141947.43,Raw Materials,Purchases,debit,reconciled,Final settlement,INR
TXN007615,2025-11-11,V0018,55020.47,Professional Services,Admin & Professional,debit,reconciled,Annual contract,INR
TXN007616,2026-08-28,,490846.88,Salaries & Benefits,Bank Charges,debit,reconciled,Repair and maintenance,INR
TXN007617,2026-03-25,V0017,7420.87,Manufacturing,Purchases,debit,reconciled,Quarterly retainer,INR
TXN007618,2026-08-12,V0031,12127.51,Raw Materials,Purchases,debit,reconciled,Freight charges,INR
TXN007619,2025-12-29,V0018,133502.99,Professional Services,Admin & Professional,debit,reconciled,Freight charges,INR
TXN007620,2026-01-01,V0019,68934.06,Raw Materials,Purchases,debit,reconciled,Monthly service charge,INR
TXN007621,2025-08-16,V0031,144921.8,Raw Materials,Purchases,debit,reconciled,Freight charges,INR
TXN007622,2026-05-05,V0005,29486.59,Raw Materials,Purchases,debit,reconciled,Invoice payment,INR
TXN007623,2026-02-05,,236351.81,Salaries & Benefits,Bank Charges,debit,unreconciled,Invoice payment,INR
TXN007624,2026-03-09,V0021,15907.3,Raw Materials,Purchases,debit,reconciled,Subscription renewal,INR
TXN007625,2026-03-04,V0034,12480.04,Packaging,Purchases,debit,pending,Annual contract,INR
TXN007626,2025-12-01,V0038,23586.72,Facilities,Operations,debit,unreconciled,Subscription renewal,INR
TXN007627,2026-07-26,V0033,5961.02,Logistics,Operations,debit,reconciled,Subscription renewal,INR
TXN007628,2026-08-06,V0003,14920.34,Logistics,Operations,debit,reconciled,Monthly service charge,INR
TXN007629,2026-06-17,V0018,42594.74,Professional Services,Admin & Professional,debit,reconciled,Final settlement,INR
TXN007630,2026-01-04,V0021,49389.54,Raw Materials,Purchases,debit,reconciled,Annual contract,INR
TXN007631,2025-10-20,V0033,38680.5,Logistics,Operations,debit,pending,Repair and maintenance,INR
TXN007632,2026-06-25,V0025,14379.02,Logistics,Operations,debit,reconciled,Annual contract,INR
TXN007633,2026-03-16,,2303.9,Bank Charges,Bank Charges,debit,reconciled,Monthly service charge,INR
TXN007634,2026-05-27,V0039,24666.45,Facilities,Operations,debit,reconciled,Utility bill,INR
TXN007635,2026-03-17,V0033,37862.22,Logistics,Operations,debit,reconciled,Bulk order advance,INR
TXN007636,2026-05-31,V0019,95805.54,Raw Materials,Purchases,debit,reconciled,Bulk order advance,INR
TXN007637,2025-10-09,V0001,32363.67,Raw Materials,Purchases,debit,reconciled,Freight charges,INR
TXN007638,2025-11-14,V0005,10236.87,Raw Materials,Purchases,debit,reconciled,Utility bill,INR
TXN007639,2026-05-18,V0023,28304.81,Marketing,Marketing,debit,reconciled,Quarterly retainer,INR
TXN007640,2025-10-20,V0031,25917.47,Raw Materials,Purchases,debit,reconciled,Repair and maintenance,INR
TXN007641,2025-12-27,V0035,118549.6,Travel,Travel,debit,unreconciled,Quarterly retainer,INR
TXN007642,2026-01-30,V0031,21785.65,Raw Materials,Purchases,debit,reconciled,Freight charges,INR
TXN007643,2025-08-02,V0033,297398.44,Logistics,Operations,debit,reconciled,Final settlement,INR
TXN007644,2026-06-05,V0021,78564.13,Raw Materials,Purchases,debit,reconciled,Subscription renewal,INR
TXN007645,2025-08-06,V0022,10244.58,Logistics,Operations,debit,reconciled,Subscription renewal,INR
TXN007646,2025-12-27,,181982.5,Rent,Bank Charges,debit,reconciled,Invoice payment,INR
TXN007647,2025-11-24,V0023,11446.16,Marketing,Marketing,debit,pending,Freight charges,INR
TXN007648,2026-06-10,,112785.42,Office Supplies,Bank Charges,debit,reconciled,Annual contract,INR
TXN007649,2025-10-17,V0039,3553.8,Facilities,Operations,debit,reconciled,Repair and maintenance,INR
TXN007650,2025-12-09,V0015,91546.21,Marketing,Marketing,debit,reconciled,Utility bill,INR
TXN007651,2025-10-27,,324127.6,Rent,Bank Charges,debit,reconciled,Final settlement,INR
TXN007652,2026-07-11,V0005,46991.91,Raw Materials,Purchases,debit,reconciled,Quarterly retainer,INR
TXN007653,2026-01-10,,40109.04,Office Supplies,Bank Charges,debit,reconciled,Repair and maintenance,INR
TXN007654,2026-04-08,V0036,13144.83,Professional Services,Admin & Professional,debit,reconciled,Bulk order advance,INR
TXN007655,2026-03-31,V0032,73043.99,Utilities,Utilities,debit,reconciled,Freight charges,INR
TXN007656,2026-08-02,V0012,30876.75,Raw Materials,Purchases,debit,reconciled,Utility bill,INR
TXN007657,2026-01-10,V0021,73262.21,Raw Materials,Purchases,debit,pending,Subscription renewal,INR
TXN007658,2026-02-21,,25561.87,Office Supplies,Bank Charges,debit,unreconciled,Subscription renewal,INR
TXN007659,2026-04-19,V0035,64944.72,Travel,Travel,debit,reconciled,Invoice payment,INR
TXN007660,2025-09-19,V0017,15141.78,Manufacturing,Purchases,debit,reconciled,Quarterly retainer,INR
TXN007661,2026-04-14,V0018,21733.75,Professional Services,Admin & Professional,debit,reconciled,Final settlement,INR
TXN007662,2026-03-27,,89691.77,Office Supplies,Bank Charges,debit,reconciled,Invoice payment,INR
TXN007663,2026-03-03,V0019,17030.74,Raw Materials,Purchases,debit,reconciled,Subscription renewal,INR
TXN007664,2026-03-14,V0040,95255.82,Professional Services,Admin & Professional,debit,reconciled,Monthly service charge,INR
TXN007665,2025-12-18,V0016,15248.77,IT Services,Technology,debit,unreconciled,Annual contract,INR
TXN007666,2026-01-30,V0015,148384.15,Marketing,Marketing,debit,reconciled,Annual contract,INR
TXN007667,2026-04-20,V0003,78962.21,Logistics,Operations,debit,reconciled,Subscription renewal,INR
TXN007668,2026-02-21,V0007,21005.8,Professional Services,Admin & Professional,debit,pending,Final settlement,INR
TXN007669,2025-08-12,V0016,9333.78,IT Services,Technology,debit,reconciled,Freight charges,INR
TXN007670,2026-07-17,,883793.96,Salaries & Benefits,Bank Charges,debit,reconciled,Freight charges,INR
TXN007671,2026-03-31,,68365.78,Office Supplies,Bank Charges,debit,reconciled,Freight charges,INR
TXN007672,2025-09-13,V0025,23589.16,Logistics,Operations,debit,unreconciled,Bulk order advance,INR
TXN007673,2026-02-18,,728284.45,Rent,Bank Charges,debit,reconciled,Monthly service charge,INR
TXN007674,2026-04-15,V0002,75891.28,Manufacturing,Purchases,debit,reconciled,Repair and maintenance,INR
TXN007675,2026-06-29,V0025,55604.06,Logistics,Operations,debit,reconciled,Quarterly retainer,INR
TXN007676,2026-05-20,V0014,16594.22,Logistics,Operations,debit,reconciled,Subscription renewal,INR
TXN007677,2026-06-07,V0029,5741.02,Professional Services,Admin & Professional,debit,reconciled,Invoice payment,INR
TXN007678,2025-12-13,V0034,22960.1,Packaging,Purchases,debit,reconciled,Monthly service charge,INR
TXN007679,2026-05-01,V0006,18276.03,Logistics,Operations,debit,reconciled,Monthly service charge,INR
TXN007680,2025-09-17,V0016,3873.33,IT Services,Technology,debit,reconciled,Freight charges,INR
TXN007681,2026-03-18,V0005,8082.29,Raw Materials,Purchases,debit,reconciled,Monthly service charge,INR
TXN007682,2026-01-12,,99951.8,Office Supplies,Bank Charges,debit,unreconciled,Invoice payment,INR
TXN007683,2025-11-18,V0018,104843.0,Professional Services,Admin & Professional,debit,reconciled,Invoice payment,INR
TXN007684,2025-09-13,V0018,17243.01,Professional Services,Admin & Professional,debit,reconciled,Freight charges,INR
TXN007685,2026-03-13,V0004,22370.9,IT Services,Technology,debit,unreconciled,Freight charges,INR
TXN007686,2026-06-19,V0030,37080.23,Manufacturing,Purchases,debit,reconciled,Subscription renewal,INR
TXN007687,2026-04-01,V0034,3483.0,Packaging,Purchases,debit,reconciled,Quarterly retainer,INR
TXN007688,2025-08-25,,60059.66,Office Supplies,Bank Charges,debit,reconciled,Quarterly retainer,INR
TXN007689,2026-06-23,V0038,83169.32,Facilities,Operations,debit,reconciled,Freight charges,INR
TXN007690,2026-07-15,,144279.86,Office Supplies,Bank Charges,debit,reconciled,Monthly service charge,INR
TXN007691,2026-03-17,,2791.54,Bank Charges,Bank Charges,credit,reconciled,Bulk order advance,INR
TXN007692,2025-11-03,V0001,19552.0,Raw Materials,Purchases,debit,reconciled,Monthly service charge,INR
TXN007693,2026-08-07,,75538.66,Office Supplies,Bank Charges,debit,reconciled,Final settlement,INR
TXN007694,2026-08-24,,365121.74,Salaries & Benefits,Bank Charges,debit,reconciled,Subscription renewal,INR
TXN007695,2025-10-17,V0019,59579.56,Raw Materials,Purchases,debit,reconciled,Monthly service charge,INR
TXN007696,2026-03-07,V0037,51726.44,Travel,Travel,debit,pending,Bulk order advance,INR
TXN007697,2025-08-02,V0034,60430.73,Packaging,Purchases,debit,reconciled,Monthly service charge,INR
TXN007698,2026-05-04,V0025,38547.9,Logistics,Operations,debit,unreconciled,Final settlement,INR
TXN007699,2026-02-14,V0029,65108.79,Professional Services,Admin & Professional,debit,reconciled,Repair and maintenance,INR
TXN007700,2025-08-06,V0001,23569.93,Raw Materials,Purchases,debit,unreconciled,Repair and maintenance,INR
TXN007701,2026-03-10,V0012,188621.39,Raw Materials,Purchases,debit,unreconciled,Annual contract,INR
TXN007702,2026-01-06,,206059.98,Salaries & Benefits,Bank Charges,debit,reconciled,Monthly service charge,INR
TXN007703,2026-05-16,,503457.5,Salaries & Benefits,Bank Charges,debit,reconciled,Final settlement,INR
TXN007704,2026-07-24,V0007,7242.12,Professional Services,Admin & Professional,debit,reconciled,Utility bill,INR
TXN007705,2026-05-15,V0039,27580.26,Facilities,Operations,debit,reconciled,Repair and maintenance,INR
TXN007706,2026-07-23,V0006,70013.8,Logistics,Operations,debit,reconciled,Annual contract,INR
TXN007707,2026-01-06,V0016,35890.76,IT Services,Technology,debit,pending,Annual contract,INR
TXN007708,2026-08-04,,24973.2,Office Supplies,Bank Charges,debit,unreconciled,Annual contract,INR
TXN007709,2025-11-30,V0034,26808.24,Packaging,Purchases,debit,reconciled,Utility bill,INR
TXN007710,2025-10-27,V0034,21665.38,Packaging,Purchases,debit,reconciled,Final settlement,INR
TXN007711,2026-08-14,V0029,21884.53,Professional Services,Admin & Professional,debit,unreconciled,Bulk order advance,INR
TXN007712,2026-04-11,V0029,59098.03,Professional Services,Admin & Professional,debit,unreconciled,Annual contract,INR
TXN007713,2026-01-04,V0025,8917.31,Logistics,Operations,debit,reconciled,Subscription renewal,INR
TXN007714,2026-07-04,,502622.64,Salaries & Benefits,Bank Charges,debit,unreconciled,Freight charges,INR
TXN007715,2025-11-09,V0040,121141.01,Professional Services,Admin & Professional,debit,reconciled,Utility bill,INR
TXN007716,2025-08-21,V0025,66103.07,Logistics,Operations,debit,reconciled,Monthly service charge,INR
TXN007717,2026-07-26,,54767.52,Office Supplies,Bank Charges,debit,reconciled,Bulk order advance,INR
TXN007718,2026-05-06,V0035,61881.52,Travel,Travel,debit,reconciled,Invoice payment,INR
TXN007719,2025-12-20,V0006,26036.04,Logistics,Operations,debit,unreconciled,Final settlement,INR
TXN007720,2025-10-18,V0015,78047.16,Marketing,Marketing,debit,reconciled,Final settlement,INR
TXN007721,2026-03-15,V0012,38535.99,Raw Materials,Purchases,debit,reconciled,Repair and maintenance,INR
TXN007722,2025-12-20,V0032,6214.92,Utilities,Utilities,debit,reconciled,Invoice payment,INR
TXN007723,2026-07-21,V0006,112897.48,Logistics,Operations,debit,pending,Subscription renewal,INR
TXN007724,2025-12-28,V0019,13772.28,Raw Materials,Purchases,debit,reconciled,Monthly service charge,INR
TXN007725,2026-06-24,V0023,29218.27,Marketing,Marketing,debit,reconciled,Monthly service charge,INR
TXN007726,2025-10-06,V0006,22419.97,Logistics,Operations,debit,reconciled,Invoice payment,INR
TXN007727,2026-02-17,V0001,38515.61,Raw Materials,Purchases,debit,reconciled,Repair and maintenance,INR
TXN007728,2025-12-05,V0031,126905.97,Raw Materials,Purchases,debit,reconciled,Annual contract,INR
TXN007729,2025-11-29,V0022,36468.47,Logistics,Operations,debit,unreconciled,Annual contract,INR
TXN007730,2025-09-12,V0034,49308.92,Packaging,Purchases,debit,reconciled,Subscription renewal,INR
TXN007731,2026-06-18,V0021,6269.41,Raw Materials,Purchases,debit,reconciled,Utility bill,INR
TXN007732,2026-03-14,V0030,53446.88,Manufacturing,Purchases,debit,reconciled,Monthly service charge,INR
TXN007733,2026-06-23,V0036,8767.27,Professional Services,Admin & Professional,debit,reconciled,Subscription renewal,INR
TXN007734,2026-07-16,V0018,17895.85,Professional Services,Admin & Professional,debit,pending,Bulk order advance,INR
TXN007735,2025-10-01,,18027.09,Office Supplies,Bank Charges,debit,reconciled,Monthly service charge,INR
TXN007736,2025-08-17,,68116.6,Office Supplies,Bank Charges,debit,reconciled,Final settlement,INR
TXN007737,2026-03-16,V0040,30326.07,Professional Services,Admin & Professional,debit,reconciled,Freight charges,INR
TXN007738,2026-06-27,V0007,19806.81,Professional Services,Admin & Professional,debit,reconciled,Freight charges,INR
TXN007739,2026-01-05,V0025,7873.12,Logistics,Operations,debit,reconciled,Monthly service charge,INR
TXN007740,2026-04-20,V0032,10000.06,Utilities,Utilities,debit,reconciled,Utility bill,INR
TXN007741,2026-05-19,,623527.53,Salaries & Benefits,Bank Charges,debit,reconciled,Freight charges,INR
TXN007742,2025-08-06,V0006,10386.29,Logistics,Operations,debit,reconciled,Freight charges,INR
TXN007743,2025-09-19,V0030,68894.89,Manufacturing,Purchases,debit,reconciled,Invoice payment,INR
TXN007744,2026-02-23,V0035,184548.9,Travel,Travel,debit,reconciled,Invoice payment,INR
TXN007745,2026-04-19,V0025,6419.51,Logistics,Operations,debit,reconciled,Bulk order advance,INR
TXN007746,2025-12-18,,2068.75,Bank Charges,Bank Charges,debit,reconciled,Freight charges,INR
TXN007747,2025-10-29,,35345.57,Office Supplies,Bank Charges,debit,reconciled,Quarterly retainer,INR
TXN007748,2025-11-10,,1121.26,Bank Charges,Bank Charges,debit,reconciled,Repair and maintenance,INR
TXN007749,2026-06-01,V0033,25128.11,Logistics,Operations,debit,reconciled,Repair and maintenance,INR
TXN007750,2025-11-29,V0033,22814.31,Logistics,Operations,debit,reconciled,Subscription renewal,INR
TXN007751,2026-04-03,V0038,46027.64,Facilities,Operations,debit,pending,Freight charges,INR
TXN007752,2025-12-21,V0006,123483.68,Logistics,Operations,debit,reconciled,Bulk order advance,INR
TXN007753,2026-05-17,V0037,15580.37,Travel,Travel,debit,reconciled,Quarterly retainer,INR
TXN007754,2025-10-06,V0038,57965.15,Facilities,Operations,debit,reconciled,Freight charges,INR
TXN007755,2026-03-21,V0007,53954.12,Professional Services,Admin & Professional,debit,unreconciled,Bulk order advance,INR
TXN007756,2025-12-24,V0033,13112.3,Logistics,Operations,debit,reconciled,Annual contract,INR
TXN007757,2026-05-09,,117030.61,Office Supplies,Bank Charges,debit,reconciled,Monthly service charge,INR
TXN007758,2026-07-13,,140752.54,Office Supplies,Bank Charges,debit,reconciled,Quarterly retainer,INR
TXN007759,2025-09-17,V0040,6832.09,Professional Services,Admin & Professional,debit,unreconciled,Freight charges,INR
TXN007760,2025-10-23,V0006,63248.62,Logistics,Operations,debit,reconciled,Utility bill,INR
TXN007761,2026-08-18,,79582.79,Office Supplies,Bank Charges,debit,reconciled,Quarterly retainer,INR
TXN007762,2025-09-15,V0012,11418.11,Raw Materials,Purchases,debit,reconciled,Utility bill,INR
TXN007763,2026-06-06,V0016,4765.22,IT Services,Technology,debit,reconciled,Annual contract,INR
TXN007764,2025-09-27,V0012,31504.49,Raw Materials,Purchases,debit,reconciled,Utility bill,INR
TXN007765,2026-08-08,V0014,12588.35,Logistics,Operations,debit,reconciled,Monthly service charge,INR
TXN007766,2026-06-08,V0016,24179.76,IT Services,Technology,debit,reconciled,Invoice payment,INR
TXN007767,2025-10-24,V0001,20596.89,Raw Materials,Purchases,debit,reconciled,Invoice payment,INR
TXN007768,2026-05-21,V0014,20873.35,Logistics,Operations,debit,unreconciled,Repair and maintenance,INR
TXN007769,2025-12-14,V0006,30472.23,Logistics,Operations,debit,unreconciled,Monthly service charge,INR
TXN007770,2025-12-21,V0006,77488.07,Logistics,Operations,debit,reconciled,Utility bill,INR
TXN007771,2026-03-05,V0027,34565.27,Facilities,Operations,debit,reconciled,Monthly service charge,INR
TXN007772,2025-10-12,V0019,10035.08,Raw Materials,Purchases,debit,unreconciled,Freight charges,INR
TXN007773,2025-12-06,V0034,11496.45,Packaging,Purchases,debit,unreconciled,Final settlement,INR
TXN007774,2026-07-11,V0031,37489.1,Raw Materials,Purchases,debit,reconciled,Final settlement,INR
TXN007775,2025-09-15,V0018,52045.94,Professional Services,Admin & Professional,debit,unreconciled,Annual contract,INR
TXN007776,2026-07-20,V0019,12815.57,Raw Materials,Purchases,debit,reconciled,Bulk order advance,INR
TXN007777,2026-07-26,V0022,20176.56,Logistics,Operations,debit,pending,Monthly service charge,INR
TXN007778,2026-03-28,V0034,36053.54,Packaging,Purchases,debit,reconciled,Subscription renewal,INR
TXN007779,2026-05-23,V0022,52334.71,Logistics,Operations,debit,reconciled,Annual contract,INR
TXN007780,2025-10-16,,403789.74,Rent,Bank Charges,credit,unreconciled,Subscription renewal,INR
TXN007781,2026-02-14,,2700.8,Bank Charges,Bank Charges,debit,reconciled,Freight charges,INR
TXN007782,2026-02-06,V0040,100336.84,Professional Services,Admin & Professional,debit,reconciled,Monthly service charge,INR
TXN007783,2025-11-01,V0018,72453.71,Professional Services,Admin & Professional,debit,pending,Freight charges,INR
TXN007784,2025-10-30,V0032,36887.42,Utilities,Utilities,debit,unreconciled,Repair and maintenance,INR
TXN007785,2025-08-12,,1024.84,Bank Charges,Bank Charges,debit,reconciled,Quarterly retainer,INR
TXN007786,2026-03-08,V0015,16619.61,Marketing,Marketing,debit,reconciled,Invoice payment,INR
TXN007787,2026-04-15,V0006,5229.73,Logistics,Operations,debit,unreconciled,Final settlement,INR
TXN007788,2025-10-16,V0038,8106.74,Facilities,Operations,debit,pending,Freight charges,INR
TXN007789,2026-07-04,,25450.33,Office Supplies,Bank Charges,debit,reconciled,Annual contract,INR
TXN007790,2026-07-08,V0015,18905.96,Marketing,Marketing,debit,reconciled,Annual contract,INR
TXN007791,2026-08-03,,1807.74,Bank Charges,Bank Charges,debit,reconciled,Repair and maintenance,INR
TXN007792,2026-05-31,V0006,87926.76,Logistics,Operations,debit,reconciled,Repair and maintenance,INR
TXN007793,2026-07-17,,244687.96,Rent,Bank Charges,debit,reconciled,Freight charges,INR
TXN007794,2026-03-10,V0015,44615.46,Marketing,Marketing,debit,unreconciled,Repair and maintenance,INR
TXN007795,2025-12-07,V0034,11607.4,Packaging,Purchases,debit,reconciled,Subscription renewal,INR
TXN007796,2026-03-05,V0029,137265.06,Professional Services,Admin & Professional,debit,reconciled,Annual contract,INR
TXN007797,2025-08-05,V0036,104849.87,Professional Services,Admin & Professional,debit,reconciled,Monthly service charge,INR
TXN007798,2025-10-09,,233513.72,Rent,Bank Charges,debit,reconciled,Monthly service charge,INR
TXN007799,2026-07-30,V0032,29868.97,Utilities,Utilities,debit,reconciled,Freight charges,INR
TXN007800,2026-05-16,V0016,27372.46,IT Services,Technology,debit,reconciled,Monthly service charge,INR
TXN007801,2025-12-14,V0037,10614.55,Travel,Travel,debit,reconciled,Subscription renewal,INR
TXN007802,2026-04-25,V0029,34281.74,Professional Services,Admin & Professional,debit,unreconciled,Final settlement,INR
TXN007803,2026-04-22,V0021,25389.39,Raw Materials,Purchases,debit,reconciled,Annual contract,INR
TXN007804,2026-02-22,V0007,18590.85,Professional Services,Admin & Professional,debit,reconciled,Freight charges,INR
TXN007805,2025-11-01,V0014,45933.88,Logistics,Operations,debit,reconciled,Final settlement,INR
TXN007806,2026-03-15,,1275.63,Bank Charges,Bank Charges,debit,reconciled,Repair and maintenance,INR
TXN007807,2025-10-27,,313401.65,Rent,Bank Charges,debit,reconciled,Annual contract,INR
TXN007808,2026-01-08,,1011.07,Bank Charges,Bank Charges,debit,reconciled,Final settlement,INR
TXN007809,2025-12-20,V0018,6288.8,Professional Services,Admin & Professional,debit,unreconciled,Freight charges,INR
TXN007810,2025-10-25,V0031,14749.67,Raw Materials,Purchases,debit,reconciled,Quarterly retainer,INR
TXN007811,2026-05-31,V0019,45074.27,Raw Materials,Purchases,debit,reconciled,Annual contract,INR
TXN007812,2026-03-05,V0015,94029.71,Marketing,Marketing,debit,unreconciled,Monthly service charge,INR
TXN007813,2026-06-17,V0015,19403.2,Marketing,Marketing,debit,reconciled,Freight charges,INR
TXN007814,2025-08-31,V0007,22144.96,Professional Services,Admin & Professional,debit,reconciled,Invoice payment,INR
TXN007815,2025-11-08,V0015,110365.82,Marketing,Marketing,debit,reconciled,Repair and maintenance,INR
TXN007816,2026-03-04,V0037,34156.38,Travel,Travel,debit,pending,Invoice payment,INR
TXN007817,2025-10-16,V0031,115856.83,Raw Materials,Purchases,debit,reconciled,Final settlement,INR
TXN007818,2026-04-13,,1621.31,Bank Charges,Bank Charges,debit,reconciled,Final settlement,INR
TXN007819,2026-02-01,,72409.97,Office Supplies,Bank Charges,debit,reconciled,Freight charges,INR
TXN007820,2025-11-12,V0001,49681.02,Raw Materials,Purchases,debit,reconciled,Repair and maintenance,INR
TXN007821,2025-08-01,,402987.33,Rent,Bank Charges,debit,unreconciled,Final settlement,INR
TXN007822,2025-11-04,V0011,22788.42,Marketing,Marketing,debit,unreconciled,Annual contract,INR
TXN007823,2026-06-13,V0031,51411.78,Raw Materials,Purchases,debit,reconciled,Repair and maintenance,INR
TXN007824,2025-09-10,V0022,6246.59,Logistics,Operations,debit,reconciled,Final settlement,INR
TXN007825,2025-09-27,V0007,4448.42,Professional Services,Admin & Professional,debit,unreconciled,Invoice payment,INR
TXN007826,2026-05-29,V0032,20183.28,Utilities,Utilities,debit,reconciled,Subscription renewal,INR
TXN007827,2026-02-02,V0033,18727.52,Logistics,Operations,debit,reconciled,Final settlement,INR
TXN007828,2026-03-12,,682412.02,Rent,Bank Charges,debit,reconciled,Repair and maintenance,INR
TXN007829,2025-09-19,,238368.88,Rent,Bank Charges,debit,unreconciled,Invoice payment,INR
TXN007830,2026-02-01,V0004,27901.54,IT Services,Technology,debit,reconciled,Utility bill,INR
TXN007831,2025-10-21,V0007,89658.93,Professional Services,Admin & Professional,debit,reconciled,Repair and maintenance,INR
TXN007832,2026-03-27,V0006,27360.68,Logistics,Operations,debit,pending,Quarterly retainer,INR
TXN007833,2025-11-27,V0005,67972.88,Raw Materials,Purchases,debit,unreconciled,Invoice payment,INR
TXN007834,2025-09-16,V0001,14888.59,Raw Materials,Purchases,debit,reconciled,Final settlement,INR
TXN007835,2026-02-05,V0022,21478.84,Logistics,Operations,debit,pending,Invoice payment,INR
TXN007836,2025-11-02,V0018,47711.3,Professional Services,Admin & Professional,debit,reconciled,Final settlement,INR
TXN007837,2026-07-27,V0005,39153.31,Raw Materials,Purchases,debit,reconciled,Monthly service charge,INR
TXN007838,2026-05-04,V0009,25489.29,IT Services,Technology,debit,reconciled,Utility bill,INR
TXN007839,2026-06-27,V0040,20648.94,Professional Services,Admin & Professional,debit,reconciled,Bulk order advance,INR
TXN007840,2026-06-15,V0007,26970.79,Professional Services,Admin & Professional,debit,unreconciled,Utility bill,INR
TXN007841,2025-09-23,V0034,41074.3,Packaging,Purchases,debit,reconciled,Subscription renewal,INR
TXN007842,2025-11-30,V0038,134534.62,Facilities,Operations,debit,reconciled,Repair and maintenance,INR
TXN007843,2026-06-19,V0034,19658.33,Packaging,Purchases,debit,reconciled,Invoice payment,INR
TXN007844,2025-09-10,,240651.18,Salaries & Benefits,Bank Charges,debit,reconciled,Repair and maintenance,INR
TXN007845,2026-08-29,V0006,67465.25,Logistics,Operations,debit,pending,Subscription renewal,INR
TXN007846,2026-08-18,,1523.41,Bank Charges,Bank Charges,debit,reconciled,Invoice payment,INR
TXN007847,2025-11-30,V0039,9402.5,Facilities,Operations,debit,reconciled,Invoice payment,INR
TXN007848,2026-01-04,,682556.41,Rent,Bank Charges,debit,reconciled,Monthly service charge,INR
TXN007849,2026-08-22,V0029,23422.74,Professional Services,Admin & Professional,debit,reconciled,Bulk order advance,INR
TXN007850,2026-01-16,V0039,17580.75,Facilities,Operations,debit,reconciled,Utility bill,INR
TXN007851,2026-02-08,V0032,96266.26,Utilities,Utilities,debit,reconciled,Subscription renewal,INR
TXN007852,2025-12-30,V0039,63445.26,Facilities,Operations,debit,reconciled,Bulk order advance,INR
TXN007853,2026-08-20,,1089.66,Bank Charges,Bank Charges,debit,reconciled,Quarterly retainer,INR
TXN007854,2026-07-04,V0019,45872.81,Raw Materials,Purchases,debit,reconciled,Invoice payment,INR
TXN007855,2026-02-24,V0034,8728.23,Packaging,Purchases,debit,reconciled,Final settlement,INR
TXN007856,2026-01-08,V0009,20790.23,IT Services,Technology,debit,reconciled,Annual contract,INR
TXN007857,2025-08-12,V0031,29013.89,Raw Materials,Purchases,debit,reconciled,Utility bill,INR
TXN007858,2026-07-14,V0038,12586.15,Facilities,Operations,debit,unreconciled,Freight charges,INR
TXN007859,2026-02-17,V0029,27243.74,Professional Services,Admin & Professional,debit,pending,Repair and maintenance,INR
TXN007860,2026-05-22,,124025.36,Office Supplies,Bank Charges,debit,reconciled,Utility bill,INR
TXN007861,2026-02-08,V0025,24204.16,Logistics,Operations,debit,reconciled,Utility bill,INR
TXN007862,2025-09-16,,640085.31,Salaries & Benefits,Bank Charges,debit,unreconciled,Final settlement,INR
TXN007863,2025-11-20,V0019,9681.14,Raw Materials,Purchases,debit,reconciled,Quarterly retainer,INR
TXN007864,2026-02-05,V0032,112575.97,Utilities,Utilities,debit,reconciled,Monthly service charge,INR
TXN007865,2025-09-23,V0016,6122.0,IT Services,Technology,debit,reconciled,Utility bill,INR
TXN007866,2026-02-09,V0029,16687.62,Professional Services,Admin & Professional,debit,reconciled,Subscription renewal,INR
TXN007867,2026-03-28,V0030,51189.56,Manufacturing,Purchases,debit,reconciled,Subscription renewal,INR
TXN007868,2025-08-03,V0039,38109.98,Facilities,Operations,debit,reconciled,Invoice payment,INR
TXN007869,2026-06-25,V0026,27702.04,Manufacturing,Purchases,debit,reconciled,Monthly service charge,INR
TXN007870,2026-03-25,V0039,16230.33,Facilities,Operations,debit,reconciled,Annual contract,INR
TXN007871,2025-10-30,V0021,5683.36,Raw Materials,Purchases,debit,pending,Bulk order advance,INR
TXN007872,2025-12-04,V0036,25845.35,Professional Services,Admin & Professional,debit,reconciled,Subscription renewal,INR
TXN007873,2025-09-02,V0015,9901.28,Marketing,Marketing,debit,reconciled,Subscription renewal,INR
TXN007874,2025-12-10,V0012,16160.98,Raw Materials,Purchases,debit,pending,Final settlement,INR
TXN007875,2026-07-28,V0025,39514.72,Logistics,Operations,debit,reconciled,Invoice payment,INR
TXN007876,2026-04-21,V0033,8245.66,Logistics,Operations,debit,pending,Freight charges,INR
TXN007877,2026-03-05,V0015,64359.52,Marketing,Marketing,debit,reconciled,Repair and maintenance,INR
TXN007878,2026-03-26,V0019,9809.04,Raw Materials,Purchases,debit,unreconciled,Repair and maintenance,INR
TXN007879,2025-08-13,V0009,16666.12,IT Services,Technology,debit,unreconciled,Quarterly retainer,INR
TXN007880,2026-07-27,V0038,5988.54,Facilities,Operations,debit,reconciled,Annual contract,INR
TXN007881,2026-01-23,V0015,38388.72,Marketing,Marketing,debit,reconciled,Subscription renewal,INR
TXN007882,2025-12-16,,286375.36,Rent,Bank Charges,debit,pending,Invoice payment,INR
TXN007883,2026-08-10,V0029,32101.45,Professional Services,Admin & Professional,debit,pending,Freight charges,INR
TXN007884,2026-08-03,V0019,4830.82,Raw Materials,Purchases,debit,reconciled,Utility bill,INR
TXN007885,2026-06-15,V0040,295269.12,Professional Services,Admin & Professional,debit,reconciled,Monthly service charge,INR
TXN007886,2026-04-26,,720778.01,Salaries & Benefits,Bank Charges,debit,reconciled,Invoice payment,INR
TXN007887,2026-03-09,,1477.94,Bank Charges,Bank Charges,debit,reconciled,Repair and maintenance,INR
TXN007888,2026-05-04,V0038,72352.24,Facilities,Operations,debit,reconciled,Utility bill,INR
TXN007889,2026-08-01,V0031,230886.53,Raw Materials,Purchases,debit,reconciled,Freight charges,INR
TXN007890,2025-08-21,V0033,19839.39,Logistics,Operations,debit,reconciled,Utility bill,INR
TXN007891,2026-03-31,V0030,17822.96,Manufacturing,Purchases,debit,reconciled,Annual contract,INR
TXN007892,2026-07-08,,82854.82,Office Supplies,Bank Charges,debit,unreconciled,Invoice payment,INR
TXN007893,2026-08-24,V0015,22487.64,Marketing,Marketing,debit,reconciled,Quarterly retainer,INR
TXN007894,2026-08-26,V0032,10511.2,Utilities,Utilities,debit,reconciled,Utility bill,INR
TXN007895,2026-07-27,,221409.95,Rent,Bank Charges,debit,reconciled,Repair and maintenance,INR
TXN007896,2025-09-15,V0001,4154.39,Raw Materials,Purchases,debit,reconciled,Bulk order advance,INR
TXN007897,2025-09-25,V0029,16137.14,Professional Services,Admin & Professional,debit,reconciled,Monthly service charge,INR
TXN007898,2025-12-18,V0018,21676.88,Professional Services,Admin & Professional,debit,reconciled,Final settlement,INR
TXN007899,2026-05-16,V0009,27450.83,IT Services,Technology,debit,reconciled,Subscription renewal,INR
TXN007900,2026-05-16,V0005,7431.47,Raw Materials,Purchases,debit,reconciled,Annual contract,INR
TXN007901,2025-11-01,V0039,62717.82,Facilities,Operations,debit,reconciled,Utility bill,INR
TXN007902,2026-03-23,V0026,23579.38,Manufacturing,Purchases,debit,reconciled,Repair and maintenance,INR
TXN007903,2025-11-13,V0026,137250.04,Manufacturing,Purchases,debit,unreconciled,Freight charges,INR
TXN007904,2025-11-13,V0007,16317.99,Professional Services,Admin & Professional,debit,reconciled,Freight charges,INR
TXN007905,2025-09-01,V0005,20741.23,Raw Materials,Purchases,debit,unreconciled,Annual contract,INR
TXN007906,2025-10-21,V0022,3018.0,Logistics,Operations,debit,unreconciled,Repair and maintenance,INR
TXN007907,2025-12-02,V0029,4105.34,Professional Services,Admin & Professional,debit,reconciled,Monthly service charge,INR
TXN007908,2026-03-07,,2725.85,Bank Charges,Bank Charges,debit,pending,Bulk order advance,INR
TXN007909,2025-10-28,V0015,61013.19,Marketing,Marketing,debit,pending,Quarterly retainer,INR
TXN007910,2026-06-21,V0004,7855.61,IT Services,Technology,debit,reconciled,Invoice payment,INR
TXN007911,2025-11-01,,122760.4,Office Supplies,Bank Charges,debit,reconciled,Annual contract,INR
TXN007912,2026-03-21,,125531.18,Office Supplies,Bank Charges,debit,reconciled,Quarterly retainer,INR
TXN007913,2026-02-28,V0011,27686.77,Marketing,Marketing,debit,pending,Subscription renewal,INR
TXN007914,2026-06-18,V0003,27936.27,Logistics,Operations,debit,reconciled,Quarterly retainer,INR
TXN007915,2026-05-11,,625846.59,Rent,Bank Charges,debit,reconciled,Monthly service charge,INR
TXN007916,2026-05-07,,813135.51,Salaries & Benefits,Bank Charges,debit,reconciled,Quarterly retainer,INR
TXN007917,2026-03-25,V0012,32392.96,Raw Materials,Purchases,debit,reconciled,Monthly service charge,INR
TXN007918,2026-02-21,V0021,15521.49,Raw Materials,Purchases,debit,reconciled,Invoice payment,INR
TXN007919,2025-08-08,V0033,6087.58,Logistics,Operations,debit,reconciled,Bulk order advance,INR
TXN007920,2025-09-03,V0029,40670.36,Professional Services,Admin & Professional,debit,reconciled,Final settlement,INR
TXN007921,2026-08-05,,719237.29,Rent,Bank Charges,debit,unreconciled,Subscription renewal,INR
TXN007922,2026-05-28,V0011,42564.55,Marketing,Marketing,debit,reconciled,Utility bill,INR
TXN007923,2026-02-11,V0022,30683.33,Logistics,Operations,debit,reconciled,Bulk order advance,INR
TXN007924,2026-03-21,V0037,32533.8,Travel,Travel,debit,reconciled,Subscription renewal,INR
TXN007925,2026-08-24,V0038,16131.74,Facilities,Operations,debit,pending,Invoice payment,INR
TXN007926,2025-11-01,,33746.85,Office Supplies,Bank Charges,debit,reconciled,Freight charges,INR
TXN007927,2025-11-13,V0018,29221.75,Professional Services,Admin & Professional,debit,reconciled,Repair and maintenance,INR
TXN007928,2026-04-21,V0022,16072.62,Logistics,Operations,debit,reconciled,Final settlement,INR
TXN007929,2026-08-14,,716071.66,Salaries & Benefits,Bank Charges,debit,reconciled,Bulk order advance,INR
TXN007930,2025-09-25,V0032,9578.24,Utilities,Utilities,debit,reconciled,Bulk order advance,INR
TXN007931,2026-03-08,V0025,25700.65,Logistics,Operations,debit,reconciled,Bulk order advance,INR
TXN007932,2026-07-16,,654566.63,Salaries & Benefits,Bank Charges,debit,reconciled,Quarterly retainer,INR
TXN007933,2025-11-24,,345.18,Bank Charges,Bank Charges,debit,unreconciled,Monthly service charge,INR
TXN007934,2026-06-20,,711380.2,Rent,Bank Charges,debit,reconciled,Freight charges,INR
TXN007935,2026-05-25,V0029,123198.2,Professional Services,Admin & Professional,debit,unreconciled,Invoice payment,INR
TXN007936,2025-11-25,,116774.74,Office Supplies,Bank Charges,debit,reconciled,Annual contract,INR
TXN007937,2026-08-16,,761874.26,Salaries & Benefits,Bank Charges,debit,unreconciled,Quarterly retainer,INR
TXN007938,2026-06-10,V0001,34243.54,Raw Materials,Purchases,debit,reconciled,Invoice payment,INR
TXN007939,2026-08-06,,26290.8,Office Supplies,Bank Charges,debit,reconciled,Quarterly retainer,INR
TXN007940,2025-10-23,,19762.15,Office Supplies,Bank Charges,debit,pending,Repair and maintenance,INR
TXN007941,2026-06-26,V0016,18511.18,IT Services,Technology,debit,reconciled,Invoice payment,INR
TXN007942,2026-02-21,,388323.35,Salaries & Benefits,Bank Charges,debit,reconciled,Final settlement,INR
TXN007943,2026-06-29,V0023,6407.65,Marketing,Marketing,debit,reconciled,Quarterly retainer,INR
TXN007944,2026-07-30,V0028,68833.15,Raw Materials,Purchases,debit,reconciled,Freight charges,INR
TXN007945,2026-01-21,V0036,24145.41,Professional Services,Admin & Professional,debit,reconciled,Utility bill,INR
TXN007946,2026-07-18,,365352.46,Rent,Bank Charges,debit,unreconciled,Freight charges,INR
TXN007947,2025-12-08,V0035,24873.82,Travel,Travel,debit,reconciled,Monthly service charge,INR
TXN007948,2026-03-11,V0005,6786.22,Raw Materials,Purchases,debit,reconciled,Freight charges,INR
TXN007949,2025-12-27,V0021,17469.57,Raw Materials,Purchases,debit,reconciled,Repair and maintenance,INR
TXN007950,2026-08-01,V0012,21050.55,Raw Materials,Purchases,debit,reconciled,Invoice payment,INR
TXN007951,2026-06-15,V0006,16043.86,Logistics,Operations,debit,reconciled,Quarterly retainer,INR
TXN007952,2026-04-07,V0017,34936.22,Manufacturing,Purchases,debit,pending,Utility bill,INR
TXN007953,2026-06-01,V0007,23877.07,Professional Services,Admin & Professional,debit,reconciled,Repair and maintenance,INR
TXN007954,2025-11-04,V0023,26250.83,Marketing,Marketing,debit,reconciled,Freight charges,INR
TXN007955,2025-11-13,V0039,31009.99,Facilities,Operations,debit,reconciled,Subscription renewal,INR
TXN007956,2026-05-30,V0001,109332.15,Raw Materials,Purchases,debit,reconciled,Quarterly retainer,INR
TXN007957,2026-08-01,V0015,21958.77,Marketing,Marketing,debit,reconciled,Invoice payment,INR
TXN007958,2026-05-14,V0007,47694.11,Professional Services,Admin & Professional,debit,reconciled,Subscription renewal,INR
TXN007959,2026-08-30,,722.55,Bank Charges,Bank Charges,debit,reconciled,Freight charges,INR
TXN007960,2026-04-03,V0035,14675.63,Travel,Travel,debit,reconciled,Bulk order advance,INR
TXN007961,2026-02-24,V0009,19386.62,IT Services,Technology,debit,reconciled,Subscription renewal,INR
TXN007962,2026-07-09,V0039,23643.59,Facilities,Operations,debit,reconciled,Invoice payment,INR
TXN007963,2025-09-17,,1540.69,Bank Charges,Bank Charges,debit,pending,Freight charges,INR
TXN007964,2026-01-01,V0030,28706.59,Manufacturing,Purchases,debit,reconciled,Monthly service charge,INR
TXN007965,2026-07-26,V0009,126973.5,IT Services,Technology,debit,reconciled,Monthly service charge,INR
TXN007966,2026-08-18,V0006,27823.47,Logistics,Operations,debit,unreconciled,Subscription renewal,INR
TXN007967,2026-07-27,V0018,19799.28,Professional Services,Admin & Professional,debit,reconciled,Monthly service charge,INR
TXN007968,2026-04-01,V0030,53851.0,Manufacturing,Purchases,debit,pending,Subscription renewal,INR
TXN007969,2026-05-10,,547778.77,Rent,Bank Charges,debit,reconciled,Annual contract,INR
TXN007970,2026-08-01,V0038,26541.13,Facilities,Operations,debit,reconciled,Subscription renewal,INR
TXN007971,2025-10-13,V0032,56564.53,Utilities,Utilities,debit,reconciled,Bulk order advance,INR
TXN007972,2026-02-23,,757487.76,Rent,Bank Charges,debit,reconciled,Bulk order advance,INR
TXN007973,2026-06-02,V0024,18531.68,IT Services,Technology,debit,reconciled,Repair and maintenance,INR
TXN007974,2026-02-26,,103443.84,Office Supplies,Bank Charges,debit,unreconciled,Bulk order advance,INR
TXN007975,2026-02-20,V0005,57778.85,Raw Materials,Purchases,debit,reconciled,Subscription renewal,INR
TXN007976,2026-03-02,,541.16,Bank Charges,Bank Charges,credit,reconciled,Annual contract,INR
TXN007977,2026-05-10,V0038,66882.06,Facilities,Operations,debit,reconciled,Freight charges,INR
TXN007978,2025-08-30,V0003,45023.02,Logistics,Operations,debit,reconciled,Annual contract,INR
TXN007979,2026-02-02,,288.94,Bank Charges,Bank Charges,debit,reconciled,Subscription renewal,INR
TXN007980,2025-10-23,V0038,64107.89,Facilities,Operations,debit,unreconciled,Utility bill,INR
TXN007981,2025-12-13,V0038,29181.57,Facilities,Operations,debit,reconciled,Final settlement,INR
TXN007982,2026-02-16,V0007,33587.05,Professional Services,Admin & Professional,debit,reconciled,Quarterly retainer,INR
TXN007983,2025-08-17,V0032,60653.46,Utilities,Utilities,debit,unreconciled,Invoice payment,INR
TXN007984,2025-08-03,V0029,12244.16,Professional Services,Admin & Professional,debit,reconciled,Annual contract,INR
TXN007985,2025-10-17,V0031,151664.62,Raw Materials,Purchases,debit,unreconciled,Monthly service charge,INR
TXN007986,2025-11-04,,2219.67,Bank Charges,Bank Charges,debit,reconciled,Quarterly retainer,INR
TXN007987,2026-07-02,V0032,119461.09,Utilities,Utilities,debit,reconciled,Annual contract,INR
TXN007988,2026-08-28,V0016,20264.72,IT Services,Technology,debit,reconciled,Annual contract,INR
TXN007989,2026-07-22,V0007,80885.1,Professional Services,Admin & Professional,debit,reconciled,Utility bill,INR
TXN007990,2026-03-09,V0022,35738.35,Logistics,Operations,debit,reconciled,Quarterly retainer,INR
TXN007991,2026-08-28,V0023,11207.76,Marketing,Marketing,debit,reconciled,Utility bill,INR
TXN007992,2026-02-22,V0015,13614.47,Marketing,Marketing,debit,reconciled,Monthly service charge,INR
TXN007993,2025-11-12,V0039,13163.72,Facilities,Operations,debit,reconciled,Utility bill,INR
TXN007994,2026-06-03,,469495.1,Rent,Bank Charges,debit,pending,Final settlement,INR
TXN007995,2026-03-26,V0021,105513.97,Raw Materials,Purchases,debit,pending,Repair and maintenance,INR
TXN007996,2026-08-18,V0034,102287.49,Packaging,Purchases,debit,unreconciled,Freight charges,INR
TXN007997,2026-04-30,V0040,31210.85,Professional Services,Admin & Professional,debit,reconciled,Repair and maintenance,INR
TXN007998,2026-07-14,V0034,7568.17,Packaging,Purchases,debit,reconciled,Invoice payment,INR
TXN007999,2026-05-14,V0004,12382.32,IT Services,Technology,debit,reconciled,Bulk order advance,INR
TXN008000,2026-05-19,,464783.76,Salaries & Benefits,Bank Charges,debit,reconciled,Utility bill,INR
